{
  "type": "FeatureCollection",
  "features": [
    {
      "type": "Feature",
      "properties": {},
      "geometry": {
        "type": "LineString",
        "coordinates": [
          [
            8.014913,
            46.950634,
            720.0
          ],
          [
            8.014895,
            46.950622,
            720.0
          ],
          [
            8.015039,
            46.950548,
            720.0
          ],
          [
            8.014886,
            46.950401,
            720.0
          ],
          [
            8.014895,
            46.950395,
            720.0
          ],
          [
            8.01485,
            46.950352,
            719.0
          ],
          [
            8.014993,
            46.950291,
            719.0
          ],
          [
            8.015065,
            46.950364,
            719.0
          ],
          [
            8.015065,
            46.950407,
            719.0
          ],
          [
            8.015119,
            46.95045,
            719.0
          ],
          [
            8.015182,
            46.95045,
            719.0
          ],
          [
            8.015245,
            46.950517,
            719.0
          ],
          [
            8.015344,
            46.950481,
            719.0
          ],
          [
            8.015461,
            46.950554,
            718.0
          ],
          [
            8.015515,
            46.950585,
            718.0
          ],
          [
            8.015568,
            46.95061,
            718.0
          ],
          [
            8.015641,
            46.95064,
            718.0
          ],
          [
            8.015821,
            46.950702,
            718.0
          ],
          [
            8.015784,
            46.950757,
            718.0
          ],
          [
            8.015694,
            46.950897,
            718.0
          ],
          [
            8.015694,
            46.950916,
            718.0
          ],
          [
            8.015694,
            46.950928,
            718.0
          ],
          [
            8.015712,
            46.950947,
            718.0
          ],
          [
            8.015802,
            46.95107,
            718.0
          ],
          [
            8.016117,
            46.951609,
            718.0
          ],
          [
            8.016278,
            46.951842,
            717.0
          ],
          [
            8.016386,
            46.951995,
            718.0
          ],
          [
            8.016152,
            46.952081,
            718.0
          ],
          [
            8.016125,
            46.9521,
            718.0
          ],
          [
            8.016108,
            46.952137,
            718.0
          ],
          [
            8.016081,
            46.952216,
            718.0
          ],
          [
            8.015964,
            46.9524,
            718.0
          ],
          [
            8.015901,
            46.952492,
            718.0
          ],
          [
            8.015874,
            46.95256,
            718.0
          ],
          [
            8.015855,
            46.952645,
            718.0
          ],
          [
            8.015855,
            46.9527,
            718.0
          ],
          [
            8.015918,
            46.952737,
            718.0
          ],
          [
            8.016117,
            46.952872,
            718.0
          ],
          [
            8.016566,
            46.953197,
            718.0
          ],
          [
            8.01662,
            46.953234,
            718.0
          ],
          [
            8.017033,
            46.953547,
            718.0
          ],
          [
            8.017167,
            46.953608,
            718.0
          ],
          [
            8.017222,
            46.953626,
            718.0
          ],
          [
            8.01732,
            46.9537,
            718.0
          ],
          [
            8.017257,
            46.953736,
            718.0
          ],
          [
            8.017006,
            46.953927,
            718.0
          ],
          [
            8.016934,
            46.953982,
            718.0
          ],
          [
            8.016836,
            46.953908,
            716.0
          ],
          [
            8.0167,
            46.953829,
            713.0
          ],
          [
            8.016647,
            46.953786,
            713.0
          ],
          [
            8.016566,
            46.953724,
            714.0
          ],
          [
            8.016448,
            46.953626,
            715.0
          ],
          [
            8.01627,
            46.953467,
            716.0
          ],
          [
            8.016044,
            46.953301,
            718.0
          ],
          [
            8.015892,
            46.953197,
            719.0
          ],
          [
            8.015676,
            46.953105,
            720.0
          ],
          [
            8.015515,
            46.953142,
            720.0
          ],
          [
            8.015425,
            46.953154,
            720.0
          ],
          [
            8.014823,
            46.953154,
            720.0
          ],
          [
            8.014572,
            46.953154,
            720.0
          ],
          [
            8.014473,
            46.953154,
            720.0
          ],
          [
            8.014373,
            46.95316,
            720.0
          ],
          [
            8.014266,
            46.953007,
            720.0
          ],
          [
            8.014194,
            46.952934,
            720.0
          ],
          [
            8.014176,
            46.952884,
            720.0
          ],
          [
            8.014123,
            46.952884,
            720.0
          ],
          [
            8.014041,
            46.952854,
            720.0
          ],
          [
            8.013897,
            46.952786,
            721.0
          ],
          [
            8.013242,
            46.952603,
            732.0
          ],
          [
            8.013026,
            46.95256,
            735.0
          ],
          [
            8.012918,
            46.952412,
            737.0
          ],
          [
            8.012756,
            46.952192,
            740.0
          ],
          [
            8.012595,
            46.952112,
            742.0
          ],
          [
            8.01228,
            46.95194,
            746.0
          ],
          [
            8.012119,
            46.951879,
            748.0
          ],
          [
            8.011984,
            46.95186,
            749.0
          ],
          [
            8.011876,
            46.951817,
            750.0
          ],
          [
            8.011723,
            46.951756,
            750.0
          ],
          [
            8.011534,
            46.95167,
            750.0
          ],
          [
            8.011328,
            46.951597,
            750.0
          ],
          [
            8.011247,
            46.951615,
            750.0
          ],
          [
            8.010825,
            46.951885,
            750.0
          ],
          [
            8.01079,
            46.95186,
            750.0
          ],
          [
            8.010754,
            46.951836,
            750.0
          ],
          [
            8.0107,
            46.951805,
            750.0
          ],
          [
            8.010628,
            46.95178,
            750.0
          ],
          [
            8.010502,
            46.951732,
            750.0
          ],
          [
            8.009163,
            46.951247,
            750.0
          ],
          [
            8.009127,
            46.951235,
            750.0
          ],
          [
            8.007429,
            46.950647,
            750.0
          ],
          [
            8.006765,
            46.950407,
            751.0
          ],
          [
            8.006379,
            46.950291,
            752.0
          ],
          [
            8.00611,
            46.950229,
            752.0
          ],
          [
            8.005974,
            46.950199,
            753.0
          ],
          [
            8.005481,
            46.950119,
            754.0
          ],
          [
            8.004609,
            46.950008,
            756.0
          ],
          [
            8.004106,
            46.949947,
            757.0
          ],
          [
            8.003639,
            46.949898,
            758.0
          ],
          [
            8.00292,
            46.949867,
            759.0
          ],
          [
            8.001878,
            46.949812,
            762.0
          ],
          [
            8.001672,
            46.9498,
            763.0
          ],
          [
            8.001536,
            46.949824,
            763.0
          ],
          [
            8.001447,
            46.949843,
            764.0
          ],
          [
            8.001312,
            46.949879,
            764.0
          ],
          [
            8.00115,
            46.949935,
            765.0
          ],
          [
            7.999722,
            46.950493,
            771.0
          ],
          [
            7.999479,
            46.950591,
            773.0
          ],
          [
            7.999389,
            46.950628,
            774.0
          ],
          [
            7.999318,
            46.950653,
            775.0
          ],
          [
            7.999202,
            46.950677,
            776.0
          ],
          [
            7.997961,
            46.950885,
            782.0
          ],
          [
            7.9978,
            46.950916,
            783.0
          ],
          [
            7.997701,
            46.950928,
            785.0
          ],
          [
            7.997602,
            46.950934,
            786.0
          ],
          [
            7.997494,
            46.950928,
            787.0
          ],
          [
            7.997378,
            46.950922,
            788.0
          ],
          [
            7.997242,
            46.950904,
            790.0
          ],
          [
            7.997018,
            46.951131,
            793.0
          ],
          [
            7.996794,
            46.951302,
            796.0
          ],
          [
            7.996578,
            46.951652,
            803.0
          ],
          [
            7.996165,
            46.951952,
            813.0
          ],
          [
            7.99533,
            46.952609,
            832.0
          ],
          [
            7.99524,
            46.952792,
            836.0
          ],
          [
            7.995294,
            46.952878,
            838.0
          ],
          [
            7.996093,
            46.953584,
            851.0
          ],
          [
            7.996183,
            46.953706,
            851.0
          ],
          [
            7.99621,
            46.953779,
            851.0
          ],
          [
            7.996102,
            46.953902,
            852.0
          ],
          [
            7.995896,
            46.954056,
            852.0
          ],
          [
            7.99567,
            46.954344,
            853.0
          ],
          [
            7.995689,
            46.954516,
            854.0
          ],
          [
            7.995779,
            46.95492,
            855.0
          ],
          [
            7.995806,
            46.955086,
            855.0
          ],
          [
            7.995724,
            46.955159,
            856.0
          ],
          [
            7.995491,
            46.955141,
            857.0
          ],
          [
            7.995401,
            46.955135,
            858.0
          ],
          [
            7.99532,
            46.955141,
            858.0
          ],
          [
            7.995248,
            46.955159,
            859.0
          ],
          [
            7.995194,
            46.955184,
            859.0
          ],
          [
            7.995096,
            46.955202,
            860.0
          ],
          [
            7.994108,
            46.955546,
            871.0
          ],
          [
            7.993965,
            46.955607,
            874.0
          ],
          [
            7.993812,
            46.955674,
            876.0
          ],
          [
            7.993515,
            46.955785,
            880.0
          ],
          [
            7.993057,
            46.955901,
            887.0
          ],
          [
            7.992751,
            46.956012,
            891.0
          ],
          [
            7.992446,
            46.956036,
            894.0
          ],
          [
            7.992231,
            46.956085,
            896.0
          ],
          [
            7.992024,
            46.956165,
            898.0
          ],
          [
            7.991674,
            46.956251,
            900.0
          ],
          [
            7.991278,
            46.956349,
            900.0
          ],
          [
            7.991018,
            46.956435,
            900.0
          ],
          [
            7.990703,
            46.956557,
            900.0
          ],
          [
            7.990452,
            46.956655,
            900.0
          ],
          [
            7.990362,
            46.956692,
            900.0
          ],
          [
            7.990299,
            46.95671,
            900.0
          ],
          [
            7.990236,
            46.956729,
            900.0
          ],
          [
            7.990191,
            46.956729,
            900.0
          ],
          [
            7.990146,
            46.956723,
            900.0
          ],
          [
            7.990083,
            46.956698,
            900.0
          ],
          [
            7.990057,
            46.956667,
            900.0
          ],
          [
            7.99003,
            46.956619,
            900.0
          ],
          [
            7.99002,
            46.956429,
            900.0
          ],
          [
            7.990003,
            46.956355,
            900.0
          ],
          [
            7.98994,
            46.95622,
            902.0
          ],
          [
            7.989886,
            46.956177,
            903.0
          ],
          [
            7.989814,
            46.956152,
            904.0
          ],
          [
            7.989707,
            46.956152,
            906.0
          ],
          [
            7.989508,
            46.95622,
            908.0
          ],
          [
            7.988888,
            46.956441,
            918.0
          ],
          [
            7.988673,
            46.956502,
            922.0
          ],
          [
            7.98843,
            46.956551,
            925.0
          ],
          [
            7.988062,
            46.956588,
            930.0
          ],
          [
            7.98781,
            46.956564,
            933.0
          ],
          [
            7.987559,
            46.95649,
            937.0
          ],
          [
            7.98746,
            46.956515,
            938.0
          ],
          [
            7.987388,
            46.956594,
            940.0
          ],
          [
            7.98738,
            46.956704,
            941.0
          ],
          [
            7.987451,
            46.956876,
            943.0
          ],
          [
            7.987451,
            46.956962,
            944.0
          ],
          [
            7.987361,
            46.956993,
            944.0
          ],
          [
            7.987317,
            46.956999,
            944.0
          ],
          [
            7.987271,
            46.956993,
            945.0
          ],
          [
            7.987236,
            46.956987,
            945.0
          ],
          [
            7.9872,
            46.956987,
            945.0
          ],
          [
            7.987164,
            46.956999,
            945.0
          ],
          [
            7.987146,
            46.957017,
            946.0
          ],
          [
            7.987137,
            46.957036,
            946.0
          ],
          [
            7.987137,
            46.95706,
            946.0
          ],
          [
            7.987154,
            46.957115,
            947.0
          ],
          [
            7.987164,
            46.95714,
            947.0
          ],
          [
            7.987154,
            46.957158,
            947.0
          ],
          [
            7.987128,
            46.95717,
            947.0
          ],
          [
            7.987101,
            46.957176,
            947.0
          ],
          [
            7.987074,
            46.95717,
            948.0
          ],
          [
            7.987047,
            46.957158,
            948.0
          ],
          [
            7.987028,
            46.957133,
            948.0
          ],
          [
            7.986993,
            46.957072,
            949.0
          ],
          [
            7.986957,
            46.957024,
            949.0
          ],
          [
            7.986867,
            46.956919,
            951.0
          ],
          [
            7.986732,
            46.956968,
            954.0
          ],
          [
            7.986598,
            46.957054,
            957.0
          ],
          [
            7.986491,
            46.957115,
            959.0
          ],
          [
            7.986104,
            46.957158,
            962.0
          ],
          [
            7.986005,
            46.95714,
            963.0
          ],
          [
            7.98596,
            46.957103,
            963.0
          ],
          [
            7.985915,
            46.957091,
            963.0
          ],
          [
            7.985862,
            46.957109,
            964.0
          ],
          [
            7.985835,
            46.957164,
            964.0
          ],
          [
            7.98587,
            46.957557,
            968.0
          ],
          [
            7.98587,
            46.957691,
            969.0
          ],
          [
            7.985772,
            46.957833,
            970.0
          ],
          [
            7.9856,
            46.957992,
            970.0
          ],
          [
            7.985538,
            46.958029,
            970.0
          ],
          [
            7.985233,
            46.958053,
            970.0
          ],
          [
            7.98517,
            46.958096,
            970.0
          ],
          [
            7.98508,
            46.958378,
            970.0
          ],
          [
            7.984963,
            46.958317,
            970.0
          ],
          [
            7.984621,
            46.95828,
            970.0
          ],
          [
            7.98437,
            46.958998,
            1000.0
          ],
          [
            7.984271,
            46.959071,
            1002.0
          ],
          [
            7.984028,
            46.959071,
            1006.0
          ],
          [
            7.983688,
            46.959144,
            1012.0
          ],
          [
            7.983265,
            46.959298,
            1020.0
          ],
          [
            7.98268,
            46.959592,
            1028.0
          ],
          [
            7.982214,
            46.959899,
            1036.0
          ],
          [
            7.98208,
            46.960071,
            1039.0
          ],
          [
            7.98198,
            46.960174,
            1042.0
          ],
          [
            7.982043,
            46.960193,
            1043.0
          ],
          [
            7.982097,
            46.960199,
            1044.0
          ],
          [
            7.982151,
            46.960199,
            1045.0
          ],
          [
            7.982923,
            46.960174,
            1057.0
          ],
          [
            7.983005,
            46.960181,
            1059.0
          ],
          [
            7.983049,
            46.960193,
            1060.0
          ],
          [
            7.983095,
            46.960217,
            1060.0
          ],
          [
            7.983139,
            46.960242,
            1061.0
          ],
          [
            7.983166,
            46.960279,
            1061.0
          ],
          [
            7.983175,
            46.96031,
            1062.0
          ],
          [
            7.983185,
            46.96034,
            1062.0
          ],
          [
            7.983175,
            46.960396,
            1063.0
          ],
          [
            7.983095,
            46.960482,
            1066.0
          ],
          [
            7.982978,
            46.960567,
            1069.0
          ],
          [
            7.982762,
            46.960696,
            1074.0
          ],
          [
            7.982672,
            46.960763,
            1076.0
          ],
          [
            7.982619,
            46.960868,
            1079.0
          ],
          [
            7.982529,
            46.96096,
            1081.0
          ],
          [
            7.982196,
            46.961186,
            1090.0
          ],
          [
            7.98198,
            46.961315,
            1093.0
          ],
          [
            7.981881,
            46.961346,
            1094.0
          ],
          [
            7.981774,
            46.961334,
            1095.0
          ],
          [
            7.981638,
            46.961284,
            1096.0
          ],
          [
            7.981638,
            46.961284,
            1096.0
          ],
          [
            7.981487,
            46.961235,
            1098.0
          ],
          [
            7.981351,
            46.961223,
            1099.0
          ],
          [
            7.981145,
            46.961248,
            1102.0
          ],
          [
            7.980705,
            46.961352,
            1109.0
          ],
          [
            7.980183,
            46.961469,
            1118.0
          ],
          [
            7.979717,
            46.961518,
            1130.0
          ],
          [
            7.97951,
            46.961395,
            1130.0
          ],
          [
            7.979321,
            46.96126,
            1130.0
          ],
          [
            7.979168,
            46.96118,
            1130.0
          ],
          [
            7.979178,
            46.961149,
            1130.0
          ],
          [
            7.979151,
            46.961107,
            1130.0
          ],
          [
            7.979025,
            46.961021,
            1131.0
          ],
          [
            7.97872,
            46.96088,
            1133.0
          ],
          [
            7.978575,
            46.960825,
            1134.0
          ],
          [
            7.978315,
            46.960757,
            1135.0
          ],
          [
            7.977633,
            46.960653,
            1139.0
          ],
          [
            7.977246,
            46.960616,
            1140.0
          ],
          [
            7.977093,
            46.960592,
            1140.0
          ],
          [
            7.977013,
            46.960567,
            1140.0
          ],
          [
            7.976518,
            46.960389,
            1140.0
          ],
          [
            7.976051,
            46.960138,
            1140.0
          ],
          [
            7.975585,
            46.959868,
            1140.0
          ],
          [
            7.975162,
            46.959549,
            1140.0
          ],
          [
            7.974696,
            46.959273,
            1140.0
          ],
          [
            7.974506,
            46.959194,
            1140.0
          ],
          [
            7.974327,
            46.959157,
            1140.0
          ],
          [
            7.97412,
            46.959138,
            1140.0
          ],
          [
            7.974004,
            46.959144,
            1140.0
          ],
          [
            7.973851,
            46.959169,
            1140.0
          ],
          [
            7.973671,
            46.959218,
            1140.0
          ],
          [
            7.973384,
            46.959316,
            1137.0
          ],
          [
            7.973159,
            46.959402,
            1134.0
          ],
          [
            7.973088,
            46.959427,
            1133.0
          ],
          [
            7.972962,
            46.959439,
            1132.0
          ],
          [
            7.972791,
            46.959445,
            1131.0
          ],
          [
            7.972701,
            46.959458,
            1130.0
          ],
          [
            7.972602,
            46.959488,
            1129.0
          ],
          [
            7.972485,
            46.959537,
            1128.0
          ],
          [
            7.97235,
            46.959568,
            1127.0
          ],
          [
            7.971856,
            46.959666,
            1123.0
          ],
          [
            7.971784,
            46.959696,
            1122.0
          ],
          [
            7.971713,
            46.959745,
            1121.0
          ],
          [
            7.97165,
            46.959801,
            1120.0
          ],
          [
            7.971551,
            46.95985,
            1119.0
          ],
          [
            7.971371,
            46.959899,
            1117.0
          ],
          [
            7.971101,
            46.959936,
            1113.0
          ],
          [
            7.97077,
            46.959948,
            1109.0
          ],
          [
            7.970598,
            46.959936,
            1107.0
          ],
          [
            7.970411,
            46.959905,
            1104.0
          ],
          [
            7.970006,
            46.959862,
            1099.0
          ],
          [
            7.969898,
            46.959862,
            1099.0
          ],
          [
            7.969476,
            46.959887,
            1096.0
          ],
          [
            7.969314,
            46.959887,
            1095.0
          ],
          [
            7.96917,
            46.959874,
            1095.0
          ],
          [
            7.969027,
            46.959856,
            1094.0
          ],
          [
            7.968856,
            46.959819,
            1093.0
          ],
          [
            7.968524,
            46.959696,
            1091.0
          ],
          [
            7.968451,
            46.959678,
            1090.0
          ],
          [
            7.968371,
            46.959678,
            1090.0
          ],
          [
            7.968174,
            46.959684,
            1089.0
          ],
          [
            7.968021,
            46.959666,
            1088.0
          ],
          [
            7.967851,
            46.959629,
            1087.0
          ],
          [
            7.96714,
            46.959445,
            1082.0
          ],
          [
            7.966996,
            46.959537,
            1081.0
          ],
          [
            7.966925,
            46.959568,
            1081.0
          ],
          [
            7.966843,
            46.959598,
            1080.0
          ],
          [
            7.966637,
            46.959647,
            1074.0
          ],
          [
            7.966503,
            46.959684,
            1070.0
          ],
          [
            7.96652,
            46.959727,
            1070.0
          ],
          [
            7.96653,
            46.959782,
            1070.0
          ],
          [
            7.966539,
            46.959917,
            1070.0
          ],
          [
            7.96653,
            46.959985,
            1070.0
          ],
          [
            7.96652,
            46.960034,
            1070.0
          ],
          [
            7.966503,
            46.960077,
            1070.0
          ],
          [
            7.966467,
            46.960156,
            1070.0
          ],
          [
            7.96643,
            46.960217,
            1070.0
          ],
          [
            7.966386,
            46.960273,
            1070.0
          ],
          [
            7.966277,
            46.960371,
            1070.0
          ],
          [
            7.966134,
            46.960512,
            1070.0
          ],
          [
            7.966027,
            46.960604,
            1070.0
          ],
          [
            7.965918,
            46.960677,
            1070.0
          ],
          [
            7.965838,
            46.960726,
            1070.0
          ],
          [
            7.965614,
            46.9608,
            1070.0
          ],
          [
            7.965111,
            46.960954,
            1070.0
          ],
          [
            7.964715,
            46.96107,
            1070.0
          ],
          [
            7.96458,
            46.961125,
            1070.0
          ],
          [
            7.964472,
            46.96118,
            1070.0
          ],
          [
            7.964338,
            46.961248,
            1070.0
          ],
          [
            7.964176,
            46.961352,
            1070.0
          ],
          [
            7.963377,
            46.961867,
            1069.0
          ],
          [
            7.963268,
            46.961947,
            1069.0
          ],
          [
            7.963161,
            46.962033,
            1069.0
          ],
          [
            7.963061,
            46.962124,
            1068.0
          ],
          [
            7.962505,
            46.962743,
            1067.0
          ],
          [
            7.962371,
            46.962885,
            1067.0
          ],
          [
            7.962272,
            46.962977,
            1067.0
          ],
          [
            7.962164,
            46.96305,
            1066.0
          ],
          [
            7.962046,
            46.963105,
            1066.0
          ],
          [
            7.961948,
            46.963166,
            1066.0
          ],
          [
            7.961849,
            46.963222,
            1066.0
          ],
          [
            7.961769,
            46.963258,
            1066.0
          ],
          [
            7.961679,
            46.963301,
            1066.0
          ],
          [
            7.961598,
            46.963326,
            1066.0
          ],
          [
            7.96149,
            46.963357,
            1065.0
          ],
          [
            7.96114,
            46.963449,
            1065.0
          ],
          [
            7.960897,
            46.963516,
            1065.0
          ],
          [
            7.960753,
            46.963553,
            1064.0
          ],
          [
            7.960618,
            46.963584,
            1064.0
          ],
          [
            7.960538,
            46.963596,
            1064.0
          ],
          [
            7.960457,
            46.963608,
            1064.0
          ],
          [
            7.960348,
            46.963614,
            1064.0
          ],
          [
            7.960115,
            46.963626,
            1064.0
          ],
          [
            7.959828,
            46.963651,
            1063.0
          ],
          [
            7.959451,
            46.963681,
            1063.0
          ],
          [
            7.959352,
            46.963687,
            1063.0
          ],
          [
            7.959245,
            46.963687,
            1063.0
          ],
          [
            7.959163,
            46.963681,
            1063.0
          ],
          [
            7.959073,
            46.963669,
            1062.0
          ],
          [
            7.95892,
            46.963639,
            1062.0
          ],
          [
            7.958732,
            46.963596,
            1062.0
          ],
          [
            7.958606,
            46.963559,
            1062.0
          ],
          [
            7.958471,
            46.963516,
            1062.0
          ],
          [
            7.95813,
            46.963602,
            1064.0
          ],
          [
            7.957618,
            46.963792,
            1067.0
          ],
          [
            7.957052,
            46.964031,
            1071.0
          ],
          [
            7.956253,
            46.964374,
            1078.0
          ],
          [
            7.956119,
            46.964424,
            1079.0
          ],
          [
            7.956029,
            46.964454,
            1080.0
          ],
          [
            7.955929,
            46.964473,
            1081.0
          ],
          [
            7.95583,
            46.964485,
            1082.0
          ],
          [
            7.955651,
            46.96451,
            1083.0
          ],
          [
            7.95549,
            46.964534,
            1084.0
          ],
          [
            7.955345,
            46.964565,
            1085.0
          ],
          [
            7.955228,
            46.964595,
            1086.0
          ],
          [
            7.955094,
            46.964638,
            1087.0
          ],
          [
            7.954186,
            46.964951,
            1094.0
          ],
          [
            7.954142,
            46.964963,
            1095.0
          ],
          [
            7.954025,
            46.964994,
            1096.0
          ],
          [
            7.953945,
            46.965006,
            1096.0
          ],
          [
            7.953872,
            46.965012,
            1097.0
          ],
          [
            7.9538,
            46.965012,
            1097.0
          ],
          [
            7.953729,
            46.965006,
            1098.0
          ],
          [
            7.953639,
            46.965,
            1099.0
          ],
          [
            7.95353,
            46.964981,
            1100.0
          ],
          [
            7.953324,
            46.964945,
            1101.0
          ],
          [
            7.952777,
            46.964828,
            1106.0
          ],
          [
            7.952624,
            46.964797,
            1107.0
          ],
          [
            7.952507,
            46.964797,
            1108.0
          ],
          [
            7.952417,
            46.96481,
            1109.0
          ],
          [
            7.952372,
            46.964822,
            1109.0
          ],
          [
            7.952291,
            46.964853,
            1110.0
          ],
          [
            7.952219,
            46.964896,
            1111.0
          ],
          [
            7.951761,
            46.965171,
            1116.0
          ],
          [
            7.951645,
            46.965238,
            1117.0
          ],
          [
            7.951563,
            46.965312,
            1119.0
          ],
          [
            7.951384,
            46.96549,
            1121.0
          ],
          [
            7.951096,
            46.965796,
            1124.0
          ],
          [
            7.950899,
            46.965956,
            1126.0
          ],
          [
            7.950819,
            46.965993,
            1127.0
          ],
          [
            7.950746,
            46.966018,
            1127.0
          ],
          [
            7.950656,
            46.966048,
            1128.0
          ],
          [
            7.950521,
            46.966073,
            1129.0
          ],
          [
            7.949605,
            46.966219,
            1132.0
          ],
          [
            7.949452,
            46.966244,
            1133.0
          ],
          [
            7.949668,
            46.966109,
            1135.0
          ],
          [
            7.949857,
            46.965876,
            1138.0
          ],
          [
            7.949748,
            46.965772,
            1139.0
          ],
          [
            7.949632,
            46.965821,
            1141.0
          ],
          [
            7.949452,
            46.965876,
            1143.0
          ],
          [
            7.949291,
            46.965907,
            1146.0
          ],
          [
            7.949093,
            46.965962,
            1149.0
          ],
          [
            7.948958,
            46.965999,
            1152.0
          ],
          [
            7.948402,
            46.966262,
            1162.0
          ],
          [
            7.948249,
            46.96633,
            1163.0
          ],
          [
            7.948079,
            46.966391,
            1165.0
          ],
          [
            7.947863,
            46.966471,
            1167.0
          ],
          [
            7.947727,
            46.966545,
            1169.0
          ],
          [
            7.947593,
            46.966649,
            1171.0
          ],
          [
            7.94745,
            46.966789,
            1173.0
          ],
          [
            7.94735,
            46.966931,
            1175.0
          ],
          [
            7.947314,
            46.967041,
            1177.0
          ],
          [
            7.94727,
            46.96717,
            1178.0
          ],
          [
            7.947251,
            46.967329,
            1180.0
          ],
          [
            7.947234,
            46.967642,
            1185.0
          ],
          [
            7.947215,
            46.967691,
            1185.0
          ],
          [
            7.94718,
            46.967734,
            1186.0
          ],
          [
            7.947126,
            46.967807,
            1187.0
          ],
          [
            7.947098,
            46.967881,
            1188.0
          ],
          [
            7.946974,
            46.968279,
            1194.0
          ],
          [
            7.946955,
            46.968426,
            1196.0
          ],
          [
            7.946955,
            46.968574,
            1198.0
          ],
          [
            7.946974,
            46.968739,
            1200.0
          ],
          [
            7.946964,
            46.968812,
            1200.0
          ],
          [
            7.946974,
            46.968947,
            1200.0
          ],
          [
            7.946974,
            46.969009,
            1200.0
          ],
          [
            7.946937,
            46.969052,
            1200.0
          ],
          [
            7.946829,
            46.969113,
            1200.0
          ],
          [
            7.946712,
            46.969169,
            1200.0
          ],
          [
            7.946524,
            46.969218,
            1200.0
          ],
          [
            7.946434,
            46.969254,
            1200.0
          ],
          [
            7.946201,
            46.969272,
            1200.0
          ],
          [
            7.946048,
            46.969309,
            1199.0
          ],
          [
            7.94594,
            46.969352,
            1198.0
          ],
          [
            7.945419,
            46.969739,
            1194.0
          ],
          [
            7.945194,
            46.969922,
            1192.0
          ],
          [
            7.945104,
            46.970039,
            1191.0
          ],
          [
            7.945087,
            46.970125,
            1191.0
          ],
          [
            7.945096,
            46.970272,
            1189.0
          ],
          [
            7.945033,
            46.970284,
            1190.0
          ],
          [
            7.945014,
            46.970308,
            1190.0
          ],
          [
            7.944987,
            46.970406,
            1192.0
          ],
          [
            7.94497,
            46.970492,
            1193.0
          ],
          [
            7.944916,
            46.970615,
            1194.0
          ],
          [
            7.944817,
            46.970726,
            1196.0
          ],
          [
            7.944844,
            46.970982,
            1200.0
          ],
          [
            7.94479,
            46.971283,
            1205.0
          ],
          [
            7.944853,
            46.971725,
            1217.0
          ],
          [
            7.944835,
            46.971792,
            1219.0
          ],
          [
            7.94479,
            46.971853,
            1222.0
          ],
          [
            7.944557,
            46.97211,
            1231.0
          ],
          [
            7.944485,
            46.972196,
            1233.0
          ],
          [
            7.944431,
            46.97227,
            1235.0
          ],
          [
            7.944297,
            46.972356,
            1241.0
          ],
          [
            7.944134,
            46.972429,
            1247.0
          ],
          [
            7.943991,
            46.972564,
            1254.0
          ],
          [
            7.943821,
            46.972711,
            1260.0
          ],
          [
            7.943829,
            46.972717,
            1260.0
          ],
          [
            7.943829,
            46.972717,
            1260.0
          ],
          [
            7.944098,
            46.972871,
            1257.0
          ],
          [
            7.944242,
            46.972957,
            1254.0
          ],
          [
            7.944431,
            46.973085,
            1250.0
          ],
          [
            7.944458,
            46.973103,
            1250.0
          ],
          [
            7.944584,
            46.973257,
            1250.0
          ],
          [
            7.944664,
            46.973374,
            1250.0
          ],
          [
            7.944737,
            46.973539,
            1248.0
          ],
          [
            7.944773,
            46.973686,
            1246.0
          ],
          [
            7.944754,
            46.973876,
            1242.0
          ],
          [
            7.944727,
            46.974176,
            1235.0
          ],
          [
            7.944727,
            46.97444,
            1229.0
          ],
          [
            7.944691,
            46.974624,
            1225.0
          ],
          [
            7.944476,
            46.97509,
            1218.0
          ],
          [
            7.944358,
            46.975286,
            1216.0
          ],
          [
            7.944234,
            46.975507,
            1214.0
          ],
          [
            7.944215,
            46.975556,
            1214.0
          ],
          [
            7.944287,
            46.975819,
            1211.0
          ],
          [
            7.944261,
            46.976229,
            1210.0
          ],
          [
            7.944269,
            46.976518,
            1210.0
          ],
          [
            7.944161,
            46.976763,
            1210.0
          ],
          [
            7.943937,
            46.976916,
            1210.0
          ],
          [
            7.943847,
            46.977014,
            1210.0
          ],
          [
            7.943874,
            46.97718,
            1210.0
          ],
          [
            7.944098,
            46.977259,
            1210.0
          ],
          [
            7.944511,
            46.977345,
            1213.0
          ],
          [
            7.944961,
            46.977639,
            1219.0
          ],
          [
            7.94506,
            46.977744,
            1221.0
          ],
          [
            7.945104,
            46.977799,
            1223.0
          ],
          [
            7.945123,
            46.977866,
            1225.0
          ],
          [
            7.94515,
            46.977921,
            1227.0
          ],
          [
            7.945186,
            46.97797,
            1229.0
          ],
          [
            7.94524,
            46.978019,
            1230.0
          ],
          [
            7.945347,
            46.978105,
            1230.0
          ],
          [
            7.945429,
            46.978197,
            1230.0
          ],
          [
            7.945509,
            46.97832,
            1230.0
          ],
          [
            7.945643,
            46.978583,
            1230.0
          ],
          [
            7.945895,
            46.978902,
            1230.0
          ],
          [
            7.946021,
            46.979165,
            1230.0
          ],
          [
            7.946219,
            46.979331,
            1230.0
          ],
          [
            7.946345,
            46.979417,
            1230.0
          ],
          [
            7.946704,
            46.979613,
            1230.0
          ],
          [
            7.946802,
            46.97968,
            1230.0
          ],
          [
            7.946919,
            46.979729,
            1230.0
          ],
          [
            7.947,
            46.979742,
            1230.0
          ],
          [
            7.94709,
            46.979785,
            1230.0
          ],
          [
            7.947171,
            46.979877,
            1230.0
          ],
          [
            7.947215,
            46.979907,
            1230.0
          ],
          [
            7.94727,
            46.979913,
            1230.0
          ],
          [
            7.94735,
            46.97992,
            1230.0
          ],
          [
            7.947413,
            46.97995,
            1230.0
          ],
          [
            7.947485,
            46.979999,
            1230.0
          ],
          [
            7.947603,
            46.980005,
            1230.0
          ],
          [
            7.947674,
            46.980023,
            1230.0
          ],
          [
            7.947961,
            46.980091,
            1230.0
          ],
          [
            7.948096,
            46.980103,
            1230.0
          ],
          [
            7.948329,
            46.980189,
            1230.0
          ],
          [
            7.948555,
            46.980232,
            1230.0
          ],
          [
            7.948761,
            46.980281,
            1230.0
          ],
          [
            7.948941,
            46.980305,
            1232.0
          ],
          [
            7.949102,
            46.980348,
            1235.0
          ],
          [
            7.949219,
            46.980361,
            1237.0
          ],
          [
            7.949282,
            46.980379,
            1238.0
          ],
          [
            7.949381,
            46.980355,
            1240.0
          ],
          [
            7.949425,
            46.980367,
            1240.0
          ],
          [
            7.949507,
            46.980404,
            1240.0
          ],
          [
            7.949587,
            46.980416,
            1240.0
          ],
          [
            7.949731,
            46.980471,
            1240.0
          ],
          [
            7.949811,
            46.980489,
            1240.0
          ],
          [
            7.949947,
            46.980563,
            1240.0
          ],
          [
            7.950027,
            46.980569,
            1240.0
          ],
          [
            7.950198,
            46.980642,
            1238.0
          ],
          [
            7.950486,
            46.980839,
            1235.0
          ],
          [
            7.950683,
            46.980968,
            1233.0
          ],
          [
            7.95089,
            46.981065,
            1231.0
          ],
          [
            7.951016,
            46.981188,
            1229.0
          ],
          [
            7.951169,
            46.981261,
            1228.0
          ],
          [
            7.951429,
            46.981482,
            1224.0
          ],
          [
            7.951671,
            46.981623,
            1222.0
          ],
          [
            7.951779,
            46.981733,
            1220.0
          ],
          [
            7.951842,
            46.981868,
            1220.0
          ],
          [
            7.951914,
            46.981893,
            1220.0
          ],
          [
            7.952039,
            46.981917,
            1220.0
          ],
          [
            7.952165,
            46.981979,
            1220.0
          ],
          [
            7.952211,
            46.982046,
            1220.0
          ],
          [
            7.952201,
            46.982242,
            1220.0
          ],
          [
            7.952148,
            46.98234,
            1220.0
          ],
          [
            7.952129,
            46.982426,
            1220.0
          ],
          [
            7.952157,
            46.982493,
            1220.0
          ],
          [
            7.952157,
            46.982592,
            1220.0
          ],
          [
            7.952129,
            46.982628,
            1220.0
          ],
          [
            7.952111,
            46.982684,
            1220.0
          ],
          [
            7.952102,
            46.982757,
            1220.0
          ],
          [
            7.952111,
            46.982818,
            1220.0
          ],
          [
            7.952148,
            46.982916,
            1220.0
          ],
          [
            7.952129,
            46.982977,
            1220.0
          ],
          [
            7.952012,
            46.983076,
            1220.0
          ],
          [
            7.951842,
            46.983266,
            1220.0
          ],
          [
            7.951626,
            46.983504,
            1220.0
          ],
          [
            7.951492,
            46.983787,
            1224.0
          ],
          [
            7.951384,
            46.984025,
            1227.0
          ],
          [
            7.951266,
            46.984252,
            1231.0
          ],
          [
            7.951016,
            46.984927,
            1240.0
          ],
          [
            7.950916,
            46.985116,
            1240.0
          ],
          [
            7.950521,
            46.985411,
            1240.0
          ],
          [
            7.950287,
            46.985594,
            1240.0
          ],
          [
            7.950234,
            46.985686,
            1240.0
          ],
          [
            7.950117,
            46.986091,
            1239.0
          ],
          [
            7.9501,
            46.986329,
            1239.0
          ],
          [
            7.949928,
            46.986813,
            1238.0
          ],
          [
            7.950063,
            46.986961,
            1238.0
          ],
          [
            7.950171,
            46.987028,
            1238.0
          ],
          [
            7.95018,
            46.987083,
            1237.0
          ],
          [
            7.950261,
            46.987182,
            1237.0
          ],
          [
            7.95036,
            46.987231,
            1237.0
          ],
          [
            7.950324,
            46.987383,
            1237.0
          ],
          [
            7.950314,
            46.987469,
            1237.0
          ],
          [
            7.950333,
            46.987531,
            1237.0
          ],
          [
            7.95036,
            46.987586,
            1237.0
          ],
          [
            7.950333,
            46.987666,
            1236.0
          ],
          [
            7.950342,
            46.987739,
            1236.0
          ],
          [
            7.950396,
            46.987917,
            1236.0
          ],
          [
            7.950486,
            46.988088,
            1236.0
          ],
          [
            7.950639,
            46.988254,
            1235.0
          ],
          [
            7.950719,
            46.988352,
            1235.0
          ],
          [
            7.950764,
            46.988444,
            1235.0
          ],
          [
            7.950782,
            46.988523,
            1235.0
          ],
          [
            7.950756,
            46.988578,
            1235.0
          ],
          [
            7.950719,
            46.988609,
            1235.0
          ],
          [
            7.950593,
            46.988676,
            1235.0
          ],
          [
            7.950333,
            46.988805,
            1234.0
          ],
          [
            7.949874,
            46.989136,
            1234.0
          ],
          [
            7.949658,
            46.989345,
            1233.0
          ],
          [
            7.949461,
            46.989584,
            1233.0
          ],
          [
            7.949371,
            46.98973,
            1233.0
          ],
          [
            7.949381,
            46.989902,
            1232.0
          ],
          [
            7.949461,
            46.990172,
            1232.0
          ],
          [
            7.949748,
            46.990527,
            1231.0
          ],
          [
            7.94992,
            46.99087,
            1231.0
          ],
          [
            7.949911,
            46.991066,
            1230.0
          ],
          [
            7.949893,
            46.991091,
            1230.0
          ],
          [
            7.949658,
            46.991306,
            1229.0
          ],
          [
            7.949524,
            46.991379,
            1229.0
          ],
          [
            7.949362,
            46.991446,
            1228.0
          ],
          [
            7.949318,
            46.991526,
            1227.0
          ],
          [
            7.949255,
            46.991575,
            1227.0
          ],
          [
            7.949228,
            46.991612,
            1226.0
          ],
          [
            7.949272,
            46.991759,
            1225.0
          ],
          [
            7.949264,
            46.991827,
            1225.0
          ],
          [
            7.949174,
            46.99193,
            1224.0
          ],
          [
            7.949192,
            46.99204,
            1223.0
          ],
          [
            7.949148,
            46.992261,
            1222.0
          ],
          [
            7.949066,
            46.992641,
            1221.0
          ],
          [
            7.948815,
            46.993107,
            1223.0
          ],
          [
            7.948662,
            46.993376,
            1225.0
          ],
          [
            7.948635,
            46.993585,
            1226.0
          ],
          [
            7.948662,
            46.993805,
            1227.0
          ],
          [
            7.948725,
            46.994093,
            1228.0
          ],
          [
            7.948761,
            46.994283,
            1229.0
          ],
          [
            7.948769,
            46.994436,
            1230.0
          ],
          [
            7.948769,
            46.994608,
            1233.0
          ],
          [
            7.948779,
            46.994645,
            1233.0
          ],
          [
            7.948806,
            46.994676,
            1233.0
          ],
          [
            7.948832,
            46.994706,
            1233.0
          ],
          [
            7.948941,
            46.99481,
            1234.0
          ],
          [
            7.949021,
            46.994926,
            1234.0
          ],
          [
            7.949048,
            46.994963,
            1234.0
          ],
          [
            7.949075,
            46.994988,
            1234.0
          ],
          [
            7.949138,
            46.99503,
            1233.0
          ],
          [
            7.949182,
            46.995067,
            1235.0
          ],
          [
            7.949219,
            46.995098,
            1236.0
          ],
          [
            7.949488,
            46.995282,
            1242.0
          ],
          [
            7.949632,
            46.99538,
            1244.0
          ],
          [
            7.949785,
            46.995472,
            1246.0
          ],
          [
            7.949901,
            46.995533,
            1247.0
          ],
          [
            7.950073,
            46.995631,
            1249.0
          ],
          [
            7.950153,
            46.995674,
            1250.0
          ],
          [
            7.950216,
            46.995717,
            1250.0
          ],
          [
            7.950279,
            46.995778,
            1250.0
          ],
          [
            7.950513,
            46.996024,
            1251.0
          ],
          [
            7.95054,
            46.99606,
            1251.0
          ],
          [
            7.950566,
            46.996115,
            1252.0
          ],
          [
            7.950611,
            46.996501,
            1253.0
          ],
          [
            7.950629,
            46.996587,
            1253.0
          ],
          [
            7.950647,
            46.996642,
            1253.0
          ],
          [
            7.950674,
            46.996691,
            1253.0
          ],
          [
            7.950692,
            46.996722,
            1254.0
          ],
          [
            7.95071,
            46.996752,
            1254.0
          ],
          [
            7.950737,
            46.996777,
            1254.0
          ],
          [
            7.950782,
            46.996801,
            1254.0
          ],
          [
            7.950819,
            46.99682,
            1254.0
          ],
          [
            7.951079,
            46.996918,
            1255.0
          ],
          [
            7.951159,
            46.996948,
            1255.0
          ],
          [
            7.951213,
            46.996985,
            1255.0
          ],
          [
            7.951258,
            46.997016,
            1255.0
          ],
          [
            7.951312,
            46.997065,
            1255.0
          ],
          [
            7.951348,
            46.997108,
            1255.0
          ],
          [
            7.951375,
            46.997145,
            1256.0
          ],
          [
            7.951402,
            46.997188,
            1256.0
          ],
          [
            7.951419,
            46.997237,
            1256.0
          ],
          [
            7.951662,
            46.997825,
            1258.0
          ],
          [
            7.951698,
            46.997892,
            1258.0
          ],
          [
            7.951743,
            46.997947,
            1258.0
          ],
          [
            7.951788,
            46.998002,
            1258.0
          ],
          [
            7.952067,
            46.998278,
            1259.0
          ],
          [
            7.952157,
            46.998382,
            1260.0
          ],
          [
            7.952201,
            46.998437,
            1260.0
          ],
          [
            7.952237,
            46.998486,
            1260.0
          ],
          [
            7.952264,
            46.998541,
            1260.0
          ],
          [
            7.952309,
            46.998621,
            1260.0
          ],
          [
            7.952398,
            46.998811,
            1260.0
          ],
          [
            7.952578,
            46.999117,
            1260.0
          ],
          [
            7.952605,
            46.99916,
            1260.0
          ],
          [
            7.952624,
            46.999184,
            1260.0
          ],
          [
            7.952668,
            46.999227,
            1260.0
          ],
          [
            7.952687,
            46.999246,
            1260.0
          ],
          [
            7.952704,
            46.999276,
            1260.0
          ],
          [
            7.952723,
            46.999307,
            1260.0
          ],
          [
            7.95275,
            46.99935,
            1260.0
          ],
          [
            7.952767,
            46.999387,
            1260.0
          ],
          [
            7.952767,
            46.999418,
            1260.0
          ],
          [
            7.952767,
            46.999442,
            1260.0
          ],
          [
            7.952758,
            46.999473,
            1260.0
          ],
          [
            7.95274,
            46.999516,
            1260.0
          ],
          [
            7.952704,
            46.999571,
            1260.0
          ],
          [
            7.952668,
            46.999638,
            1260.0
          ],
          [
            7.95265,
            46.999687,
            1260.0
          ],
          [
            7.95265,
            46.99973,
            1260.0
          ],
          [
            7.95266,
            46.999779,
            1260.0
          ],
          [
            7.952714,
            46.999981,
            1260.0
          ],
          [
            7.95275,
            47.000049,
            1260.0
          ],
          [
            7.952785,
            47.000116,
            1260.0
          ],
          [
            7.952821,
            47.000171,
            1260.0
          ],
          [
            7.952857,
            47.000257,
            1260.0
          ],
          [
            7.952911,
            47.000361,
            1260.0
          ],
          [
            7.953163,
            47.000747,
            1260.0
          ],
          [
            7.953207,
            47.000845,
            1260.0
          ],
          [
            7.95327,
            47.000986,
            1260.0
          ],
          [
            7.953306,
            47.001047,
            1260.0
          ],
          [
            7.953351,
            47.001096,
            1260.0
          ],
          [
            7.953396,
            47.001151,
            1261.0
          ],
          [
            7.953423,
            47.0012,
            1261.0
          ],
          [
            7.953666,
            47.001635,
            1268.0
          ],
          [
            7.953773,
            47.001801,
            1271.0
          ],
          [
            7.953945,
            47.002095,
            1275.0
          ],
          [
            7.954025,
            47.002272,
            1277.0
          ],
          [
            7.954079,
            47.002407,
            1279.0
          ],
          [
            7.954124,
            47.002481,
            1281.0
          ],
          [
            7.954186,
            47.002573,
            1282.0
          ],
          [
            7.954222,
            47.002646,
            1283.0
          ],
          [
            7.954249,
            47.00272,
            1284.0
          ],
          [
            7.954268,
            47.002805,
            1286.0
          ],
          [
            7.954295,
            47.002946,
            1288.0
          ],
          [
            7.954312,
            47.002995,
            1289.0
          ],
          [
            7.954339,
            47.003044,
            1290.0
          ],
          [
            7.954358,
            47.003087,
            1290.0
          ],
          [
            7.954375,
            47.003241,
            1292.0
          ],
          [
            7.954393,
            47.00329,
            1293.0
          ],
          [
            7.954421,
            47.003345,
            1294.0
          ],
          [
            7.954474,
            47.003412,
            1295.0
          ],
          [
            7.954519,
            47.003442,
            1296.0
          ],
          [
            7.954609,
            47.003522,
            1297.0
          ],
          [
            7.954662,
            47.003577,
            1298.0
          ],
          [
            7.954698,
            47.00362,
            1299.0
          ],
          [
            7.954717,
            47.003657,
            1299.0
          ],
          [
            7.954717,
            47.003694,
            1300.0
          ],
          [
            7.954717,
            47.003829,
            1300.0
          ],
          [
            7.954708,
            47.003878,
            1300.0
          ],
          [
            7.954708,
            47.003921,
            1300.0
          ],
          [
            7.954708,
            47.003964,
            1301.0
          ],
          [
            7.954717,
            47.004012,
            1301.0
          ],
          [
            7.954725,
            47.004043,
            1301.0
          ],
          [
            7.954725,
            47.004067,
            1301.0
          ],
          [
            7.954717,
            47.004086,
            1301.0
          ],
          [
            7.954708,
            47.00411,
            1301.0
          ],
          [
            7.95469,
            47.004141,
            1301.0
          ],
          [
            7.954662,
            47.004183,
            1301.0
          ],
          [
            7.954645,
            47.004226,
            1301.0
          ],
          [
            7.954618,
            47.004276,
            1301.0
          ],
          [
            7.954591,
            47.00438,
            1302.0
          ],
          [
            7.954572,
            47.004447,
            1302.0
          ],
          [
            7.954555,
            47.004478,
            1302.0
          ],
          [
            7.954537,
            47.004509,
            1302.0
          ],
          [
            7.954411,
            47.00457,
            1302.0
          ],
          [
            7.954339,
            47.004607,
            1302.0
          ],
          [
            7.954258,
            47.004637,
            1303.0
          ],
          [
            7.954159,
            47.004674,
            1303.0
          ],
          [
            7.954025,
            47.004711,
            1303.0
          ],
          [
            7.953926,
            47.004729,
            1303.0
          ],
          [
            7.953809,
            47.004765,
            1303.0
          ],
          [
            7.953702,
            47.004814,
            1304.0
          ],
          [
            7.953603,
            47.004864,
            1304.0
          ],
          [
            7.953522,
            47.0049,
            1304.0
          ],
          [
            7.953432,
            47.004956,
            1304.0
          ],
          [
            7.953333,
            47.005017,
            1304.0
          ],
          [
            7.953226,
            47.005103,
            1305.0
          ],
          [
            7.953163,
            47.005152,
            1305.0
          ],
          [
            7.953027,
            47.005268,
            1305.0
          ],
          [
            7.952911,
            47.005372,
            1305.0
          ],
          [
            7.95283,
            47.005439,
            1306.0
          ],
          [
            7.952785,
            47.005464,
            1306.0
          ],
          [
            7.952723,
            47.005495,
            1306.0
          ],
          [
            7.95265,
            47.005519,
            1306.0
          ],
          [
            7.952597,
            47.005531,
            1306.0
          ],
          [
            7.952398,
            47.00555,
            1306.0
          ],
          [
            7.952354,
            47.005556,
            1307.0
          ],
          [
            7.952327,
            47.005562,
            1307.0
          ],
          [
            7.952309,
            47.005562,
            1307.0
          ],
          [
            7.952291,
            47.005574,
            1307.0
          ],
          [
            7.952274,
            47.005587,
            1307.0
          ],
          [
            7.952237,
            47.005605,
            1307.0
          ],
          [
            7.952201,
            47.005623,
            1307.0
          ],
          [
            7.952165,
            47.005636,
            1307.0
          ],
          [
            7.952129,
            47.005636,
            1307.0
          ],
          [
            7.951895,
            47.005611,
            1308.0
          ],
          [
            7.951806,
            47.005605,
            1308.0
          ],
          [
            7.951716,
            47.005605,
            1308.0
          ],
          [
            7.951618,
            47.005599,
            1308.0
          ],
          [
            7.951474,
            47.005605,
            1308.0
          ],
          [
            7.951339,
            47.005611,
            1309.0
          ],
          [
            7.950979,
            47.005648,
            1309.0
          ],
          [
            7.950908,
            47.005654,
            1309.0
          ],
          [
            7.9508,
            47.005672,
            1310.0
          ],
          [
            7.950756,
            47.005679,
            1310.0
          ],
          [
            7.95071,
            47.005691,
            1310.0
          ],
          [
            7.950674,
            47.005703,
            1310.0
          ],
          [
            7.950584,
            47.005734,
            1311.0
          ],
          [
            7.95054,
            47.005746,
            1311.0
          ],
          [
            7.950503,
            47.005752,
            1311.0
          ],
          [
            7.950459,
            47.005758,
            1311.0
          ],
          [
            7.950404,
            47.005764,
            1312.0
          ],
          [
            7.95035,
            47.005764,
            1312.0
          ],
          [
            7.950108,
            47.005771,
            1314.0
          ],
          [
            7.95,
            47.005777,
            1315.0
          ],
          [
            7.949866,
            47.005771,
            1315.0
          ],
          [
            7.949371,
            47.005758,
            1319.0
          ],
          [
            7.949308,
            47.005758,
            1319.0
          ],
          [
            7.949255,
            47.005752,
            1320.0
          ],
          [
            7.949201,
            47.005734,
            1320.0
          ],
          [
            7.949148,
            47.005715,
            1321.0
          ],
          [
            7.949111,
            47.005685,
            1322.0
          ],
          [
            7.949084,
            47.00566,
            1323.0
          ],
          [
            7.949012,
            47.005439,
            1328.0
          ],
          [
            7.948995,
            47.005354,
            1329.0
          ],
          [
            7.948995,
            47.005299,
            1330.0
          ],
          [
            7.948958,
            47.005213,
            1331.0
          ],
          [
            7.948949,
            47.005183,
            1331.0
          ],
          [
            7.948941,
            47.00517,
            1331.0
          ],
          [
            7.948932,
            47.005158,
            1332.0
          ],
          [
            7.948922,
            47.005146,
            1332.0
          ],
          [
            7.948895,
            47.005134,
            1332.0
          ],
          [
            7.948869,
            47.005121,
            1332.0
          ],
          [
            7.948842,
            47.005121,
            1332.0
          ],
          [
            7.948823,
            47.005115,
            1332.0
          ],
          [
            7.948806,
            47.005115,
            1332.0
          ],
          [
            7.948769,
            47.005121,
            1333.0
          ],
          [
            7.948743,
            47.005121,
            1333.0
          ],
          [
            7.948679,
            47.005127,
            1333.0
          ],
          [
            7.948635,
            47.00514,
            1334.0
          ],
          [
            7.948582,
            47.005152,
            1334.0
          ],
          [
            7.948527,
            47.005176,
            1334.0
          ],
          [
            7.94841,
            47.005219,
            1335.0
          ],
          [
            7.948249,
            47.00528,
            1336.0
          ],
          [
            7.948213,
            47.005293,
            1336.0
          ],
          [
            7.948169,
            47.005299,
            1337.0
          ],
          [
            7.948123,
            47.005299,
            1337.0
          ],
          [
            7.947754,
            47.005305,
            1339.0
          ],
          [
            7.94771,
            47.005311,
            1340.0
          ],
          [
            7.947664,
            47.005311,
            1340.0
          ],
          [
            7.947611,
            47.005323,
            1340.0
          ],
          [
            7.947557,
            47.005335,
            1340.0
          ],
          [
            7.947494,
            47.005354,
            1340.0
          ],
          [
            7.94745,
            47.005372,
            1340.0
          ],
          [
            7.947404,
            47.00539,
            1340.0
          ],
          [
            7.947368,
            47.005409,
            1340.0
          ],
          [
            7.947305,
            47.005445,
            1340.0
          ],
          [
            7.947251,
            47.00547,
            1340.0
          ],
          [
            7.947198,
            47.005488,
            1340.0
          ],
          [
            7.947153,
            47.005495,
            1340.0
          ],
          [
            7.947108,
            47.005501,
            1340.0
          ],
          [
            7.946802,
            47.005519,
            1340.0
          ],
          [
            7.946758,
            47.005519,
            1340.0
          ],
          [
            7.946721,
            47.005519,
            1340.0
          ],
          [
            7.946695,
            47.005513,
            1340.0
          ],
          [
            7.946658,
            47.005507,
            1340.0
          ],
          [
            7.946614,
            47.005501,
            1339.0
          ],
          [
            7.946471,
            47.005464,
            1338.0
          ],
          [
            7.946371,
            47.005439,
            1337.0
          ],
          [
            7.946092,
            47.005396,
            1335.0
          ],
          [
            7.946012,
            47.005384,
            1334.0
          ],
          [
            7.945949,
            47.005378,
            1334.0
          ],
          [
            7.945886,
            47.005378,
            1333.0
          ],
          [
            7.945815,
            47.005372,
            1333.0
          ],
          [
            7.945572,
            47.005378,
            1331.0
          ],
          [
            7.945186,
            47.005366,
            1330.0
          ],
          [
            7.944763,
            47.005323,
            1330.0
          ],
          [
            7.944467,
            47.005317,
            1331.0
          ],
          [
            7.944387,
            47.005317,
            1333.0
          ],
          [
            7.944332,
            47.005311,
            1333.0
          ],
          [
            7.944269,
            47.005311,
            1334.0
          ],
          [
            7.944188,
            47.005311,
            1336.0
          ],
          [
            7.943731,
            47.005323,
            1343.0
          ],
          [
            7.943685,
            47.005329,
            1344.0
          ],
          [
            7.943632,
            47.005342,
            1345.0
          ],
          [
            7.943416,
            47.005384,
            1349.0
          ],
          [
            7.943371,
            47.00539,
            1349.0
          ],
          [
            7.943345,
            47.005396,
            1350.0
          ],
          [
            7.943316,
            47.005396,
            1350.0
          ],
          [
            7.943282,
            47.00539,
            1351.0
          ],
          [
            7.943245,
            47.005378,
            1352.0
          ],
          [
            7.943209,
            47.00536,
            1353.0
          ],
          [
            7.943173,
            47.005342,
            1354.0
          ],
          [
            7.943137,
            47.005317,
            1355.0
          ],
          [
            7.943039,
            47.005213,
            1359.0
          ],
          [
            7.943003,
            47.005189,
            1360.0
          ],
          [
            7.942976,
            47.005176,
            1360.0
          ],
          [
            7.942949,
            47.005164,
            1361.0
          ],
          [
            7.942913,
            47.005146,
            1362.0
          ],
          [
            7.942877,
            47.00514,
            1363.0
          ],
          [
            7.94284,
            47.005134,
            1364.0
          ],
          [
            7.942823,
            47.005134,
            1364.0
          ],
          [
            7.942796,
            47.005134,
            1365.0
          ],
          [
            7.942769,
            47.005134,
            1365.0
          ],
          [
            7.94275,
            47.005134,
            1366.0
          ],
          [
            7.942679,
            47.005134,
            1367.0
          ],
          [
            7.942526,
            47.005146,
            1370.0
          ],
          [
            7.942481,
            47.005146,
            1371.0
          ],
          [
            7.942437,
            47.005152,
            1372.0
          ],
          [
            7.942391,
            47.005146,
            1372.0
          ],
          [
            7.942356,
            47.005146,
            1373.0
          ],
          [
            7.94232,
            47.00514,
            1374.0
          ],
          [
            7.942293,
            47.005134,
            1374.0
          ],
          [
            7.942266,
            47.005121,
            1374.0
          ],
          [
            7.94223,
            47.005109,
            1375.0
          ],
          [
            7.942176,
            47.005091,
            1376.0
          ],
          [
            7.942131,
            47.005072,
            1377.0
          ],
          [
            7.942077,
            47.00506,
            1378.0
          ],
          [
            7.941538,
            47.004925,
            1384.0
          ],
          [
            7.941439,
            47.004894,
            1386.0
          ],
          [
            7.941439,
            47.004894,
            1386.0
          ],
          [
            7.941295,
            47.004845,
            1386.0
          ],
          [
            7.941053,
            47.004759,
            1389.0
          ],
          [
            7.940739,
            47.004607,
            1394.0
          ],
          [
            7.940666,
            47.004582,
            1395.0
          ],
          [
            7.940622,
            47.004552,
            1396.0
          ],
          [
            7.940568,
            47.004527,
            1397.0
          ],
          [
            7.940523,
            47.004496,
            1398.0
          ],
          [
            7.940487,
            47.004466,
            1399.0
          ],
          [
            7.940452,
            47.004435,
            1400.0
          ],
          [
            7.940433,
            47.004417,
            1400.0
          ],
          [
            7.940416,
            47.004392,
            1400.0
          ],
          [
            7.940379,
            47.004343,
            1399.0
          ],
          [
            7.940362,
            47.004312,
            1399.0
          ],
          [
            7.940335,
            47.004294,
            1399.0
          ],
          [
            7.940316,
            47.004276,
            1399.0
          ],
          [
            7.94029,
            47.004263,
            1399.0
          ],
          [
            7.940218,
            47.004239,
            1399.0
          ],
          [
            7.94019,
            47.004202,
            1398.0
          ],
          [
            7.940316,
            47.004043,
            1397.0
          ],
          [
            7.939966,
            47.003908,
            1395.0
          ],
          [
            7.939949,
            47.003908,
            1395.0
          ],
          [
            7.93976,
            47.004043,
            1394.0
          ],
          [
            7.939679,
            47.004098,
            1394.0
          ],
          [
            7.939643,
            47.004122,
            1394.0
          ],
          [
            7.939616,
            47.004147,
            1393.0
          ],
          [
            7.939589,
            47.004171,
            1393.0
          ],
          [
            7.939571,
            47.004196,
            1393.0
          ],
          [
            7.939534,
            47.00422,
            1393.0
          ],
          [
            7.939508,
            47.004245,
            1393.0
          ],
          [
            7.939463,
            47.004276,
            1392.0
          ],
          [
            7.939445,
            47.004294,
            1392.0
          ],
          [
            7.93932,
            47.004361,
            1392.0
          ],
          [
            7.939311,
            47.004355,
            1391.0
          ],
          [
            7.939301,
            47.004349,
            1391.0
          ],
          [
            7.939301,
            47.004343,
            1391.0
          ],
          [
            7.939301,
            47.004294,
            1391.0
          ],
          [
            7.939301,
            47.004288,
            1391.0
          ],
          [
            7.939301,
            47.004276,
            1391.0
          ],
          [
            7.939293,
            47.004269,
            1391.0
          ],
          [
            7.939284,
            47.004245,
            1391.0
          ],
          [
            7.939274,
            47.004233,
            1391.0
          ],
          [
            7.939274,
            47.00422,
            1391.0
          ],
          [
            7.939284,
            47.004202,
            1390.0
          ],
          [
            7.939293,
            47.004147,
            1390.0
          ],
          [
            7.939284,
            47.004135,
            1390.0
          ],
          [
            7.939274,
            47.004104,
            1389.0
          ],
          [
            7.939274,
            47.00408,
            1388.0
          ],
          [
            7.939293,
            47.003988,
            1386.0
          ],
          [
            7.939293,
            47.003976,
            1385.0
          ],
          [
            7.939284,
            47.003957,
            1385.0
          ],
          [
            7.939257,
            47.003927,
            1384.0
          ],
          [
            7.93923,
            47.003915,
            1383.0
          ],
          [
            7.939221,
            47.003915,
            1383.0
          ],
          [
            7.939194,
            47.003945,
            1382.0
          ],
          [
            7.938871,
            47.004141,
            1376.0
          ],
          [
            7.938645,
            47.004251,
            1373.0
          ],
          [
            7.938601,
            47.004269,
            1372.0
          ],
          [
            7.938574,
            47.004276,
            1372.0
          ],
          [
            7.938538,
            47.0043,
            1371.0
          ],
          [
            7.938502,
            47.004306,
            1371.0
          ],
          [
            7.938431,
            47.004325,
            1370.0
          ],
          [
            7.938403,
            47.004337,
            1369.0
          ],
          [
            7.938358,
            47.004355,
            1369.0
          ],
          [
            7.938089,
            47.004417,
            1365.0
          ],
          [
            7.938062,
            47.004423,
            1364.0
          ],
          [
            7.937981,
            47.004423,
            1363.0
          ],
          [
            7.937936,
            47.004429,
            1363.0
          ],
          [
            7.937783,
            47.00446,
            1361.0
          ],
          [
            7.937756,
            47.00446,
            1360.0
          ],
          [
            7.93772,
            47.00446,
            1360.0
          ],
          [
            7.937703,
            47.00446,
            1359.0
          ],
          [
            7.937622,
            47.004472,
            1358.0
          ],
          [
            7.937586,
            47.004484,
            1357.0
          ],
          [
            7.937505,
            47.004484,
            1356.0
          ],
          [
            7.937083,
            47.004539,
            1349.0
          ],
          [
            7.936921,
            47.004546,
            1345.0
          ],
          [
            7.93684,
            47.004558,
            1344.0
          ],
          [
            7.936787,
            47.00457,
            1343.0
          ],
          [
            7.936741,
            47.004582,
            1342.0
          ],
          [
            7.936643,
            47.004588,
            1340.0
          ],
          [
            7.936374,
            47.004613,
            1336.0
          ],
          [
            7.936184,
            47.004601,
            1333.0
          ],
          [
            7.936032,
            47.004582,
            1331.0
          ],
          [
            7.935879,
            47.004546,
            1328.0
          ],
          [
            7.935609,
            47.004429,
            1323.0
          ],
          [
            7.934953,
            47.004098,
            1312.0
          ],
          [
            7.934693,
            47.003951,
            1308.0
          ],
          [
            7.934469,
            47.003786,
            1304.0
          ],
          [
            7.934316,
            47.003675,
            1302.0
          ],
          [
            7.934163,
            47.003608,
            1298.0
          ],
          [
            7.933732,
            47.003418,
            1290.0
          ],
          [
            7.933571,
            47.003436,
            1290.0
          ],
          [
            7.933481,
            47.00343,
            1290.0
          ],
          [
            7.933399,
            47.003418,
            1290.0
          ],
          [
            7.933318,
            47.003418,
            1290.0
          ],
          [
            7.933255,
            47.003406,
            1290.0
          ],
          [
            7.933221,
            47.003375,
            1290.0
          ],
          [
            7.933211,
            47.003326,
            1290.0
          ],
          [
            7.933238,
            47.003277,
            1290.0
          ],
          [
            7.933221,
            47.003234,
            1290.0
          ],
          [
            7.933192,
            47.003191,
            1290.0
          ],
          [
            7.933184,
            47.002934,
            1290.0
          ],
          [
            7.933184,
            47.002787,
            1290.0
          ],
          [
            7.933192,
            47.002726,
            1290.0
          ],
          [
            7.933166,
            47.002659,
            1290.0
          ],
          [
            7.933103,
            47.002616,
            1290.0
          ],
          [
            7.932978,
            47.002542,
            1290.0
          ],
          [
            7.932896,
            47.002487,
            1290.0
          ],
          [
            7.932798,
            47.002395,
            1290.0
          ],
          [
            7.932762,
            47.002346,
            1290.0
          ],
          [
            7.932726,
            47.002278,
            1290.0
          ],
          [
            7.932672,
            47.002223,
            1290.0
          ],
          [
            7.932573,
            47.002156,
            1290.0
          ],
          [
            7.932447,
            47.002052,
            1290.0
          ],
          [
            7.932376,
            47.001954,
            1288.0
          ],
          [
            7.932322,
            47.001874,
            1286.0
          ],
          [
            7.932276,
            47.001782,
            1284.0
          ],
          [
            7.932259,
            47.001696,
            1282.0
          ],
          [
            7.932286,
            47.001421,
            1279.0
          ],
          [
            7.932357,
            47.001237,
            1279.0
          ],
          [
            7.932393,
            47.001084,
            1279.0
          ],
          [
            7.93242,
            47.000925,
            1279.0
          ],
          [
            7.932429,
            47.000827,
            1279.0
          ],
          [
            7.932402,
            47.000729,
            1279.0
          ],
          [
            7.932205,
            47.000257,
            1280.0
          ],
          [
            7.932089,
            46.999987,
            1280.0
          ],
          [
            7.931909,
            46.999485,
            1281.0
          ],
          [
            7.931854,
            46.99902,
            1285.0
          ],
          [
            7.931854,
            46.998737,
            1288.0
          ],
          [
            7.931863,
            46.998688,
            1288.0
          ],
          [
            7.931881,
            46.998639,
            1289.0
          ],
          [
            7.931944,
            46.998566,
            1289.0
          ],
          [
            7.932061,
            46.998419,
            1290.0
          ],
          [
            7.93207,
            46.998389,
            1290.0
          ],
          [
            7.932106,
            46.998297,
            1290.0
          ],
          [
            7.932106,
            46.998247,
            1290.0
          ],
          [
            7.932089,
            46.9981,
            1290.0
          ],
          [
            7.932079,
            46.998045,
            1290.0
          ],
          [
            7.932079,
            46.997996,
            1290.0
          ],
          [
            7.932089,
            46.997886,
            1290.0
          ],
          [
            7.932133,
            46.997708,
            1290.0
          ],
          [
            7.93215,
            46.997635,
            1290.0
          ],
          [
            7.932259,
            46.9975,
            1290.0
          ],
          [
            7.932303,
            46.99742,
            1290.0
          ],
          [
            7.932357,
            46.997322,
            1290.0
          ],
          [
            7.932385,
            46.997273,
            1290.0
          ],
          [
            7.932393,
            46.997237,
            1290.0
          ],
          [
            7.932402,
            46.997188,
            1290.0
          ],
          [
            7.932402,
            46.997114,
            1290.0
          ],
          [
            7.932393,
            46.99704,
            1290.0
          ],
          [
            7.932385,
            46.99693,
            1290.0
          ],
          [
            7.932366,
            46.996875,
            1290.0
          ],
          [
            7.932357,
            46.99685,
            1290.0
          ],
          [
            7.932349,
            46.996832,
            1290.0
          ],
          [
            7.932339,
            46.996807,
            1290.0
          ],
          [
            7.932213,
            46.996697,
            1290.0
          ],
          [
            7.932133,
            46.996624,
            1290.0
          ],
          [
            7.932034,
            46.996532,
            1290.0
          ],
          [
            7.931936,
            46.996434,
            1289.0
          ],
          [
            7.931701,
            46.99614,
            1286.0
          ],
          [
            7.931657,
            46.996054,
            1285.0
          ],
          [
            7.931639,
            46.996005,
            1285.0
          ],
          [
            7.931621,
            46.995944,
            1284.0
          ],
          [
            7.931576,
            46.995741,
            1282.0
          ],
          [
            7.93155,
            46.995564,
            1280.0
          ],
          [
            7.931513,
            46.995417,
            1278.0
          ],
          [
            7.931487,
            46.995331,
            1277.0
          ],
          [
            7.931414,
            46.995208,
            1275.0
          ],
          [
            7.931208,
            46.994902,
            1271.0
          ],
          [
            7.931171,
            46.99481,
            1270.0
          ],
          [
            7.931154,
            46.994712,
            1268.0
          ],
          [
            7.931154,
            46.994608,
            1267.0
          ],
          [
            7.931181,
            46.994467,
            1266.0
          ],
          [
            7.931208,
            46.994412,
            1265.0
          ],
          [
            7.931271,
            46.994332,
            1264.0
          ],
          [
            7.931307,
            46.994259,
            1264.0
          ],
          [
            7.931334,
            46.994186,
            1263.0
          ],
          [
            7.931351,
            46.994155,
            1262.0
          ],
          [
            7.93137,
            46.9941,
            1262.0
          ],
          [
            7.93137,
            46.994063,
            1261.0
          ],
          [
            7.931343,
            46.994008,
            1261.0
          ],
          [
            7.931334,
            46.993971,
            1260.0
          ],
          [
            7.931324,
            46.993922,
            1260.0
          ],
          [
            7.931334,
            46.993848,
            1260.0
          ],
          [
            7.931307,
            46.993585,
            1260.0
          ],
          [
            7.93136,
            46.993266,
            1260.0
          ],
          [
            7.931324,
            46.993229,
            1260.0
          ],
          [
            7.931261,
            46.993137,
            1260.0
          ],
          [
            7.931244,
            46.993076,
            1260.0
          ],
          [
            7.931225,
            46.992972,
            1260.0
          ],
          [
            7.931225,
            46.992917,
            1260.0
          ],
          [
            7.931225,
            46.99288,
            1260.0
          ],
          [
            7.93119,
            46.992819,
            1260.0
          ],
          [
            7.931127,
            46.992653,
            1260.0
          ],
          [
            7.931108,
            46.992604,
            1260.0
          ],
          [
            7.931001,
            46.992439,
            1260.0
          ],
          [
            7.930965,
            46.992347,
            1260.0
          ],
          [
            7.930848,
            46.992224,
            1260.0
          ],
          [
            7.930768,
            46.99212,
            1260.0
          ],
          [
            7.930408,
            46.991814,
            1260.0
          ],
          [
            7.930175,
            46.991507,
            1260.0
          ],
          [
            7.929923,
            46.991287,
            1260.0
          ],
          [
            7.929779,
            46.991103,
            1260.0
          ],
          [
            7.929699,
            46.990931,
            1260.0
          ],
          [
            7.929546,
            46.990582,
            1260.0
          ],
          [
            7.92933,
            46.990221,
            1260.0
          ],
          [
            7.92925,
            46.990202,
            1257.0
          ],
          [
            7.929024,
            46.99038,
            1247.0
          ],
          [
            7.928917,
            46.990404,
            1246.0
          ],
          [
            7.928917,
            46.990276,
            1243.0
          ],
          [
            7.92889,
            46.990141,
            1241.0
          ],
          [
            7.928818,
            46.990037,
            1240.0
          ],
          [
            7.928647,
            46.989902,
            1240.0
          ],
          [
            7.928397,
            46.9897,
            1240.0
          ],
          [
            7.928297,
            46.989645,
            1240.0
          ],
          [
            7.928208,
            46.98959,
            1240.0
          ],
          [
            7.928072,
            46.989424,
            1240.0
          ],
          [
            7.928018,
            46.989345,
            1240.0
          ],
          [
            7.927992,
            46.989271,
            1240.0
          ],
          [
            7.927947,
            46.989154,
            1240.0
          ],
          [
            7.927938,
            46.989026,
            1240.0
          ],
          [
            7.927919,
            46.988971,
            1240.0
          ],
          [
            7.927884,
            46.98891,
            1239.0
          ],
          [
            7.927749,
            46.988793,
            1237.0
          ],
          [
            7.927668,
            46.988726,
            1236.0
          ],
          [
            7.927632,
            46.98867,
            1235.0
          ],
          [
            7.927623,
            46.988609,
            1234.0
          ],
          [
            7.927651,
            46.988315,
            1230.0
          ],
          [
            7.927749,
            46.988015,
            1224.0
          ],
          [
            7.927722,
            46.987886,
            1221.0
          ],
          [
            7.927596,
            46.987739,
            1220.0
          ],
          [
            7.927452,
            46.987604,
            1219.0
          ],
          [
            7.926024,
            46.986985,
            1214.0
          ],
          [
            7.925898,
            46.986893,
            1214.0
          ],
          [
            7.925835,
            46.986789,
            1213.0
          ],
          [
            7.925827,
            46.986765,
            1213.0
          ],
          [
            7.925844,
            46.98671,
            1213.0
          ],
          [
            7.925908,
            46.986642,
            1212.0
          ],
          [
            7.926133,
            46.986348,
            1211.0
          ],
          [
            7.926294,
            46.986164,
            1210.0
          ],
          [
            7.926357,
            46.986054,
            1210.0
          ],
          [
            7.926437,
            46.98579,
            1209.0
          ],
          [
            7.926456,
            46.985747,
            1209.0
          ],
          [
            7.926519,
            46.985631,
            1209.0
          ],
          [
            7.926546,
            46.985503,
            1208.0
          ],
          [
            7.92651,
            46.985429,
            1208.0
          ],
          [
            7.926366,
            46.985306,
            1208.0
          ],
          [
            7.926177,
            46.985091,
            1207.0
          ],
          [
            7.926114,
            46.984927,
            1207.0
          ],
          [
            7.925854,
            46.984601,
            1206.0
          ],
          [
            7.925747,
            46.984436,
            1205.0
          ],
          [
            7.925674,
            46.98432,
            1205.0
          ],
          [
            7.925737,
            46.984105,
            1204.0
          ],
          [
            7.925781,
            46.983725,
            1203.0
          ],
          [
            7.925881,
            46.983351,
            1203.0
          ],
          [
            7.92589,
            46.983272,
            1202.0
          ],
          [
            7.925863,
            46.983229,
            1202.0
          ],
          [
            7.925818,
            46.983192,
            1202.0
          ],
          [
            7.925737,
            46.983168,
            1202.0
          ],
          [
            7.925684,
            46.983155,
            1202.0
          ],
          [
            7.925108,
            46.983137,
            1201.0
          ],
          [
            7.924955,
            46.983137,
            1201.0
          ],
          [
            7.924731,
            46.983106,
            1200.0
          ],
          [
            7.924632,
            46.983082,
            1200.0
          ],
          [
            7.92456,
            46.983039,
            1200.0
          ],
          [
            7.924407,
            46.982891,
            1198.0
          ],
          [
            7.924273,
            46.982714,
            1196.0
          ],
          [
            7.9242,
            46.982561,
            1195.0
          ],
          [
            7.92411,
            46.982352,
            1193.0
          ],
          [
            7.924076,
            46.982242,
            1192.0
          ],
          [
            7.924057,
            46.982083,
            1191.0
          ],
          [
            7.924049,
            46.981862,
            1187.0
          ],
          [
            7.924013,
            46.981745,
            1183.0
          ],
          [
            7.923959,
            46.981648,
            1181.0
          ],
          [
            7.923814,
            46.981439,
            1173.0
          ],
          [
            7.923626,
            46.981206,
            1168.0
          ],
          [
            7.92359,
            46.981151,
            1167.0
          ],
          [
            7.923554,
            46.98109,
            1167.0
          ],
          [
            7.92351,
            46.98098,
            1165.0
          ],
          [
            7.923483,
            46.980888,
            1164.0
          ],
          [
            7.923447,
            46.980563,
            1160.0
          ],
          [
            7.92341,
            46.980262,
            1160.0
          ],
          [
            7.923384,
            46.980048,
            1160.0
          ],
          [
            7.923357,
            46.979938,
            1160.0
          ],
          [
            7.923321,
            46.979913,
            1160.0
          ],
          [
            7.923284,
            46.979901,
            1160.0
          ],
          [
            7.92324,
            46.979901,
            1160.0
          ],
          [
            7.923204,
            46.979907,
            1160.0
          ],
          [
            7.923131,
            46.979932,
            1160.0
          ],
          [
            7.922925,
            46.980029,
            1160.0
          ],
          [
            7.922584,
            46.980176,
            1160.0
          ],
          [
            7.922323,
            46.980195,
            1160.0
          ],
          [
            7.922152,
            46.980183,
            1160.0
          ],
          [
            7.921973,
            46.980164,
            1160.0
          ],
          [
            7.921676,
            46.980072,
            1158.0
          ],
          [
            7.921399,
            46.979932,
            1155.0
          ],
          [
            7.921254,
            46.979834,
            1153.0
          ],
          [
            7.920823,
            46.979631,
            1149.0
          ],
          [
            7.920518,
            46.979527,
            1148.0
          ],
          [
            7.920267,
            46.979429,
            1147.0
          ],
          [
            7.920059,
            46.979307,
            1145.0
          ],
          [
            7.919915,
            46.979159,
            1144.0
          ],
          [
            7.919835,
            46.979006,
            1143.0
          ],
          [
            7.919852,
            46.978767,
            1142.0
          ],
          [
            7.919934,
            46.978608,
            1141.0
          ],
          [
            7.920032,
            46.978466,
            1139.0
          ],
          [
            7.920078,
            46.978314,
            1136.0
          ],
          [
            7.920024,
            46.978167,
            1134.0
          ],
          [
            7.919934,
            46.978056,
            1132.0
          ],
          [
            7.919844,
            46.978013,
            1130.0
          ],
          [
            7.919745,
            46.977995,
            1126.0
          ],
          [
            7.919449,
            46.977976,
            1115.0
          ],
          [
            7.919009,
            46.97797,
            1099.0
          ],
          [
            7.91873,
            46.97775,
            1083.0
          ],
          [
            7.918523,
            46.977596,
            1071.0
          ],
          [
            7.918227,
            46.977554,
            1065.0
          ],
          [
            7.918065,
            46.977412,
            1060.0
          ],
          [
            7.917644,
            46.976879,
            1056.0
          ],
          [
            7.917355,
            46.97634,
            1052.0
          ],
          [
            7.917409,
            46.976089,
            1050.0
          ],
          [
            7.917445,
            46.975899,
            1049.0
          ],
          [
            7.917437,
            46.975708,
            1047.0
          ],
          [
            7.917338,
            46.975329,
            1045.0
          ],
          [
            7.917239,
            46.975132,
            1043.0
          ],
          [
            7.916969,
            46.974783,
            1041.0
          ],
          [
            7.916889,
            46.974697,
            1040.0
          ],
          [
            7.916753,
            46.974624,
            1040.0
          ],
          [
            7.916655,
            46.974605,
            1040.0
          ],
          [
            7.916179,
            46.974556,
            1040.0
          ],
          [
            7.916089,
            46.974526,
            1040.0
          ],
          [
            7.915999,
            46.97444,
            1039.0
          ],
          [
            7.915837,
            46.974348,
            1036.0
          ],
          [
            7.91556,
            46.974287,
            1031.0
          ],
          [
            7.915397,
            46.974225,
            1029.0
          ],
          [
            7.914868,
            46.97387,
            1020.0
          ],
          [
            7.914598,
            46.973514,
            1020.0
          ],
          [
            7.914338,
            46.973214,
            1020.0
          ],
          [
            7.914059,
            46.973103,
            1018.0
          ],
          [
            7.913762,
            46.972914,
            1012.0
          ],
          [
            7.91308,
            46.972313,
            997.0
          ],
          [
            7.912694,
            46.971939,
            978.0
          ],
          [
            7.912361,
            46.9717,
            964.0
          ],
          [
            7.911193,
            46.971099,
            948.0
          ],
          [
            7.91087,
            46.970609,
            941.0
          ],
          [
            7.910673,
            46.970388,
            938.0
          ],
          [
            7.910439,
            46.970229,
            935.0
          ],
          [
            7.910178,
            46.969965,
            931.0
          ],
          [
            7.909891,
            46.969885,
            929.0
          ],
          [
            7.909648,
            46.969787,
            927.0
          ],
          [
            7.909459,
            46.96964,
            925.0
          ],
          [
            7.908849,
            46.969169,
            918.0
          ],
          [
            7.908749,
            46.969058,
            916.0
          ],
          [
            7.908696,
            46.96896,
            914.0
          ],
          [
            7.908606,
            46.968819,
            911.0
          ],
          [
            7.908507,
            46.968696,
            908.0
          ],
          [
            7.908426,
            46.968617,
            906.0
          ],
          [
            7.908247,
            46.968482,
            902.0
          ],
          [
            7.908086,
            46.968371,
            898.0
          ],
          [
            7.907977,
            46.968273,
            896.0
          ],
          [
            7.90778,
            46.968053,
            890.0
          ],
          [
            7.90787,
            46.968016,
            890.0
          ],
          [
            7.907977,
            46.967997,
            890.0
          ],
          [
            7.908147,
            46.967979,
            890.0
          ],
          [
            7.90822,
            46.967954,
            890.0
          ],
          [
            7.908256,
            46.96793,
            890.0
          ],
          [
            7.908283,
            46.967893,
            889.0
          ],
          [
            7.908283,
            46.967832,
            888.0
          ],
          [
            7.908265,
            46.967746,
            887.0
          ],
          [
            7.908273,
            46.967673,
            886.0
          ],
          [
            7.908283,
            46.967599,
            885.0
          ],
          [
            7.908355,
            46.967397,
            883.0
          ],
          [
            7.908363,
            46.967329,
            882.0
          ],
          [
            7.908355,
            46.967298,
            882.0
          ],
          [
            7.908346,
            46.967255,
            881.0
          ],
          [
            7.908319,
            46.967213,
            880.0
          ],
          [
            7.908273,
            46.967158,
            880.0
          ],
          [
            7.908247,
            46.967127,
            879.0
          ],
          [
            7.908237,
            46.967097,
            879.0
          ],
          [
            7.908229,
            46.967066,
            878.0
          ],
          [
            7.908237,
            46.967035,
            878.0
          ],
          [
            7.908256,
            46.967011,
            878.0
          ],
          [
            7.908283,
            46.966986,
            877.0
          ],
          [
            7.908346,
            46.966961,
            877.0
          ],
          [
            7.908265,
            46.966863,
            876.0
          ],
          [
            7.908292,
            46.966845,
            877.0
          ],
          [
            7.90839,
            46.966808,
            877.0
          ],
          [
            7.908525,
            46.966759,
            878.0
          ],
          [
            7.908615,
            46.966759,
            879.0
          ],
          [
            7.908749,
            46.966631,
            883.0
          ],
          [
            7.90866,
            46.966588,
            882.0
          ],
          [
            7.908597,
            46.966557,
            882.0
          ],
          [
            7.908552,
            46.966526,
            881.0
          ],
          [
            7.908516,
            46.966502,
            880.0
          ],
          [
            7.908373,
            46.966336,
            879.0
          ],
          [
            7.90821,
            46.966152,
            877.0
          ],
          [
            7.908076,
            46.965975,
            875.0
          ],
          [
            7.908049,
            46.96595,
            875.0
          ],
          [
            7.908004,
            46.965919,
            874.0
          ],
          [
            7.907977,
            46.965901,
            874.0
          ],
          [
            7.907923,
            46.965772,
            872.0
          ],
          [
            7.907726,
            46.965496,
            870.0
          ],
          [
            7.907591,
            46.965367,
            870.0
          ],
          [
            7.907528,
            46.965288,
            870.0
          ],
          [
            7.907501,
            46.965245,
            870.0
          ],
          [
            7.907483,
            46.965196,
            870.0
          ],
          [
            7.907465,
            46.965018,
            870.0
          ],
          [
            7.907465,
            46.96492,
            870.0
          ],
          [
            7.907474,
            46.964908,
            870.0
          ],
          [
            7.907537,
            46.964889,
            870.0
          ],
          [
            7.907537,
            46.964883,
            870.0
          ],
          [
            7.907537,
            46.964877,
            870.0
          ],
          [
            7.90751,
            46.964816,
            870.0
          ],
          [
            7.907357,
            46.964693,
            870.0
          ],
          [
            7.907313,
            46.964638,
            870.0
          ],
          [
            7.907241,
            46.964497,
            870.0
          ],
          [
            7.907007,
            46.964147,
            869.0
          ],
          [
            7.906629,
            46.96378,
            869.0
          ],
          [
            7.906082,
            46.963443,
            868.0
          ],
          [
            7.905857,
            46.963301,
            868.0
          ],
          [
            7.905354,
            46.96286,
            867.0
          ],
          [
            7.90521,
            46.962627,
            867.0
          ],
          [
            7.905139,
            46.96256,
            867.0
          ],
          [
            7.905111,
            46.962511,
            867.0
          ],
          [
            7.905103,
            46.96245,
            867.0
          ],
          [
            7.905103,
            46.962413,
            867.0
          ],
          [
            7.905103,
            46.962321,
            867.0
          ],
          [
            7.905103,
            46.962271,
            867.0
          ],
          [
            7.905021,
            46.962247,
            867.0
          ],
          [
            7.90495,
            46.962228,
            867.0
          ],
          [
            7.90487,
            46.962198,
            867.0
          ],
          [
            7.904807,
            46.962155,
            867.0
          ],
          [
            7.904707,
            46.962069,
            867.0
          ],
          [
            7.904617,
            46.96202,
            866.0
          ],
          [
            7.904483,
            46.961984,
            866.0
          ],
          [
            7.904394,
            46.961971,
            866.0
          ],
          [
            7.904187,
            46.961965,
            866.0
          ],
          [
            7.904007,
            46.961971,
            866.0
          ],
          [
            7.903755,
            46.961941,
            866.0
          ],
          [
            7.903711,
            46.961892,
            866.0
          ],
          [
            7.903728,
            46.961818,
            866.0
          ],
          [
            7.903585,
            46.961695,
            866.0
          ],
          [
            7.903449,
            46.961579,
            865.0
          ],
          [
            7.903243,
            46.961542,
            865.0
          ],
          [
            7.903036,
            46.961426,
            865.0
          ],
          [
            7.902956,
            46.961395,
            865.0
          ],
          [
            7.902767,
            46.961235,
            865.0
          ],
          [
            7.90265,
            46.9611,
            865.0
          ],
          [
            7.902497,
            46.960917,
            864.0
          ],
          [
            7.90239,
            46.960905,
            864.0
          ],
          [
            7.9023,
            46.960898,
            864.0
          ],
          [
            7.902291,
            46.960917,
            864.0
          ],
          [
            7.902273,
            46.960941,
            864.0
          ],
          [
            7.902228,
            46.96096,
            864.0
          ],
          [
            7.902183,
            46.960978,
            863.0
          ],
          [
            7.902147,
            46.960978,
            863.0
          ],
          [
            7.902103,
            46.960972,
            863.0
          ],
          [
            7.90204,
            46.96096,
            863.0
          ],
          [
            7.901941,
            46.960911,
            862.0
          ],
          [
            7.901402,
            46.960622,
            859.0
          ],
          [
            7.901096,
            46.960445,
            857.0
          ],
          [
            7.900881,
            46.96031,
            856.0
          ],
          [
            7.900673,
            46.960174,
            854.0
          ],
          [
            7.900512,
            46.960083,
            853.0
          ],
          [
            7.900315,
            46.959985,
            852.0
          ],
          [
            7.900216,
            46.959948,
            852.0
          ],
          [
            7.90017,
            46.959936,
            852.0
          ],
          [
            7.900136,
            46.95993,
            852.0
          ],
          [
            7.90018,
            46.959831,
            851.0
          ],
          [
            7.900197,
            46.959733,
            851.0
          ],
          [
            7.900153,
            46.959653,
            851.0
          ],
          [
            7.900019,
            46.959592,
            850.0
          ],
          [
            7.899874,
            46.959488,
            850.0
          ],
          [
            7.899757,
            46.959384,
            850.0
          ],
          [
            7.899641,
            46.959267,
            850.0
          ],
          [
            7.899515,
            46.959089,
            850.0
          ],
          [
            7.899237,
            46.958918,
            850.0
          ],
          [
            7.899102,
            46.958764,
            850.0
          ],
          [
            7.898985,
            46.958697,
            850.0
          ],
          [
            7.898914,
            46.958666,
            850.0
          ],
          [
            7.898832,
            46.958599,
            850.0
          ],
          [
            7.898707,
            46.958458,
            850.0
          ],
          [
            7.898617,
            46.958366,
            850.0
          ],
          [
            7.898266,
            46.9582,
            850.0
          ],
          [
            7.898123,
            46.95817,
            849.0
          ],
          [
            7.898023,
            46.958096,
            849.0
          ],
          [
            7.897872,
            46.958053,
            848.0
          ],
          [
            7.897566,
            46.957925,
            847.0
          ],
          [
            7.89753,
            46.957863,
            846.0
          ],
          [
            7.897503,
            46.957833,
            846.0
          ],
          [
            7.89744,
            46.957808,
            846.0
          ],
          [
            7.89735,
            46.957759,
            846.0
          ],
          [
            7.897314,
            46.957747,
            845.0
          ],
          [
            7.897279,
            46.957784,
            845.0
          ],
          [
            7.897243,
            46.95782,
            845.0
          ],
          [
            7.897099,
            46.957937,
            844.0
          ],
          [
            7.897,
            46.957857,
            844.0
          ],
          [
            7.896891,
            46.957802,
            843.0
          ],
          [
            7.896201,
            46.957397,
            840.0
          ],
          [
            7.895985,
            46.957281,
            840.0
          ],
          [
            7.895895,
            46.957256,
            840.0
          ],
          [
            7.895562,
            46.957115,
            839.0
          ],
          [
            7.895356,
            46.956968,
            839.0
          ],
          [
            7.895194,
            46.956925,
            838.0
          ],
          [
            7.894933,
            46.956796,
            838.0
          ],
          [
            7.894754,
            46.956686,
            838.0
          ],
          [
            7.894646,
            46.956612,
            837.0
          ],
          [
            7.89443,
            46.956416,
            837.0
          ],
          [
            7.89418,
            46.95622,
            836.0
          ],
          [
            7.894027,
            46.956097,
            836.0
          ],
          [
            7.893883,
            46.955938,
            836.0
          ],
          [
            7.893738,
            46.955821,
            835.0
          ],
          [
            7.893704,
            46.955778,
            835.0
          ],
          [
            7.893614,
            46.955705,
            835.0
          ],
          [
            7.893578,
            46.955662,
            835.0
          ],
          [
            7.893415,
            46.955515,
            834.0
          ],
          [
            7.893182,
            46.9553,
            834.0
          ],
          [
            7.893002,
            46.955129,
            833.0
          ],
          [
            7.892912,
            46.955037,
            833.0
          ],
          [
            7.892706,
            46.954797,
            833.0
          ],
          [
            7.892607,
            46.954699,
            832.0
          ],
          [
            7.892455,
            46.954534,
            832.0
          ],
          [
            7.892427,
            46.954497,
            832.0
          ],
          [
            7.892373,
            46.954454,
            832.0
          ],
          [
            7.892203,
            46.954264,
            831.0
          ],
          [
            7.892185,
            46.954245,
            831.0
          ],
          [
            7.892033,
            46.954172,
            831.0
          ],
          [
            7.891924,
            46.954117,
            831.0
          ],
          [
            7.89188,
            46.954086,
            831.0
          ],
          [
            7.891853,
            46.954074,
            831.0
          ],
          [
            7.891817,
            46.954062,
            831.0
          ],
          [
            7.891673,
            46.953988,
            830.0
          ],
          [
            7.89152,
            46.953915,
            830.0
          ],
          [
            7.89144,
            46.95389,
            830.0
          ],
          [
            7.89143,
            46.953878,
            830.0
          ],
          [
            7.891421,
            46.953872,
            830.0
          ],
          [
            7.891421,
            46.953853,
            830.0
          ],
          [
            7.891421,
            46.953761,
            830.0
          ],
          [
            7.891421,
            46.953743,
            830.0
          ],
          [
            7.891413,
            46.95373,
            830.0
          ],
          [
            7.891098,
            46.953381,
            830.0
          ],
          [
            7.891035,
            46.953313,
            830.0
          ],
          [
            7.890972,
            46.953105,
            829.0
          ],
          [
            7.890981,
            46.952952,
            829.0
          ],
          [
            7.890972,
            46.952755,
            828.0
          ],
          [
            7.891017,
            46.952338,
            827.0
          ],
          [
            7.891035,
            46.952259,
            827.0
          ],
          [
            7.891161,
            46.951995,
            826.0
          ],
          [
            7.891295,
            46.951622,
            825.0
          ],
          [
            7.891367,
            46.951125,
            824.0
          ],
          [
            7.891404,
            46.951057,
            824.0
          ],
          [
            7.891413,
            46.95102,
            824.0
          ],
          [
            7.891421,
            46.95099,
            823.0
          ],
          [
            7.89143,
            46.950928,
            823.0
          ],
          [
            7.89144,
            46.950904,
            823.0
          ],
          [
            7.891448,
            46.950885,
            823.0
          ],
          [
            7.891484,
            46.950812,
            823.0
          ],
          [
            7.891538,
            46.950634,
            823.0
          ],
          [
            7.891583,
            46.95056,
            822.0
          ],
          [
            7.891601,
            46.950462,
            822.0
          ],
          [
            7.891601,
            46.950431,
            822.0
          ],
          [
            7.891601,
            46.950407,
            822.0
          ],
          [
            7.891646,
            46.950315,
            822.0
          ],
          [
            7.891664,
            46.950278,
            822.0
          ],
          [
            7.8917,
            46.950242,
            822.0
          ],
          [
            7.891727,
            46.950211,
            821.0
          ],
          [
            7.891744,
            46.950199,
            821.0
          ],
          [
            7.891754,
            46.950162,
            821.0
          ],
          [
            7.891744,
            46.950144,
            821.0
          ],
          [
            7.891727,
            46.950119,
            821.0
          ],
          [
            7.891717,
            46.950101,
            821.0
          ],
          [
            7.891709,
            46.950076,
            821.0
          ],
          [
            7.891717,
            46.950051,
            821.0
          ],
          [
            7.891754,
            46.949922,
            821.0
          ],
          [
            7.891591,
            46.949879,
            820.0
          ],
          [
            7.891574,
            46.949873,
            820.0
          ],
          [
            7.891565,
            46.949867,
            820.0
          ],
          [
            7.891565,
            46.949855,
            820.0
          ],
          [
            7.891574,
            46.949824,
            820.0
          ],
          [
            7.891591,
            46.949776,
            820.0
          ],
          [
            7.89162,
            46.949678,
            820.0
          ],
          [
            7.891475,
            46.949401,
            820.0
          ],
          [
            7.891385,
            46.949303,
            820.0
          ],
          [
            7.891367,
            46.949297,
            820.0
          ],
          [
            7.891341,
            46.949291,
            820.0
          ],
          [
            7.891314,
            46.949291,
            820.0
          ],
          [
            7.891278,
            46.949303,
            820.0
          ],
          [
            7.891178,
            46.949358,
            820.0
          ],
          [
            7.891151,
            46.949389,
            820.0
          ],
          [
            7.891134,
            46.949389,
            820.0
          ],
          [
            7.891125,
            46.949383,
            820.0
          ],
          [
            7.891025,
            46.949316,
            820.0
          ],
          [
            7.891025,
            46.949309,
            820.0
          ],
          [
            7.891025,
            46.949291,
            820.0
          ],
          [
            7.891035,
            46.949267,
            820.0
          ],
          [
            7.891044,
            46.949242,
            820.0
          ],
          [
            7.891071,
            46.949224,
            820.0
          ],
          [
            7.891088,
            46.949205,
            820.0
          ],
          [
            7.891115,
            46.949187,
            820.0
          ],
          [
            7.89117,
            46.949107,
            820.0
          ],
          [
            7.891161,
            46.94896,
            820.0
          ],
          [
            7.891054,
            46.948819,
            820.0
          ],
          [
            7.890891,
            46.948678,
            820.0
          ],
          [
            7.890568,
            46.948506,
            820.0
          ],
          [
            7.889805,
            46.948107,
            820.0
          ],
          [
            7.889679,
            46.947985,
            820.0
          ],
          [
            7.888924,
            46.94739,
            820.0
          ],
          [
            7.888654,
            46.947212,
            820.0
          ],
          [
            7.888627,
            46.947181,
            820.0
          ],
          [
            7.888798,
            46.94712,
            820.0
          ],
          [
            7.888825,
            46.947108,
            820.0
          ],
          [
            7.888807,
            46.947089,
            820.0
          ],
          [
            7.888744,
            46.946991,
            820.0
          ],
          [
            7.888664,
            46.946918,
            820.0
          ],
          [
            7.888465,
            46.946777,
            823.0
          ],
          [
            7.888341,
            46.94666,
            826.0
          ],
          [
            7.888268,
            46.946562,
            828.0
          ],
          [
            7.888161,
            46.94636,
            833.0
          ],
          [
            7.888008,
            46.945943,
            840.0
          ],
          [
            7.888008,
            46.945808,
            840.0
          ],
          [
            7.887962,
            46.945796,
            840.0
          ],
          [
            7.887935,
            46.945753,
            840.0
          ],
          [
            7.887935,
            46.94571,
            840.0
          ],
          [
            7.887775,
            46.945734,
            840.0
          ],
          [
            7.887838,
            46.945605,
            840.0
          ],
          [
            7.887693,
            46.945648,
            839.0
          ],
          [
            7.887801,
            46.94552,
            836.0
          ],
          [
            7.887631,
            46.945562,
            833.0
          ],
          [
            7.887738,
            46.945459,
            831.0
          ],
          [
            7.887738,
            46.945409,
            830.0
          ],
          [
            7.887559,
            46.945323,
            826.0
          ],
          [
            7.887423,
            46.945286,
            824.0
          ],
          [
            7.887307,
            46.945274,
            822.0
          ],
          [
            7.88719,
            46.945207,
            819.0
          ],
          [
            7.887109,
            46.945108,
            817.0
          ],
          [
            7.887065,
            46.944974,
            815.0
          ],
          [
            7.886849,
            46.944827,
            811.0
          ],
          [
            7.88666,
            46.944667,
            810.0
          ],
          [
            7.886543,
            46.944636,
            809.0
          ],
          [
            7.8864,
            46.944496,
            809.0
          ],
          [
            7.886291,
            46.944453,
            809.0
          ],
          [
            7.886184,
            46.944453,
            808.0
          ],
          [
            7.885762,
            46.944176,
            807.0
          ],
          [
            7.88569,
            46.944097,
            807.0
          ],
          [
            7.885492,
            46.943999,
            807.0
          ],
          [
            7.884056,
            46.943116,
            803.0
          ],
          [
            7.884037,
            46.943128,
            803.0
          ],
          [
            7.883893,
            46.943213,
            803.0
          ],
          [
            7.88383,
            46.94325,
            803.0
          ],
          [
            7.883704,
            46.943146,
            802.0
          ],
          [
            7.883633,
            46.943079,
            802.0
          ],
          [
            7.883561,
            46.943005,
            802.0
          ],
          [
            7.883507,
            46.942938,
            802.0
          ],
          [
            7.883471,
            46.942882,
            802.0
          ],
          [
            7.883427,
            46.942802,
            802.0
          ],
          [
            7.883373,
            46.942699,
            801.0
          ],
          [
            7.883301,
            46.942514,
            801.0
          ],
          [
            7.883247,
            46.942385,
            801.0
          ],
          [
            7.883201,
            46.9423,
            800.0
          ],
          [
            7.88313,
            46.942184,
            800.0
          ],
          [
            7.883049,
            46.942054,
            800.0
          ],
          [
            7.882941,
            46.941901,
            800.0
          ],
          [
            7.882878,
            46.941815,
            799.0
          ],
          [
            7.882654,
            46.941551,
            799.0
          ],
          [
            7.882429,
            46.9413,
            798.0
          ],
          [
            7.882358,
            46.941227,
            798.0
          ],
          [
            7.882232,
            46.941122,
            798.0
          ],
          [
            7.882088,
            46.941005,
            798.0
          ],
          [
            7.881809,
            46.940816,
            797.0
          ],
          [
            7.881504,
            46.940625,
            796.0
          ],
          [
            7.881369,
            46.940539,
            796.0
          ],
          [
            7.881288,
            46.940496,
            796.0
          ],
          [
            7.881199,
            46.940453,
            796.0
          ],
          [
            7.8811,
            46.940417,
            796.0
          ],
          [
            7.8811,
            46.940417,
            796.0
          ],
          [
            7.8811,
            46.940417,
            796.0
          ],
          [
            7.881027,
            46.940392,
            796.0
          ],
          [
            7.88093,
            46.940368,
            795.0
          ],
          [
            7.880777,
            46.940331,
            795.0
          ],
          [
            7.880597,
            46.940301,
            795.0
          ],
          [
            7.880444,
            46.94027,
            795.0
          ],
          [
            7.880238,
            46.940214,
            794.0
          ],
          [
            7.880031,
            46.940159,
            794.0
          ],
          [
            7.879842,
            46.940104,
            794.0
          ],
          [
            7.879645,
            46.940042,
            794.0
          ],
          [
            7.879142,
            46.939877,
            793.0
          ],
          [
            7.87898,
            46.939822,
            793.0
          ],
          [
            7.878872,
            46.939791,
            792.0
          ],
          [
            7.878809,
            46.939779,
            792.0
          ],
          [
            7.877605,
            46.939521,
            791.0
          ],
          [
            7.877542,
            46.939509,
            791.0
          ],
          [
            7.877506,
            46.939503,
            791.0
          ],
          [
            7.877488,
            46.939503,
            790.0
          ],
          [
            7.877444,
            46.939509,
            790.0
          ],
          [
            7.877435,
            46.939491,
            790.0
          ],
          [
            7.877417,
            46.939472,
            790.0
          ],
          [
            7.877372,
            46.939436,
            790.0
          ],
          [
            7.877345,
            46.939417,
            790.0
          ],
          [
            7.877291,
            46.939362,
            790.0
          ],
          [
            7.876959,
            46.938951,
            789.0
          ],
          [
            7.876896,
            46.93889,
            788.0
          ],
          [
            7.876832,
            46.938816,
            788.0
          ],
          [
            7.876779,
            46.938761,
            788.0
          ],
          [
            7.876698,
            46.938687,
            788.0
          ],
          [
            7.876599,
            46.938656,
            787.0
          ],
          [
            7.876572,
            46.938644,
            787.0
          ],
          [
            7.876554,
            46.938632,
            787.0
          ],
          [
            7.876339,
            46.938479,
            787.0
          ],
          [
            7.876132,
            46.938338,
            786.0
          ],
          [
            7.87598,
            46.938239,
            785.0
          ],
          [
            7.875809,
            46.938147,
            785.0
          ],
          [
            7.875674,
            46.93808,
            785.0
          ],
          [
            7.875503,
            46.938031,
            784.0
          ],
          [
            7.87527,
            46.937976,
            784.0
          ],
          [
            7.874919,
            46.937908,
            783.0
          ],
          [
            7.874559,
            46.937834,
            782.0
          ],
          [
            7.874219,
            46.937755,
            781.0
          ],
          [
            7.874165,
            46.937736,
            781.0
          ],
          [
            7.874039,
            46.9377,
            781.0
          ],
          [
            7.873895,
            46.937651,
            781.0
          ],
          [
            7.873787,
            46.937614,
            780.0
          ],
          [
            7.873662,
            46.937559,
            780.0
          ],
          [
            7.87349,
            46.937479,
            780.0
          ],
          [
            7.873257,
            46.937344,
            779.0
          ],
          [
            7.873087,
            46.937246,
            779.0
          ],
          [
            7.873069,
            46.937234,
            779.0
          ],
          [
            7.873051,
            46.937221,
            779.0
          ],
          [
            7.873051,
            46.937203,
            779.0
          ],
          [
            7.873041,
            46.937185,
            779.0
          ],
          [
            7.873033,
            46.93716,
            779.0
          ],
          [
            7.872925,
            46.937093,
            779.0
          ],
          [
            7.872844,
            46.937043,
            779.0
          ],
          [
            7.872781,
            46.937007,
            779.0
          ],
          [
            7.872737,
            46.93697,
            778.0
          ],
          [
            7.872305,
            46.936608,
            778.0
          ],
          [
            7.872198,
            46.936565,
            778.0
          ],
          [
            7.872152,
            46.936547,
            777.0
          ],
          [
            7.872117,
            46.936522,
            777.0
          ],
          [
            7.871919,
            46.936368,
            777.0
          ],
          [
            7.871802,
            46.936271,
            777.0
          ],
          [
            7.871758,
            46.936234,
            777.0
          ],
          [
            7.871362,
            46.935896,
            776.0
          ],
          [
            7.871227,
            46.93578,
            776.0
          ],
          [
            7.871039,
            46.935639,
            775.0
          ],
          [
            7.870653,
            46.935406,
            775.0
          ],
          [
            7.870364,
            46.93524,
            774.0
          ],
          [
            7.87023,
            46.935154,
            774.0
          ],
          [
            7.870177,
            46.935123,
            774.0
          ],
          [
            7.869924,
            46.935007,
            774.0
          ],
          [
            7.869611,
            46.934835,
            773.0
          ],
          [
            7.869062,
            46.934553,
            772.0
          ],
          [
            7.868712,
            46.934375,
            772.0
          ],
          [
            7.868217,
            46.934123,
            771.0
          ],
          [
            7.867948,
            46.934001,
            771.0
          ],
          [
            7.86767,
            46.933891,
            770.0
          ],
          [
            7.867374,
            46.933798,
            770.0
          ],
          [
            7.867077,
            46.933731,
            770.0
          ],
          [
            7.866735,
            46.933682,
            769.0
          ],
          [
            7.866664,
            46.933627,
            769.0
          ],
          [
            7.866519,
            46.933609,
            769.0
          ],
          [
            7.865685,
            46.933498,
            768.0
          ],
          [
            7.86554,
            46.933474,
            768.0
          ],
          [
            7.865416,
            46.933443,
            768.0
          ],
          [
            7.865263,
            46.933406,
            768.0
          ],
          [
            7.865056,
            46.933351,
            768.0
          ],
          [
            7.865001,
            46.933338,
            767.0
          ],
          [
            7.864957,
            46.933326,
            767.0
          ],
          [
            7.864858,
            46.933301,
            767.0
          ],
          [
            7.86484,
            46.933295,
            767.0
          ],
          [
            7.864741,
            46.933265,
            767.0
          ],
          [
            7.864022,
            46.933063,
            766.0
          ],
          [
            7.862217,
            46.932566,
            764.0
          ],
          [
            7.861984,
            46.932492,
            764.0
          ],
          [
            7.861875,
            46.932449,
            764.0
          ],
          [
            7.861785,
            46.932412,
            764.0
          ],
          [
            7.861724,
            46.932375,
            763.0
          ],
          [
            7.861669,
            46.932351,
            763.0
          ],
          [
            7.861588,
            46.932302,
            763.0
          ],
          [
            7.861489,
            46.932241,
            763.0
          ],
          [
            7.861418,
            46.932179,
            763.0
          ],
          [
            7.861274,
            46.93205,
            763.0
          ],
          [
            7.860816,
            46.931627,
            762.0
          ],
          [
            7.860753,
            46.931572,
            762.0
          ],
          [
            7.860619,
            46.931449,
            762.0
          ],
          [
            7.860267,
            46.931118,
            761.0
          ],
          [
            7.86007,
            46.930928,
            761.0
          ],
          [
            7.85999,
            46.930848,
            760.0
          ],
          [
            7.859756,
            46.930566,
            760.0
          ],
          [
            7.859487,
            46.930216,
            759.0
          ],
          [
            7.859361,
            46.930063,
            759.0
          ],
          [
            7.859315,
            46.930014,
            758.0
          ],
          [
            7.859235,
            46.92994,
            758.0
          ],
          [
            7.859154,
            46.929873,
            758.0
          ],
          [
            7.8591,
            46.92983,
            758.0
          ],
          [
            7.859045,
            46.929793,
            758.0
          ],
          [
            7.858984,
            46.929756,
            758.0
          ],
          [
            7.858902,
            46.929713,
            758.0
          ],
          [
            7.858821,
            46.929664,
            757.0
          ],
          [
            7.858714,
            46.929615,
            757.0
          ],
          [
            7.858615,
            46.929578,
            757.0
          ],
          [
            7.858508,
            46.929542,
            757.0
          ],
          [
            7.858292,
            46.92948,
            757.0
          ],
          [
            7.858166,
            46.929443,
            756.0
          ],
          [
            7.858066,
            46.929419,
            756.0
          ],
          [
            7.857321,
            46.929222,
            755.0
          ],
          [
            7.857321,
            46.929222,
            755.0
          ],
          [
            7.856315,
            46.928965,
            753.0
          ],
          [
            7.855911,
            46.928879,
            753.0
          ],
          [
            7.855821,
            46.928854,
            753.0
          ],
          [
            7.85574,
            46.928823,
            753.0
          ],
          [
            7.855695,
            46.928805,
            752.0
          ],
          [
            7.855623,
            46.92875,
            752.0
          ],
          [
            7.855382,
            46.928566,
            752.0
          ],
          [
            7.855327,
            46.928523,
            752.0
          ],
          [
            7.855282,
            46.92848,
            752.0
          ],
          [
            7.855202,
            46.928406,
            751.0
          ],
          [
            7.855076,
            46.928266,
            751.0
          ],
          [
            7.855076,
            46.928266,
            751.0
          ],
          [
            7.855003,
            46.928186,
            751.0
          ],
          [
            7.85494,
            46.928118,
            751.0
          ],
          [
            7.85485,
            46.928026,
            750.0
          ],
          [
            7.854761,
            46.927946,
            750.0
          ],
          [
            7.854707,
            46.927891,
            750.0
          ],
          [
            7.854617,
            46.927824,
            750.0
          ],
          [
            7.854546,
            46.927775,
            750.0
          ],
          [
            7.854456,
            46.927719,
            750.0
          ],
          [
            7.854339,
            46.927652,
            749.0
          ],
          [
            7.854204,
            46.92759,
            749.0
          ],
          [
            7.852892,
            46.927032,
            747.0
          ],
          [
            7.852713,
            46.926965,
            747.0
          ],
          [
            7.852533,
            46.926879,
            746.0
          ],
          [
            7.851653,
            46.926407,
            745.0
          ],
          [
            7.8515,
            46.926327,
            745.0
          ],
          [
            7.851384,
            46.926265,
            744.0
          ],
          [
            7.851302,
            46.926234,
            744.0
          ],
          [
            7.851213,
            46.926198,
            744.0
          ],
          [
            7.851095,
            46.926149,
            744.0
          ],
          [
            7.851051,
            46.926124,
            744.0
          ],
          [
            7.850881,
            46.926051,
            743.0
          ],
          [
            7.850854,
            46.926076,
            743.0
          ],
          [
            7.850845,
            46.926082,
            743.0
          ],
          [
            7.850835,
            46.926088,
            743.0
          ],
          [
            7.850808,
            46.926094,
            743.0
          ],
          [
            7.850764,
            46.9261,
            743.0
          ],
          [
            7.85035,
            46.9261,
            743.0
          ],
          [
            7.850296,
            46.926088,
            743.0
          ],
          [
            7.850242,
            46.926082,
            743.0
          ],
          [
            7.850189,
            46.926063,
            743.0
          ],
          [
            7.849963,
            46.925959,
            742.0
          ],
          [
            7.849694,
            46.92583,
            742.0
          ],
          [
            7.849416,
            46.925695,
            740.0
          ],
          [
            7.848625,
            46.925314,
            739.0
          ],
          [
            7.847718,
            46.924848,
            737.0
          ],
          [
            7.847143,
            46.924535,
            736.0
          ],
          [
            7.84699,
            46.924455,
            736.0
          ],
          [
            7.8469,
            46.924407,
            736.0
          ],
          [
            7.846784,
            46.924339,
            736.0
          ],
          [
            7.846811,
            46.924321,
            736.0
          ],
          [
            7.846811,
            46.924315,
            736.0
          ],
          [
            7.846784,
            46.924302,
            736.0
          ],
          [
            7.846811,
            46.924284,
            736.0
          ],
          [
            7.846937,
            46.924179,
            736.0
          ],
          [
            7.847126,
            46.92402,
            737.0
          ],
          [
            7.846937,
            46.923799,
            737.0
          ],
          [
            7.84682,
            46.923664,
            737.0
          ],
          [
            7.84682,
            46.923658,
            736.0
          ],
          [
            7.84682,
            46.923658,
            736.0
          ],
          [
            7.846676,
            46.923493,
            736.0
          ],
          [
            7.846667,
            46.923474,
            736.0
          ],
          [
            7.846667,
            46.923462,
            736.0
          ],
          [
            7.846676,
            46.92345,
            736.0
          ],
          [
            7.846694,
            46.923437,
            736.0
          ],
          [
            7.84682,
            46.923382,
            736.0
          ],
          [
            7.847242,
            46.923204,
            736.0
          ],
          [
            7.84699,
            46.922916,
            735.0
          ],
          [
            7.846937,
            46.922854,
            735.0
          ],
          [
            7.846829,
            46.922731,
            735.0
          ],
          [
            7.846623,
            46.922511,
            734.0
          ],
          [
            7.846568,
            46.922455,
            734.0
          ],
          [
            7.846533,
            46.922425,
            734.0
          ],
          [
            7.846451,
            46.922363,
            734.0
          ],
          [
            7.846443,
            46.922357,
            734.0
          ],
          [
            7.846416,
            46.922326,
            734.0
          ],
          [
            7.84647,
            46.922302,
            734.0
          ],
          [
            7.846434,
            46.922265,
            733.0
          ],
          [
            7.846416,
            46.922241,
            733.0
          ],
          [
            7.846397,
            46.922216,
            733.0
          ],
          [
            7.84638,
            46.922192,
            733.0
          ],
          [
            7.846361,
            46.922118,
            733.0
          ],
          [
            7.846344,
            46.922087,
            733.0
          ],
          [
            7.846326,
            46.922057,
            733.0
          ],
          [
            7.846218,
            46.92194,
            733.0
          ],
          [
            7.846147,
            46.921866,
            733.0
          ],
          [
            7.846173,
            46.921854,
            733.0
          ],
          [
            7.846021,
            46.921701,
            730.0
          ],
          [
            7.846021,
            46.921695,
            733.0
          ],
          [
            7.846038,
            46.921682,
            733.0
          ],
          [
            7.846038,
            46.921682,
            733.0
          ],
          [
            7.846245,
            46.92159,
            733.0
          ],
          [
            7.846487,
            46.921474,
            733.0
          ],
          [
            7.846577,
            46.921474,
            733.0
          ],
          [
            7.846686,
            46.92159,
            733.0
          ],
          [
            7.846747,
            46.921553,
            733.0
          ],
          [
            7.846658,
            46.921455,
            731.0
          ],
          [
            7.847458,
            46.921075,
            731.0
          ]
        ]
      }
    }
  ]
}