{
  "type": "FeatureCollection",
  "features": [
    {
      "type": "Feature",
      "properties": {},
      "geometry": {
        "type": "LineString",
        "coordinates": [
          [
            7.503241,
            47.419749,
            360.0
          ],
          [
            7.503241,
            47.419707,
            360.0
          ],
          [
            7.50325,
            47.41967,
            360.0
          ],
          [
            7.50326,
            47.419621,
            360.0
          ],
          [
            7.503277,
            47.419585,
            360.0
          ],
          [
            7.503304,
            47.419555,
            360.0
          ],
          [
            7.503277,
            47.41953,
            360.0
          ],
          [
            7.50326,
            47.419464,
            360.0
          ],
          [
            7.503241,
            47.419415,
            360.0
          ],
          [
            7.503134,
            47.419433,
            357.0
          ],
          [
            7.503134,
            47.419373,
            357.0
          ],
          [
            7.50308,
            47.419233,
            358.0
          ],
          [
            7.503061,
            47.419196,
            358.0
          ],
          [
            7.503044,
            47.41902,
            359.0
          ],
          [
            7.503107,
            47.419014,
            359.0
          ],
          [
            7.503107,
            47.418984,
            359.0
          ],
          [
            7.503098,
            47.418953,
            359.0
          ],
          [
            7.503143,
            47.418947,
            359.0
          ],
          [
            7.503178,
            47.418947,
            360.0
          ],
          [
            7.503161,
            47.418795,
            360.0
          ],
          [
            7.50317,
            47.418449,
            360.0
          ],
          [
            7.50317,
            47.418272,
            360.0
          ],
          [
            7.50317,
            47.418072,
            359.0
          ],
          [
            7.503143,
            47.41792,
            359.0
          ],
          [
            7.503017,
            47.417604,
            359.0
          ],
          [
            7.502998,
            47.417567,
            359.0
          ],
          [
            7.502935,
            47.417336,
            359.0
          ],
          [
            7.502891,
            47.417142,
            359.0
          ],
          [
            7.502864,
            47.417014,
            359.0
          ],
          [
            7.502864,
            47.416996,
            359.0
          ],
          [
            7.502765,
            47.416947,
            358.0
          ],
          [
            7.502757,
            47.416826,
            358.0
          ],
          [
            7.502757,
            47.416807,
            358.0
          ],
          [
            7.502765,
            47.416777,
            358.0
          ],
          [
            7.502765,
            47.416747,
            358.0
          ],
          [
            7.502774,
            47.416728,
            358.0
          ],
          [
            7.502801,
            47.416668,
            358.0
          ],
          [
            7.502828,
            47.416631,
            358.0
          ],
          [
            7.502927,
            47.416515,
            358.0
          ],
          [
            7.502954,
            47.416479,
            358.0
          ],
          [
            7.502971,
            47.416442,
            358.0
          ],
          [
            7.50299,
            47.416412,
            358.0
          ],
          [
            7.503008,
            47.416364,
            358.0
          ],
          [
            7.503017,
            47.416333,
            358.0
          ],
          [
            7.503025,
            47.416297,
            358.0
          ],
          [
            7.503025,
            47.416242,
            358.0
          ],
          [
            7.503034,
            47.415871,
            359.0
          ],
          [
            7.503061,
            47.415585,
            359.0
          ],
          [
            7.503071,
            47.415525,
            359.0
          ],
          [
            7.503088,
            47.415482,
            359.0
          ],
          [
            7.503107,
            47.415446,
            359.0
          ],
          [
            7.503124,
            47.415415,
            359.0
          ],
          [
            7.503151,
            47.415379,
            359.0
          ],
          [
            7.503187,
            47.415337,
            359.0
          ],
          [
            7.503233,
            47.4153,
            359.0
          ],
          [
            7.503277,
            47.41527,
            359.0
          ],
          [
            7.503313,
            47.415245,
            359.0
          ],
          [
            7.503287,
            47.415215,
            359.0
          ],
          [
            7.503268,
            47.415184,
            359.0
          ],
          [
            7.50326,
            47.415154,
            359.0
          ],
          [
            7.50325,
            47.415111,
            359.0
          ],
          [
            7.50325,
            47.415075,
            359.0
          ],
          [
            7.503323,
            47.414838,
            359.0
          ],
          [
            7.503323,
            47.414765,
            359.0
          ],
          [
            7.503295,
            47.41468,
            359.0
          ],
          [
            7.50325,
            47.414589,
            360.0
          ],
          [
            7.503214,
            47.414534,
            360.0
          ],
          [
            7.503107,
            47.414376,
            360.0
          ],
          [
            7.50308,
            47.414339,
            360.0
          ],
          [
            7.502981,
            47.414205,
            360.0
          ],
          [
            7.502864,
            47.414066,
            360.0
          ],
          [
            7.502811,
            47.414005,
            360.0
          ],
          [
            7.502738,
            47.413938,
            360.0
          ],
          [
            7.502298,
            47.413737,
            363.0
          ],
          [
            7.501948,
            47.413555,
            364.0
          ],
          [
            7.501912,
            47.413519,
            365.0
          ],
          [
            7.501885,
            47.413483,
            365.0
          ],
          [
            7.501876,
            47.413312,
            366.0
          ],
          [
            7.501956,
            47.413057,
            368.0
          ],
          [
            7.501956,
            47.413014,
            368.0
          ],
          [
            7.501992,
            47.412819,
            369.0
          ],
          [
            7.502002,
            47.412747,
            370.0
          ],
          [
            7.502002,
            47.412704,
            370.0
          ],
          [
            7.501992,
            47.41265,
            370.0
          ],
          [
            7.501975,
            47.412571,
            371.0
          ],
          [
            7.501939,
            47.412436,
            372.0
          ],
          [
            7.501885,
            47.412297,
            373.0
          ],
          [
            7.501759,
            47.411512,
            380.0
          ],
          [
            7.501687,
            47.410826,
            387.0
          ],
          [
            7.501616,
            47.410741,
            388.0
          ],
          [
            7.501274,
            47.410212,
            394.0
          ],
          [
            7.50096,
            47.409914,
            398.0
          ],
          [
            7.500843,
            47.409805,
            400.0
          ],
          [
            7.499918,
            47.409434,
            405.0
          ],
          [
            7.499782,
            47.40933,
            406.0
          ],
          [
            7.499486,
            47.408923,
            409.0
          ],
          [
            7.499325,
            47.408758,
            410.0
          ],
          [
            7.498966,
            47.408607,
            413.0
          ],
          [
            7.498839,
            47.408552,
            414.0
          ],
          [
            7.498732,
            47.408473,
            415.0
          ],
          [
            7.498616,
            47.40829,
            417.0
          ],
          [
            7.498579,
            47.408005,
            420.0
          ],
          [
            7.498526,
            47.407828,
            422.0
          ],
          [
            7.498327,
            47.407549,
            426.0
          ],
          [
            7.498229,
            47.407354,
            428.0
          ],
          [
            7.498237,
            47.407184,
            430.0
          ],
          [
            7.498247,
            47.406916,
            432.0
          ],
          [
            7.498121,
            47.406242,
            437.0
          ],
          [
            7.497905,
            47.405208,
            446.0
          ],
          [
            7.497887,
            47.40474,
            452.0
          ],
          [
            7.497878,
            47.40471,
            452.0
          ],
          [
            7.49787,
            47.40468,
            453.0
          ],
          [
            7.497834,
            47.404637,
            453.0
          ],
          [
            7.497797,
            47.404582,
            454.0
          ],
          [
            7.497681,
            47.404576,
            455.0
          ],
          [
            7.497348,
            47.404588,
            458.0
          ],
          [
            7.497232,
            47.4046,
            459.0
          ],
          [
            7.497151,
            47.404606,
            460.0
          ],
          [
            7.496908,
            47.404588,
            462.0
          ],
          [
            7.496773,
            47.404564,
            463.0
          ],
          [
            7.496459,
            47.404448,
            466.0
          ],
          [
            7.496046,
            47.404236,
            470.0
          ],
          [
            7.495633,
            47.403974,
            475.0
          ],
          [
            7.49495,
            47.403457,
            485.0
          ],
          [
            7.494599,
            47.403257,
            490.0
          ],
          [
            7.494168,
            47.403007,
            495.0
          ],
          [
            7.493809,
            47.402819,
            500.0
          ],
          [
            7.493737,
            47.402783,
            500.0
          ],
          [
            7.49371,
            47.402764,
            501.0
          ],
          [
            7.493692,
            47.40274,
            501.0
          ],
          [
            7.493666,
            47.402679,
            502.0
          ],
          [
            7.493656,
            47.40263,
            503.0
          ],
          [
            7.493666,
            47.402575,
            503.0
          ],
          [
            7.493692,
            47.402533,
            504.0
          ],
          [
            7.493737,
            47.402478,
            505.0
          ],
          [
            7.4938,
            47.40243,
            506.0
          ],
          [
            7.494006,
            47.402308,
            508.0
          ],
          [
            7.494689,
            47.401974,
            514.0
          ],
          [
            7.495048,
            47.40173,
            518.0
          ],
          [
            7.495417,
            47.401451,
            522.0
          ],
          [
            7.495507,
            47.401335,
            524.0
          ],
          [
            7.49556,
            47.401195,
            526.0
          ],
          [
            7.495551,
            47.400502,
            534.0
          ],
          [
            7.495534,
            47.400454,
            534.0
          ],
          [
            7.495444,
            47.400381,
            535.0
          ],
          [
            7.495058,
            47.400174,
            539.0
          ],
          [
            7.494654,
            47.399955,
            542.0
          ],
          [
            7.494222,
            47.399657,
            545.0
          ],
          [
            7.493899,
            47.399584,
            547.0
          ],
          [
            7.493809,
            47.399566,
            548.0
          ],
          [
            7.492363,
            47.399292,
            553.0
          ],
          [
            7.492345,
            47.399225,
            553.0
          ],
          [
            7.492434,
            47.399189,
            553.0
          ],
          [
            7.492515,
            47.399134,
            553.0
          ],
          [
            7.492515,
            47.398909,
            554.0
          ],
          [
            7.492614,
            47.398678,
            555.0
          ],
          [
            7.492884,
            47.398441,
            556.0
          ],
          [
            7.49309,
            47.39824,
            557.0
          ],
          [
            7.49301,
            47.398119,
            558.0
          ],
          [
            7.493557,
            47.397802,
            561.0
          ],
          [
            7.493953,
            47.397626,
            564.0
          ],
          [
            7.495839,
            47.396768,
            575.0
          ],
          [
            7.496207,
            47.396538,
            578.0
          ],
          [
            7.496442,
            47.396337,
            579.0
          ],
          [
            7.496405,
            47.39624,
            580.0
          ],
          [
            7.49645,
            47.396173,
            581.0
          ],
          [
            7.497187,
            47.395656,
            589.0
          ],
          [
            7.497268,
            47.395535,
            591.0
          ],
          [
            7.497295,
            47.395388,
            592.0
          ],
          [
            7.497232,
            47.395285,
            593.0
          ],
          [
            7.497034,
            47.395133,
            595.0
          ],
          [
            7.496629,
            47.394713,
            600.0
          ],
          [
            7.496297,
            47.394372,
            604.0
          ],
          [
            7.496046,
            47.394105,
            608.0
          ],
          [
            7.495677,
            47.39391,
            612.0
          ],
          [
            7.49539,
            47.393783,
            615.0
          ],
          [
            7.495184,
            47.393698,
            617.0
          ],
          [
            7.495084,
            47.393649,
            618.0
          ],
          [
            7.494995,
            47.393607,
            619.0
          ],
          [
            7.494564,
            47.393424,
            620.0
          ],
          [
            7.494358,
            47.393339,
            620.0
          ],
          [
            7.494061,
            47.393229,
            620.0
          ],
          [
            7.493818,
            47.39309,
            619.0
          ],
          [
            7.493602,
            47.392901,
            618.0
          ],
          [
            7.492893,
            47.39253,
            616.0
          ],
          [
            7.492434,
            47.392299,
            614.0
          ],
          [
            7.492147,
            47.392141,
            613.0
          ],
          [
            7.491679,
            47.391831,
            611.0
          ],
          [
            7.491438,
            47.391679,
            610.0
          ],
          [
            7.491231,
            47.391484,
            609.0
          ],
          [
            7.491142,
            47.391332,
            608.0
          ],
          [
            7.491096,
            47.391168,
            606.0
          ],
          [
            7.491142,
            47.390882,
            604.0
          ],
          [
            7.491176,
            47.390772,
            603.0
          ],
          [
            7.491339,
            47.390578,
            605.0
          ],
          [
            7.491698,
            47.390183,
            608.0
          ],
          [
            7.491742,
            47.390134,
            609.0
          ],
          [
            7.492138,
            47.389769,
            613.0
          ],
          [
            7.492515,
            47.389471,
            617.0
          ],
          [
            7.492784,
            47.38921,
            620.0
          ],
          [
            7.492983,
            47.388924,
            622.0
          ],
          [
            7.493073,
            47.388723,
            624.0
          ],
          [
            7.493197,
            47.388626,
            625.0
          ],
          [
            7.493387,
            47.388547,
            626.0
          ],
          [
            7.493522,
            47.388492,
            627.0
          ],
          [
            7.493818,
            47.388431,
            629.0
          ],
          [
            7.493953,
            47.388376,
            630.0
          ],
          [
            7.494419,
            47.388164,
            636.0
          ],
          [
            7.494645,
            47.388073,
            639.0
          ],
          [
            7.495004,
            47.387641,
            637.0
          ],
          [
            7.495408,
            47.387257,
            636.0
          ],
          [
            7.495624,
            47.387069,
            635.0
          ],
          [
            7.495803,
            47.386941,
            634.0
          ],
          [
            7.495983,
            47.38685,
            634.0
          ],
          [
            7.496109,
            47.386764,
            633.0
          ],
          [
            7.496136,
            47.386728,
            633.0
          ],
          [
            7.496172,
            47.38668,
            633.0
          ],
          [
            7.496253,
            47.386625,
            633.0
          ],
          [
            7.496396,
            47.38657,
            632.0
          ],
          [
            7.496576,
            47.386528,
            632.0
          ],
          [
            7.496953,
            47.386485,
            631.0
          ],
          [
            7.497132,
            47.386455,
            631.0
          ],
          [
            7.497339,
            47.386412,
            630.0
          ],
          [
            7.49796,
            47.38626,
            628.0
          ],
          [
            7.498337,
            47.386187,
            627.0
          ],
          [
            7.498579,
            47.386144,
            626.0
          ],
          [
            7.498885,
            47.38609,
            625.0
          ],
          [
            7.499505,
            47.385999,
            623.0
          ],
          [
            7.499837,
            47.385938,
            622.0
          ],
          [
            7.500843,
            47.385864,
            619.0
          ],
          [
            7.50184,
            47.385773,
            617.0
          ],
          [
            7.502568,
            47.385664,
            616.0
          ],
          [
            7.503197,
            47.385555,
            614.0
          ],
          [
            7.503376,
            47.385494,
            614.0
          ],
          [
            7.503457,
            47.385445,
            614.0
          ],
          [
            7.503493,
            47.38539,
            614.0
          ],
          [
            7.503511,
            47.385305,
            613.0
          ],
          [
            7.503457,
            47.385147,
            613.0
          ],
          [
            7.50343,
            47.385025,
            613.0
          ],
          [
            7.503403,
            47.384837,
            612.0
          ],
          [
            7.50334,
            47.384672,
            612.0
          ],
          [
            7.503277,
            47.384575,
            611.0
          ],
          [
            7.50317,
            47.38449,
            611.0
          ],
          [
            7.503115,
            47.384338,
            610.0
          ],
          [
            7.502935,
            47.384058,
            607.0
          ],
          [
            7.502694,
            47.383729,
            598.0
          ],
          [
            7.502639,
            47.383608,
            594.0
          ],
          [
            7.502631,
            47.38345,
            589.0
          ],
          [
            7.502621,
            47.383292,
            586.0
          ],
          [
            7.502585,
            47.383225,
            584.0
          ],
          [
            7.502541,
            47.383152,
            583.0
          ],
          [
            7.502541,
            47.383146,
            583.0
          ],
          [
            7.502522,
            47.383085,
            581.0
          ],
          [
            7.502469,
            47.382957,
            580.0
          ],
          [
            7.502432,
            47.382878,
            580.0
          ],
          [
            7.502379,
            47.38272,
            580.0
          ],
          [
            7.502316,
            47.382562,
            580.0
          ],
          [
            7.502298,
            47.382483,
            580.0
          ],
          [
            7.502289,
            47.38238,
            580.0
          ],
          [
            7.502298,
            47.382288,
            580.0
          ],
          [
            7.502325,
            47.382148,
            580.0
          ],
          [
            7.502342,
            47.382093,
            580.0
          ],
          [
            7.502298,
            47.382081,
            580.0
          ],
          [
            7.502029,
            47.38199,
            580.0
          ],
          [
            7.501983,
            47.381972,
            580.0
          ],
          [
            7.501939,
            47.381948,
            580.0
          ],
          [
            7.501912,
            47.381923,
            580.0
          ],
          [
            7.501876,
            47.381893,
            580.0
          ],
          [
            7.501849,
            47.381863,
            580.0
          ],
          [
            7.50184,
            47.381838,
            580.0
          ],
          [
            7.501832,
            47.381796,
            580.0
          ],
          [
            7.501822,
            47.381735,
            580.0
          ],
          [
            7.501822,
            47.381667,
            580.0
          ],
          [
            7.501687,
            47.381667,
            578.0
          ],
          [
            7.501625,
            47.381674,
            577.0
          ],
          [
            7.501346,
            47.381704,
            573.0
          ],
          [
            7.501211,
            47.381729,
            572.0
          ],
          [
            7.501157,
            47.381735,
            572.0
          ],
          [
            7.501023,
            47.381753,
            571.0
          ],
          [
            7.500879,
            47.381777,
            571.0
          ],
          [
            7.500753,
            47.381802,
            571.0
          ],
          [
            7.500627,
            47.381826,
            571.0
          ],
          [
            7.5006,
            47.381838,
            571.0
          ],
          [
            7.500591,
            47.381844,
            571.0
          ],
          [
            7.500583,
            47.381857,
            571.0
          ],
          [
            7.500574,
            47.381863,
            571.0
          ],
          [
            7.50052,
            47.381857,
            571.0
          ],
          [
            7.500465,
            47.381857,
            571.0
          ],
          [
            7.498983,
            47.381935,
            564.0
          ],
          [
            7.498677,
            47.381954,
            561.0
          ],
          [
            7.498229,
            47.381972,
            557.0
          ],
          [
            7.49795,
            47.381972,
            555.0
          ],
          [
            7.497771,
            47.38196,
            553.0
          ],
          [
            7.4976,
            47.381978,
            552.0
          ],
          [
            7.497411,
            47.381996,
            550.0
          ],
          [
            7.497061,
            47.382045,
            549.0
          ],
          [
            7.496243,
            47.382148,
            545.0
          ],
          [
            7.495624,
            47.382227,
            542.0
          ],
          [
            7.495111,
            47.3823,
            540.0
          ],
          [
            7.49486,
            47.382337,
            539.0
          ],
          [
            7.494096,
            47.382465,
            536.0
          ],
          [
            7.493889,
            47.382489,
            536.0
          ],
          [
            7.493287,
            47.382556,
            533.0
          ],
          [
            7.492884,
            47.382562,
            532.0
          ],
          [
            7.492534,
            47.382604,
            530.0
          ],
          [
            7.492308,
            47.382641,
            528.0
          ],
          [
            7.492121,
            47.382665,
            526.0
          ],
          [
            7.492012,
            47.382665,
            525.0
          ],
          [
            7.491671,
            47.382653,
            522.0
          ],
          [
            7.491302,
            47.382671,
            518.0
          ],
          [
            7.491052,
            47.382671,
            515.0
          ],
          [
            7.4908,
            47.382683,
            513.0
          ],
          [
            7.490602,
            47.382695,
            511.0
          ],
          [
            7.490224,
            47.382769,
            507.0
          ],
          [
            7.489884,
            47.38283,
            504.0
          ],
          [
            7.489461,
            47.382945,
            500.0
          ],
          [
            7.489327,
            47.382982,
            499.0
          ],
          [
            7.489129,
            47.383048,
            497.0
          ],
          [
            7.488698,
            47.383218,
            494.0
          ],
          [
            7.488365,
            47.383341,
            491.0
          ],
          [
            7.488186,
            47.383389,
            490.0
          ],
          [
            7.487934,
            47.38345,
            487.0
          ],
          [
            7.487683,
            47.383511,
            485.0
          ],
          [
            7.487341,
            47.38359,
            481.0
          ],
          [
            7.48709,
            47.383638,
            479.0
          ],
          [
            7.486712,
            47.383693,
            475.0
          ],
          [
            7.486488,
            47.383742,
            472.0
          ],
          [
            7.486263,
            47.383803,
            470.0
          ],
          [
            7.486039,
            47.383858,
            468.0
          ],
          [
            7.485769,
            47.383906,
            466.0
          ],
          [
            7.485482,
            47.383949,
            464.0
          ],
          [
            7.485337,
            47.383979,
            463.0
          ],
          [
            7.485213,
            47.384028,
            461.0
          ],
          [
            7.48505,
            47.384113,
            460.0
          ],
          [
            7.484997,
            47.384149,
            460.0
          ],
          [
            7.48488,
            47.38424,
            459.0
          ],
          [
            7.48471,
            47.384375,
            459.0
          ],
          [
            7.48462,
            47.384448,
            458.0
          ],
          [
            7.484511,
            47.384502,
            458.0
          ],
          [
            7.48435,
            47.384551,
            458.0
          ],
          [
            7.484125,
            47.384624,
            457.0
          ],
          [
            7.483972,
            47.384654,
            458.0
          ],
          [
            7.483909,
            47.384672,
            458.0
          ],
          [
            7.483559,
            47.384782,
            459.0
          ],
          [
            7.483272,
            47.384867,
            460.0
          ],
          [
            7.483029,
            47.384922,
            462.0
          ],
          [
            7.482957,
            47.384934,
            463.0
          ],
          [
            7.482903,
            47.384934,
            464.0
          ],
          [
            7.482859,
            47.384928,
            465.0
          ],
          [
            7.482832,
            47.384916,
            465.0
          ],
          [
            7.482805,
            47.384892,
            465.0
          ],
          [
            7.482796,
            47.384837,
            466.0
          ],
          [
            7.48284,
            47.384739,
            468.0
          ],
          [
            7.482876,
            47.384654,
            470.0
          ],
          [
            7.482895,
            47.384557,
            471.0
          ],
          [
            7.482867,
            47.384478,
            472.0
          ],
          [
            7.482832,
            47.384387,
            473.0
          ],
          [
            7.48276,
            47.384301,
            474.0
          ],
          [
            7.48266,
            47.384228,
            475.0
          ],
          [
            7.482499,
            47.384149,
            477.0
          ],
          [
            7.482184,
            47.384016,
            479.0
          ],
          [
            7.481763,
            47.383839,
            482.0
          ],
          [
            7.481555,
            47.383748,
            483.0
          ],
          [
            7.481494,
            47.383723,
            483.0
          ],
          [
            7.481439,
            47.383693,
            483.0
          ],
          [
            7.481412,
            47.383669,
            484.0
          ],
          [
            7.481376,
            47.383638,
            484.0
          ],
          [
            7.481368,
            47.383614,
            484.0
          ],
          [
            7.481349,
            47.383584,
            484.0
          ],
          [
            7.481358,
            47.38345,
            485.0
          ],
          [
            7.481349,
            47.383389,
            485.0
          ],
          [
            7.481349,
            47.383328,
            486.0
          ],
          [
            7.481322,
            47.383218,
            487.0
          ],
          [
            7.481305,
            47.383133,
            487.0
          ],
          [
            7.481268,
            47.383061,
            488.0
          ],
          [
            7.481188,
            47.382885,
            489.0
          ],
          [
            7.481125,
            47.382787,
            489.0
          ],
          [
            7.481089,
            47.382744,
            490.0
          ],
          [
            7.481035,
            47.382695,
            490.0
          ],
          [
            7.480676,
            47.382398,
            494.0
          ],
          [
            7.480478,
            47.382239,
            496.0
          ],
          [
            7.480352,
            47.382154,
            497.0
          ],
          [
            7.48019,
            47.382057,
            498.0
          ],
          [
            7.48002,
            47.38196,
            500.0
          ],
          [
            7.479921,
            47.381942,
            500.0
          ],
          [
            7.479786,
            47.381899,
            502.0
          ],
          [
            7.47967,
            47.381869,
            503.0
          ],
          [
            7.479553,
            47.381838,
            504.0
          ],
          [
            7.479436,
            47.381826,
            505.0
          ],
          [
            7.479121,
            47.381802,
            508.0
          ],
          [
            7.478888,
            47.38179,
            510.0
          ],
          [
            7.478825,
            47.381784,
            510.0
          ],
          [
            7.478726,
            47.381771,
            510.0
          ],
          [
            7.478628,
            47.381753,
            510.0
          ],
          [
            7.478547,
            47.381729,
            510.0
          ],
          [
            7.478448,
            47.381692,
            510.0
          ],
          [
            7.478385,
            47.381661,
            510.0
          ],
          [
            7.478322,
            47.381625,
            510.0
          ],
          [
            7.47825,
            47.381576,
            510.0
          ],
          [
            7.47816,
            47.381528,
            510.0
          ],
          [
            7.478089,
            47.381491,
            510.0
          ],
          [
            7.477981,
            47.381443,
            510.0
          ],
          [
            7.477783,
            47.381394,
            508.0
          ],
          [
            7.477586,
            47.38134,
            506.0
          ],
          [
            7.477423,
            47.381303,
            504.0
          ],
          [
            7.477236,
            47.381242,
            502.0
          ],
          [
            7.477207,
            47.38123,
            502.0
          ],
          [
            7.476849,
            47.38109,
            498.0
          ],
          [
            7.476741,
            47.381041,
            498.0
          ],
          [
            7.476552,
            47.38098,
            496.0
          ],
          [
            7.476238,
            47.380895,
            494.0
          ],
          [
            7.476014,
            47.380829,
            492.0
          ],
          [
            7.475951,
            47.380804,
            492.0
          ],
          [
            7.475852,
            47.38075,
            491.0
          ],
          [
            7.475654,
            47.380621,
            489.0
          ],
          [
            7.475628,
            47.380609,
            489.0
          ],
          [
            7.475573,
            47.380591,
            489.0
          ],
          [
            7.475519,
            47.380585,
            489.0
          ],
          [
            7.475483,
            47.380585,
            489.0
          ],
          [
            7.475448,
            47.380591,
            488.0
          ],
          [
            7.475402,
            47.380597,
            488.0
          ],
          [
            7.475186,
            47.380627,
            487.0
          ],
          [
            7.474836,
            47.380676,
            485.0
          ],
          [
            7.474513,
            47.380707,
            484.0
          ],
          [
            7.474441,
            47.380713,
            484.0
          ],
          [
            7.474351,
            47.380725,
            483.0
          ],
          [
            7.474289,
            47.38075,
            483.0
          ],
          [
            7.474234,
            47.38078,
            483.0
          ],
          [
            7.474207,
            47.380798,
            482.0
          ],
          [
            7.474163,
            47.380835,
            482.0
          ],
          [
            7.474127,
            47.380895,
            482.0
          ],
          [
            7.474081,
            47.380986,
            481.0
          ],
          [
            7.473992,
            47.38115,
            480.0
          ],
          [
            7.473938,
            47.381224,
            479.0
          ],
          [
            7.473884,
            47.381273,
            478.0
          ],
          [
            7.473848,
            47.381297,
            478.0
          ],
          [
            7.473794,
            47.381327,
            478.0
          ],
          [
            7.473695,
            47.381358,
            477.0
          ],
          [
            7.473489,
            47.381418,
            476.0
          ],
          [
            7.473291,
            47.381479,
            475.0
          ],
          [
            7.473129,
            47.381528,
            474.0
          ],
          [
            7.473049,
            47.381546,
            473.0
          ],
          [
            7.472888,
            47.381564,
            472.0
          ],
          [
            7.472815,
            47.38157,
            472.0
          ],
          [
            7.472762,
            47.381582,
            472.0
          ],
          [
            7.472689,
            47.381601,
            471.0
          ],
          [
            7.472662,
            47.38154,
            472.0
          ],
          [
            7.472618,
            47.381273,
            475.0
          ],
          [
            7.472573,
            47.381084,
            476.0
          ],
          [
            7.472519,
            47.380962,
            478.0
          ],
          [
            7.472447,
            47.380865,
            479.0
          ],
          [
            7.472357,
            47.380865,
            479.0
          ],
          [
            7.472357,
            47.380822,
            480.0
          ],
          [
            7.472349,
            47.38078,
            480.0
          ],
          [
            7.472322,
            47.380731,
            481.0
          ],
          [
            7.472267,
            47.380664,
            482.0
          ],
          [
            7.472133,
            47.380488,
            484.0
          ],
          [
            7.472097,
            47.380433,
            485.0
          ],
          [
            7.47207,
            47.380396,
            486.0
          ],
          [
            7.47206,
            47.380348,
            486.0
          ],
          [
            7.472034,
            47.380214,
            488.0
          ],
          [
            7.472007,
            47.380171,
            488.0
          ],
          [
            7.471997,
            47.380147,
            489.0
          ],
          [
            7.47198,
            47.380129,
            489.0
          ],
          [
            7.471936,
            47.380104,
            489.0
          ],
          [
            7.471854,
            47.380062,
            490.0
          ],
          [
            7.471773,
            47.380025,
            491.0
          ],
          [
            7.471584,
            47.37994,
            493.0
          ],
          [
            7.471486,
            47.379898,
            494.0
          ],
          [
            7.471441,
            47.379873,
            495.0
          ],
          [
            7.471387,
            47.379825,
            496.0
          ],
          [
            7.471351,
            47.379788,
            496.0
          ],
          [
            7.471324,
            47.379758,
            496.0
          ],
          [
            7.471324,
            47.379758,
            496.0
          ],
          [
            7.471324,
            47.379758,
            497.0
          ],
          [
            7.471307,
            47.379722,
            497.0
          ],
          [
            7.471307,
            47.379709,
            498.0
          ],
          [
            7.471288,
            47.379648,
            498.0
          ],
          [
            7.47127,
            47.379532,
            500.0
          ],
          [
            7.471234,
            47.379387,
            502.0
          ],
          [
            7.471217,
            47.379332,
            503.0
          ],
          [
            7.471225,
            47.379302,
            503.0
          ],
          [
            7.47128,
            47.379265,
            504.0
          ],
          [
            7.471405,
            47.379223,
            505.0
          ],
          [
            7.471683,
            47.37915,
            508.0
          ],
          [
            7.471944,
            47.379101,
            511.0
          ],
          [
            7.472249,
            47.379052,
            514.0
          ],
          [
            7.472636,
            47.378979,
            517.0
          ],
          [
            7.472689,
            47.378955,
            518.0
          ],
          [
            7.472726,
            47.378936,
            518.0
          ],
          [
            7.472735,
            47.378918,
            519.0
          ],
          [
            7.472743,
            47.378906,
            519.0
          ],
          [
            7.472743,
            47.378876,
            519.0
          ],
          [
            7.472726,
            47.378851,
            520.0
          ],
          [
            7.472662,
            47.37876,
            522.0
          ],
          [
            7.472546,
            47.378608,
            525.0
          ],
          [
            7.472447,
            47.378486,
            528.0
          ],
          [
            7.472375,
            47.378395,
            530.0
          ],
          [
            7.472303,
            47.378328,
            532.0
          ],
          [
            7.472213,
            47.378243,
            534.0
          ],
          [
            7.472186,
            47.378201,
            535.0
          ],
          [
            7.472177,
            47.378164,
            535.0
          ],
          [
            7.472177,
            47.378128,
            536.0
          ],
          [
            7.472186,
            47.378097,
            537.0
          ],
          [
            7.472196,
            47.378073,
            537.0
          ],
          [
            7.472223,
            47.378049,
            538.0
          ],
          [
            7.472249,
            47.37803,
            539.0
          ],
          [
            7.472349,
            47.377963,
            541.0
          ],
          [
            7.472546,
            47.377817,
            545.0
          ],
          [
            7.472716,
            47.37769,
            549.0
          ],
          [
            7.472959,
            47.377513,
            554.0
          ],
          [
            7.473121,
            47.377403,
            558.0
          ],
          [
            7.473471,
            47.377148,
            566.0
          ],
          [
            7.473588,
            47.377063,
            569.0
          ],
          [
            7.473695,
            47.376972,
            572.0
          ],
          [
            7.473813,
            47.37685,
            575.0
          ],
          [
            7.473938,
            47.376728,
            579.0
          ],
          [
            7.474046,
            47.376619,
            582.0
          ],
          [
            7.4741,
            47.376558,
            583.0
          ],
          [
            7.474154,
            47.376498,
            585.0
          ],
          [
            7.474307,
            47.376333,
            590.0
          ],
          [
            7.474397,
            47.376242,
            592.0
          ],
          [
            7.474557,
            47.376053,
            597.0
          ],
          [
            7.47472,
            47.375846,
            602.0
          ],
          [
            7.47481,
            47.3757,
            606.0
          ],
          [
            7.474855,
            47.375646,
            608.0
          ],
          [
            7.474909,
            47.375609,
            609.0
          ],
          [
            7.475089,
            47.375512,
            613.0
          ],
          [
            7.475421,
            47.375342,
            620.0
          ],
          [
            7.475689,
            47.375238,
            624.0
          ],
          [
            7.475735,
            47.375201,
            624.0
          ],
          [
            7.475852,
            47.375195,
            625.0
          ],
          [
            7.476165,
            47.375104,
            628.0
          ],
          [
            7.476265,
            47.37508,
            629.0
          ],
          [
            7.476418,
            47.375092,
            630.0
          ],
          [
            7.47657,
            47.37511,
            631.0
          ],
          [
            7.476705,
            47.375128,
            633.0
          ],
          [
            7.476947,
            47.375122,
            635.0
          ],
          [
            7.477091,
            47.375128,
            636.0
          ],
          [
            7.477253,
            47.375189,
            637.0
          ],
          [
            7.477387,
            47.375213,
            638.0
          ],
          [
            7.477729,
            47.375207,
            642.0
          ],
          [
            7.477999,
            47.375219,
            646.0
          ],
          [
            7.478421,
            47.375274,
            650.0
          ],
          [
            7.478618,
            47.375311,
            650.0
          ],
          [
            7.478628,
            47.37528,
            651.0
          ],
          [
            7.478681,
            47.375256,
            653.0
          ],
          [
            7.478655,
            47.375165,
            656.0
          ],
          [
            7.478519,
            47.37508,
            660.0
          ],
          [
            7.478322,
            47.37494,
            664.0
          ],
          [
            7.478232,
            47.374885,
            666.0
          ],
          [
            7.477999,
            47.374782,
            669.0
          ],
          [
            7.477739,
            47.374672,
            674.0
          ],
          [
            7.477649,
            47.374617,
            676.0
          ],
          [
            7.477586,
            47.374575,
            677.0
          ],
          [
            7.477576,
            47.374532,
            678.0
          ],
          [
            7.477612,
            47.374514,
            679.0
          ],
          [
            7.477783,
            47.374538,
            682.0
          ],
          [
            7.477989,
            47.374581,
            685.0
          ],
          [
            7.478188,
            47.374587,
            689.0
          ],
          [
            7.478259,
            47.374599,
            689.0
          ],
          [
            7.478439,
            47.374629,
            691.0
          ],
          [
            7.478574,
            47.374654,
            692.0
          ],
          [
            7.478807,
            47.374672,
            695.0
          ],
          [
            7.479113,
            47.374696,
            698.0
          ],
          [
            7.479427,
            47.374709,
            701.0
          ],
          [
            7.479733,
            47.374715,
            703.0
          ],
          [
            7.479921,
            47.374709,
            705.0
          ],
          [
            7.480037,
            47.374702,
            706.0
          ],
          [
            7.480173,
            47.374696,
            707.0
          ],
          [
            7.480289,
            47.37469,
            708.0
          ],
          [
            7.480513,
            47.374672,
            710.0
          ],
          [
            7.481268,
            47.374587,
            717.0
          ],
          [
            7.481744,
            47.374551,
            721.0
          ],
          [
            7.482184,
            47.374502,
            726.0
          ],
          [
            7.48258,
            47.374459,
            730.0
          ],
          [
            7.48275,
            47.374435,
            731.0
          ],
          [
            7.482976,
            47.374417,
            733.0
          ],
          [
            7.483173,
            47.374393,
            735.0
          ],
          [
            7.483488,
            47.374332,
            738.0
          ],
          [
            7.483901,
            47.374253,
            742.0
          ],
          [
            7.484107,
            47.37421,
            744.0
          ],
          [
            7.484268,
            47.374167,
            746.0
          ],
          [
            7.484457,
            47.374118,
            748.0
          ],
          [
            7.484494,
            47.374106,
            748.0
          ],
          [
            7.484494,
            47.374106,
            748.0
          ],
          [
            7.484601,
            47.374076,
            749.0
          ],
          [
            7.484744,
            47.374027,
            751.0
          ],
          [
            7.484924,
            47.373973,
            752.0
          ],
          [
            7.485113,
            47.373918,
            754.0
          ],
          [
            7.485257,
            47.373876,
            756.0
          ],
          [
            7.485446,
            47.373821,
            757.0
          ],
          [
            7.485626,
            47.373784,
            759.0
          ],
          [
            7.48585,
            47.373742,
            761.0
          ],
          [
            7.486012,
            47.373711,
            763.0
          ],
          [
            7.486182,
            47.373687,
            764.0
          ],
          [
            7.486425,
            47.373656,
            767.0
          ],
          [
            7.486658,
            47.373626,
            769.0
          ],
          [
            7.486884,
            47.373595,
            771.0
          ],
          [
            7.487081,
            47.373571,
            772.0
          ],
          [
            7.487197,
            47.373553,
            773.0
          ],
          [
            7.487251,
            47.373534,
            773.0
          ],
          [
            7.487278,
            47.373498,
            774.0
          ],
          [
            7.487287,
            47.373462,
            774.0
          ],
          [
            7.487305,
            47.373395,
            775.0
          ],
          [
            7.487297,
            47.373346,
            775.0
          ],
          [
            7.486955,
            47.37334,
            777.0
          ],
          [
            7.486318,
            47.373395,
            780.0
          ],
          [
            7.485733,
            47.373437,
            783.0
          ],
          [
            7.485589,
            47.373443,
            784.0
          ],
          [
            7.485455,
            47.373437,
            785.0
          ],
          [
            7.48532,
            47.373425,
            786.0
          ],
          [
            7.484916,
            47.373395,
            789.0
          ],
          [
            7.48461,
            47.373389,
            792.0
          ],
          [
            7.484448,
            47.373395,
            794.0
          ],
          [
            7.484448,
            47.373395,
            794.0
          ],
          [
            7.484179,
            47.373401,
            797.0
          ],
          [
            7.483379,
            47.373419,
            804.0
          ],
          [
            7.482976,
            47.373413,
            808.0
          ],
          [
            7.482876,
            47.373413,
            809.0
          ],
          [
            7.482786,
            47.373419,
            810.0
          ],
          [
            7.48267,
            47.373437,
            811.0
          ],
          [
            7.482454,
            47.37348,
            812.0
          ],
          [
            7.482301,
            47.373504,
            813.0
          ],
          [
            7.482184,
            47.373522,
            814.0
          ],
          [
            7.482068,
            47.373528,
            815.0
          ],
          [
            7.481934,
            47.373528,
            816.0
          ],
          [
            7.481853,
            47.373522,
            817.0
          ],
          [
            7.481771,
            47.373504,
            817.0
          ],
          [
            7.481691,
            47.373468,
            818.0
          ],
          [
            7.481331,
            47.373267,
            821.0
          ],
          [
            7.481008,
            47.373066,
            823.0
          ],
          [
            7.480918,
            47.373023,
            824.0
          ],
          [
            7.480846,
            47.372993,
            824.0
          ],
          [
            7.480802,
            47.372981,
            824.0
          ],
          [
            7.480756,
            47.372975,
            824.0
          ],
          [
            7.480802,
            47.37292,
            825.0
          ],
          [
            7.480909,
            47.372841,
            826.0
          ],
          [
            7.480882,
            47.372604,
            827.0
          ],
          [
            7.480838,
            47.372567,
            828.0
          ],
          [
            7.480802,
            47.372549,
            828.0
          ],
          [
            7.480846,
            47.372409,
            829.0
          ],
          [
            7.480955,
            47.37216,
            832.0
          ],
          [
            7.481115,
            47.371953,
            835.0
          ],
          [
            7.481268,
            47.371746,
            839.0
          ],
          [
            7.481376,
            47.371613,
            842.0
          ],
          [
            7.481502,
            47.371466,
            844.0
          ],
          [
            7.481592,
            47.371332,
            846.0
          ],
          [
            7.48179,
            47.37115,
            849.0
          ],
          [
            7.481871,
            47.371077,
            851.0
          ],
          [
            7.482068,
            47.370894,
            856.0
          ],
          [
            7.482131,
            47.370821,
            858.0
          ],
          [
            7.482293,
            47.370657,
            861.0
          ],
          [
            7.482266,
            47.370615,
            865.0
          ],
          [
            7.482131,
            47.370633,
            866.0
          ],
          [
            7.481763,
            47.370712,
            870.0
          ],
          [
            7.481484,
            47.370779,
            874.0
          ],
          [
            7.481224,
            47.370864,
            878.0
          ],
          [
            7.481008,
            47.3709,
            881.0
          ],
          [
            7.480775,
            47.371004,
            886.0
          ],
          [
            7.480712,
            47.371029,
            887.0
          ],
          [
            7.480452,
            47.371101,
            892.0
          ],
          [
            7.480245,
            47.371132,
            897.0
          ],
          [
            7.480065,
            47.371174,
            900.0
          ],
          [
            7.479823,
            47.371223,
            903.0
          ],
          [
            7.479561,
            47.371271,
            905.0
          ],
          [
            7.479471,
            47.371338,
            906.0
          ],
          [
            7.479454,
            47.371332,
            907.0
          ],
          [
            7.479355,
            47.37132,
            908.0
          ],
          [
            7.479094,
            47.37135,
            910.0
          ],
          [
            7.478861,
            47.371332,
            909.0
          ],
          [
            7.478699,
            47.371271,
            908.0
          ],
          [
            7.478232,
            47.371235,
            905.0
          ],
          [
            7.478043,
            47.37129,
            903.0
          ],
          [
            7.477676,
            47.371259,
            901.0
          ],
          [
            7.477244,
            47.371199,
            897.0
          ],
          [
            7.476974,
            47.371065,
            894.0
          ],
          [
            7.47667,
            47.370967,
            890.0
          ],
          [
            7.476355,
            47.370919,
            888.0
          ],
          [
            7.476014,
            47.370894,
            885.0
          ],
          [
            7.475565,
            47.3709,
            882.0
          ],
          [
            7.475349,
            47.370821,
            880.0
          ],
          [
            7.474989,
            47.37073,
            874.0
          ],
          [
            7.474612,
            47.370675,
            870.0
          ],
          [
            7.474324,
            47.370621,
            870.0
          ],
          [
            7.47402,
            47.370663,
            870.0
          ],
          [
            7.473821,
            47.370712,
            870.0
          ],
          [
            7.473381,
            47.370681,
            870.0
          ],
          [
            7.473238,
            47.370712,
            870.0
          ],
          [
            7.473031,
            47.370687,
            870.0
          ],
          [
            7.472699,
            47.370608,
            866.0
          ],
          [
            7.472456,
            47.37059,
            863.0
          ],
          [
            7.472249,
            47.370566,
            861.0
          ],
          [
            7.472115,
            47.370511,
            860.0
          ],
          [
            7.471836,
            47.370371,
            859.0
          ],
          [
            7.47162,
            47.370334,
            859.0
          ],
          [
            7.47154,
            47.37028,
            858.0
          ],
          [
            7.471351,
            47.370273,
            858.0
          ],
          [
            7.470928,
            47.370237,
            857.0
          ],
          [
            7.470678,
            47.370243,
            857.0
          ],
          [
            7.470435,
            47.370201,
            856.0
          ],
          [
            7.470291,
            47.370219,
            856.0
          ],
          [
            7.470183,
            47.370207,
            855.0
          ],
          [
            7.469976,
            47.370207,
            855.0
          ],
          [
            7.469626,
            47.370188,
            854.0
          ],
          [
            7.469429,
            47.370213,
            854.0
          ],
          [
            7.469303,
            47.37017,
            854.0
          ],
          [
            7.469106,
            47.370164,
            853.0
          ],
          [
            7.4688,
            47.37017,
            852.0
          ],
          [
            7.468171,
            47.37011,
            851.0
          ],
          [
            7.468072,
            47.370091,
            851.0
          ],
          [
            7.467865,
            47.370116,
            850.0
          ],
          [
            7.467569,
            47.370128,
            851.0
          ],
          [
            7.467362,
            47.370128,
            856.0
          ],
          [
            7.467291,
            47.370182,
            858.0
          ],
          [
            7.466976,
            47.370261,
            863.0
          ],
          [
            7.466707,
            47.370237,
            867.0
          ],
          [
            7.466626,
            47.370237,
            868.0
          ],
          [
            7.466483,
            47.370255,
            871.0
          ],
          [
            7.466339,
            47.370353,
            876.0
          ],
          [
            7.466159,
            47.370426,
            880.0
          ],
          [
            7.46598,
            47.370438,
            880.0
          ],
          [
            7.465565,
            47.370457,
            880.0
          ],
          [
            7.465395,
            47.370414,
            880.0
          ],
          [
            7.465261,
            47.370414,
            880.0
          ],
          [
            7.465189,
            47.370389,
            880.0
          ],
          [
            7.465099,
            47.370365,
            880.0
          ],
          [
            7.464919,
            47.370322,
            880.0
          ],
          [
            7.464812,
            47.370334,
            880.0
          ],
          [
            7.464668,
            47.370322,
            880.0
          ],
          [
            7.464569,
            47.37028,
            880.0
          ],
          [
            7.464462,
            47.370292,
            880.0
          ],
          [
            7.464273,
            47.37028,
            880.0
          ],
          [
            7.463814,
            47.37028,
            880.0
          ],
          [
            7.463428,
            47.370273,
            880.0
          ],
          [
            7.462754,
            47.370389,
            883.0
          ],
          [
            7.462485,
            47.370365,
            885.0
          ],
          [
            7.462018,
            47.370469,
            889.0
          ],
          [
            7.461793,
            47.370481,
            891.0
          ],
          [
            7.46155,
            47.370511,
            893.0
          ],
          [
            7.46137,
            47.37056,
            895.0
          ],
          [
            7.461353,
            47.37056,
            896.0
          ],
          [
            7.461217,
            47.370615,
            897.0
          ],
          [
            7.46094,
            47.370687,
            900.0
          ],
          [
            7.460751,
            47.370712,
            901.0
          ],
          [
            7.460284,
            47.370833,
            905.0
          ],
          [
            7.460086,
            47.370851,
            907.0
          ],
          [
            7.459762,
            47.370919,
            909.0
          ],
          [
            7.459215,
            47.370967,
            912.0
          ],
          [
            7.458919,
            47.370986,
            914.0
          ],
          [
            7.458667,
            47.371041,
            915.0
          ],
          [
            7.458433,
            47.371041,
            916.0
          ],
          [
            7.458173,
            47.371089,
            918.0
          ],
          [
            7.457554,
            47.371259,
            922.0
          ],
          [
            7.457391,
            47.371338,
            923.0
          ],
          [
            7.456969,
            47.371423,
            925.0
          ],
          [
            7.456753,
            47.37146,
            927.0
          ],
          [
            7.456546,
            47.371497,
            928.0
          ],
          [
            7.456367,
            47.371582,
            929.0
          ],
          [
            7.45616,
            47.371655,
            930.0
          ],
          [
            7.455946,
            47.371752,
            931.0
          ],
          [
            7.455883,
            47.371783,
            931.0
          ],
          [
            7.45582,
            47.371813,
            931.0
          ],
          [
            7.455693,
            47.371868,
            932.0
          ],
          [
            7.455567,
            47.37191,
            932.0
          ],
          [
            7.455514,
            47.371953,
            932.0
          ],
          [
            7.45538,
            47.372026,
            932.0
          ],
          [
            7.455334,
            47.372063,
            933.0
          ],
          [
            7.455254,
            47.372093,
            933.0
          ],
          [
            7.455235,
            47.372124,
            933.0
          ],
          [
            7.4552,
            47.372148,
            933.0
          ],
          [
            7.455164,
            47.37216,
            933.0
          ],
          [
            7.455137,
            47.372166,
            933.0
          ],
          [
            7.455091,
            47.372184,
            933.0
          ],
          [
            7.455047,
            47.372196,
            934.0
          ],
          [
            7.454993,
            47.372203,
            934.0
          ],
          [
            7.454894,
            47.372203,
            934.0
          ],
          [
            7.454841,
            47.372221,
            934.0
          ],
          [
            7.454795,
            47.372233,
            934.0
          ],
          [
            7.454751,
            47.372257,
            934.0
          ],
          [
            7.454688,
            47.372263,
            934.0
          ],
          [
            7.454634,
            47.372282,
            935.0
          ],
          [
            7.454579,
            47.372312,
            935.0
          ],
          [
            7.454544,
            47.372391,
            935.0
          ],
          [
            7.454489,
            47.372445,
            935.0
          ],
          [
            7.454454,
            47.372494,
            935.0
          ],
          [
            7.454346,
            47.372598,
            936.0
          ],
          [
            7.454238,
            47.372671,
            936.0
          ],
          [
            7.454149,
            47.37275,
            937.0
          ],
          [
            7.454085,
            47.372787,
            937.0
          ],
          [
            7.454032,
            47.372847,
            937.0
          ],
          [
            7.453969,
            47.372926,
            937.0
          ],
          [
            7.453888,
            47.372999,
            938.0
          ],
          [
            7.453843,
            47.373066,
            938.0
          ],
          [
            7.453807,
            47.373133,
            938.0
          ],
          [
            7.453735,
            47.373194,
            938.0
          ],
          [
            7.453663,
            47.373273,
            939.0
          ],
          [
            7.4536,
            47.373316,
            939.0
          ],
          [
            7.453556,
            47.373328,
            939.0
          ],
          [
            7.45351,
            47.373364,
            939.0
          ],
          [
            7.453457,
            47.373425,
            939.0
          ],
          [
            7.453349,
            47.373565,
            940.0
          ],
          [
            7.453296,
            47.373656,
            940.0
          ],
          [
            7.453267,
            47.373711,
            940.0
          ],
          [
            7.453233,
            47.37376,
            940.0
          ],
          [
            7.453151,
            47.373839,
            940.0
          ],
          [
            7.453088,
            47.373918,
            940.0
          ],
          [
            7.453026,
            47.373997,
            940.0
          ],
          [
            7.452971,
            47.374106,
            940.0
          ],
          [
            7.452927,
            47.374149,
            940.0
          ],
          [
            7.452864,
            47.374228,
            940.0
          ],
          [
            7.452846,
            47.374271,
            940.0
          ],
          [
            7.452791,
            47.374338,
            940.0
          ],
          [
            7.45272,
            47.374374,
            940.0
          ],
          [
            7.452577,
            47.374466,
            940.0
          ],
          [
            7.452351,
            47.374593,
            940.0
          ],
          [
            7.452307,
            47.374636,
            940.0
          ],
          [
            7.452225,
            47.37469,
            940.0
          ],
          [
            7.452154,
            47.374727,
            940.0
          ],
          [
            7.452028,
            47.37477,
            940.0
          ],
          [
            7.451992,
            47.374806,
            940.0
          ],
          [
            7.451984,
            47.374855,
            940.0
          ],
          [
            7.451992,
            47.374964,
            940.0
          ],
          [
            7.451921,
            47.375195,
            938.0
          ],
          [
            7.451885,
            47.375232,
            938.0
          ],
          [
            7.451714,
            47.375342,
            936.0
          ],
          [
            7.451229,
            47.375621,
            933.0
          ],
          [
            7.450996,
            47.375828,
            931.0
          ],
          [
            7.45078,
            47.37592,
            929.0
          ],
          [
            7.450411,
            47.375956,
            927.0
          ],
          [
            7.44998,
            47.375974,
            925.0
          ],
          [
            7.449594,
            47.375926,
            922.0
          ],
          [
            7.449225,
            47.375901,
            920.0
          ],
          [
            7.448938,
            47.375938,
            917.0
          ],
          [
            7.448803,
            47.375968,
            916.0
          ],
          [
            7.448722,
            47.376017,
            915.0
          ],
          [
            7.448273,
            47.376236,
            910.0
          ],
          [
            7.448093,
            47.376339,
            908.0
          ],
          [
            7.447887,
            47.37651,
            906.0
          ],
          [
            7.447608,
            47.376765,
            902.0
          ],
          [
            7.447438,
            47.376941,
            900.0
          ],
          [
            7.447177,
            47.377088,
            897.0
          ],
          [
            7.446962,
            47.377179,
            895.0
          ],
          [
            7.446602,
            47.377318,
            892.0
          ],
          [
            7.446414,
            47.377403,
            891.0
          ],
          [
            7.44627,
            47.377507,
            889.0
          ],
          [
            7.446036,
            47.377726,
            884.0
          ],
          [
            7.445812,
            47.377823,
            882.0
          ],
          [
            7.445812,
            47.377854,
            881.0
          ],
          [
            7.445812,
            47.377884,
            881.0
          ],
          [
            7.445793,
            47.377926,
            880.0
          ],
          [
            7.445759,
            47.377963,
            880.0
          ],
          [
            7.445713,
            47.378,
            880.0
          ],
          [
            7.445642,
            47.378049,
            880.0
          ],
          [
            7.445552,
            47.378104,
            879.0
          ],
          [
            7.445327,
            47.378182,
            879.0
          ],
          [
            7.445228,
            47.378213,
            879.0
          ],
          [
            7.445103,
            47.378237,
            878.0
          ],
          [
            7.444977,
            47.378255,
            878.0
          ],
          [
            7.444788,
            47.378261,
            878.0
          ],
          [
            7.444662,
            47.378274,
            878.0
          ],
          [
            7.4446,
            47.37828,
            878.0
          ],
          [
            7.444537,
            47.378286,
            877.0
          ],
          [
            7.444455,
            47.378298,
            877.0
          ],
          [
            7.444392,
            47.37831,
            877.0
          ],
          [
            7.444338,
            47.378328,
            877.0
          ],
          [
            7.444078,
            47.378419,
            876.0
          ],
          [
            7.443468,
            47.378681,
            875.0
          ],
          [
            7.443333,
            47.378742,
            875.0
          ],
          [
            7.443063,
            47.378863,
            874.0
          ],
          [
            7.442596,
            47.379113,
            873.0
          ],
          [
            7.442308,
            47.379296,
            873.0
          ],
          [
            7.442111,
            47.379423,
            872.0
          ],
          [
            7.441994,
            47.379496,
            872.0
          ],
          [
            7.441931,
            47.379526,
            871.0
          ],
          [
            7.441904,
            47.379538,
            871.0
          ],
          [
            7.441895,
            47.379551,
            871.0
          ],
          [
            7.44177,
            47.379606,
            870.0
          ],
          [
            7.441644,
            47.379654,
            870.0
          ],
          [
            7.441474,
            47.379685,
            870.0
          ],
          [
            7.441114,
            47.379697,
            869.0
          ],
          [
            7.440862,
            47.379685,
            868.0
          ],
          [
            7.440583,
            47.379636,
            868.0
          ],
          [
            7.440359,
            47.379557,
            868.0
          ],
          [
            7.439767,
            47.379174,
            866.0
          ],
          [
            7.438185,
            47.378219,
            862.0
          ],
          [
            7.438149,
            47.378195,
            862.0
          ],
          [
            7.438113,
            47.37817,
            862.0
          ],
          [
            7.436111,
            47.376747,
            856.0
          ],
          [
            7.434296,
            47.375573,
            850.0
          ],
          [
            7.43408,
            47.375475,
            850.0
          ],
          [
            7.433199,
            47.374922,
            846.0
          ],
          [
            7.432822,
            47.374702,
            844.0
          ],
          [
            7.432616,
            47.374569,
            843.0
          ],
          [
            7.431933,
            47.374088,
            839.0
          ],
          [
            7.431214,
            47.373736,
            836.0
          ],
          [
            7.431061,
            47.373644,
            835.0
          ],
          [
            7.430972,
            47.373595,
            834.0
          ],
          [
            7.430756,
            47.373486,
            833.0
          ],
          [
            7.430262,
            47.373304,
            831.0
          ],
          [
            7.428951,
            47.37292,
            823.0
          ],
          [
            7.428465,
            47.372768,
            820.0
          ],
          [
            7.428259,
            47.372714,
            819.0
          ],
          [
            7.427908,
            47.372598,
            817.0
          ],
          [
            7.427693,
            47.372525,
            816.0
          ],
          [
            7.427568,
            47.372512,
            816.0
          ],
          [
            7.427415,
            47.372525,
            815.0
          ],
          [
            7.42727,
            47.372555,
            814.0
          ],
          [
            7.427002,
            47.372616,
            813.0
          ],
          [
            7.42683,
            47.372671,
            812.0
          ],
          [
            7.42674,
            47.372714,
            811.0
          ],
          [
            7.426687,
            47.37275,
            811.0
          ],
          [
            7.426642,
            47.372811,
            810.0
          ],
          [
            7.426553,
            47.373023,
            810.0
          ],
          [
            7.42649,
            47.373182,
            810.0
          ],
          [
            7.426463,
            47.373358,
            810.0
          ],
          [
            7.426453,
            47.373528,
            810.0
          ],
          [
            7.426408,
            47.373827,
            810.0
          ],
          [
            7.426381,
            47.373918,
            810.0
          ],
          [
            7.426337,
            47.373991,
            812.0
          ],
          [
            7.4263,
            47.374088,
            815.0
          ],
          [
            7.426228,
            47.374222,
            818.0
          ],
          [
            7.426211,
            47.374289,
            820.0
          ],
          [
            7.426184,
            47.374387,
            823.0
          ],
          [
            7.426166,
            47.374453,
            825.0
          ],
          [
            7.426184,
            47.374496,
            826.0
          ],
          [
            7.426211,
            47.374514,
            827.0
          ],
          [
            7.42605,
            47.37452,
            830.0
          ],
          [
            7.425987,
            47.374514,
            830.0
          ],
          [
            7.425887,
            47.37452,
            829.0
          ],
          [
            7.425834,
            47.37452,
            829.0
          ],
          [
            7.425528,
            47.374538,
            827.0
          ],
          [
            7.425429,
            47.374581,
            826.0
          ],
          [
            7.425331,
            47.37466,
            826.0
          ],
          [
            7.425205,
            47.374702,
            825.0
          ],
          [
            7.425115,
            47.374733,
            824.0
          ],
          [
            7.425016,
            47.374782,
            824.0
          ],
          [
            7.424935,
            47.374794,
            823.0
          ],
          [
            7.424899,
            47.374818,
            823.0
          ],
          [
            7.424855,
            47.374885,
            822.0
          ],
          [
            7.424702,
            47.374952,
            821.0
          ],
          [
            7.424566,
            47.375037,
            820.0
          ],
          [
            7.424513,
            47.375049,
            819.0
          ],
          [
            7.424486,
            47.375056,
            819.0
          ],
          [
            7.424469,
            47.375025,
            817.0
          ],
          [
            7.424414,
            47.375013,
            816.0
          ],
          [
            7.424316,
            47.375049,
            813.0
          ],
          [
            7.424289,
            47.375043,
            812.0
          ],
          [
            7.42427,
            47.375013,
            811.0
          ],
          [
            7.424234,
            47.375001,
            810.0
          ],
          [
            7.424163,
            47.375013,
            810.0
          ],
          [
            7.424046,
            47.375031,
            810.0
          ],
          [
            7.423956,
            47.375049,
            810.0
          ],
          [
            7.423866,
            47.375068,
            810.0
          ],
          [
            7.423786,
            47.375074,
            810.0
          ],
          [
            7.42348,
            47.375116,
            810.0
          ],
          [
            7.423264,
            47.375134,
            810.0
          ],
          [
            7.423211,
            47.375134,
            810.0
          ],
          [
            7.423111,
            47.375122,
            810.0
          ],
          [
            7.42304,
            47.375116,
            810.0
          ],
          [
            7.422861,
            47.375153,
            810.0
          ],
          [
            7.422708,
            47.375153,
            810.0
          ],
          [
            7.422509,
            47.375128,
            810.0
          ],
          [
            7.422258,
            47.375171,
            810.0
          ],
          [
            7.421872,
            47.375274,
            810.0
          ],
          [
            7.42162,
            47.375317,
            810.0
          ],
          [
            7.42145,
            47.375342,
            810.0
          ],
          [
            7.421324,
            47.375372,
            810.0
          ],
          [
            7.421037,
            47.375409,
            810.0
          ],
          [
            7.420794,
            47.375506,
            810.0
          ],
          [
            7.420515,
            47.375506,
            810.0
          ],
          [
            7.420354,
            47.375506,
            811.0
          ],
          [
            7.420228,
            47.37553,
            812.0
          ],
          [
            7.420129,
            47.375512,
            812.0
          ],
          [
            7.419976,
            47.375457,
            813.0
          ],
          [
            7.419832,
            47.375451,
            814.0
          ],
          [
            7.419635,
            47.375463,
            815.0
          ],
          [
            7.419555,
            47.375457,
            815.0
          ],
          [
            7.419465,
            47.375463,
            816.0
          ],
          [
            7.41932,
            47.375433,
            816.0
          ],
          [
            7.419203,
            47.375433,
            817.0
          ],
          [
            7.419123,
            47.375421,
            817.0
          ],
          [
            7.418899,
            47.375415,
            818.0
          ],
          [
            7.418647,
            47.375451,
            820.0
          ],
          [
            7.418584,
            47.3755,
            820.0
          ],
          [
            7.41853,
            47.375548,
            820.0
          ],
          [
            7.418387,
            47.375591,
            820.0
          ],
          [
            7.418278,
            47.375639,
            820.0
          ],
          [
            7.418161,
            47.375743,
            820.0
          ],
          [
            7.417974,
            47.375816,
            820.0
          ],
          [
            7.417821,
            47.375816,
            820.0
          ],
          [
            7.417721,
            47.37581,
            820.0
          ],
          [
            7.417605,
            47.375822,
            820.0
          ],
          [
            7.417488,
            47.375822,
            820.0
          ],
          [
            7.417389,
            47.375797,
            820.0
          ],
          [
            7.417299,
            47.37581,
            820.0
          ],
          [
            7.417075,
            47.375859,
            820.0
          ],
          [
            7.416913,
            47.375895,
            820.0
          ],
          [
            7.416679,
            47.375895,
            820.0
          ],
          [
            7.416536,
            47.375877,
            820.0
          ],
          [
            7.416482,
            47.375883,
            820.0
          ],
          [
            7.416463,
            47.375907,
            820.0
          ],
          [
            7.416392,
            47.375938,
            820.0
          ],
          [
            7.416419,
            47.37595,
            820.0
          ],
          [
            7.416509,
            47.375987,
            820.0
          ],
          [
            7.416563,
            47.376005,
            820.0
          ],
          [
            7.416662,
            47.376005,
            819.0
          ],
          [
            7.416662,
            47.376023,
            818.0
          ],
          [
            7.416599,
            47.376047,
            817.0
          ],
          [
            7.4165,
            47.376078,
            816.0
          ],
          [
            7.416329,
            47.376144,
            814.0
          ],
          [
            7.416069,
            47.376242,
            810.0
          ],
          [
            7.416006,
            47.376278,
            810.0
          ],
          [
            7.415907,
            47.376357,
            809.0
          ],
          [
            7.415773,
            47.376382,
            808.0
          ],
          [
            7.415637,
            47.376363,
            808.0
          ],
          [
            7.415421,
            47.376314,
            807.0
          ],
          [
            7.415261,
            47.37629,
            806.0
          ],
          [
            7.415062,
            47.37626,
            805.0
          ],
          [
            7.415054,
            47.376424,
            802.0
          ],
          [
            7.414856,
            47.376777,
            790.0
          ],
          [
            7.414649,
            47.376728,
            790.0
          ],
          [
            7.414505,
            47.376698,
            790.0
          ],
          [
            7.414505,
            47.376698,
            790.0
          ],
          [
            7.414434,
            47.376686,
            790.0
          ],
          [
            7.414155,
            47.376637,
            790.0
          ],
          [
            7.41402,
            47.376607,
            790.0
          ],
          [
            7.41385,
            47.376564,
            790.0
          ],
          [
            7.41359,
            47.376485,
            790.0
          ],
          [
            7.413463,
            47.376461,
            790.0
          ],
          [
            7.413337,
            47.37643,
            790.0
          ],
          [
            7.413176,
            47.376406,
            790.0
          ],
          [
            7.413014,
            47.376382,
            789.0
          ],
          [
            7.412763,
            47.376351,
            788.0
          ],
          [
            7.412601,
            47.376327,
            787.0
          ],
          [
            7.41244,
            47.376302,
            787.0
          ],
          [
            7.412125,
            47.376248,
            785.0
          ],
          [
            7.411855,
            47.376205,
            784.0
          ],
          [
            7.411586,
            47.376175,
            782.0
          ],
          [
            7.411469,
            47.376163,
            782.0
          ],
          [
            7.411379,
            47.376163,
            782.0
          ],
          [
            7.411272,
            47.376157,
            782.0
          ],
          [
            7.411173,
            47.376157,
            782.0
          ],
          [
            7.411056,
            47.376169,
            782.0
          ],
          [
            7.410913,
            47.376181,
            783.0
          ],
          [
            7.410724,
            47.376205,
            783.0
          ],
          [
            7.410706,
            47.376205,
            783.0
          ],
          [
            7.41049,
            47.376236,
            783.0
          ],
          [
            7.410347,
            47.376248,
            783.0
          ],
          [
            7.409781,
            47.376302,
            784.0
          ],
          [
            7.409601,
            47.376321,
            784.0
          ],
          [
            7.409494,
            47.376351,
            791.0
          ],
          [
            7.409286,
            47.376369,
            793.0
          ],
          [
            7.409071,
            47.376394,
            795.0
          ],
          [
            7.4089,
            47.376437,
            796.0
          ],
          [
            7.408855,
            47.376455,
            797.0
          ],
          [
            7.408739,
            47.376534,
            798.0
          ],
          [
            7.408469,
            47.376674,
            800.0
          ],
          [
            7.408299,
            47.376747,
            800.0
          ],
          [
            7.408037,
            47.376789,
            800.0
          ],
          [
            7.40767,
            47.37685,
            800.0
          ],
          [
            7.407517,
            47.37688,
            800.0
          ],
          [
            7.407167,
            47.37699,
            800.0
          ],
          [
            7.406987,
            47.377027,
            800.0
          ],
          [
            7.406609,
            47.377057,
            800.0
          ],
          [
            7.406466,
            47.377094,
            800.0
          ],
          [
            7.406035,
            47.377209,
            800.0
          ],
          [
            7.405792,
            47.377197,
            800.0
          ],
          [
            7.405504,
            47.377203,
            800.0
          ],
          [
            7.405263,
            47.377233,
            800.0
          ],
          [
            7.404974,
            47.377258,
            800.0
          ],
          [
            7.404894,
            47.37727,
            800.0
          ],
          [
            7.40467,
            47.377276,
            800.0
          ],
          [
            7.40449,
            47.377294,
            800.0
          ],
          [
            7.404238,
            47.377361,
            798.0
          ],
          [
            7.404094,
            47.377397,
            798.0
          ],
          [
            7.403744,
            47.377385,
            796.0
          ],
          [
            7.403483,
            47.377397,
            795.0
          ],
          [
            7.403402,
            47.377379,
            795.0
          ],
          [
            7.403268,
            47.37733,
            794.0
          ],
          [
            7.403169,
            47.377312,
            794.0
          ],
          [
            7.403007,
            47.377324,
            793.0
          ],
          [
            7.4029,
            47.377318,
            792.0
          ],
          [
            7.402693,
            47.377361,
            792.0
          ],
          [
            7.402576,
            47.377409,
            791.0
          ],
          [
            7.402477,
            47.377428,
            790.0
          ],
          [
            7.402378,
            47.377422,
            790.0
          ],
          [
            7.402288,
            47.377428,
            789.0
          ],
          [
            7.40201,
            47.377507,
            786.0
          ],
          [
            7.401785,
            47.377544,
            784.0
          ],
          [
            7.401615,
            47.377586,
            782.0
          ],
          [
            7.401435,
            47.377611,
            780.0
          ],
          [
            7.401219,
            47.377629,
            780.0
          ],
          [
            7.401039,
            47.377653,
            780.0
          ],
          [
            7.400915,
            47.377647,
            780.0
          ],
          [
            7.400716,
            47.377678,
            780.0
          ],
          [
            7.40051,
            47.377671,
            780.0
          ],
          [
            7.40033,
            47.377696,
            780.0
          ],
          [
            7.400232,
            47.37772,
            780.0
          ],
          [
            7.399963,
            47.377726,
            779.0
          ],
          [
            7.3998,
            47.377708,
            779.0
          ],
          [
            7.399647,
            47.377714,
            778.0
          ],
          [
            7.399576,
            47.377708,
            778.0
          ],
          [
            7.399504,
            47.377726,
            778.0
          ],
          [
            7.399217,
            47.37775,
            777.0
          ],
          [
            7.399028,
            47.377738,
            776.0
          ],
          [
            7.398839,
            47.377769,
            775.0
          ],
          [
            7.398561,
            47.377756,
            775.0
          ],
          [
            7.398255,
            47.377744,
            774.0
          ],
          [
            7.398202,
            47.377781,
            773.0
          ],
          [
            7.398093,
            47.377793,
            773.0
          ],
          [
            7.397887,
            47.377775,
            772.0
          ],
          [
            7.397779,
            47.377775,
            772.0
          ],
          [
            7.397609,
            47.377763,
            771.0
          ],
          [
            7.397294,
            47.377823,
            770.0
          ],
          [
            7.39707,
            47.377829,
            770.0
          ],
          [
            7.396871,
            47.377829,
            769.0
          ],
          [
            7.396584,
            47.377787,
            768.0
          ],
          [
            7.39645,
            47.377805,
            768.0
          ],
          [
            7.396279,
            47.377854,
            767.0
          ],
          [
            7.395884,
            47.377872,
            766.0
          ],
          [
            7.395659,
            47.377908,
            765.0
          ],
          [
            7.395408,
            47.377951,
            764.0
          ],
          [
            7.39503,
            47.377975,
            763.0
          ],
          [
            7.394716,
            47.377988,
            762.0
          ],
          [
            7.394544,
            47.378049,
            761.0
          ],
          [
            7.394284,
            47.378104,
            760.0
          ],
          [
            7.394042,
            47.378085,
            760.0
          ],
          [
            7.393917,
            47.378116,
            760.0
          ],
          [
            7.393772,
            47.378128,
            760.0
          ],
          [
            7.393512,
            47.378152,
            760.0
          ],
          [
            7.393368,
            47.378213,
            760.0
          ],
          [
            7.393198,
            47.37831,
            760.0
          ],
          [
            7.393045,
            47.378346,
            761.0
          ],
          [
            7.392919,
            47.378371,
            763.0
          ],
          [
            7.39282,
            47.37845,
            764.0
          ],
          [
            7.392659,
            47.378535,
            766.0
          ],
          [
            7.392523,
            47.378584,
            768.0
          ],
          [
            7.392353,
            47.378657,
            770.0
          ],
          [
            7.392183,
            47.378772,
            774.0
          ],
          [
            7.392084,
            47.378797,
            776.0
          ],
          [
            7.391823,
            47.378833,
            780.0
          ],
          [
            7.39168,
            47.378888,
            782.0
          ],
          [
            7.391544,
            47.378961,
            785.0
          ],
          [
            7.391392,
            47.379009,
            788.0
          ],
          [
            7.391024,
            47.379083,
            793.0
          ],
          [
            7.390907,
            47.379125,
            794.0
          ],
          [
            7.390728,
            47.379235,
            797.0
          ],
          [
            7.390341,
            47.379374,
            804.0
          ],
          [
            7.38991,
            47.379514,
            812.0
          ],
          [
            7.389757,
            47.379557,
            814.0
          ],
          [
            7.389649,
            47.379575,
            815.0
          ],
          [
            7.389523,
            47.379618,
            817.0
          ],
          [
            7.389371,
            47.37963,
            819.0
          ],
          [
            7.389183,
            47.379618,
            822.0
          ],
          [
            7.389011,
            47.379642,
            824.0
          ],
          [
            7.38894,
            47.379648,
            824.0
          ],
          [
            7.388823,
            47.379685,
            826.0
          ],
          [
            7.388688,
            47.379715,
            828.0
          ],
          [
            7.388562,
            47.379752,
            829.0
          ],
          [
            7.388428,
            47.379819,
            829.0
          ],
          [
            7.388391,
            47.379831,
            829.0
          ],
          [
            7.388374,
            47.379831,
            829.0
          ],
          [
            7.388328,
            47.379825,
            829.0
          ],
          [
            7.388239,
            47.379794,
            828.0
          ],
          [
            7.388131,
            47.379782,
            828.0
          ],
          [
            7.388051,
            47.37977,
            827.0
          ],
          [
            7.387996,
            47.37977,
            827.0
          ],
          [
            7.387969,
            47.3798,
            826.0
          ],
          [
            7.387942,
            47.379831,
            826.0
          ],
          [
            7.387906,
            47.379849,
            826.0
          ],
          [
            7.387862,
            47.379861,
            826.0
          ],
          [
            7.387754,
            47.379879,
            825.0
          ],
          [
            7.387646,
            47.379892,
            824.0
          ],
          [
            7.387583,
            47.379879,
            824.0
          ],
          [
            7.38726,
            47.379794,
            822.0
          ],
          [
            7.387395,
            47.379746,
            821.0
          ],
          [
            7.387439,
            47.379685,
            820.0
          ],
          [
            7.38743,
            47.379679,
            820.0
          ],
          [
            7.38726,
            47.379661,
            817.0
          ],
          [
            7.387206,
            47.379636,
            815.0
          ],
          [
            7.387189,
            47.379581,
            814.0
          ],
          [
            7.387134,
            47.379557,
            812.0
          ],
          [
            7.386927,
            47.379532,
            808.0
          ],
          [
            7.386649,
            47.379545,
            804.0
          ],
          [
            7.386568,
            47.379575,
            803.0
          ],
          [
            7.386487,
            47.379612,
            801.0
          ],
          [
            7.386271,
            47.37963,
            798.0
          ],
          [
            7.386164,
            47.379612,
            796.0
          ],
          [
            7.386038,
            47.379563,
            794.0
          ],
          [
            7.385841,
            47.379563,
            792.0
          ],
          [
            7.385661,
            47.379538,
            789.0
          ],
          [
            7.385401,
            47.37952,
            787.0
          ],
          [
            7.385095,
            47.379472,
            784.0
          ],
          [
            7.38487,
            47.379496,
            782.0
          ],
          [
            7.384646,
            47.379514,
            780.0
          ],
          [
            7.384529,
            47.379508,
            779.0
          ],
          [
            7.384449,
            47.379508,
            778.0
          ],
          [
            7.384296,
            47.379459,
            777.0
          ],
          [
            7.38408,
            47.379459,
            775.0
          ],
          [
            7.383766,
            47.379484,
            771.0
          ],
          [
            7.383613,
            47.379478,
            770.0
          ],
          [
            7.383244,
            47.37949,
            768.0
          ],
          [
            7.383055,
            47.379478,
            767.0
          ],
          [
            7.382902,
            47.379441,
            767.0
          ],
          [
            7.382652,
            47.379466,
            765.0
          ],
          [
            7.382336,
            47.379466,
            764.0
          ],
          [
            7.382229,
            47.379484,
            763.0
          ],
          [
            7.382059,
            47.379459,
            763.0
          ],
          [
            7.381933,
            47.379472,
            762.0
          ],
          [
            7.381744,
            47.379502,
            761.0
          ],
          [
            7.381619,
            47.379472,
            760.0
          ],
          [
            7.38142,
            47.379435,
            759.0
          ],
          [
            7.381205,
            47.379423,
            757.0
          ],
          [
            7.380927,
            47.379381,
            755.0
          ],
          [
            7.38072,
            47.379429,
            753.0
          ],
          [
            7.38055,
            47.379411,
            752.0
          ],
          [
            7.380405,
            47.379441,
            751.0
          ],
          [
            7.380082,
            47.379551,
            746.0
          ],
          [
            7.379956,
            47.379557,
            745.0
          ],
          [
            7.37966,
            47.379496,
            741.0
          ],
          [
            7.379346,
            47.37949,
            738.0
          ],
          [
            7.379086,
            47.379532,
            735.0
          ],
          [
            7.378843,
            47.37952,
            732.0
          ],
          [
            7.3786,
            47.379508,
            730.0
          ],
          [
            7.378168,
            47.379587,
            728.0
          ],
          [
            7.377881,
            47.379618,
            727.0
          ],
          [
            7.377747,
            47.37963,
            727.0
          ],
          [
            7.377602,
            47.379606,
            726.0
          ],
          [
            7.377504,
            47.379545,
            726.0
          ],
          [
            7.377298,
            47.379514,
            725.0
          ],
          [
            7.377036,
            47.379466,
            724.0
          ],
          [
            7.376633,
            47.379472,
            723.0
          ],
          [
            7.376417,
            47.379478,
            722.0
          ],
          [
            7.376346,
            47.379508,
            722.0
          ],
          [
            7.376237,
            47.379532,
            722.0
          ],
          [
            7.376094,
            47.379532,
            721.0
          ],
          [
            7.375977,
            47.379569,
            721.0
          ],
          [
            7.375878,
            47.379587,
            720.0
          ],
          [
            7.375627,
            47.379563,
            718.0
          ],
          [
            7.375518,
            47.379581,
            716.0
          ],
          [
            7.375411,
            47.379569,
            714.0
          ],
          [
            7.375214,
            47.379551,
            710.0
          ],
          [
            7.375034,
            47.379538,
            709.0
          ],
          [
            7.374683,
            47.379478,
            706.0
          ],
          [
            7.374252,
            47.379411,
            702.0
          ],
          [
            7.374145,
            47.379393,
            701.0
          ],
          [
            7.373875,
            47.379411,
            698.0
          ],
          [
            7.373596,
            47.379387,
            695.0
          ],
          [
            7.373407,
            47.379362,
            693.0
          ],
          [
            7.373246,
            47.379338,
            692.0
          ],
          [
            7.373084,
            47.379368,
            690.0
          ],
          [
            7.372986,
            47.379368,
            689.0
          ],
          [
            7.372904,
            47.379344,
            688.0
          ],
          [
            7.372788,
            47.37935,
            687.0
          ],
          [
            7.372554,
            47.379399,
            685.0
          ],
          [
            7.372365,
            47.379441,
            683.0
          ],
          [
            7.372267,
            47.379453,
            682.0
          ],
          [
            7.372168,
            47.379429,
            681.0
          ],
          [
            7.372096,
            47.379393,
            680.0
          ],
          [
            7.371998,
            47.379381,
            677.0
          ],
          [
            7.371899,
            47.379362,
            675.0
          ],
          [
            7.371818,
            47.379289,
            672.0
          ],
          [
            7.371746,
            47.379271,
            670.0
          ],
          [
            7.371665,
            47.379259,
            667.0
          ],
          [
            7.371566,
            47.379235,
            664.0
          ],
          [
            7.371557,
            47.379204,
            663.0
          ],
          [
            7.371476,
            47.379174,
            660.0
          ],
          [
            7.371315,
            47.379168,
            657.0
          ],
          [
            7.371126,
            47.379156,
            653.0
          ],
          [
            7.370929,
            47.379125,
            650.0
          ],
          [
            7.37083,
            47.379144,
            649.0
          ],
          [
            7.370704,
            47.379119,
            648.0
          ],
          [
            7.3703,
            47.379095,
            645.0
          ],
          [
            7.370093,
            47.379125,
            643.0
          ],
          [
            7.369815,
            47.379156,
            641.0
          ],
          [
            7.369707,
            47.379156,
            640.0
          ],
          [
            7.369482,
            47.379125,
            637.0
          ],
          [
            7.369159,
            47.37907,
            631.0
          ],
          [
            7.368979,
            47.379058,
            629.0
          ],
          [
            7.368845,
            47.379015,
            627.0
          ],
          [
            7.368646,
            47.378967,
            625.0
          ],
          [
            7.368422,
            47.378979,
            623.0
          ],
          [
            7.368233,
            47.378967,
            620.0
          ],
          [
            7.36809,
            47.378936,
            619.0
          ],
          [
            7.367865,
            47.378882,
            617.0
          ],
          [
            7.367443,
            47.378888,
            613.0
          ],
          [
            7.367344,
            47.378863,
            613.0
          ],
          [
            7.367057,
            47.378882,
            610.0
          ],
          [
            7.366805,
            47.378876,
            608.0
          ],
          [
            7.366805,
            47.378876,
            608.0
          ],
          [
            7.366805,
            47.378876,
            608.0
          ],
          [
            7.366652,
            47.378845,
            606.0
          ],
          [
            7.366572,
            47.378803,
            605.0
          ],
          [
            7.366482,
            47.378742,
            604.0
          ],
          [
            7.366409,
            47.378742,
            603.0
          ],
          [
            7.366312,
            47.378742,
            603.0
          ],
          [
            7.366122,
            47.37876,
            601.0
          ],
          [
            7.365979,
            47.378748,
            599.0
          ],
          [
            7.365862,
            47.378706,
            597.0
          ],
          [
            7.36587,
            47.378675,
            596.0
          ],
          [
            7.365826,
            47.378639,
            595.0
          ],
          [
            7.36553,
            47.378627,
            591.0
          ],
          [
            7.36517,
            47.378578,
            586.0
          ],
          [
            7.364937,
            47.378584,
            583.0
          ],
          [
            7.364587,
            47.378621,
            579.0
          ],
          [
            7.364497,
            47.378614,
            577.0
          ],
          [
            7.364434,
            47.378596,
            576.0
          ],
          [
            7.364398,
            47.378572,
            575.0
          ],
          [
            7.364371,
            47.378523,
            573.0
          ],
          [
            7.36438,
            47.37845,
            571.0
          ],
          [
            7.364434,
            47.378359,
            569.0
          ],
          [
            7.364622,
            47.378189,
            563.0
          ],
          [
            7.364757,
            47.378024,
            558.0
          ],
          [
            7.36508,
            47.377763,
            549.0
          ],
          [
            7.365314,
            47.377574,
            543.0
          ],
          [
            7.366059,
            47.377136,
            530.0
          ],
          [
            7.366356,
            47.377027,
            527.0
          ],
          [
            7.366203,
            47.377002,
            525.0
          ],
          [
            7.365988,
            47.377002,
            523.0
          ],
          [
            7.365763,
            47.37696,
            521.0
          ],
          [
            7.365664,
            47.376923,
            520.0
          ],
          [
            7.36553,
            47.376747,
            514.0
          ],
          [
            7.365484,
            47.376686,
            512.0
          ],
          [
            7.365233,
            47.376504,
            506.0
          ],
          [
            7.365098,
            47.376388,
            502.0
          ],
          [
            7.365008,
            47.376351,
            500.0
          ],
          [
            7.364748,
            47.376308,
            497.0
          ],
          [
            7.364622,
            47.37626,
            495.0
          ],
          [
            7.364578,
            47.376254,
            494.0
          ],
          [
            7.364442,
            47.37626,
            493.0
          ],
          [
            7.364398,
            47.376248,
            492.0
          ],
          [
            7.364362,
            47.376181,
            491.0
          ],
          [
            7.364352,
            47.37615,
            490.0
          ],
          [
            7.364291,
            47.376011,
            486.0
          ],
          [
            7.364209,
            47.375901,
            483.0
          ],
          [
            7.364201,
            47.375865,
            482.0
          ],
          [
            7.364191,
            47.375749,
            479.0
          ],
          [
            7.364119,
            47.375688,
            477.0
          ],
          [
            7.364075,
            47.375542,
            474.0
          ],
          [
            7.364056,
            47.375482,
            473.0
          ],
          [
            7.363966,
            47.375427,
            471.0
          ],
          [
            7.363849,
            47.375378,
            469.0
          ],
          [
            7.363635,
            47.375153,
            464.0
          ],
          [
            7.363553,
            47.375062,
            462.0
          ],
          [
            7.363392,
            47.374958,
            459.0
          ],
          [
            7.36332,
            47.374776,
            456.0
          ],
          [
            7.363212,
            47.374654,
            453.0
          ],
          [
            7.363159,
            47.374629,
            453.0
          ],
          [
            7.363077,
            47.374563,
            451.0
          ],
          [
            7.362996,
            47.374472,
            449.0
          ],
          [
            7.362933,
            47.374405,
            447.0
          ],
          [
            7.362889,
            47.374362,
            446.0
          ],
          [
            7.362807,
            47.374338,
            445.0
          ],
          [
            7.362646,
            47.374253,
            442.0
          ],
          [
            7.362593,
            47.374167,
            440.0
          ],
          [
            7.362583,
            47.374094,
            440.0
          ],
          [
            7.362619,
            47.373973,
            439.0
          ],
          [
            7.362637,
            47.373869,
            438.0
          ],
          [
            7.362467,
            47.373632,
            436.0
          ],
          [
            7.362457,
            47.373541,
            435.0
          ],
          [
            7.362413,
            47.373474,
            435.0
          ],
          [
            7.362206,
            47.373298,
            433.0
          ],
          [
            7.362178,
            47.373237,
            432.0
          ],
          [
            7.362206,
            47.373188,
            432.0
          ],
          [
            7.362268,
            47.373127,
            432.0
          ],
          [
            7.362278,
            47.373042,
            431.0
          ],
          [
            7.362224,
            47.372878,
            429.0
          ],
          [
            7.362241,
            47.372768,
            428.0
          ],
          [
            7.362278,
            47.372671,
            426.0
          ],
          [
            7.362296,
            47.372573,
            425.0
          ],
          [
            7.362296,
            47.372512,
            424.0
          ],
          [
            7.362197,
            47.372415,
            422.0
          ],
          [
            7.36217,
            47.37236,
            421.0
          ],
          [
            7.362143,
            47.372324,
            421.0
          ],
          [
            7.361945,
            47.372196,
            417.0
          ],
          [
            7.361514,
            47.372215,
            410.0
          ],
          [
            7.361343,
            47.372306,
            408.0
          ],
          [
            7.361316,
            47.372354,
            407.0
          ],
          [
            7.361254,
            47.372069,
            408.0
          ],
          [
            7.361191,
            47.371977,
            408.0
          ],
          [
            7.361155,
            47.371837,
            408.0
          ],
          [
            7.361209,
            47.371491,
            409.0
          ],
          [
            7.361245,
            47.371326,
            410.0
          ],
          [
            7.361272,
            47.37129,
            410.0
          ],
          [
            7.361308,
            47.371259,
            410.0
          ],
          [
            7.361245,
            47.371241,
            410.0
          ],
          [
            7.360769,
            47.371138,
            410.0
          ],
          [
            7.360733,
            47.371132,
            410.0
          ],
          [
            7.360589,
            47.371107,
            410.0
          ],
          [
            7.360526,
            47.371107,
            410.0
          ],
          [
            7.360463,
            47.371114,
            410.0
          ],
          [
            7.360356,
            47.371132,
            410.0
          ],
          [
            7.360256,
            47.37115,
            410.0
          ],
          [
            7.360122,
            47.37118,
            410.0
          ],
          [
            7.36005,
            47.371192,
            410.0
          ],
          [
            7.359987,
            47.371205,
            410.0
          ],
          [
            7.359861,
            47.371107,
            410.0
          ],
          [
            7.359817,
            47.371077,
            410.0
          ],
          [
            7.359771,
            47.371047,
            410.0
          ],
          [
            7.359654,
            47.370986,
            410.0
          ],
          [
            7.359538,
            47.370931,
            410.0
          ],
          [
            7.359322,
            47.370851,
            410.0
          ],
          [
            7.359025,
            47.370791,
            410.0
          ],
          [
            7.358568,
            47.370706,
            410.0
          ],
          [
            7.358262,
            47.370633,
            410.0
          ],
          [
            7.35802,
            47.370566,
            410.0
          ],
          [
            7.357993,
            47.370608,
            410.0
          ],
          [
            7.357975,
            47.370645,
            410.0
          ],
          [
            7.35783,
            47.370608,
            410.0
          ],
          [
            7.357606,
            47.370548,
            410.0
          ],
          [
            7.357526,
            47.370511,
            410.0
          ],
          [
            7.357391,
            47.37045,
            410.0
          ],
          [
            7.357094,
            47.370353,
            410.0
          ],
          [
            7.356968,
            47.37031,
            410.0
          ],
          [
            7.356807,
            47.370273,
            410.0
          ],
          [
            7.356637,
            47.370255,
            410.0
          ],
          [
            7.356348,
            47.370188,
            410.0
          ],
          [
            7.356169,
            47.370116,
            410.0
          ],
          [
            7.355872,
            47.370018,
            410.0
          ],
          [
            7.355567,
            47.369872,
            410.0
          ],
          [
            7.355612,
            47.369836,
            410.0
          ],
          [
            7.355675,
            47.369781,
            410.0
          ],
          [
            7.355549,
            47.369659,
            410.0
          ],
          [
            7.355486,
            47.369611,
            410.0
          ],
          [
            7.355459,
            47.369592,
            410.0
          ],
          [
            7.355352,
            47.369538,
            410.0
          ],
          [
            7.355209,
            47.369471,
            410.0
          ],
          [
            7.355046,
            47.369404,
            410.0
          ],
          [
            7.354759,
            47.369288,
            410.0
          ],
          [
            7.354624,
            47.369178,
            410.0
          ],
          [
            7.354553,
            47.369136,
            410.0
          ],
          [
            7.354337,
            47.36902,
            410.0
          ],
          [
            7.354067,
            47.368771,
            410.0
          ],
          [
            7.353987,
            47.368655,
            410.0
          ],
          [
            7.353932,
            47.368527,
            410.0
          ],
          [
            7.353645,
            47.368303,
            410.0
          ],
          [
            7.353322,
            47.368035,
            410.0
          ],
          [
            7.353196,
            47.367943,
            410.0
          ],
          [
            7.352989,
            47.367822,
            410.0
          ],
          [
            7.352855,
            47.367743,
            410.0
          ],
          [
            7.352819,
            47.367719,
            410.0
          ],
          [
            7.352656,
            47.36767,
            410.0
          ],
          [
            7.352486,
            47.367621,
            410.0
          ],
          [
            7.352046,
            47.367505,
            410.0
          ],
          [
            7.351938,
            47.367469,
            410.0
          ],
          [
            7.351867,
            47.367414,
            410.0
          ],
          [
            7.351794,
            47.367323,
            410.0
          ],
          [
            7.351624,
            47.367183,
            410.0
          ],
          [
            7.351255,
            47.366933,
            410.0
          ],
          [
            7.350914,
            47.366757,
            410.0
          ],
          [
            7.350689,
            47.366642,
            410.0
          ],
          [
            7.350653,
            47.366611,
            410.0
          ],
          [
            7.350626,
            47.366581,
            410.0
          ],
          [
            7.350563,
            47.366551,
            410.0
          ],
          [
            7.350411,
            47.366526,
            410.0
          ],
          [
            7.349917,
            47.366209,
            412.0
          ],
          [
            7.349432,
            47.366009,
            414.0
          ],
          [
            7.348785,
            47.365814,
            418.0
          ],
          [
            7.348803,
            47.365759,
            418.0
          ],
          [
            7.348838,
            47.365662,
            418.0
          ],
          [
            7.348866,
            47.365559,
            418.0
          ],
          [
            7.348911,
            47.365419,
            418.0
          ],
          [
            7.348964,
            47.36526,
            417.0
          ],
          [
            7.349135,
            47.364731,
            417.0
          ],
          [
            7.349163,
            47.36467,
            417.0
          ],
          [
            7.34919,
            47.364609,
            417.0
          ],
          [
            7.349288,
            47.364299,
            417.0
          ],
          [
            7.349351,
            47.36411,
            416.0
          ],
          [
            7.349369,
            47.364061,
            416.0
          ],
          [
            7.349404,
            47.363916,
            416.0
          ],
          [
            7.349494,
            47.363624,
            416.0
          ],
          [
            7.349521,
            47.363544,
            416.0
          ],
          [
            7.34954,
            47.363459,
            416.0
          ],
          [
            7.34954,
            47.363429,
            416.0
          ],
          [
            7.349513,
            47.363423,
            416.0
          ],
          [
            7.349494,
            47.36341,
            416.0
          ],
          [
            7.349477,
            47.363398,
            416.0
          ],
          [
            7.349459,
            47.36338,
            416.0
          ],
          [
            7.349467,
            47.363362,
            416.0
          ],
          [
            7.349477,
            47.363344,
            416.0
          ],
          [
            7.349494,
            47.363325,
            416.0
          ],
          [
            7.349521,
            47.363319,
            416.0
          ],
          [
            7.349549,
            47.363313,
            416.0
          ],
          [
            7.349576,
            47.363319,
            416.0
          ],
          [
            7.349584,
            47.363301,
            416.0
          ],
          [
            7.34963,
            47.363204,
            416.0
          ],
          [
            7.349683,
            47.36304,
            416.0
          ],
          [
            7.349693,
            47.363003,
            415.0
          ],
          [
            7.349737,
            47.362881,
            415.0
          ],
          [
            7.349737,
            47.362857,
            415.0
          ],
          [
            7.349773,
            47.362778,
            415.0
          ],
          [
            7.349737,
            47.362772,
            415.0
          ],
          [
            7.34971,
            47.36276,
            415.0
          ],
          [
            7.349693,
            47.362741,
            415.0
          ],
          [
            7.349683,
            47.362717,
            415.0
          ],
          [
            7.349693,
            47.362699,
            415.0
          ],
          [
            7.349701,
            47.362681,
            415.0
          ],
          [
            7.349719,
            47.362662,
            415.0
          ],
          [
            7.349746,
            47.36265,
            415.0
          ],
          [
            7.349782,
            47.36265,
            415.0
          ],
          [
            7.3498,
            47.362602,
            415.0
          ],
          [
            7.349809,
            47.362407,
            415.0
          ],
          [
            7.349845,
            47.362309,
            415.0
          ],
          [
            7.349909,
            47.362297,
            415.0
          ],
          [
            7.349926,
            47.362242,
            415.0
          ],
          [
            7.350456,
            47.362339,
            415.0
          ],
          [
            7.350474,
            47.362309,
            414.0
          ],
          [
            7.350519,
            47.362218,
            410.0
          ],
          [
            7.350536,
            47.362181,
            410.0
          ],
          [
            7.350572,
            47.362194,
            410.0
          ],
          [
            7.350591,
            47.362145,
            410.0
          ],
          [
            7.350582,
            47.362084,
            414.0
          ],
          [
            7.350582,
            47.362066,
            416.0
          ],
          [
            7.350635,
            47.361945,
            416.0
          ],
          [
            7.350662,
            47.361951,
            416.0
          ],
          [
            7.350806,
            47.361981,
            410.0
          ],
          [
            7.350806,
            47.361969,
            410.0
          ]
        ]
      }
    }
  ]
}