{
  "type": "FeatureCollection",
  "features": [
    {
      "type": "Feature",
      "properties": {},
      "geometry": {
        "type": "LineString",
        "coordinates": [
          [
            8.600354,
            47.638249,
            390.0
          ],
          [
            8.600336,
            47.638261,
            390.0
          ],
          [
            8.600264,
            47.638364,
            390.0
          ],
          [
            8.600228,
            47.638425,
            390.0
          ],
          [
            8.60021,
            47.638467,
            390.0
          ],
          [
            8.60012,
            47.638721,
            390.0
          ],
          [
            8.600058,
            47.638709,
            389.0
          ],
          [
            8.600049,
            47.638763,
            390.0
          ],
          [
            8.600039,
            47.638818,
            390.0
          ],
          [
            8.600093,
            47.638824,
            390.0
          ],
          [
            8.600039,
            47.638975,
            390.0
          ],
          [
            8.599986,
            47.639199,
            390.0
          ],
          [
            8.599959,
            47.639393,
            390.0
          ],
          [
            8.59994,
            47.639635,
            390.0
          ],
          [
            8.599913,
            47.639732,
            390.0
          ],
          [
            8.599878,
            47.639835,
            390.0
          ],
          [
            8.599733,
            47.64015,
            390.0
          ],
          [
            8.599599,
            47.640428,
            390.0
          ],
          [
            8.599572,
            47.640507,
            390.0
          ],
          [
            8.599554,
            47.640664,
            390.0
          ],
          [
            8.599563,
            47.640846,
            390.0
          ],
          [
            8.59959,
            47.640961,
            390.0
          ],
          [
            8.599626,
            47.641064,
            389.0
          ],
          [
            8.59977,
            47.641487,
            388.0
          ],
          [
            8.599823,
            47.641614,
            388.0
          ],
          [
            8.599823,
            47.641614,
            388.0
          ],
          [
            8.599833,
            47.641633,
            388.0
          ],
          [
            8.599949,
            47.641863,
            388.0
          ],
          [
            8.600058,
            47.642062,
            387.0
          ],
          [
            8.600146,
            47.64222,
            387.0
          ],
          [
            8.600255,
            47.642425,
            386.0
          ],
          [
            8.600479,
            47.642704,
            386.0
          ],
          [
            8.600569,
            47.642789,
            386.0
          ],
          [
            8.600749,
            47.642964,
            385.0
          ],
          [
            8.600758,
            47.642976,
            385.0
          ],
          [
            8.600794,
            47.643007,
            385.0
          ],
          [
            8.600938,
            47.643152,
            385.0
          ],
          [
            8.600947,
            47.643164,
            385.0
          ],
          [
            8.601018,
            47.64323,
            385.0
          ],
          [
            8.601045,
            47.643273,
            384.0
          ],
          [
            8.601117,
            47.643363,
            384.0
          ],
          [
            8.601288,
            47.643351,
            384.0
          ],
          [
            8.601341,
            47.643376,
            384.0
          ],
          [
            8.601557,
            47.643473,
            384.0
          ],
          [
            8.602169,
            47.643781,
            382.0
          ],
          [
            8.602232,
            47.643817,
            382.0
          ],
          [
            8.602232,
            47.643817,
            382.0
          ],
          [
            8.602536,
            47.643987,
            382.0
          ],
          [
            8.602573,
            47.644005,
            382.0
          ],
          [
            8.602752,
            47.644096,
            381.0
          ],
          [
            8.602869,
            47.644144,
            381.0
          ],
          [
            8.602896,
            47.644157,
            381.0
          ],
          [
            8.602949,
            47.644169,
            381.0
          ],
          [
            8.603202,
            47.644199,
            381.0
          ],
          [
            8.603588,
            47.644205,
            380.0
          ],
          [
            8.60392,
            47.644211,
            379.0
          ],
          [
            8.603938,
            47.644217,
            379.0
          ],
          [
            8.604018,
            47.644235,
            379.0
          ],
          [
            8.604054,
            47.644326,
            378.0
          ],
          [
            8.604001,
            47.644301,
            379.0
          ],
          [
            8.603928,
            47.644283,
            379.0
          ],
          [
            8.603902,
            47.644277,
            379.0
          ],
          [
            8.603902,
            47.644277,
            379.0
          ],
          [
            8.603928,
            47.644283,
            379.0
          ],
          [
            8.604001,
            47.644301,
            379.0
          ],
          [
            8.604054,
            47.644326,
            378.0
          ],
          [
            8.604081,
            47.644301,
            378.0
          ],
          [
            8.604127,
            47.644295,
            378.0
          ],
          [
            8.604171,
            47.644295,
            378.0
          ],
          [
            8.604244,
            47.644308,
            378.0
          ],
          [
            8.604846,
            47.644537,
            376.0
          ],
          [
            8.605115,
            47.644641,
            375.0
          ],
          [
            8.605295,
            47.644707,
            373.0
          ],
          [
            8.605528,
            47.644761,
            370.0
          ],
          [
            8.605762,
            47.644798,
            370.0
          ],
          [
            8.605924,
            47.64481,
            370.0
          ],
          [
            8.606058,
            47.64481,
            370.0
          ],
          [
            8.606175,
            47.644798,
            370.0
          ],
          [
            8.606247,
            47.644786,
            369.0
          ],
          [
            8.606345,
            47.644761,
            369.0
          ],
          [
            8.606435,
            47.644737,
            368.0
          ],
          [
            8.606517,
            47.644707,
            368.0
          ],
          [
            8.606588,
            47.644665,
            367.0
          ],
          [
            8.606678,
            47.644604,
            367.0
          ],
          [
            8.606786,
            47.644435,
            365.0
          ],
          [
            8.606867,
            47.644314,
            364.0
          ],
          [
            8.606947,
            47.644199,
            364.0
          ],
          [
            8.607028,
            47.644108,
            363.0
          ],
          [
            8.6071,
            47.644035,
            362.0
          ],
          [
            8.607207,
            47.643914,
            361.0
          ],
          [
            8.60727,
            47.643835,
            360.0
          ],
          [
            8.607307,
            47.643817,
            360.0
          ],
          [
            8.607352,
            47.643805,
            360.0
          ],
          [
            8.607333,
            47.643739,
            360.0
          ],
          [
            8.607297,
            47.64363,
            360.0
          ],
          [
            8.607244,
            47.643521,
            360.0
          ],
          [
            8.60701,
            47.643073,
            360.0
          ],
          [
            8.606993,
            47.643043,
            360.0
          ],
          [
            8.606911,
            47.643043,
            360.0
          ],
          [
            8.60657,
            47.643067,
            360.0
          ],
          [
            8.606102,
            47.643109,
            360.0
          ],
          [
            8.606085,
            47.643073,
            360.0
          ],
          [
            8.605915,
            47.642904,
            360.0
          ],
          [
            8.605672,
            47.642867,
            360.0
          ],
          [
            8.605672,
            47.642867,
            360.0
          ],
          [
            8.605536,
            47.642849,
            360.0
          ],
          [
            8.604926,
            47.642764,
            360.0
          ],
          [
            8.604746,
            47.642716,
            360.0
          ],
          [
            8.604567,
            47.642661,
            360.0
          ],
          [
            8.604091,
            47.642486,
            360.0
          ],
          [
            8.603894,
            47.642401,
            360.0
          ],
          [
            8.603542,
            47.642183,
            360.0
          ],
          [
            8.603471,
            47.642105,
            360.0
          ],
          [
            8.603408,
            47.642074,
            360.0
          ],
          [
            8.603328,
            47.642026,
            360.0
          ],
          [
            8.603192,
            47.641917,
            360.0
          ],
          [
            8.603049,
            47.641844,
            360.0
          ],
          [
            8.602599,
            47.641463,
            360.0
          ],
          [
            8.602573,
            47.641384,
            360.0
          ],
          [
            8.602393,
            47.641173,
            360.0
          ],
          [
            8.602286,
            47.641209,
            360.0
          ],
          [
            8.602087,
            47.640924,
            360.0
          ],
          [
            8.60197,
            47.640737,
            360.0
          ],
          [
            8.601944,
            47.64061,
            360.0
          ],
          [
            8.601907,
            47.640434,
            360.0
          ],
          [
            8.601899,
            47.640277,
            360.0
          ],
          [
            8.601962,
            47.639998,
            360.0
          ],
          [
            8.602159,
            47.639756,
            360.0
          ],
          [
            8.602204,
            47.639702,
            360.0
          ],
          [
            8.602276,
            47.639629,
            360.0
          ],
          [
            8.602375,
            47.639569,
            360.0
          ],
          [
            8.602286,
            47.639484,
            360.0
          ],
          [
            8.60224,
            47.639393,
            361.0
          ],
          [
            8.60215,
            47.639357,
            361.0
          ],
          [
            8.602123,
            47.639314,
            362.0
          ],
          [
            8.601844,
            47.639357,
            364.0
          ],
          [
            8.601674,
            47.639387,
            365.0
          ],
          [
            8.601504,
            47.639448,
            366.0
          ],
          [
            8.601297,
            47.639423,
            368.0
          ],
          [
            8.601324,
            47.639248,
            370.0
          ],
          [
            8.601324,
            47.639187,
            370.0
          ],
          [
            8.601307,
            47.639139,
            371.0
          ],
          [
            8.601261,
            47.639109,
            372.0
          ],
          [
            8.601217,
            47.639103,
            372.0
          ],
          [
            8.60118,
            47.639121,
            373.0
          ],
          [
            8.601144,
            47.639139,
            373.0
          ],
          [
            8.601117,
            47.639157,
            374.0
          ],
          [
            8.6011,
            47.639169,
            374.0
          ],
          [
            8.601072,
            47.639175,
            375.0
          ],
          [
            8.601054,
            47.639175,
            375.0
          ],
          [
            8.601045,
            47.639139,
            375.0
          ],
          [
            8.601045,
            47.63909,
            376.0
          ],
          [
            8.601037,
            47.639072,
            377.0
          ],
          [
            8.601018,
            47.639066,
            377.0
          ],
          [
            8.600902,
            47.639024,
            379.0
          ],
          [
            8.600965,
            47.639012,
            378.0
          ],
          [
            8.60101,
            47.638981,
            378.0
          ],
          [
            8.601117,
            47.638842,
            377.0
          ],
          [
            8.601341,
            47.638576,
            374.0
          ],
          [
            8.601521,
            47.638443,
            373.0
          ],
          [
            8.601791,
            47.638394,
            371.0
          ],
          [
            8.602169,
            47.638177,
            369.0
          ],
          [
            8.602375,
            47.638043,
            367.0
          ],
          [
            8.60286,
            47.637898,
            364.0
          ],
          [
            8.603165,
            47.637765,
            362.0
          ],
          [
            8.603274,
            47.637704,
            361.0
          ],
          [
            8.603318,
            47.637662,
            360.0
          ],
          [
            8.603381,
            47.637631,
            360.0
          ],
          [
            8.603471,
            47.637595,
            360.0
          ],
          [
            8.60357,
            47.637523,
            360.0
          ],
          [
            8.603534,
            47.637499,
            361.0
          ],
          [
            8.603534,
            47.637474,
            361.0
          ],
          [
            8.603578,
            47.637365,
            365.0
          ],
          [
            8.603632,
            47.637311,
            367.0
          ],
          [
            8.60366,
            47.637232,
            370.0
          ],
          [
            8.603668,
            47.637183,
            370.0
          ],
          [
            8.603714,
            47.637147,
            370.0
          ],
          [
            8.603848,
            47.637069,
            370.0
          ],
          [
            8.603965,
            47.637039,
            370.0
          ],
          [
            8.604064,
            47.636984,
            370.0
          ],
          [
            8.604154,
            47.636947,
            370.0
          ],
          [
            8.604198,
            47.636899,
            370.0
          ],
          [
            8.604333,
            47.636815,
            370.0
          ],
          [
            8.604396,
            47.63679,
            370.0
          ],
          [
            8.604504,
            47.636772,
            370.0
          ],
          [
            8.604702,
            47.636705,
            370.0
          ],
          [
            8.604863,
            47.636693,
            370.0
          ],
          [
            8.60489,
            47.636681,
            370.0
          ],
          [
            8.604989,
            47.636663,
            370.0
          ],
          [
            8.605096,
            47.636633,
            370.0
          ],
          [
            8.605223,
            47.636548,
            370.0
          ],
          [
            8.605366,
            47.636499,
            370.0
          ],
          [
            8.605438,
            47.636493,
            370.0
          ],
          [
            8.605492,
            47.636463,
            370.0
          ],
          [
            8.605519,
            47.636433,
            370.0
          ],
          [
            8.605582,
            47.636391,
            370.0
          ],
          [
            8.605672,
            47.636379,
            370.0
          ],
          [
            8.605762,
            47.636385,
            370.0
          ],
          [
            8.605806,
            47.636385,
            370.0
          ],
          [
            8.605896,
            47.636361,
            370.0
          ],
          [
            8.605959,
            47.636361,
            370.0
          ],
          [
            8.606085,
            47.636355,
            370.0
          ],
          [
            8.60622,
            47.636318,
            370.0
          ],
          [
            8.606381,
            47.636306,
            370.0
          ],
          [
            8.606435,
            47.636251,
            370.0
          ],
          [
            8.606517,
            47.636221,
            370.0
          ],
          [
            8.606588,
            47.636233,
            370.0
          ],
          [
            8.60666,
            47.636269,
            370.0
          ],
          [
            8.606786,
            47.636269,
            370.0
          ],
          [
            8.607001,
            47.636251,
            370.0
          ],
          [
            8.607028,
            47.636251,
            370.0
          ],
          [
            8.607199,
            47.636245,
            370.0
          ],
          [
            8.607379,
            47.636173,
            370.0
          ],
          [
            8.607486,
            47.636173,
            370.0
          ],
          [
            8.607523,
            47.636149,
            370.0
          ],
          [
            8.607612,
            47.636131,
            370.0
          ],
          [
            8.607729,
            47.636143,
            370.0
          ],
          [
            8.607783,
            47.636179,
            370.0
          ],
          [
            8.607828,
            47.636179,
            370.0
          ],
          [
            8.607918,
            47.636197,
            370.0
          ],
          [
            8.607972,
            47.636245,
            370.0
          ],
          [
            8.608025,
            47.636263,
            370.0
          ],
          [
            8.608186,
            47.636257,
            370.0
          ],
          [
            8.608249,
            47.636269,
            370.0
          ],
          [
            8.608402,
            47.636263,
            370.0
          ],
          [
            8.608492,
            47.636269,
            370.0
          ],
          [
            8.608582,
            47.636263,
            370.0
          ],
          [
            8.608664,
            47.636282,
            370.0
          ],
          [
            8.608726,
            47.636288,
            370.0
          ],
          [
            8.60887,
            47.636257,
            370.0
          ],
          [
            8.609004,
            47.636269,
            370.0
          ],
          [
            8.60914,
            47.636269,
            370.0
          ],
          [
            8.609194,
            47.636239,
            370.0
          ],
          [
            8.609257,
            47.636221,
            370.0
          ],
          [
            8.609328,
            47.636251,
            370.0
          ],
          [
            8.609408,
            47.636282,
            370.0
          ],
          [
            8.609597,
            47.636282,
            370.0
          ],
          [
            8.609794,
            47.636306,
            370.0
          ],
          [
            8.609939,
            47.636306,
            370.0
          ],
          [
            8.609993,
            47.636282,
            370.0
          ],
          [
            8.610047,
            47.636257,
            370.0
          ],
          [
            8.610173,
            47.636269,
            370.0
          ],
          [
            8.610236,
            47.636312,
            370.0
          ],
          [
            8.610299,
            47.636343,
            370.0
          ],
          [
            8.610406,
            47.636349,
            370.0
          ],
          [
            8.610576,
            47.636379,
            370.0
          ],
          [
            8.610622,
            47.636379,
            370.0
          ],
          [
            8.610639,
            47.636324,
            370.0
          ],
          [
            8.610675,
            47.636282,
            370.0
          ],
          [
            8.610838,
            47.636263,
            370.0
          ],
          [
            8.610989,
            47.636263,
            370.0
          ],
          [
            8.611044,
            47.636282,
            370.0
          ],
          [
            8.611215,
            47.636294,
            370.0
          ],
          [
            8.611268,
            47.636282,
            370.0
          ],
          [
            8.611367,
            47.636355,
            370.0
          ],
          [
            8.611402,
            47.636391,
            370.0
          ],
          [
            8.611448,
            47.636433,
            370.0
          ],
          [
            8.611502,
            47.636457,
            370.0
          ],
          [
            8.611555,
            47.636493,
            370.0
          ],
          [
            8.611654,
            47.636457,
            370.0
          ],
          [
            8.611762,
            47.636445,
            370.0
          ],
          [
            8.611844,
            47.636518,
            370.0
          ],
          [
            8.611933,
            47.636518,
            370.0
          ],
          [
            8.612005,
            47.636481,
            370.0
          ],
          [
            8.612058,
            47.636493,
            370.0
          ],
          [
            8.612131,
            47.636542,
            370.0
          ],
          [
            8.61222,
            47.636554,
            370.0
          ],
          [
            8.612293,
            47.636609,
            370.0
          ],
          [
            8.6124,
            47.636609,
            370.0
          ],
          [
            8.612499,
            47.636633,
            370.0
          ],
          [
            8.612607,
            47.636615,
            370.0
          ],
          [
            8.612723,
            47.636585,
            370.0
          ],
          [
            8.612769,
            47.636621,
            370.0
          ],
          [
            8.612859,
            47.636621,
            370.0
          ],
          [
            8.612984,
            47.636675,
            370.0
          ],
          [
            8.613119,
            47.636717,
            370.0
          ],
          [
            8.613218,
            47.636693,
            370.0
          ],
          [
            8.61328,
            47.636657,
            370.0
          ],
          [
            8.613335,
            47.636609,
            370.0
          ],
          [
            8.613389,
            47.636585,
            370.0
          ],
          [
            8.61346,
            47.636615,
            370.0
          ],
          [
            8.613478,
            47.636669,
            370.0
          ],
          [
            8.613523,
            47.636669,
            370.0
          ],
          [
            8.613595,
            47.636633,
            370.0
          ],
          [
            8.613676,
            47.636597,
            371.0
          ],
          [
            8.613721,
            47.636591,
            372.0
          ],
          [
            8.613756,
            47.636603,
            372.0
          ],
          [
            8.613811,
            47.636633,
            373.0
          ],
          [
            8.613828,
            47.636669,
            374.0
          ],
          [
            8.613855,
            47.636675,
            374.0
          ],
          [
            8.613882,
            47.636663,
            375.0
          ],
          [
            8.613901,
            47.636633,
            375.0
          ],
          [
            8.613954,
            47.636567,
            376.0
          ],
          [
            8.614035,
            47.636499,
            378.0
          ],
          [
            8.614081,
            47.636469,
            379.0
          ],
          [
            8.614115,
            47.636457,
            379.0
          ],
          [
            8.614161,
            47.636457,
            380.0
          ],
          [
            8.614224,
            47.636451,
            380.0
          ],
          [
            8.61426,
            47.636445,
            380.0
          ],
          [
            8.614287,
            47.636451,
            380.0
          ],
          [
            8.614322,
            47.636475,
            380.0
          ],
          [
            8.61435,
            47.636493,
            380.0
          ],
          [
            8.614431,
            47.636512,
            380.0
          ],
          [
            8.614457,
            47.636536,
            380.0
          ],
          [
            8.614484,
            47.63656,
            380.0
          ],
          [
            8.614502,
            47.636585,
            380.0
          ],
          [
            8.614592,
            47.636627,
            380.0
          ],
          [
            8.61461,
            47.636621,
            380.0
          ],
          [
            8.614646,
            47.636615,
            380.0
          ],
          [
            8.614718,
            47.636573,
            380.0
          ],
          [
            8.614861,
            47.636554,
            380.0
          ],
          [
            8.614943,
            47.636554,
            380.0
          ],
          [
            8.61505,
            47.636542,
            380.0
          ],
          [
            8.615123,
            47.636536,
            380.0
          ],
          [
            8.615194,
            47.636573,
            380.0
          ],
          [
            8.61531,
            47.636639,
            380.0
          ],
          [
            8.615383,
            47.636663,
            380.0
          ],
          [
            8.615482,
            47.636687,
            379.0
          ],
          [
            8.615536,
            47.636736,
            379.0
          ],
          [
            8.615607,
            47.63676,
            379.0
          ],
          [
            8.615689,
            47.636815,
            378.0
          ],
          [
            8.61575,
            47.636845,
            378.0
          ],
          [
            8.615823,
            47.636863,
            378.0
          ],
          [
            8.615895,
            47.636833,
            377.0
          ],
          [
            8.615966,
            47.636815,
            377.0
          ],
          [
            8.616056,
            47.636815,
            376.0
          ],
          [
            8.616138,
            47.63679,
            376.0
          ],
          [
            8.616199,
            47.636784,
            376.0
          ],
          [
            8.616263,
            47.636815,
            375.0
          ],
          [
            8.616326,
            47.636827,
            375.0
          ],
          [
            8.616344,
            47.636863,
            375.0
          ],
          [
            8.616326,
            47.636935,
            374.0
          ],
          [
            8.616316,
            47.636972,
            374.0
          ],
          [
            8.616344,
            47.63699,
            374.0
          ],
          [
            8.616415,
            47.636978,
            374.0
          ],
          [
            8.616515,
            47.636947,
            373.0
          ],
          [
            8.616578,
            47.636929,
            373.0
          ],
          [
            8.616614,
            47.636935,
            373.0
          ],
          [
            8.616641,
            47.636959,
            373.0
          ],
          [
            8.616676,
            47.636984,
            372.0
          ],
          [
            8.616721,
            47.636978,
            372.0
          ],
          [
            8.616775,
            47.636978,
            372.0
          ],
          [
            8.61682,
            47.636978,
            372.0
          ],
          [
            8.616847,
            47.636996,
            372.0
          ],
          [
            8.616865,
            47.637027,
            371.0
          ],
          [
            8.616874,
            47.637069,
            371.0
          ],
          [
            8.616892,
            47.637105,
            371.0
          ],
          [
            8.616928,
            47.637111,
            371.0
          ],
          [
            8.616991,
            47.637093,
            370.0
          ],
          [
            8.617044,
            47.637075,
            370.0
          ],
          [
            8.61709,
            47.637081,
            370.0
          ],
          [
            8.617117,
            47.637123,
            370.0
          ],
          [
            8.617152,
            47.637135,
            370.0
          ],
          [
            8.617161,
            47.637165,
            370.0
          ],
          [
            8.61718,
            47.637208,
            370.0
          ],
          [
            8.617224,
            47.637238,
            370.0
          ],
          [
            8.617297,
            47.637257,
            370.0
          ],
          [
            8.617368,
            47.637263,
            370.0
          ],
          [
            8.617467,
            47.637281,
            370.0
          ],
          [
            8.61752,
            47.637299,
            370.0
          ],
          [
            8.617557,
            47.637335,
            370.0
          ],
          [
            8.61762,
            47.637365,
            370.0
          ],
          [
            8.617664,
            47.637383,
            370.0
          ],
          [
            8.617736,
            47.637383,
            370.0
          ],
          [
            8.617844,
            47.63742,
            370.0
          ],
          [
            8.61788,
            47.63742,
            370.0
          ],
          [
            8.618006,
            47.637401,
            370.0
          ],
          [
            8.618132,
            47.63742,
            370.0
          ],
          [
            8.618167,
            47.637438,
            370.0
          ],
          [
            8.618222,
            47.637505,
            370.0
          ],
          [
            8.618266,
            47.637511,
            370.0
          ],
          [
            8.61832,
            47.637499,
            370.0
          ],
          [
            8.618473,
            47.637553,
            371.0
          ],
          [
            8.618553,
            47.637559,
            371.0
          ],
          [
            8.618589,
            47.637589,
            371.0
          ],
          [
            8.618608,
            47.637607,
            371.0
          ],
          [
            8.618635,
            47.637619,
            371.0
          ],
          [
            8.618698,
            47.637619,
            372.0
          ],
          [
            8.618778,
            47.637638,
            372.0
          ],
          [
            8.618922,
            47.637644,
            373.0
          ],
          [
            8.619039,
            47.637644,
            373.0
          ],
          [
            8.619138,
            47.637619,
            373.0
          ],
          [
            8.619201,
            47.637601,
            374.0
          ],
          [
            8.619264,
            47.637613,
            374.0
          ],
          [
            8.619291,
            47.637638,
            374.0
          ],
          [
            8.619308,
            47.637674,
            374.0
          ],
          [
            8.619318,
            47.637717,
            374.0
          ],
          [
            8.619362,
            47.637747,
            375.0
          ],
          [
            8.619415,
            47.637753,
            375.0
          ],
          [
            8.619505,
            47.637741,
            375.0
          ],
          [
            8.619568,
            47.637747,
            376.0
          ],
          [
            8.619631,
            47.637783,
            376.0
          ],
          [
            8.619658,
            47.637801,
            376.0
          ],
          [
            8.619685,
            47.637862,
            376.0
          ],
          [
            8.619731,
            47.637904,
            377.0
          ],
          [
            8.619802,
            47.637934,
            377.0
          ],
          [
            8.619901,
            47.637953,
            377.0
          ],
          [
            8.619981,
            47.637995,
            378.0
          ],
          [
            8.620107,
            47.638043,
            378.0
          ],
          [
            8.620251,
            47.638116,
            375.0
          ],
          [
            8.620423,
            47.638201,
            372.0
          ],
          [
            8.62053,
            47.638237,
            370.0
          ],
          [
            8.620574,
            47.638273,
            370.0
          ],
          [
            8.620593,
            47.638322,
            370.0
          ],
          [
            8.620656,
            47.63834,
            370.0
          ],
          [
            8.620719,
            47.638394,
            370.0
          ],
          [
            8.620844,
            47.638437,
            370.0
          ],
          [
            8.621006,
            47.638552,
            370.0
          ],
          [
            8.621249,
            47.638667,
            370.0
          ],
          [
            8.621555,
            47.6388,
            370.0
          ],
          [
            8.621662,
            47.638891,
            370.0
          ],
          [
            8.621752,
            47.638921,
            370.0
          ],
          [
            8.621832,
            47.638927,
            370.0
          ],
          [
            8.621905,
            47.638981,
            370.0
          ],
          [
            8.622039,
            47.639,
            370.0
          ],
          [
            8.622129,
            47.639006,
            370.0
          ],
          [
            8.622182,
            47.63906,
            370.0
          ],
          [
            8.622228,
            47.639115,
            370.0
          ],
          [
            8.622318,
            47.639169,
            370.0
          ],
          [
            8.622371,
            47.639211,
            370.0
          ],
          [
            8.622407,
            47.639254,
            370.0
          ],
          [
            8.622452,
            47.639272,
            370.0
          ],
          [
            8.62256,
            47.63929,
            370.0
          ],
          [
            8.622631,
            47.639357,
            370.0
          ],
          [
            8.622731,
            47.639435,
            370.0
          ],
          [
            8.622767,
            47.639454,
            370.0
          ],
          [
            8.622821,
            47.639454,
            370.0
          ],
          [
            8.622874,
            47.639466,
            370.0
          ],
          [
            8.622964,
            47.639557,
            370.0
          ],
          [
            8.622983,
            47.639575,
            370.0
          ],
          [
            8.623027,
            47.639587,
            370.0
          ],
          [
            8.623117,
            47.639611,
            370.0
          ],
          [
            8.623153,
            47.639635,
            370.0
          ],
          [
            8.623171,
            47.639665,
            370.0
          ],
          [
            8.62318,
            47.639696,
            370.0
          ],
          [
            8.623234,
            47.639726,
            370.0
          ],
          [
            8.623306,
            47.63978,
            370.0
          ],
          [
            8.623314,
            47.639823,
            370.0
          ],
          [
            8.623323,
            47.639871,
            370.0
          ],
          [
            8.62336,
            47.639901,
            370.0
          ],
          [
            8.623476,
            47.639962,
            370.0
          ],
          [
            8.623539,
            47.640004,
            370.0
          ],
          [
            8.623557,
            47.640035,
            370.0
          ],
          [
            8.623557,
            47.640095,
            370.0
          ],
          [
            8.623576,
            47.640131,
            370.0
          ],
          [
            8.623612,
            47.64015,
            370.0
          ],
          [
            8.623683,
            47.640168,
            370.0
          ],
          [
            8.623719,
            47.64018,
            370.0
          ],
          [
            8.623763,
            47.640216,
            370.0
          ],
          [
            8.623818,
            47.64024,
            370.0
          ],
          [
            8.623908,
            47.640253,
            370.0
          ],
          [
            8.623943,
            47.640271,
            370.0
          ],
          [
            8.623935,
            47.640325,
            370.0
          ],
          [
            8.623935,
            47.640368,
            370.0
          ],
          [
            8.624006,
            47.640422,
            370.0
          ],
          [
            8.624088,
            47.640452,
            370.0
          ],
          [
            8.624178,
            47.64047,
            370.0
          ],
          [
            8.624213,
            47.640501,
            370.0
          ],
          [
            8.624222,
            47.640549,
            370.0
          ],
          [
            8.624258,
            47.640579,
            370.0
          ],
          [
            8.624285,
            47.640622,
            370.0
          ],
          [
            8.624329,
            47.64064,
            370.0
          ],
          [
            8.624339,
            47.640707,
            370.0
          ],
          [
            8.624348,
            47.640731,
            370.0
          ],
          [
            8.624402,
            47.640797,
            370.0
          ],
          [
            8.624465,
            47.640828,
            370.0
          ],
          [
            8.624482,
            47.64087,
            370.0
          ],
          [
            8.624509,
            47.640888,
            370.0
          ],
          [
            8.624581,
            47.640888,
            370.0
          ],
          [
            8.624591,
            47.64087,
            370.0
          ],
          [
            8.624644,
            47.64087,
            370.0
          ],
          [
            8.624671,
            47.640888,
            370.0
          ],
          [
            8.624671,
            47.64093,
            371.0
          ],
          [
            8.624707,
            47.640973,
            371.0
          ],
          [
            8.624797,
            47.640991,
            371.0
          ],
          [
            8.62486,
            47.641009,
            372.0
          ],
          [
            8.624914,
            47.641039,
            372.0
          ],
          [
            8.624895,
            47.641118,
            372.0
          ],
          [
            8.624914,
            47.641148,
            373.0
          ],
          [
            8.624994,
            47.641179,
            373.0
          ],
          [
            8.625012,
            47.641215,
            373.0
          ],
          [
            8.625031,
            47.641251,
            374.0
          ],
          [
            8.625102,
            47.641275,
            374.0
          ],
          [
            8.62513,
            47.641306,
            374.0
          ],
          [
            8.62513,
            47.641409,
            375.0
          ],
          [
            8.625147,
            47.641445,
            375.0
          ],
          [
            8.625147,
            47.641445,
            376.0
          ],
          [
            8.625147,
            47.641445,
            376.0
          ],
          [
            8.625264,
            47.641566,
            376.0
          ],
          [
            8.625327,
            47.64162,
            376.0
          ],
          [
            8.625381,
            47.641651,
            377.0
          ],
          [
            8.625398,
            47.641705,
            377.0
          ],
          [
            8.625444,
            47.641778,
            377.0
          ],
          [
            8.625587,
            47.641893,
            378.0
          ],
          [
            8.625723,
            47.64202,
            379.0
          ],
          [
            8.625803,
            47.642062,
            380.0
          ],
          [
            8.625964,
            47.642111,
            380.0
          ],
          [
            8.626189,
            47.642383,
            380.0
          ],
          [
            8.626333,
            47.64277,
            380.0
          ],
          [
            8.62644,
            47.643091,
            380.0
          ],
          [
            8.626495,
            47.6432,
            380.0
          ],
          [
            8.626765,
            47.643539,
            380.0
          ],
          [
            8.626952,
            47.643721,
            380.0
          ],
          [
            8.627042,
            47.643793,
            380.0
          ],
          [
            8.627151,
            47.643829,
            380.0
          ],
          [
            8.627455,
            47.643872,
            380.0
          ],
          [
            8.627492,
            47.643993,
            380.0
          ],
          [
            8.6276,
            47.644175,
            380.0
          ],
          [
            8.627771,
            47.644344,
            380.0
          ],
          [
            8.62787,
            47.644441,
            380.0
          ],
          [
            8.628076,
            47.644586,
            380.0
          ],
          [
            8.628677,
            47.644822,
            380.0
          ],
          [
            8.628884,
            47.644949,
            380.0
          ],
          [
            8.629118,
            47.645307,
            380.0
          ],
          [
            8.629486,
            47.645911,
            380.0
          ],
          [
            8.629675,
            47.646087,
            380.0
          ],
          [
            8.629765,
            47.646141,
            380.0
          ],
          [
            8.629818,
            47.646184,
            380.0
          ],
          [
            8.629818,
            47.646383,
            380.0
          ],
          [
            8.629828,
            47.646547,
            380.0
          ],
          [
            8.629774,
            47.646959,
            380.0
          ],
          [
            8.629755,
            47.64711,
            380.0
          ],
          [
            8.629746,
            47.647225,
            380.0
          ],
          [
            8.629774,
            47.647455,
            380.0
          ],
          [
            8.629836,
            47.647558,
            380.0
          ],
          [
            8.629962,
            47.647649,
            380.0
          ],
          [
            8.630097,
            47.647673,
            380.0
          ],
          [
            8.630312,
            47.647751,
            380.0
          ],
          [
            8.63043,
            47.647836,
            380.0
          ],
          [
            8.630465,
            47.647897,
            380.0
          ],
          [
            8.63052,
            47.647993,
            380.0
          ],
          [
            8.630591,
            47.648145,
            380.0
          ],
          [
            8.630717,
            47.648459,
            380.0
          ],
          [
            8.630941,
            47.649034,
            380.0
          ],
          [
            8.63104,
            47.649324,
            380.0
          ],
          [
            8.631147,
            47.64979,
            380.0
          ],
          [
            8.631319,
            47.650474,
            380.0
          ],
          [
            8.631337,
            47.650844,
            380.0
          ],
          [
            8.631327,
            47.651183,
            380.0
          ],
          [
            8.631264,
            47.651491,
            380.0
          ],
          [
            8.631113,
            47.651885,
            380.0
          ],
          [
            8.631076,
            47.65206,
            380.0
          ],
          [
            8.631013,
            47.652072,
            379.0
          ],
          [
            8.630906,
            47.652097,
            378.0
          ],
          [
            8.630788,
            47.652157,
            377.0
          ],
          [
            8.630547,
            47.652272,
            375.0
          ],
          [
            8.630151,
            47.652417,
            371.0
          ],
          [
            8.629719,
            47.652647,
            366.0
          ],
          [
            8.629666,
            47.652689,
            365.0
          ],
          [
            8.62936,
            47.652883,
            361.0
          ],
          [
            8.629163,
            47.652943,
            360.0
          ],
          [
            8.629082,
            47.65301,
            360.0
          ],
          [
            8.628983,
            47.653167,
            360.0
          ],
          [
            8.628956,
            47.653313,
            360.0
          ],
          [
            8.628839,
            47.653476,
            360.0
          ],
          [
            8.628614,
            47.6537,
            360.0
          ],
          [
            8.628327,
            47.653857,
            360.0
          ],
          [
            8.628013,
            47.654105,
            360.0
          ],
          [
            8.627744,
            47.654462,
            360.0
          ],
          [
            8.627591,
            47.654614,
            360.0
          ],
          [
            8.627482,
            47.654668,
            360.0
          ],
          [
            8.627151,
            47.654928,
            360.0
          ],
          [
            8.626926,
            47.655013,
            360.0
          ],
          [
            8.626558,
            47.655249,
            360.0
          ],
          [
            8.626459,
            47.655352,
            360.0
          ],
          [
            8.626413,
            47.655364,
            360.0
          ],
          [
            8.626342,
            47.6554,
            360.0
          ],
          [
            8.626216,
            47.655491,
            360.0
          ],
          [
            8.626036,
            47.655594,
            360.0
          ],
          [
            8.625884,
            47.655721,
            360.0
          ],
          [
            8.625866,
            47.655775,
            360.0
          ],
          [
            8.625434,
            47.656114,
            360.0
          ],
          [
            8.625273,
            47.656205,
            360.0
          ],
          [
            8.62513,
            47.656277,
            360.0
          ],
          [
            8.625075,
            47.656363,
            360.0
          ],
          [
            8.625012,
            47.656441,
            360.0
          ],
          [
            8.624878,
            47.656544,
            360.0
          ],
          [
            8.624788,
            47.656574,
            360.0
          ],
          [
            8.624474,
            47.65681,
            360.0
          ],
          [
            8.624365,
            47.656901,
            360.0
          ],
          [
            8.624375,
            47.656967,
            360.0
          ],
          [
            8.624186,
            47.657143,
            360.0
          ],
          [
            8.624096,
            47.657167,
            360.0
          ],
          [
            8.623899,
            47.657179,
            360.0
          ],
          [
            8.623593,
            47.657355,
            360.0
          ],
          [
            8.623369,
            47.657512,
            360.0
          ],
          [
            8.623234,
            47.657603,
            360.0
          ],
          [
            8.623063,
            47.657736,
            360.0
          ],
          [
            8.622956,
            47.657906,
            360.0
          ],
          [
            8.622947,
            47.65796,
            360.0
          ],
          [
            8.622784,
            47.658068,
            360.0
          ],
          [
            8.622731,
            47.658129,
            360.0
          ],
          [
            8.622713,
            47.658178,
            360.0
          ],
          [
            8.622704,
            47.65822,
            360.0
          ],
          [
            8.622631,
            47.658286,
            360.0
          ],
          [
            8.622578,
            47.658323,
            360.0
          ],
          [
            8.622228,
            47.658522,
            360.0
          ],
          [
            8.622129,
            47.658577,
            360.0
          ],
          [
            8.622084,
            47.658632,
            360.0
          ],
          [
            8.622031,
            47.658656,
            360.0
          ],
          [
            8.621949,
            47.658674,
            360.0
          ],
          [
            8.621851,
            47.658722,
            360.0
          ],
          [
            8.621761,
            47.658728,
            360.0
          ],
          [
            8.621626,
            47.658704,
            360.0
          ],
          [
            8.621563,
            47.658728,
            360.0
          ],
          [
            8.620989,
            47.659091,
            360.0
          ],
          [
            8.620727,
            47.659279,
            360.0
          ],
          [
            8.620557,
            47.659448,
            360.0
          ],
          [
            8.620386,
            47.659551,
            360.0
          ],
          [
            8.620117,
            47.659636,
            360.0
          ],
          [
            8.620044,
            47.659703,
            360.0
          ],
          [
            8.619928,
            47.659733,
            360.0
          ],
          [
            8.619748,
            47.659817,
            360.0
          ],
          [
            8.619299,
            47.660041,
            360.0
          ],
          [
            8.61885,
            47.660235,
            360.0
          ],
          [
            8.618186,
            47.660543,
            360.0
          ],
          [
            8.617331,
            47.661003,
            360.0
          ],
          [
            8.617035,
            47.661191,
            360.0
          ],
          [
            8.616775,
            47.661378,
            360.0
          ],
          [
            8.616595,
            47.661451,
            360.0
          ],
          [
            8.616515,
            47.661511,
            360.0
          ],
          [
            8.616344,
            47.661596,
            360.0
          ],
          [
            8.616218,
            47.661681,
            360.0
          ],
          [
            8.616056,
            47.661759,
            360.0
          ],
          [
            8.616002,
            47.66179,
            360.0
          ],
          [
            8.615922,
            47.661832,
            360.0
          ],
          [
            8.615868,
            47.661862,
            360.0
          ],
          [
            8.615813,
            47.661893,
            360.0
          ],
          [
            8.615778,
            47.661911,
            360.0
          ],
          [
            8.61576,
            47.661923,
            360.0
          ],
          [
            8.615723,
            47.661929,
            360.0
          ],
          [
            8.615599,
            47.661971,
            360.0
          ],
          [
            8.615509,
            47.661995,
            360.0
          ],
          [
            8.615427,
            47.662013,
            360.0
          ],
          [
            8.615131,
            47.662141,
            360.0
          ],
          [
            8.614997,
            47.662189,
            360.0
          ],
          [
            8.61479,
            47.662273,
            360.0
          ],
          [
            8.61435,
            47.662443,
            360.0
          ],
          [
            8.613999,
            47.662588,
            360.0
          ],
          [
            8.613909,
            47.662637,
            360.0
          ],
          [
            8.613891,
            47.662661,
            360.0
          ],
          [
            8.613865,
            47.662685,
            360.0
          ],
          [
            8.613838,
            47.662691,
            360.0
          ],
          [
            8.613792,
            47.662709,
            360.0
          ],
          [
            8.613712,
            47.662758,
            360.0
          ],
          [
            8.613658,
            47.662782,
            360.0
          ],
          [
            8.613622,
            47.662818,
            360.0
          ],
          [
            8.613613,
            47.662854,
            360.0
          ],
          [
            8.613236,
            47.663012,
            360.0
          ],
          [
            8.612966,
            47.663102,
            360.0
          ],
          [
            8.612364,
            47.66346,
            360.0
          ],
          [
            8.612094,
            47.663665,
            360.0
          ],
          [
            8.611744,
            47.663883,
            360.0
          ],
          [
            8.611241,
            47.664191,
            360.0
          ],
          [
            8.611008,
            47.664367,
            360.0
          ],
          [
            8.610783,
            47.664543,
            360.0
          ],
          [
            8.610568,
            47.664718,
            360.0
          ],
          [
            8.610523,
            47.664767,
            360.0
          ],
          [
            8.610523,
            47.664767,
            360.0
          ],
          [
            8.61037,
            47.664924,
            360.0
          ],
          [
            8.61036,
            47.665014,
            360.0
          ],
          [
            8.61019,
            47.665147,
            360.0
          ],
          [
            8.610083,
            47.665329,
            360.0
          ],
          [
            8.609912,
            47.665589,
            360.0
          ],
          [
            8.60984,
            47.665746,
            360.0
          ],
          [
            8.609786,
            47.665856,
            360.0
          ],
          [
            8.609733,
            47.666,
            360.0
          ],
          [
            8.609561,
            47.666485,
            360.0
          ],
          [
            8.609517,
            47.666617,
            360.0
          ],
          [
            8.609517,
            47.666672,
            360.0
          ],
          [
            8.609471,
            47.666745,
            360.0
          ],
          [
            8.609418,
            47.666975,
            360.0
          ],
          [
            8.609373,
            47.667204,
            360.0
          ],
          [
            8.609354,
            47.66744,
            360.0
          ],
          [
            8.609328,
            47.667586,
            360.0
          ],
          [
            8.609328,
            47.66784,
            360.0
          ],
          [
            8.60931,
            47.66813,
            360.0
          ],
          [
            8.60931,
            47.668245,
            360.0
          ],
          [
            8.609318,
            47.668287,
            360.0
          ],
          [
            8.609328,
            47.668396,
            360.0
          ],
          [
            8.609346,
            47.668433,
            360.0
          ],
          [
            8.609354,
            47.668475,
            360.0
          ],
          [
            8.609354,
            47.66862,
            360.0
          ],
          [
            8.609391,
            47.668838,
            360.0
          ],
          [
            8.609427,
            47.668977,
            360.0
          ],
          [
            8.60949,
            47.669176,
            360.0
          ],
          [
            8.609544,
            47.669406,
            360.0
          ],
          [
            8.609643,
            47.669733,
            360.0
          ],
          [
            8.609687,
            47.669824,
            360.0
          ],
          [
            8.60976,
            47.669945,
            366.0
          ],
          [
            8.609794,
            47.670005,
            369.0
          ],
          [
            8.609823,
            47.670017,
            370.0
          ],
          [
            8.609831,
            47.67015,
            370.0
          ],
          [
            8.609813,
            47.670157,
            370.0
          ],
          [
            8.608375,
            47.670338,
            370.0
          ],
          [
            8.608366,
            47.670344,
            370.0
          ],
          [
            8.608358,
            47.670338,
            370.0
          ],
          [
            8.608339,
            47.670338,
            370.0
          ],
          [
            8.608339,
            47.670362,
            370.0
          ],
          [
            8.608402,
            47.670459,
            369.0
          ],
          [
            8.608492,
            47.670707,
            368.0
          ],
          [
            8.608511,
            47.670888,
            367.0
          ],
          [
            8.608528,
            47.670925,
            366.0
          ],
          [
            8.608546,
            47.670973,
            366.0
          ],
          [
            8.608555,
            47.671124,
            365.0
          ],
          [
            8.608591,
            47.671276,
            364.0
          ],
          [
            8.608654,
            47.671506,
            363.0
          ],
          [
            8.608664,
            47.671626,
            362.0
          ],
          [
            8.608681,
            47.671675,
            362.0
          ],
          [
            8.608717,
            47.671717,
            361.0
          ],
          [
            8.608752,
            47.671784,
            361.0
          ],
          [
            8.608789,
            47.67182,
            361.0
          ],
          [
            8.608834,
            47.67185,
            360.0
          ],
          [
            8.608861,
            47.671917,
            360.0
          ],
          [
            8.608878,
            47.671923,
            360.0
          ],
          [
            8.608888,
            47.671941,
            360.0
          ],
          [
            8.608905,
            47.671977,
            360.0
          ],
          [
            8.608968,
            47.67234,
            360.0
          ],
          [
            8.608978,
            47.672389,
            360.0
          ],
          [
            8.608968,
            47.672437,
            360.0
          ],
          [
            8.608968,
            47.672516,
            360.0
          ],
          [
            8.609014,
            47.672697,
            360.0
          ],
          [
            8.609041,
            47.672842,
            360.0
          ],
          [
            8.609094,
            47.673,
            360.0
          ],
          [
            8.60914,
            47.673187,
            360.0
          ],
          [
            8.609157,
            47.673236,
            360.0
          ],
          [
            8.609184,
            47.67332,
            360.0
          ],
          [
            8.609202,
            47.673381,
            360.0
          ],
          [
            8.609211,
            47.673459,
            360.0
          ],
          [
            8.609283,
            47.673677,
            360.0
          ],
          [
            8.609318,
            47.673786,
            360.0
          ],
          [
            8.609373,
            47.673925,
            360.0
          ],
          [
            8.609373,
            47.673979,
            360.0
          ],
          [
            8.609381,
            47.674083,
            360.0
          ],
          [
            8.609418,
            47.674312,
            360.0
          ],
          [
            8.609463,
            47.674608,
            360.0
          ],
          [
            8.609471,
            47.674632,
            360.0
          ],
          [
            8.609534,
            47.674814,
            360.0
          ],
          [
            8.60957,
            47.675032,
            360.0
          ],
          [
            8.609588,
            47.675213,
            360.0
          ],
          [
            8.609651,
            47.675491,
            360.0
          ],
          [
            8.609714,
            47.675637,
            360.0
          ],
          [
            8.609678,
            47.675691,
            360.0
          ],
          [
            8.60975,
            47.675915,
            360.0
          ],
          [
            8.609786,
            47.675963,
            360.0
          ],
          [
            8.609857,
            47.676006,
            360.0
          ],
          [
            8.609903,
            47.67603,
            360.0
          ],
          [
            8.60992,
            47.67606,
            360.0
          ],
          [
            8.610029,
            47.676126,
            360.0
          ],
          [
            8.6101,
            47.676254,
            360.0
          ],
          [
            8.610154,
            47.676338,
            360.0
          ],
          [
            8.610226,
            47.676665,
            360.0
          ],
          [
            8.610316,
            47.676829,
            360.0
          ],
          [
            8.61037,
            47.676901,
            360.0
          ],
          [
            8.610523,
            47.67704,
            360.0
          ],
          [
            8.610622,
            47.677143,
            360.0
          ],
          [
            8.610612,
            47.677209,
            361.0
          ],
          [
            8.610639,
            47.677258,
            361.0
          ],
          [
            8.610685,
            47.677306,
            362.0
          ],
          [
            8.610739,
            47.67747,
            364.0
          ],
          [
            8.610899,
            47.677784,
            368.0
          ],
          [
            8.610899,
            47.677838,
            368.0
          ],
          [
            8.610855,
            47.677869,
            369.0
          ],
          [
            8.611188,
            47.678231,
            368.0
          ],
          [
            8.611205,
            47.678274,
            368.0
          ],
          [
            8.611268,
            47.678371,
            368.0
          ],
          [
            8.611431,
            47.678619,
            368.0
          ],
          [
            8.611484,
            47.678691,
            368.0
          ],
          [
            8.611555,
            47.678764,
            368.0
          ],
          [
            8.611664,
            47.678927,
            367.0
          ],
          [
            8.611727,
            47.679,
            367.0
          ],
          [
            8.611951,
            47.679212,
            367.0
          ],
          [
            8.611987,
            47.679242,
            367.0
          ],
          [
            8.612086,
            47.679314,
            367.0
          ],
          [
            8.612086,
            47.679314,
            367.0
          ],
          [
            8.612391,
            47.679538,
            366.0
          ],
          [
            8.612562,
            47.679647,
            366.0
          ],
          [
            8.612804,
            47.679749,
            366.0
          ],
          [
            8.612939,
            47.67981,
            366.0
          ],
          [
            8.612957,
            47.679816,
            366.0
          ],
          [
            8.613073,
            47.679847,
            365.0
          ],
          [
            8.613199,
            47.679877,
            365.0
          ],
          [
            8.613299,
            47.679883,
            365.0
          ],
          [
            8.613389,
            47.679889,
            365.0
          ],
          [
            8.613685,
            47.679901,
            365.0
          ],
          [
            8.613874,
            47.679901,
            365.0
          ],
          [
            8.614071,
            47.679798,
            364.0
          ],
          [
            8.614115,
            47.679774,
            364.0
          ],
          [
            8.614314,
            47.679701,
            363.0
          ],
          [
            8.614421,
            47.679677,
            363.0
          ],
          [
            8.614448,
            47.679665,
            363.0
          ],
          [
            8.614494,
            47.679653,
            363.0
          ],
          [
            8.614557,
            47.679593,
            363.0
          ],
          [
            8.614628,
            47.67952,
            362.0
          ],
          [
            8.614655,
            47.679489,
            362.0
          ],
          [
            8.614708,
            47.679399,
            362.0
          ],
          [
            8.614736,
            47.679381,
            362.0
          ],
          [
            8.614933,
            47.679194,
            361.0
          ],
          [
            8.615014,
            47.679145,
            361.0
          ],
          [
            8.615077,
            47.679102,
            360.0
          ],
          [
            8.615096,
            47.67906,
            360.0
          ],
          [
            8.615096,
            47.679012,
            360.0
          ],
          [
            8.615086,
            47.678994,
            360.0
          ],
          [
            8.61505,
            47.678921,
            360.0
          ],
          [
            8.615041,
            47.678903,
            360.0
          ],
          [
            8.614997,
            47.678854,
            363.0
          ],
          [
            8.61505,
            47.67883,
            365.0
          ],
          [
            8.615068,
            47.678824,
            366.0
          ],
          [
            8.615086,
            47.678818,
            366.0
          ],
          [
            8.615096,
            47.678812,
            367.0
          ],
          [
            8.615131,
            47.678794,
            368.0
          ],
          [
            8.615157,
            47.678782,
            368.0
          ],
          [
            8.615184,
            47.678764,
            369.0
          ],
          [
            8.615212,
            47.678758,
            370.0
          ],
          [
            8.615274,
            47.67874,
            371.0
          ],
          [
            8.61531,
            47.678728,
            372.0
          ],
          [
            8.615337,
            47.678715,
            373.0
          ],
          [
            8.615347,
            47.678715,
            373.0
          ],
          [
            8.615373,
            47.678679,
            374.0
          ],
          [
            8.6154,
            47.678673,
            375.0
          ],
          [
            8.615419,
            47.678673,
            375.0
          ],
          [
            8.615446,
            47.678679,
            376.0
          ],
          [
            8.615463,
            47.678691,
            376.0
          ],
          [
            8.615473,
            47.678697,
            377.0
          ],
          [
            8.615482,
            47.678703,
            377.0
          ],
          [
            8.615473,
            47.678715,
            377.0
          ],
          [
            8.615436,
            47.678734,
            378.0
          ],
          [
            8.615454,
            47.678758,
            378.0
          ],
          [
            8.615463,
            47.67877,
            378.0
          ],
          [
            8.615553,
            47.678782,
            378.0
          ],
          [
            8.615607,
            47.678782,
            378.0
          ],
          [
            8.615652,
            47.67877,
            378.0
          ],
          [
            8.61575,
            47.678746,
            379.0
          ],
          [
            8.615859,
            47.678782,
            379.0
          ],
          [
            8.615868,
            47.67877,
            379.0
          ],
          [
            8.615895,
            47.678764,
            379.0
          ],
          [
            8.615912,
            47.678764,
            380.0
          ],
          [
            8.615939,
            47.678776,
            380.0
          ],
          [
            8.615966,
            47.678788,
            380.0
          ],
          [
            8.616119,
            47.678848,
            382.0
          ],
          [
            8.616102,
            47.678734,
            384.0
          ],
          [
            8.616138,
            47.67874,
            385.0
          ],
          [
            8.616209,
            47.678824,
            387.0
          ],
          [
            8.616289,
            47.678848,
            388.0
          ],
          [
            8.616631,
            47.678879,
            390.0
          ],
          [
            8.616649,
            47.6788,
            390.0
          ],
          [
            8.616694,
            47.678788,
            390.0
          ],
          [
            8.616784,
            47.678637,
            390.0
          ],
          [
            8.61682,
            47.678607,
            390.0
          ],
          [
            8.616901,
            47.678589,
            390.0
          ],
          [
            8.616937,
            47.67857,
            390.0
          ],
          [
            8.616964,
            47.678558,
            390.0
          ],
          [
            8.616981,
            47.67854,
            390.0
          ],
          [
            8.617008,
            47.678516,
            390.0
          ],
          [
            8.617035,
            47.678455,
            390.0
          ],
          [
            8.617071,
            47.678335,
            390.0
          ],
          [
            8.617081,
            47.678268,
            390.0
          ],
          [
            8.617071,
            47.678207,
            390.0
          ],
          [
            8.617081,
            47.678183,
            390.0
          ],
          [
            8.617152,
            47.678111,
            390.0
          ],
          [
            8.617314,
            47.67785,
            390.0
          ],
          [
            8.617323,
            47.677724,
            390.0
          ],
          [
            8.617431,
            47.677645,
            390.0
          ],
          [
            8.617484,
            47.677578,
            390.0
          ],
          [
            8.617601,
            47.677457,
            390.0
          ],
          [
            8.617718,
            47.677409,
            390.0
          ],
          [
            8.617781,
            47.677354,
            390.0
          ],
          [
            8.617862,
            47.677246,
            390.0
          ],
          [
            8.617943,
            47.677149,
            390.0
          ],
          [
            8.618113,
            47.677052,
            390.0
          ],
          [
            8.618159,
            47.677004,
            390.0
          ],
          [
            8.618186,
            47.676931,
            390.0
          ],
          [
            8.618186,
            47.676907,
            390.0
          ],
          [
            8.618186,
            47.676859,
            390.0
          ],
          [
            8.618186,
            47.676749,
            390.0
          ],
          [
            8.618194,
            47.676647,
            390.0
          ],
          [
            8.618194,
            47.676562,
            390.0
          ],
          [
            8.618212,
            47.676514,
            390.0
          ],
          [
            8.618222,
            47.676472,
            390.0
          ],
          [
            8.618347,
            47.676338,
            390.0
          ],
          [
            8.618482,
            47.676212,
            390.0
          ],
          [
            8.618679,
            47.675963,
            390.0
          ],
          [
            8.618733,
            47.675909,
            390.0
          ],
          [
            8.618841,
            47.675867,
            390.0
          ],
          [
            8.618939,
            47.675836,
            390.0
          ],
          [
            8.619084,
            47.675824,
            390.0
          ],
          [
            8.619291,
            47.67583,
            390.0
          ],
          [
            8.61956,
            47.6758,
            390.0
          ],
          [
            8.619892,
            47.6758,
            390.0
          ],
          [
            8.620071,
            47.675782,
            390.0
          ],
          [
            8.62018,
            47.675788,
            390.0
          ],
          [
            8.620396,
            47.675818,
            390.0
          ],
          [
            8.620637,
            47.675873,
            390.0
          ],
          [
            8.620719,
            47.675891,
            390.0
          ],
          [
            8.620773,
            47.675915,
            390.0
          ],
          [
            8.620853,
            47.675957,
            390.0
          ],
          [
            8.62106,
            47.676096,
            390.0
          ],
          [
            8.621266,
            47.6762,
            390.0
          ],
          [
            8.621662,
            47.676332,
            390.0
          ],
          [
            8.622057,
            47.676447,
            390.0
          ],
          [
            8.622201,
            47.676484,
            390.0
          ],
          [
            8.6223,
            47.676496,
            390.0
          ],
          [
            8.62239,
            47.676508,
            390.0
          ],
          [
            8.62274,
            47.676538,
            390.0
          ],
          [
            8.623144,
            47.676623,
            390.0
          ],
          [
            8.623432,
            47.676695,
            390.0
          ],
          [
            8.62362,
            47.676756,
            390.0
          ],
          [
            8.623872,
            47.676847,
            390.0
          ],
          [
            8.623998,
            47.676901,
            390.0
          ],
          [
            8.624159,
            47.676967,
            390.0
          ],
          [
            8.624321,
            47.677046,
            390.0
          ],
          [
            8.624788,
            47.6773,
            390.0
          ],
          [
            8.624931,
            47.677385,
            390.0
          ],
          [
            8.625174,
            47.677548,
            390.0
          ],
          [
            8.625434,
            47.67776,
            390.0
          ],
          [
            8.625516,
            47.677838,
            390.0
          ],
          [
            8.625587,
            47.677923,
            390.0
          ],
          [
            8.62566,
            47.678032,
            390.0
          ],
          [
            8.625929,
            47.678558,
            390.0
          ],
          [
            8.626073,
            47.678836,
            390.0
          ],
          [
            8.626199,
            47.679126,
            390.0
          ],
          [
            8.626243,
            47.679242,
            390.0
          ],
          [
            8.626333,
            47.679453,
            390.0
          ],
          [
            8.626333,
            47.679453,
            390.0
          ],
          [
            8.626405,
            47.679635,
            390.0
          ],
          [
            8.626432,
            47.679719,
            390.0
          ],
          [
            8.62645,
            47.679816,
            390.0
          ],
          [
            8.626459,
            47.679919,
            390.0
          ],
          [
            8.626432,
            47.680143,
            390.0
          ],
          [
            8.626413,
            47.681322,
            390.0
          ],
          [
            8.626405,
            47.681419,
            390.0
          ],
          [
            8.626387,
            47.681492,
            390.0
          ],
          [
            8.626243,
            47.681812,
            390.0
          ],
          [
            8.626153,
            47.681975,
            390.0
          ],
          [
            8.6261,
            47.682036,
            390.0
          ],
          [
            8.626054,
            47.682084,
            390.0
          ],
          [
            8.625964,
            47.682151,
            390.0
          ],
          [
            8.625866,
            47.682169,
            390.0
          ],
          [
            8.625956,
            47.682175,
            390.0
          ],
          [
            8.627222,
            47.682519,
            390.0
          ],
          [
            8.627285,
            47.682538,
            390.0
          ],
          [
            8.627312,
            47.682532,
            390.0
          ],
          [
            8.627348,
            47.682519,
            390.0
          ],
          [
            8.627717,
            47.682617,
            390.0
          ],
          [
            8.627905,
            47.682665,
            390.0
          ],
          [
            8.627897,
            47.682701,
            390.0
          ],
          [
            8.627887,
            47.682737,
            390.0
          ],
          [
            8.627815,
            47.682967,
            390.0
          ],
          [
            8.627807,
            47.683004,
            390.0
          ],
          [
            8.627771,
            47.683094,
            390.0
          ],
          [
            8.627744,
            47.683136,
            390.0
          ],
          [
            8.627545,
            47.68336,
            390.0
          ],
          [
            8.627465,
            47.683445,
            390.0
          ],
          [
            8.627438,
            47.683493,
            390.0
          ],
          [
            8.627421,
            47.683572,
            390.0
          ],
          [
            8.627402,
            47.683856,
            390.0
          ],
          [
            8.627402,
            47.683899,
            390.0
          ],
          [
            8.627411,
            47.683917,
            390.0
          ],
          [
            8.627348,
            47.683935,
            390.0
          ],
          [
            8.627241,
            47.683941,
            390.0
          ],
          [
            8.627159,
            47.684431,
            390.0
          ],
          [
            8.627151,
            47.684509,
            390.0
          ],
          [
            8.627105,
            47.684963,
            390.0
          ],
          [
            8.627079,
            47.684987,
            390.0
          ],
          [
            8.627042,
            47.685187,
            390.0
          ],
          [
            8.627052,
            47.685241,
            390.0
          ],
          [
            8.627088,
            47.68529,
            390.0
          ],
          [
            8.627042,
            47.685344,
            390.0
          ],
          [
            8.626998,
            47.68555,
            390.0
          ],
          [
            8.626979,
            47.685574,
            390.0
          ],
          [
            8.626935,
            47.685592,
            390.0
          ],
          [
            8.626845,
            47.685586,
            390.0
          ],
          [
            8.6268,
            47.685592,
            390.0
          ],
          [
            8.626773,
            47.685622,
            390.0
          ],
          [
            8.626755,
            47.685701,
            390.0
          ],
          [
            8.62671,
            47.685749,
            390.0
          ],
          [
            8.626656,
            47.685797,
            390.0
          ],
          [
            8.626629,
            47.685961,
            390.0
          ],
          [
            8.626593,
            47.68613,
            390.0
          ],
          [
            8.626602,
            47.686155,
            390.0
          ],
          [
            8.626656,
            47.686197,
            390.0
          ],
          [
            8.626863,
            47.686221,
            390.0
          ],
          [
            8.626889,
            47.686221,
            390.0
          ],
          [
            8.627124,
            47.686227,
            390.0
          ],
          [
            8.627294,
            47.686239,
            390.0
          ],
          [
            8.627339,
            47.686233,
            390.0
          ],
          [
            8.627375,
            47.686221,
            390.0
          ],
          [
            8.627402,
            47.686209,
            390.0
          ],
          [
            8.627421,
            47.686185,
            390.0
          ],
          [
            8.627555,
            47.686209,
            390.0
          ],
          [
            8.627501,
            47.686348,
            390.0
          ],
          [
            8.627384,
            47.686698,
            390.0
          ],
          [
            8.627241,
            47.687183,
            390.0
          ],
          [
            8.627231,
            47.687213,
            390.0
          ],
          [
            8.627249,
            47.687231,
            390.0
          ],
          [
            8.627276,
            47.687243,
            390.0
          ],
          [
            8.627304,
            47.687249,
            390.0
          ],
          [
            8.627249,
            47.687424,
            391.0
          ],
          [
            8.627025,
            47.687696,
            391.0
          ],
          [
            8.627006,
            47.687732,
            391.0
          ],
          [
            8.626918,
            47.687968,
            391.0
          ],
          [
            8.626818,
            47.688223,
            391.0
          ],
          [
            8.626755,
            47.688477,
            391.0
          ],
          [
            8.626692,
            47.688748,
            390.0
          ],
          [
            8.626612,
            47.689063,
            390.0
          ],
          [
            8.626576,
            47.689154,
            390.0
          ],
          [
            8.626549,
            47.689226,
            390.0
          ],
          [
            8.626352,
            47.689547,
            390.0
          ],
          [
            8.626297,
            47.689662,
            390.0
          ],
          [
            8.626279,
            47.689716,
            390.0
          ],
          [
            8.626226,
            47.690079,
            390.0
          ],
          [
            8.626189,
            47.690351,
            390.0
          ],
          [
            8.6261,
            47.690459,
            390.0
          ],
          [
            8.626027,
            47.690527,
            390.0
          ],
          [
            8.625956,
            47.690611,
            391.0
          ],
          [
            8.62592,
            47.690689,
            392.0
          ],
          [
            8.625874,
            47.690714,
            392.0
          ],
          [
            8.625786,
            47.69072,
            393.0
          ],
          [
            8.625633,
            47.69072,
            394.0
          ],
          [
            8.625606,
            47.690847,
            394.0
          ],
          [
            8.625606,
            47.690944,
            394.0
          ],
          [
            8.625633,
            47.691034,
            395.0
          ],
          [
            8.625677,
            47.691113,
            395.0
          ],
          [
            8.625723,
            47.691174,
            395.0
          ],
          [
            8.625776,
            47.691222,
            395.0
          ],
          [
            8.625794,
            47.69124,
            395.0
          ],
          [
            8.62592,
            47.691318,
            395.0
          ],
          [
            8.626163,
            47.691463,
            396.0
          ],
          [
            8.626297,
            47.691536,
            396.0
          ],
          [
            8.626503,
            47.691657,
            396.0
          ],
          [
            8.626602,
            47.691639,
            396.0
          ],
          [
            8.626792,
            47.691736,
            394.0
          ],
          [
            8.626979,
            47.691844,
            393.0
          ],
          [
            8.627142,
            47.691917,
            392.0
          ],
          [
            8.627285,
            47.691935,
            391.0
          ],
          [
            8.627421,
            47.691917,
            390.0
          ],
          [
            8.627537,
            47.691899,
            390.0
          ],
          [
            8.627662,
            47.691935,
            390.0
          ],
          [
            8.627771,
            47.691996,
            390.0
          ],
          [
            8.628193,
            47.692122,
            390.0
          ],
          [
            8.628201,
            47.692122,
            390.0
          ],
          [
            8.628354,
            47.692068,
            390.0
          ],
          [
            8.628489,
            47.69205,
            390.0
          ],
          [
            8.628642,
            47.69205,
            390.0
          ],
          [
            8.629073,
            47.692122,
            391.0
          ],
          [
            8.629459,
            47.692177,
            391.0
          ],
          [
            8.629746,
            47.692171,
            391.0
          ],
          [
            8.629828,
            47.692165,
            391.0
          ],
          [
            8.630241,
            47.692135,
            391.0
          ],
          [
            8.630394,
            47.692147,
            391.0
          ],
          [
            8.630501,
            47.692068,
            391.0
          ],
          [
            8.630645,
            47.692068,
            391.0
          ],
          [
            8.63104,
            47.692128,
            391.0
          ],
          [
            8.631382,
            47.692208,
            392.0
          ],
          [
            8.63183,
            47.692286,
            392.0
          ],
          [
            8.632181,
            47.69231,
            392.0
          ],
          [
            8.632729,
            47.692334,
            392.0
          ],
          [
            8.632945,
            47.692371,
            392.0
          ],
          [
            8.633447,
            47.692419,
            392.0
          ],
          [
            8.634229,
            47.692431,
            393.0
          ],
          [
            8.634516,
            47.692461,
            393.0
          ],
          [
            8.635828,
            47.692739,
            393.0
          ],
          [
            8.636619,
            47.692933,
            393.0
          ],
          [
            8.637742,
            47.693138,
            394.0
          ],
          [
            8.637742,
            47.693138,
            394.0
          ],
          [
            8.637786,
            47.693144,
            394.0
          ],
          [
            8.63899,
            47.693549,
            394.0
          ],
          [
            8.639287,
            47.693604,
            395.0
          ],
          [
            8.639637,
            47.693749,
            395.0
          ],
          [
            8.639736,
            47.693864,
            395.0
          ],
          [
            8.64014,
            47.694021,
            395.0
          ],
          [
            8.640319,
            47.693979,
            395.0
          ],
          [
            8.640734,
            47.69404,
            395.0
          ],
          [
            8.640994,
            47.694076,
            395.0
          ],
          [
            8.641074,
            47.694112,
            395.0
          ],
          [
            8.640948,
            47.69419,
            395.0
          ],
          [
            8.64103,
            47.694239,
            399.0
          ],
          [
            8.641111,
            47.694281,
            396.0
          ],
          [
            8.641101,
            47.694287,
            396.0
          ],
          [
            8.640149,
            47.694964,
            396.0
          ],
          [
            8.640122,
            47.694994,
            396.0
          ],
          [
            8.640113,
            47.695019,
            396.0
          ],
          [
            8.640113,
            47.695055,
            396.0
          ],
          [
            8.640122,
            47.695092,
            396.0
          ],
          [
            8.640122,
            47.695098,
            396.0
          ],
          [
            8.640132,
            47.695122,
            396.0
          ],
          [
            8.640229,
            47.695188,
            397.0
          ],
          [
            8.640382,
            47.695243,
            397.0
          ],
          [
            8.640455,
            47.695273,
            397.0
          ],
          [
            8.640535,
            47.695303,
            397.0
          ],
          [
            8.640634,
            47.695333,
            397.0
          ],
          [
            8.640769,
            47.695291,
            397.0
          ],
          [
            8.640885,
            47.695309,
            397.0
          ],
          [
            8.640858,
            47.695479,
            397.0
          ],
          [
            8.640795,
            47.695521,
            397.0
          ],
          [
            8.640769,
            47.695539,
            397.0
          ],
          [
            8.64076,
            47.695545,
            397.0
          ],
          [
            8.640705,
            47.695575,
            397.0
          ],
          [
            8.640652,
            47.695611,
            397.0
          ],
          [
            8.640598,
            47.695648,
            397.0
          ],
          [
            8.640482,
            47.695696,
            397.0
          ],
          [
            8.640311,
            47.695745,
            397.0
          ],
          [
            8.640059,
            47.695763,
            397.0
          ],
          [
            8.639862,
            47.695769,
            397.0
          ],
          [
            8.639187,
            47.695805,
            397.0
          ],
          [
            8.638973,
            47.695841,
            396.0
          ],
          [
            8.638631,
            47.695872,
            396.0
          ],
          [
            8.638595,
            47.695878,
            396.0
          ],
          [
            8.638388,
            47.695902,
            396.0
          ],
          [
            8.638208,
            47.695908,
            396.0
          ],
          [
            8.6382,
            47.695908,
            396.0
          ],
          [
            8.638173,
            47.695908,
            396.0
          ],
          [
            8.638164,
            47.695908,
            396.0
          ],
          [
            8.638137,
            47.695902,
            396.0
          ],
          [
            8.638065,
            47.695896,
            396.0
          ],
          [
            8.637994,
            47.69589,
            396.0
          ],
          [
            8.637966,
            47.695884,
            396.0
          ],
          [
            8.637805,
            47.695859,
            396.0
          ],
          [
            8.637652,
            47.695853,
            397.0
          ],
          [
            8.637499,
            47.695884,
            397.0
          ],
          [
            8.637338,
            47.695926,
            397.0
          ],
          [
            8.637005,
            47.696034,
            397.0
          ],
          [
            8.636736,
            47.696114,
            398.0
          ],
          [
            8.636439,
            47.696138,
            398.0
          ],
          [
            8.635684,
            47.696216,
            398.0
          ],
          [
            8.635631,
            47.696222,
            399.0
          ],
          [
            8.635245,
            47.696283,
            399.0
          ],
          [
            8.635019,
            47.696301,
            399.0
          ],
          [
            8.634768,
            47.696337,
            399.0
          ],
          [
            8.634696,
            47.696343,
            399.0
          ],
          [
            8.634149,
            47.696385,
            400.0
          ],
          [
            8.633654,
            47.696409,
            402.0
          ],
          [
            8.633537,
            47.696427,
            402.0
          ],
          [
            8.633321,
            47.696513,
            403.0
          ],
          [
            8.633214,
            47.696525,
            404.0
          ],
          [
            8.632765,
            47.696555,
            405.0
          ],
          [
            8.632369,
            47.696591,
            407.0
          ],
          [
            8.632316,
            47.696597,
            407.0
          ],
          [
            8.632289,
            47.696603,
            407.0
          ],
          [
            8.631939,
            47.696639,
            408.0
          ],
          [
            8.631759,
            47.696645,
            409.0
          ],
          [
            8.631713,
            47.696682,
            409.0
          ],
          [
            8.631652,
            47.696706,
            410.0
          ],
          [
            8.631597,
            47.696718,
            410.0
          ],
          [
            8.631552,
            47.69673,
            410.0
          ],
          [
            8.631579,
            47.69676,
            410.0
          ],
          [
            8.631597,
            47.696778,
            410.0
          ],
          [
            8.631615,
            47.696827,
            410.0
          ],
          [
            8.631633,
            47.696875,
            410.0
          ],
          [
            8.63166,
            47.696924,
            410.0
          ],
          [
            8.631696,
            47.696996,
            409.0
          ],
          [
            8.631786,
            47.697093,
            409.0
          ],
          [
            8.631939,
            47.69725,
            408.0
          ],
          [
            8.632226,
            47.697486,
            407.0
          ],
          [
            8.632325,
            47.697437,
            407.0
          ],
          [
            8.632396,
            47.697504,
            407.0
          ],
          [
            8.632424,
            47.697534,
            407.0
          ],
          [
            8.632631,
            47.697734,
            406.0
          ],
          [
            8.632784,
            47.697891,
            405.0
          ],
          [
            8.632837,
            47.69794,
            405.0
          ],
          [
            8.632855,
            47.697964,
            405.0
          ],
          [
            8.632891,
            47.697994,
            405.0
          ],
          [
            8.633052,
            47.698169,
            405.0
          ],
          [
            8.633187,
            47.698308,
            404.0
          ],
          [
            8.633287,
            47.698411,
            404.0
          ],
          [
            8.63334,
            47.698471,
            403.0
          ],
          [
            8.63325,
            47.698526,
            407.0
          ],
          [
            8.633142,
            47.698411,
            407.0
          ],
          [
            8.633115,
            47.698423,
            405.0
          ],
          [
            8.632981,
            47.698507,
            403.0
          ],
          [
            8.632945,
            47.698526,
            402.0
          ]
        ]
      }
    }
  ]
}