{
  "type": "FeatureCollection",
  "features": [
    {
      "type": "Feature",
      "properties": {},
      "geometry": {
        "type": "LineString",
        "coordinates": [
          [
            8.388914,
            47.456688,
            431.0
          ],
          [
            8.38892,
            47.456791,
            432.0
          ],
          [
            8.388906,
            47.456883,
            432.0
          ],
          [
            8.388889,
            47.456977,
            432.0
          ],
          [
            8.388881,
            47.457072,
            432.0
          ],
          [
            8.388854,
            47.45716,
            432.0
          ],
          [
            8.388819,
            47.457252,
            432.0
          ],
          [
            8.388802,
            47.457353,
            432.0
          ],
          [
            8.388794,
            47.457457,
            432.0
          ],
          [
            8.388817,
            47.457556,
            432.0
          ],
          [
            8.388819,
            47.457654,
            432.0
          ],
          [
            8.388827,
            47.457758,
            432.0
          ],
          [
            8.388831,
            47.457848,
            432.0
          ],
          [
            8.388843,
            47.457943,
            432.0
          ],
          [
            8.388838,
            47.458041,
            432.0
          ],
          [
            8.388841,
            47.458144,
            434.0
          ],
          [
            8.388846,
            47.458241,
            432.0
          ],
          [
            8.388854,
            47.458344,
            433.0
          ],
          [
            8.388854,
            47.458434,
            433.0
          ],
          [
            8.388861,
            47.458528,
            433.0
          ],
          [
            8.388861,
            47.458633,
            433.0
          ],
          [
            8.388876,
            47.458733,
            431.0
          ],
          [
            8.388876,
            47.458827,
            431.0
          ],
          [
            8.388881,
            47.458922,
            431.0
          ],
          [
            8.388893,
            47.459016,
            432.0
          ],
          [
            8.38889,
            47.459115,
            432.0
          ],
          [
            8.388876,
            47.459206,
            433.0
          ],
          [
            8.388876,
            47.459301,
            435.0
          ],
          [
            8.388882,
            47.459401,
            435.0
          ],
          [
            8.388901,
            47.459491,
            435.0
          ],
          [
            8.388918,
            47.459591,
            436.0
          ],
          [
            8.388929,
            47.459683,
            437.0
          ],
          [
            8.388944,
            47.459775,
            438.0
          ],
          [
            8.389031,
            47.459847,
            440.0
          ],
          [
            8.389078,
            47.459949,
            440.0
          ],
          [
            8.38901,
            47.460036,
            441.0
          ],
          [
            8.38892,
            47.46011,
            443.0
          ],
          [
            8.38883,
            47.46019,
            449.0
          ],
          [
            8.388799,
            47.460281,
            450.0
          ],
          [
            8.38876,
            47.460373,
            451.0
          ],
          [
            8.388766,
            47.460478,
            450.0
          ],
          [
            8.388737,
            47.460574,
            453.0
          ],
          [
            8.388686,
            47.46066,
            453.0
          ],
          [
            8.38865,
            47.460754,
            456.0
          ],
          [
            8.388637,
            47.460847,
            457.0
          ],
          [
            8.388617,
            47.46094,
            457.0
          ],
          [
            8.388585,
            47.461037,
            459.0
          ],
          [
            8.388516,
            47.461129,
            459.0
          ],
          [
            8.388473,
            47.461221,
            459.0
          ],
          [
            8.388416,
            47.461314,
            460.0
          ],
          [
            8.388336,
            47.461403,
            460.0
          ],
          [
            8.388292,
            47.461501,
            459.0
          ],
          [
            8.388244,
            47.461596,
            458.0
          ],
          [
            8.388194,
            47.461684,
            456.0
          ],
          [
            8.388141,
            47.461781,
            455.0
          ],
          [
            8.388071,
            47.461862,
            455.0
          ],
          [
            8.388001,
            47.461943,
            456.0
          ],
          [
            8.387956,
            47.462031,
            458.0
          ],
          [
            8.387902,
            47.462114,
            458.0
          ],
          [
            8.38785,
            47.462214,
            457.0
          ],
          [
            8.387807,
            47.462302,
            456.0
          ],
          [
            8.387787,
            47.462405,
            456.0
          ],
          [
            8.387764,
            47.462502,
            459.0
          ],
          [
            8.387721,
            47.462596,
            460.0
          ],
          [
            8.387713,
            47.4627,
            459.0
          ],
          [
            8.387699,
            47.462791,
            459.0
          ],
          [
            8.387718,
            47.46288,
            456.0
          ],
          [
            8.387729,
            47.46298,
            453.0
          ],
          [
            8.387725,
            47.463082,
            450.0
          ],
          [
            8.387762,
            47.463175,
            448.0
          ],
          [
            8.387756,
            47.46327,
            445.0
          ],
          [
            8.387766,
            47.463366,
            444.0
          ],
          [
            8.38782,
            47.463455,
            444.0
          ],
          [
            8.387665,
            47.463457,
            443.0
          ],
          [
            8.387522,
            47.463443,
            443.0
          ],
          [
            8.387379,
            47.463443,
            442.0
          ],
          [
            8.387298,
            47.463519,
            440.0
          ],
          [
            8.387276,
            47.463615,
            440.0
          ],
          [
            8.387191,
            47.463696,
            441.0
          ],
          [
            8.387168,
            47.463787,
            440.0
          ],
          [
            8.387117,
            47.463879,
            443.0
          ],
          [
            8.387097,
            47.463976,
            446.0
          ],
          [
            8.387121,
            47.464075,
            449.0
          ],
          [
            8.387151,
            47.464176,
            456.0
          ],
          [
            8.387155,
            47.464269,
            458.0
          ],
          [
            8.387146,
            47.464366,
            460.0
          ],
          [
            8.387113,
            47.464462,
            462.0
          ],
          [
            8.387057,
            47.464641,
            467.0
          ],
          [
            8.386951,
            47.464792,
            469.0
          ],
          [
            8.386907,
            47.464886,
            469.0
          ],
          [
            8.386893,
            47.464976,
            468.0
          ],
          [
            8.386859,
            47.465065,
            467.0
          ],
          [
            8.386818,
            47.465157,
            465.0
          ],
          [
            8.386777,
            47.465247,
            466.0
          ],
          [
            8.386743,
            47.465427,
            469.0
          ],
          [
            8.386742,
            47.465521,
            469.0
          ],
          [
            8.386675,
            47.465601,
            470.0
          ],
          [
            8.38661,
            47.465692,
            469.0
          ],
          [
            8.386549,
            47.465786,
            470.0
          ],
          [
            8.386495,
            47.465875,
            474.0
          ],
          [
            8.386441,
            47.46596,
            475.0
          ],
          [
            8.386372,
            47.466142,
            485.0
          ],
          [
            8.386346,
            47.466232,
            485.0
          ],
          [
            8.386297,
            47.466317,
            485.0
          ],
          [
            8.386262,
            47.466404,
            485.0
          ],
          [
            8.386228,
            47.466502,
            485.0
          ],
          [
            8.3862,
            47.466594,
            485.0
          ],
          [
            8.386176,
            47.466694,
            485.0
          ],
          [
            8.38614,
            47.466786,
            485.0
          ],
          [
            8.386079,
            47.466877,
            485.0
          ],
          [
            8.386027,
            47.466967,
            485.0
          ],
          [
            8.385964,
            47.467058,
            485.0
          ],
          [
            8.385908,
            47.467145,
            485.0
          ],
          [
            8.385826,
            47.467231,
            485.0
          ],
          [
            8.38576,
            47.467312,
            474.0
          ],
          [
            8.385685,
            47.46739,
            473.0
          ],
          [
            8.385622,
            47.467471,
            473.0
          ],
          [
            8.385564,
            47.467553,
            473.0
          ],
          [
            8.385417,
            47.467713,
            474.0
          ],
          [
            8.385233,
            47.467855,
            470.0
          ],
          [
            8.385192,
            47.467956,
            470.0
          ],
          [
            8.385194,
            47.468057,
            474.0
          ],
          [
            8.385212,
            47.468153,
            476.0
          ],
          [
            8.385248,
            47.46824,
            479.0
          ],
          [
            8.385299,
            47.468327,
            481.0
          ],
          [
            8.385315,
            47.468429,
            483.0
          ],
          [
            8.385245,
            47.468511,
            485.0
          ],
          [
            8.385149,
            47.468589,
            483.0
          ],
          [
            8.385082,
            47.468676,
            483.0
          ],
          [
            8.38502,
            47.468767,
            484.0
          ],
          [
            8.384953,
            47.468849,
            486.0
          ],
          [
            8.384859,
            47.468928,
            487.0
          ],
          [
            8.384768,
            47.46901,
            488.0
          ],
          [
            8.384687,
            47.469096,
            489.0
          ],
          [
            8.384647,
            47.469185,
            490.0
          ],
          [
            8.384612,
            47.469282,
            490.0
          ],
          [
            8.384592,
            47.469382,
            490.0
          ],
          [
            8.384553,
            47.469483,
            492.0
          ],
          [
            8.384497,
            47.469568,
            493.0
          ],
          [
            8.384441,
            47.469665,
            494.0
          ],
          [
            8.384402,
            47.469754,
            496.0
          ],
          [
            8.384341,
            47.46984,
            498.0
          ],
          [
            8.384262,
            47.469925,
            500.0
          ],
          [
            8.384203,
            47.470021,
            500.0
          ],
          [
            8.384105,
            47.470105,
            498.0
          ],
          [
            8.384011,
            47.470177,
            496.0
          ],
          [
            8.383903,
            47.470232,
            495.0
          ],
          [
            8.383816,
            47.470304,
            493.0
          ],
          [
            8.383722,
            47.470389,
            492.0
          ],
          [
            8.383681,
            47.470494,
            492.0
          ],
          [
            8.383617,
            47.470575,
            492.0
          ],
          [
            8.383558,
            47.470659,
            492.0
          ],
          [
            8.383526,
            47.470758,
            491.0
          ],
          [
            8.383512,
            47.47085,
            490.0
          ],
          [
            8.383545,
            47.470949,
            490.0
          ],
          [
            8.383618,
            47.471032,
            490.0
          ],
          [
            8.383703,
            47.471105,
            490.0
          ],
          [
            8.383791,
            47.471177,
            491.0
          ],
          [
            8.383856,
            47.471256,
            491.0
          ],
          [
            8.383848,
            47.471357,
            491.0
          ],
          [
            8.383777,
            47.471445,
            492.0
          ],
          [
            8.383659,
            47.471501,
            492.0
          ],
          [
            8.383518,
            47.471533,
            495.0
          ],
          [
            8.383412,
            47.471587,
            496.0
          ],
          [
            8.383295,
            47.471633,
            498.0
          ],
          [
            8.383171,
            47.471689,
            500.0
          ],
          [
            8.383073,
            47.471753,
            501.0
          ],
          [
            8.382979,
            47.47183,
            502.0
          ],
          [
            8.382902,
            47.471909,
            504.0
          ],
          [
            8.382831,
            47.471991,
            506.0
          ],
          [
            8.382757,
            47.472067,
            508.0
          ],
          [
            8.382609,
            47.472229,
            509.0
          ],
          [
            8.382496,
            47.472352,
            512.0
          ],
          [
            8.382426,
            47.472439,
            513.0
          ],
          [
            8.382359,
            47.472523,
            513.0
          ],
          [
            8.382225,
            47.472696,
            515.0
          ],
          [
            8.38212,
            47.472867,
            515.0
          ],
          [
            8.382047,
            47.472946,
            516.0
          ],
          [
            8.381973,
            47.473032,
            518.0
          ],
          [
            8.381913,
            47.473123,
            519.0
          ],
          [
            8.381847,
            47.4733,
            520.0
          ],
          [
            8.381817,
            47.473428,
            521.0
          ],
          [
            8.381801,
            47.47352,
            522.0
          ],
          [
            8.381789,
            47.473612,
            523.0
          ],
          [
            8.381773,
            47.473707,
            526.0
          ],
          [
            8.381715,
            47.473796,
            528.0
          ],
          [
            8.381609,
            47.473854,
            530.0
          ],
          [
            8.381477,
            47.473895,
            531.0
          ],
          [
            8.381333,
            47.473911,
            533.0
          ],
          [
            8.381203,
            47.473944,
            535.0
          ],
          [
            8.381073,
            47.473966,
            537.0
          ],
          [
            8.38095,
            47.474005,
            538.0
          ],
          [
            8.380824,
            47.474037,
            540.0
          ],
          [
            8.380695,
            47.474068,
            541.0
          ],
          [
            8.380565,
            47.474104,
            543.0
          ],
          [
            8.380451,
            47.474151,
            545.0
          ],
          [
            8.380319,
            47.474173,
            546.0
          ],
          [
            8.380172,
            47.474189,
            547.0
          ],
          [
            8.379902,
            47.4742,
            552.0
          ],
          [
            8.379759,
            47.474182,
            553.0
          ],
          [
            8.379615,
            47.474196,
            554.0
          ],
          [
            8.379477,
            47.474214,
            557.0
          ],
          [
            8.379335,
            47.474227,
            559.0
          ],
          [
            8.379191,
            47.474216,
            562.0
          ],
          [
            8.379041,
            47.474223,
            563.0
          ],
          [
            8.378896,
            47.474235,
            563.0
          ],
          [
            8.378756,
            47.474282,
            565.0
          ],
          [
            8.378607,
            47.474282,
            569.0
          ],
          [
            8.378451,
            47.474274,
            572.0
          ],
          [
            8.378317,
            47.474269,
            575.0
          ],
          [
            8.378178,
            47.474287,
            575.0
          ],
          [
            8.378033,
            47.474304,
            575.0
          ],
          [
            8.377885,
            47.47433,
            577.0
          ],
          [
            8.377759,
            47.474371,
            576.0
          ],
          [
            8.377617,
            47.4744,
            576.0
          ],
          [
            8.377503,
            47.474464,
            575.0
          ],
          [
            8.377372,
            47.474497,
            576.0
          ],
          [
            8.377251,
            47.474543,
            574.0
          ],
          [
            8.377126,
            47.474597,
            574.0
          ],
          [
            8.377012,
            47.474646,
            573.0
          ],
          [
            8.3769,
            47.474695,
            575.0
          ],
          [
            8.376799,
            47.474757,
            578.0
          ],
          [
            8.37671,
            47.474826,
            581.0
          ],
          [
            8.376586,
            47.474884,
            583.0
          ],
          [
            8.376473,
            47.474951,
            582.0
          ],
          [
            8.376374,
            47.475022,
            585.0
          ],
          [
            8.376279,
            47.475088,
            588.0
          ],
          [
            8.376095,
            47.475225,
            592.0
          ],
          [
            8.376012,
            47.47542,
            593.0
          ],
          [
            8.37588,
            47.47559,
            596.0
          ],
          [
            8.375816,
            47.475699,
            594.0
          ],
          [
            8.375768,
            47.475789,
            594.0
          ],
          [
            8.375727,
            47.475875,
            596.0
          ],
          [
            8.37564,
            47.47595,
            598.0
          ],
          [
            8.375608,
            47.47613,
            598.0
          ],
          [
            8.375616,
            47.476311,
            600.0
          ],
          [
            8.375612,
            47.476497,
            604.0
          ],
          [
            8.375595,
            47.476684,
            608.0
          ],
          [
            8.375412,
            47.476816,
            609.0
          ],
          [
            8.375168,
            47.476899,
            615.0
          ],
          [
            8.374929,
            47.476944,
            616.0
          ],
          [
            8.374795,
            47.476937,
            618.0
          ],
          [
            8.374665,
            47.476902,
            617.0
          ],
          [
            8.374539,
            47.47687,
            620.0
          ],
          [
            8.374389,
            47.476887,
            620.0
          ],
          [
            8.374288,
            47.476962,
            622.0
          ],
          [
            8.374262,
            47.47705,
            623.0
          ],
          [
            8.374349,
            47.477133,
            623.0
          ],
          [
            8.374469,
            47.477187,
            622.0
          ],
          [
            8.374575,
            47.477255,
            621.0
          ],
          [
            8.374664,
            47.477333,
            620.0
          ],
          [
            8.37494,
            47.477382,
            619.0
          ],
          [
            8.37518,
            47.477461,
            621.0
          ],
          [
            8.37543,
            47.477536,
            618.0
          ],
          [
            8.375659,
            47.477645,
            624.0
          ],
          [
            8.375921,
            47.477697,
            632.0
          ],
          [
            8.376174,
            47.477605,
            637.0
          ],
          [
            8.37637,
            47.477447,
            642.0
          ],
          [
            8.376545,
            47.477307,
            640.0
          ],
          [
            8.376768,
            47.47719,
            640.0
          ],
          [
            8.376961,
            47.477053,
            644.0
          ],
          [
            8.377134,
            47.476903,
            648.0
          ],
          [
            8.377346,
            47.476787,
            648.0
          ],
          [
            8.377583,
            47.476874,
            648.0
          ],
          [
            8.377587,
            47.476975,
            649.0
          ],
          [
            8.377499,
            47.477054,
            652.0
          ],
          [
            8.377444,
            47.477137,
            655.0
          ],
          [
            8.377384,
            47.477294,
            657.0
          ],
          [
            8.377381,
            47.477385,
            658.0
          ],
          [
            8.377392,
            47.477475,
            659.0
          ],
          [
            8.377465,
            47.477552,
            660.0
          ],
          [
            8.377579,
            47.477614,
            660.0
          ],
          [
            8.377696,
            47.477674,
            661.0
          ],
          [
            8.37782,
            47.47771,
            665.0
          ],
          [
            8.378065,
            47.477798,
            668.0
          ],
          [
            8.378174,
            47.477853,
            667.0
          ],
          [
            8.378285,
            47.477922,
            667.0
          ],
          [
            8.378403,
            47.477981,
            666.0
          ],
          [
            8.378526,
            47.478047,
            665.0
          ],
          [
            8.378619,
            47.478113,
            667.0
          ],
          [
            8.378749,
            47.478144,
            667.0
          ],
          [
            8.379002,
            47.478233,
            668.0
          ],
          [
            8.379205,
            47.478352,
            670.0
          ],
          [
            8.379313,
            47.478424,
            671.0
          ],
          [
            8.379448,
            47.478468,
            671.0
          ],
          [
            8.379563,
            47.478519,
            672.0
          ],
          [
            8.379665,
            47.47858,
            672.0
          ],
          [
            8.379788,
            47.478624,
            672.0
          ],
          [
            8.379918,
            47.478664,
            671.0
          ],
          [
            8.380043,
            47.478704,
            672.0
          ],
          [
            8.380251,
            47.478819,
            674.0
          ],
          [
            8.380486,
            47.478925,
            679.0
          ],
          [
            8.380704,
            47.479029,
            686.0
          ],
          [
            8.380943,
            47.479117,
            692.0
          ],
          [
            8.381179,
            47.479204,
            697.0
          ],
          [
            8.381431,
            47.479285,
            705.0
          ],
          [
            8.381654,
            47.479391,
            705.0
          ],
          [
            8.381879,
            47.479496,
            708.0
          ],
          [
            8.382128,
            47.47957,
            717.0
          ],
          [
            8.382394,
            47.479595,
            719.0
          ],
          [
            8.382673,
            47.479608,
            721.0
          ],
          [
            8.382967,
            47.479665,
            727.0
          ],
          [
            8.38323,
            47.479716,
            727.0
          ],
          [
            8.38349,
            47.47977,
            731.0
          ],
          [
            8.38374,
            47.479838,
            735.0
          ],
          [
            8.383995,
            47.479891,
            742.0
          ],
          [
            8.38427,
            47.479879,
            748.0
          ],
          [
            8.384839,
            47.479956,
            745.0
          ],
          [
            8.385631,
            47.479944,
            741.0
          ],
          [
            8.386062,
            47.479958,
            741.0
          ],
          [
            8.386219,
            47.479977,
            742.0
          ],
          [
            8.386356,
            47.479992,
            743.0
          ],
          [
            8.386484,
            47.480015,
            746.0
          ],
          [
            8.386629,
            47.480002,
            750.0
          ],
          [
            8.386763,
            47.479983,
            751.0
          ],
          [
            8.386903,
            47.48,
            750.0
          ],
          [
            8.386998,
            47.480068,
            749.0
          ],
          [
            8.387088,
            47.480139,
            749.0
          ],
          [
            8.38714,
            47.480223,
            748.0
          ],
          [
            8.387214,
            47.48031,
            748.0
          ],
          [
            8.387293,
            47.480387,
            747.0
          ],
          [
            8.387415,
            47.480448,
            748.0
          ],
          [
            8.387534,
            47.480507,
            751.0
          ],
          [
            8.387576,
            47.480597,
            755.0
          ],
          [
            8.387838,
            47.480632,
            763.0
          ],
          [
            8.388111,
            47.480636,
            767.0
          ],
          [
            8.388347,
            47.480726,
            765.0
          ],
          [
            8.388581,
            47.480814,
            764.0
          ],
          [
            8.388851,
            47.480809,
            771.0
          ],
          [
            8.389981,
            47.48108,
            803.0
          ],
          [
            8.39126,
            47.481638,
            852.0
          ],
          [
            8.39153,
            47.481674,
            858.0
          ],
          [
            8.391784,
            47.481724,
            858.0
          ],
          [
            8.391974,
            47.481721,
            858.0
          ],
          [
            8.392114,
            47.481727,
            860.0
          ],
          [
            8.392262,
            47.481713,
            861.0
          ],
          [
            8.392538,
            47.481752,
            862.0
          ],
          [
            8.392812,
            47.481745,
            863.0
          ],
          [
            8.392957,
            47.481743,
            865.0
          ],
          [
            8.393096,
            47.481753,
            866.0
          ],
          [
            8.393248,
            47.481742,
            866.0
          ],
          [
            8.393516,
            47.481757,
            864.0
          ],
          [
            8.393779,
            47.481702,
            861.0
          ],
          [
            8.394048,
            47.48168,
            858.0
          ],
          [
            8.394335,
            47.481681,
            857.0
          ],
          [
            8.394598,
            47.481644,
            856.0
          ],
          [
            8.394857,
            47.481688,
            854.0
          ],
          [
            8.395125,
            47.481749,
            856.0
          ],
          [
            8.395397,
            47.481783,
            858.0
          ],
          [
            8.395674,
            47.481818,
            853.0
          ],
          [
            8.395813,
            47.481836,
            852.0
          ],
          [
            8.395951,
            47.481847,
            850.0
          ],
          [
            8.396095,
            47.481863,
            850.0
          ],
          [
            8.396246,
            47.481886,
            851.0
          ],
          [
            8.396394,
            47.481906,
            853.0
          ],
          [
            8.396525,
            47.481931,
            854.0
          ],
          [
            8.396674,
            47.481945,
            855.0
          ],
          [
            8.396938,
            47.481969,
            857.0
          ],
          [
            8.397213,
            47.481969,
            859.0
          ],
          [
            8.397538,
            47.482021,
            840.0
          ],
          [
            8.397809,
            47.481982,
            846.0
          ],
          [
            8.398098,
            47.48198,
            850.0
          ],
          [
            8.398368,
            47.481975,
            850.0
          ],
          [
            8.398636,
            47.481951,
            851.0
          ],
          [
            8.398903,
            47.481934,
            853.0
          ],
          [
            8.399055,
            47.481937,
            852.0
          ],
          [
            8.399197,
            47.481953,
            851.0
          ],
          [
            8.399336,
            47.481953,
            851.0
          ],
          [
            8.399603,
            47.481961,
            850.0
          ],
          [
            8.399545,
            47.482042,
            851.0
          ],
          [
            8.399407,
            47.482078,
            852.0
          ],
          [
            8.399272,
            47.482121,
            850.0
          ],
          [
            8.399142,
            47.482145,
            849.0
          ],
          [
            8.399022,
            47.482189,
            850.0
          ],
          [
            8.39888,
            47.482211,
            852.0
          ],
          [
            8.398604,
            47.482239,
            847.0
          ],
          [
            8.398458,
            47.482224,
            847.0
          ],
          [
            8.398324,
            47.482235,
            846.0
          ],
          [
            8.3981,
            47.482332,
            842.0
          ],
          [
            8.397865,
            47.482423,
            840.0
          ],
          [
            8.397728,
            47.482461,
            840.0
          ],
          [
            8.397583,
            47.482468,
            840.0
          ],
          [
            8.397443,
            47.48249,
            837.0
          ],
          [
            8.397316,
            47.482525,
            836.0
          ],
          [
            8.397194,
            47.482568,
            836.0
          ],
          [
            8.397125,
            47.482649,
            834.0
          ],
          [
            8.397056,
            47.48273,
            835.0
          ],
          [
            8.396976,
            47.482846,
            834.0
          ],
          [
            8.396873,
            47.482924,
            830.0
          ],
          [
            8.396777,
            47.482997,
            826.0
          ],
          [
            8.39652,
            47.483051,
            821.0
          ],
          [
            8.396285,
            47.483148,
            815.0
          ],
          [
            8.39619,
            47.483211,
            813.0
          ],
          [
            8.396105,
            47.483281,
            806.0
          ],
          [
            8.396059,
            47.483376,
            796.0
          ],
          [
            8.395953,
            47.483431,
            789.0
          ],
          [
            8.395806,
            47.483442,
            785.0
          ],
          [
            8.395533,
            47.483424,
            783.0
          ],
          [
            8.395282,
            47.483455,
            779.0
          ],
          [
            8.395135,
            47.483448,
            776.0
          ],
          [
            8.395003,
            47.483475,
            776.0
          ],
          [
            8.394848,
            47.483484,
            776.0
          ],
          [
            8.394677,
            47.483624,
            772.0
          ],
          [
            8.394896,
            47.483734,
            764.0
          ],
          [
            8.39516,
            47.483711,
            763.0
          ],
          [
            8.395443,
            47.483697,
            759.0
          ],
          [
            8.39558,
            47.483718,
            759.0
          ],
          [
            8.395722,
            47.483736,
            758.0
          ],
          [
            8.395871,
            47.483742,
            755.0
          ],
          [
            8.396024,
            47.483742,
            753.0
          ],
          [
            8.396163,
            47.483748,
            753.0
          ],
          [
            8.396308,
            47.483761,
            752.0
          ],
          [
            8.396446,
            47.483777,
            751.0
          ],
          [
            8.396583,
            47.483813,
            749.0
          ],
          [
            8.396716,
            47.483803,
            748.0
          ],
          [
            8.396863,
            47.483821,
            747.0
          ],
          [
            8.396997,
            47.483837,
            746.0
          ],
          [
            8.397145,
            47.48385,
            744.0
          ],
          [
            8.397282,
            47.483863,
            744.0
          ],
          [
            8.397432,
            47.483879,
            744.0
          ],
          [
            8.397562,
            47.483908,
            743.0
          ],
          [
            8.397691,
            47.483933,
            743.0
          ],
          [
            8.397826,
            47.483958,
            741.0
          ],
          [
            8.397972,
            47.483985,
            741.0
          ],
          [
            8.398105,
            47.483995,
            740.0
          ],
          [
            8.39825,
            47.484008,
            739.0
          ],
          [
            8.398383,
            47.484043,
            738.0
          ],
          [
            8.398522,
            47.484066,
            737.0
          ],
          [
            8.398674,
            47.484082,
            736.0
          ],
          [
            8.398809,
            47.484074,
            736.0
          ],
          [
            8.398942,
            47.484059,
            737.0
          ],
          [
            8.3991,
            47.484072,
            737.0
          ],
          [
            8.39926,
            47.48408,
            736.0
          ],
          [
            8.399407,
            47.484072,
            733.0
          ],
          [
            8.399552,
            47.484059,
            732.0
          ],
          [
            8.399701,
            47.484051,
            730.0
          ],
          [
            8.399858,
            47.484051,
            728.0
          ],
          [
            8.400013,
            47.484055,
            727.0
          ],
          [
            8.40016,
            47.4841,
            728.0
          ],
          [
            8.400276,
            47.484143,
            727.0
          ],
          [
            8.400417,
            47.484176,
            725.0
          ],
          [
            8.400559,
            47.484206,
            723.0
          ],
          [
            8.400708,
            47.48423,
            722.0
          ],
          [
            8.400842,
            47.484244,
            721.0
          ],
          [
            8.400975,
            47.484289,
            721.0
          ],
          [
            8.401127,
            47.484309,
            720.0
          ],
          [
            8.401253,
            47.484342,
            718.0
          ],
          [
            8.401393,
            47.48435,
            717.0
          ],
          [
            8.40154,
            47.484344,
            715.0
          ],
          [
            8.401684,
            47.484344,
            713.0
          ],
          [
            8.401829,
            47.484335,
            712.0
          ],
          [
            8.40197,
            47.484333,
            712.0
          ],
          [
            8.402108,
            47.484325,
            712.0
          ],
          [
            8.402257,
            47.48434,
            712.0
          ],
          [
            8.402391,
            47.484342,
            712.0
          ],
          [
            8.402532,
            47.484328,
            711.0
          ],
          [
            8.402672,
            47.48432,
            710.0
          ],
          [
            8.402823,
            47.484297,
            708.0
          ],
          [
            8.402956,
            47.484279,
            708.0
          ],
          [
            8.403101,
            47.484291,
            711.0
          ],
          [
            8.40324,
            47.48431,
            710.0
          ],
          [
            8.403377,
            47.484328,
            708.0
          ],
          [
            8.403523,
            47.484351,
            708.0
          ],
          [
            8.403668,
            47.48439,
            708.0
          ],
          [
            8.403799,
            47.484416,
            708.0
          ],
          [
            8.403933,
            47.484428,
            706.0
          ],
          [
            8.404072,
            47.484441,
            704.0
          ],
          [
            8.404218,
            47.484422,
            703.0
          ],
          [
            8.404363,
            47.484405,
            703.0
          ],
          [
            8.404503,
            47.484404,
            703.0
          ],
          [
            8.404638,
            47.484407,
            703.0
          ],
          [
            8.404786,
            47.484398,
            704.0
          ],
          [
            8.404918,
            47.484383,
            703.0
          ],
          [
            8.405052,
            47.484372,
            702.0
          ],
          [
            8.405187,
            47.484355,
            703.0
          ],
          [
            8.405328,
            47.484365,
            703.0
          ],
          [
            8.405466,
            47.484384,
            703.0
          ],
          [
            8.405732,
            47.484383,
            705.0
          ],
          [
            8.405987,
            47.484356,
            705.0
          ],
          [
            8.406122,
            47.484387,
            708.0
          ],
          [
            8.406256,
            47.484401,
            707.0
          ],
          [
            8.406369,
            47.484462,
            707.0
          ],
          [
            8.406476,
            47.484522,
            705.0
          ],
          [
            8.406617,
            47.484556,
            705.0
          ],
          [
            8.406757,
            47.484576,
            704.0
          ],
          [
            8.406904,
            47.484575,
            701.0
          ],
          [
            8.407042,
            47.484583,
            699.0
          ],
          [
            8.407172,
            47.484607,
            700.0
          ],
          [
            8.407309,
            47.484594,
            699.0
          ],
          [
            8.407461,
            47.484584,
            698.0
          ],
          [
            8.407603,
            47.484563,
            697.0
          ],
          [
            8.407748,
            47.484551,
            695.0
          ],
          [
            8.407902,
            47.484555,
            696.0
          ],
          [
            8.408028,
            47.484604,
            697.0
          ],
          [
            8.40811,
            47.484694,
            699.0
          ],
          [
            8.408006,
            47.484764,
            693.0
          ],
          [
            8.407859,
            47.484783,
            690.0
          ],
          [
            8.407723,
            47.484796,
            688.0
          ],
          [
            8.407577,
            47.484824,
            686.0
          ],
          [
            8.407451,
            47.484861,
            686.0
          ],
          [
            8.407341,
            47.484914,
            684.0
          ],
          [
            8.407226,
            47.484971,
            683.0
          ],
          [
            8.407105,
            47.485015,
            680.0
          ],
          [
            8.406995,
            47.485072,
            681.0
          ],
          [
            8.406873,
            47.485129,
            681.0
          ],
          [
            8.406755,
            47.485181,
            682.0
          ],
          [
            8.406622,
            47.485232,
            682.0
          ],
          [
            8.406486,
            47.485285,
            681.0
          ],
          [
            8.406361,
            47.485328,
            679.0
          ],
          [
            8.406235,
            47.485363,
            679.0
          ],
          [
            8.406105,
            47.485393,
            679.0
          ],
          [
            8.405968,
            47.485429,
            680.0
          ],
          [
            8.405832,
            47.485453,
            680.0
          ],
          [
            8.405693,
            47.485492,
            680.0
          ],
          [
            8.40555,
            47.485513,
            680.0
          ],
          [
            8.405413,
            47.485543,
            679.0
          ],
          [
            8.405269,
            47.485572,
            679.0
          ],
          [
            8.405128,
            47.485604,
            680.0
          ],
          [
            8.405005,
            47.485645,
            679.0
          ],
          [
            8.404871,
            47.485694,
            677.0
          ],
          [
            8.404729,
            47.485724,
            677.0
          ],
          [
            8.404595,
            47.485758,
            676.0
          ],
          [
            8.404474,
            47.485808,
            676.0
          ],
          [
            8.404344,
            47.485866,
            676.0
          ],
          [
            8.404216,
            47.485923,
            676.0
          ],
          [
            8.404065,
            47.485934,
            675.0
          ],
          [
            8.403928,
            47.485939,
            675.0
          ],
          [
            8.403801,
            47.485983,
            676.0
          ],
          [
            8.403659,
            47.486013,
            676.0
          ],
          [
            8.403524,
            47.48605,
            675.0
          ],
          [
            8.403381,
            47.48608,
            674.0
          ],
          [
            8.403239,
            47.486111,
            673.0
          ],
          [
            8.403111,
            47.486149,
            674.0
          ],
          [
            8.403,
            47.4862,
            672.0
          ],
          [
            8.402898,
            47.486264,
            670.0
          ],
          [
            8.402747,
            47.486303,
            670.0
          ],
          [
            8.402618,
            47.486333,
            670.0
          ],
          [
            8.402486,
            47.48639,
            672.0
          ],
          [
            8.402368,
            47.486438,
            671.0
          ],
          [
            8.402234,
            47.486443,
            672.0
          ],
          [
            8.402096,
            47.486435,
            673.0
          ],
          [
            8.401958,
            47.486452,
            673.0
          ],
          [
            8.401825,
            47.486465,
            672.0
          ],
          [
            8.401694,
            47.486495,
            671.0
          ],
          [
            8.401558,
            47.486516,
            672.0
          ],
          [
            8.40143,
            47.486549,
            671.0
          ],
          [
            8.401249,
            47.486586,
            670.0
          ],
          [
            8.401085,
            47.486593,
            669.0
          ],
          [
            8.400935,
            47.486606,
            670.0
          ],
          [
            8.400764,
            47.486597,
            669.0
          ],
          [
            8.400604,
            47.486596,
            670.0
          ],
          [
            8.400447,
            47.486615,
            671.0
          ],
          [
            8.400317,
            47.48664,
            673.0
          ],
          [
            8.400169,
            47.48665,
            674.0
          ],
          [
            8.400027,
            47.486625,
            676.0
          ],
          [
            8.399874,
            47.486614,
            678.0
          ],
          [
            8.399739,
            47.486641,
            680.0
          ],
          [
            8.399606,
            47.486685,
            683.0
          ],
          [
            8.399516,
            47.486758,
            684.0
          ],
          [
            8.399397,
            47.48681,
            682.0
          ],
          [
            8.399257,
            47.486842,
            680.0
          ],
          [
            8.399123,
            47.486869,
            679.0
          ],
          [
            8.39899,
            47.486895,
            677.0
          ],
          [
            8.398856,
            47.486922,
            674.0
          ],
          [
            8.398722,
            47.486937,
            674.0
          ],
          [
            8.3986,
            47.486997,
            674.0
          ],
          [
            8.398499,
            47.487058,
            673.0
          ],
          [
            8.39838,
            47.487126,
            671.0
          ],
          [
            8.398259,
            47.487176,
            669.0
          ],
          [
            8.398232,
            47.48724,
            648.0
          ],
          [
            8.398155,
            47.487345,
            645.0
          ],
          [
            8.398025,
            47.487365,
            639.0
          ],
          [
            8.397884,
            47.48738,
            634.0
          ],
          [
            8.397755,
            47.487426,
            634.0
          ],
          [
            8.397495,
            47.487497,
            636.0
          ],
          [
            8.397232,
            47.487545,
            633.0
          ],
          [
            8.397118,
            47.487613,
            631.0
          ],
          [
            8.397005,
            47.487671,
            630.0
          ],
          [
            8.396875,
            47.487715,
            627.0
          ],
          [
            8.396752,
            47.487776,
            626.0
          ],
          [
            8.396639,
            47.487835,
            626.0
          ],
          [
            8.396587,
            47.487924,
            624.0
          ],
          [
            8.39671,
            47.487983,
            622.0
          ],
          [
            8.396744,
            47.488073,
            620.0
          ],
          [
            8.396705,
            47.488256,
            619.0
          ],
          [
            8.396607,
            47.488444,
            618.0
          ],
          [
            8.396536,
            47.488625,
            615.0
          ],
          [
            8.396442,
            47.488808,
            610.0
          ],
          [
            8.396387,
            47.488896,
            608.0
          ],
          [
            8.396321,
            47.488992,
            605.0
          ],
          [
            8.396282,
            47.489087,
            604.0
          ],
          [
            8.396331,
            47.489176,
            602.0
          ],
          [
            8.396464,
            47.48922,
            598.0
          ],
          [
            8.396586,
            47.489271,
            596.0
          ],
          [
            8.396702,
            47.489315,
            594.0
          ],
          [
            8.39683,
            47.489347,
            591.0
          ],
          [
            8.39696,
            47.48937,
            589.0
          ],
          [
            8.397107,
            47.489384,
            588.0
          ],
          [
            8.39724,
            47.489402,
            586.0
          ],
          [
            8.397373,
            47.489432,
            584.0
          ],
          [
            8.397496,
            47.489469,
            582.0
          ],
          [
            8.397628,
            47.489502,
            581.0
          ],
          [
            8.397758,
            47.489537,
            579.0
          ],
          [
            8.397998,
            47.489618,
            578.0
          ],
          [
            8.398265,
            47.489677,
            578.0
          ],
          [
            8.398534,
            47.489684,
            576.0
          ],
          [
            8.398806,
            47.489636,
            575.0
          ],
          [
            8.398938,
            47.489623,
            574.0
          ],
          [
            8.399059,
            47.489678,
            574.0
          ],
          [
            8.399059,
            47.489771,
            572.0
          ],
          [
            8.398955,
            47.489852,
            570.0
          ],
          [
            8.398843,
            47.489917,
            568.0
          ],
          [
            8.398731,
            47.489989,
            567.0
          ],
          [
            8.398656,
            47.49008,
            566.0
          ],
          [
            8.398616,
            47.490171,
            565.0
          ],
          [
            8.398588,
            47.490269,
            564.0
          ],
          [
            8.398517,
            47.490345,
            563.0
          ],
          [
            8.398411,
            47.490404,
            563.0
          ],
          [
            8.398289,
            47.490465,
            562.0
          ],
          [
            8.398169,
            47.490522,
            562.0
          ],
          [
            8.398046,
            47.490586,
            560.0
          ],
          [
            8.397925,
            47.490638,
            559.0
          ],
          [
            8.397807,
            47.490697,
            558.0
          ],
          [
            8.397688,
            47.490747,
            557.0
          ],
          [
            8.397558,
            47.490785,
            556.0
          ],
          [
            8.397461,
            47.490847,
            556.0
          ],
          [
            8.397374,
            47.490925,
            555.0
          ],
          [
            8.397276,
            47.491001,
            555.0
          ],
          [
            8.397192,
            47.491081,
            554.0
          ],
          [
            8.39709,
            47.49115,
            553.0
          ],
          [
            8.39698,
            47.49122,
            553.0
          ],
          [
            8.396894,
            47.491301,
            551.0
          ],
          [
            8.396792,
            47.491377,
            550.0
          ],
          [
            8.396569,
            47.491493,
            548.0
          ],
          [
            8.396324,
            47.49159,
            546.0
          ],
          [
            8.396195,
            47.491641,
            545.0
          ],
          [
            8.396065,
            47.491698,
            545.0
          ],
          [
            8.395951,
            47.491749,
            544.0
          ],
          [
            8.395844,
            47.491813,
            544.0
          ],
          [
            8.396063,
            47.491939,
            543.0
          ],
          [
            8.396316,
            47.491997,
            540.0
          ],
          [
            8.396439,
            47.492037,
            538.0
          ],
          [
            8.396555,
            47.492097,
            537.0
          ],
          [
            8.396682,
            47.492154,
            535.0
          ],
          [
            8.396802,
            47.492203,
            533.0
          ],
          [
            8.396913,
            47.492254,
            533.0
          ],
          [
            8.397036,
            47.492293,
            531.0
          ],
          [
            8.39716,
            47.492333,
            530.0
          ],
          [
            8.397284,
            47.492377,
            530.0
          ],
          [
            8.397392,
            47.492435,
            529.0
          ],
          [
            8.397519,
            47.49248,
            528.0
          ],
          [
            8.397644,
            47.492531,
            527.0
          ],
          [
            8.397759,
            47.492583,
            526.0
          ],
          [
            8.397897,
            47.492623,
            525.0
          ],
          [
            8.398019,
            47.492664,
            524.0
          ],
          [
            8.398153,
            47.49269,
            523.0
          ],
          [
            8.398283,
            47.492716,
            523.0
          ],
          [
            8.398419,
            47.492732,
            523.0
          ],
          [
            8.398561,
            47.492735,
            523.0
          ],
          [
            8.39871,
            47.492733,
            523.0
          ],
          [
            8.398859,
            47.492724,
            523.0
          ],
          [
            8.398998,
            47.49273,
            521.0
          ],
          [
            8.39914,
            47.492734,
            518.0
          ],
          [
            8.399293,
            47.49273,
            517.0
          ],
          [
            8.399433,
            47.492724,
            517.0
          ],
          [
            8.399571,
            47.492724,
            516.0
          ],
          [
            8.399713,
            47.492716,
            515.0
          ],
          [
            8.399863,
            47.492702,
            514.0
          ],
          [
            8.400142,
            47.492689,
            511.0
          ],
          [
            8.400451,
            47.492713,
            510.0
          ],
          [
            8.400734,
            47.492725,
            507.0
          ],
          [
            8.401005,
            47.492756,
            505.0
          ],
          [
            8.401293,
            47.49277,
            505.0
          ],
          [
            8.40152,
            47.492844,
            506.0
          ],
          [
            8.401495,
            47.49295,
            505.0
          ],
          [
            8.401518,
            47.493052,
            504.0
          ],
          [
            8.401601,
            47.493138,
            503.0
          ],
          [
            8.401746,
            47.493165,
            502.0
          ],
          [
            8.401882,
            47.493181,
            502.0
          ],
          [
            8.402077,
            47.493176,
            502.0
          ],
          [
            8.402228,
            47.493176,
            502.0
          ],
          [
            8.402362,
            47.4932,
            502.0
          ],
          [
            8.402499,
            47.4932,
            501.0
          ],
          [
            8.402638,
            47.493201,
            502.0
          ],
          [
            8.402772,
            47.493201,
            502.0
          ],
          [
            8.402908,
            47.493198,
            502.0
          ],
          [
            8.403058,
            47.493218,
            502.0
          ],
          [
            8.403209,
            47.493232,
            503.0
          ],
          [
            8.403343,
            47.493244,
            503.0
          ],
          [
            8.403495,
            47.493251,
            502.0
          ],
          [
            8.403646,
            47.493249,
            503.0
          ],
          [
            8.403795,
            47.493236,
            502.0
          ],
          [
            8.403936,
            47.49322,
            502.0
          ],
          [
            8.40407,
            47.493208,
            502.0
          ],
          [
            8.404341,
            47.493192,
            500.0
          ],
          [
            8.404424,
            47.493373,
            498.0
          ],
          [
            8.404385,
            47.493473,
            496.0
          ],
          [
            8.404347,
            47.493563,
            495.0
          ],
          [
            8.404321,
            47.493661,
            494.0
          ],
          [
            8.404274,
            47.49375,
            493.0
          ],
          [
            8.404229,
            47.493843,
            492.0
          ],
          [
            8.4042,
            47.493931,
            491.0
          ],
          [
            8.404178,
            47.49402,
            490.0
          ],
          [
            8.404129,
            47.49411,
            489.0
          ],
          [
            8.404105,
            47.49421,
            488.0
          ],
          [
            8.404072,
            47.494309,
            487.0
          ],
          [
            8.404033,
            47.494409,
            486.0
          ],
          [
            8.403995,
            47.494506,
            485.0
          ],
          [
            8.403958,
            47.494595,
            485.0
          ],
          [
            8.403931,
            47.494686,
            484.0
          ],
          [
            8.403881,
            47.494773,
            483.0
          ],
          [
            8.403854,
            47.494873,
            482.0
          ],
          [
            8.403811,
            47.494971,
            481.0
          ],
          [
            8.403767,
            47.49507,
            480.0
          ],
          [
            8.403755,
            47.495169,
            478.0
          ],
          [
            8.403774,
            47.495258,
            476.0
          ],
          [
            8.403809,
            47.49535,
            476.0
          ],
          [
            8.403852,
            47.495442,
            475.0
          ],
          [
            8.403876,
            47.495531,
            475.0
          ],
          [
            8.403909,
            47.495633,
            475.0
          ],
          [
            8.403951,
            47.49572,
            474.0
          ],
          [
            8.403995,
            47.495819,
            472.0
          ],
          [
            8.404031,
            47.495907,
            470.0
          ],
          [
            8.404065,
            47.496007,
            469.0
          ],
          [
            8.404096,
            47.496098,
            467.0
          ],
          [
            8.404074,
            47.496198,
            467.0
          ],
          [
            8.403939,
            47.496232,
            467.0
          ],
          [
            8.403795,
            47.496268,
            467.0
          ],
          [
            8.403543,
            47.496331,
            466.0
          ],
          [
            8.403283,
            47.4964,
            467.0
          ],
          [
            8.403166,
            47.496444,
            466.0
          ],
          [
            8.403051,
            47.496494,
            465.0
          ],
          [
            8.402959,
            47.496576,
            465.0
          ],
          [
            8.402995,
            47.496763,
            466.0
          ],
          [
            8.403117,
            47.496923,
            464.0
          ],
          [
            8.403205,
            47.497105,
            464.0
          ],
          [
            8.403258,
            47.497226,
            464.0
          ],
          [
            8.403307,
            47.497317,
            464.0
          ],
          [
            8.403355,
            47.497414,
            464.0
          ],
          [
            8.403401,
            47.497508,
            463.0
          ],
          [
            8.403448,
            47.497597,
            463.0
          ],
          [
            8.403498,
            47.497694,
            462.0
          ],
          [
            8.403541,
            47.497784,
            462.0
          ],
          [
            8.403589,
            47.497871,
            463.0
          ],
          [
            8.403656,
            47.497962,
            462.0
          ],
          [
            8.403699,
            47.498049,
            462.0
          ],
          [
            8.403754,
            47.498144,
            462.0
          ],
          [
            8.403801,
            47.498244,
            462.0
          ],
          [
            8.403848,
            47.498331,
            462.0
          ],
          [
            8.403908,
            47.498422,
            461.0
          ],
          [
            8.403963,
            47.498515,
            461.0
          ],
          [
            8.404017,
            47.498606,
            461.0
          ],
          [
            8.404127,
            47.498771,
            464.0
          ],
          [
            8.404219,
            47.498946,
            467.0
          ],
          [
            8.404312,
            47.499119,
            469.0
          ],
          [
            8.404391,
            47.499298,
            470.0
          ],
          [
            8.404475,
            47.499484,
            470.0
          ],
          [
            8.404545,
            47.499599,
            470.0
          ],
          [
            8.404595,
            47.499685,
            470.0
          ],
          [
            8.404654,
            47.499777,
            470.0
          ],
          [
            8.404709,
            47.49987,
            470.0
          ],
          [
            8.404749,
            47.499964,
            470.0
          ],
          [
            8.404797,
            47.500061,
            470.0
          ],
          [
            8.404856,
            47.500147,
            471.0
          ],
          [
            8.404895,
            47.500238,
            471.0
          ],
          [
            8.404947,
            47.500322,
            472.0
          ],
          [
            8.405002,
            47.500421,
            472.0
          ],
          [
            8.405047,
            47.500519,
            471.0
          ],
          [
            8.405084,
            47.500621,
            469.0
          ],
          [
            8.405124,
            47.500711,
            469.0
          ],
          [
            8.405151,
            47.500807,
            470.0
          ],
          [
            8.405179,
            47.500902,
            472.0
          ],
          [
            8.405175,
            47.500999,
            474.0
          ],
          [
            8.405179,
            47.501094,
            475.0
          ],
          [
            8.405268,
            47.501161,
            474.0
          ],
          [
            8.405311,
            47.501255,
            474.0
          ],
          [
            8.405418,
            47.501331,
            476.0
          ],
          [
            8.405489,
            47.501433,
            479.0
          ],
          [
            8.405523,
            47.501526,
            479.0
          ],
          [
            8.405586,
            47.50161,
            479.0
          ],
          [
            8.405622,
            47.501704,
            479.0
          ],
          [
            8.405714,
            47.501775,
            479.0
          ],
          [
            8.405761,
            47.502107,
            472.0
          ],
          [
            8.405714,
            47.501916,
            472.0
          ],
          [
            8.405751,
            47.502107,
            475.0
          ],
          [
            8.405735,
            47.501927,
            472.0
          ],
          [
            8.405838,
            47.501693,
            472.0
          ],
          [
            8.405976,
            47.501856,
            473.0
          ],
          [
            8.406197,
            47.501976,
            473.0
          ],
          [
            8.406282,
            47.502148,
            473.0
          ],
          [
            8.40635,
            47.502232,
            473.0
          ],
          [
            8.406411,
            47.502315,
            473.0
          ],
          [
            8.406464,
            47.502402,
            473.0
          ],
          [
            8.40651,
            47.50249,
            493.0
          ],
          [
            8.406538,
            47.50259,
            493.0
          ],
          [
            8.406562,
            47.502685,
            493.0
          ],
          [
            8.406529,
            47.502785,
            494.0
          ],
          [
            8.406496,
            47.502877,
            495.0
          ],
          [
            8.406436,
            47.502958,
            497.0
          ],
          [
            8.406431,
            47.503053,
            497.0
          ],
          [
            8.406421,
            47.503149,
            497.0
          ],
          [
            8.406405,
            47.503241,
            497.0
          ],
          [
            8.406362,
            47.503326,
            496.0
          ],
          [
            8.406342,
            47.503416,
            494.0
          ],
          [
            8.406341,
            47.503507,
            495.0
          ],
          [
            8.406317,
            47.503597,
            497.0
          ],
          [
            8.406292,
            47.503691,
            500.0
          ],
          [
            8.406275,
            47.503781,
            501.0
          ],
          [
            8.40625,
            47.503874,
            503.0
          ],
          [
            8.406215,
            47.503961,
            503.0
          ],
          [
            8.406164,
            47.504054,
            504.0
          ],
          [
            8.406119,
            47.504153,
            505.0
          ],
          [
            8.406074,
            47.504242,
            508.0
          ],
          [
            8.406036,
            47.504338,
            509.0
          ],
          [
            8.40603,
            47.504431,
            510.0
          ],
          [
            8.406066,
            47.504524,
            512.0
          ],
          [
            8.406078,
            47.504622,
            515.0
          ],
          [
            8.406113,
            47.504718,
            518.0
          ],
          [
            8.406138,
            47.504818,
            520.0
          ],
          [
            8.406184,
            47.504914,
            523.0
          ],
          [
            8.40624,
            47.504999,
            522.0
          ],
          [
            8.406276,
            47.505093,
            523.0
          ],
          [
            8.406337,
            47.505183,
            525.0
          ],
          [
            8.4064,
            47.505269,
            526.0
          ],
          [
            8.406464,
            47.505361,
            527.0
          ],
          [
            8.406533,
            47.505445,
            529.0
          ],
          [
            8.40663,
            47.505508,
            529.0
          ],
          [
            8.406722,
            47.505586,
            531.0
          ],
          [
            8.406801,
            47.505669,
            532.0
          ],
          [
            8.406881,
            47.505742,
            533.0
          ],
          [
            8.406947,
            47.505822,
            535.0
          ],
          [
            8.406989,
            47.505919,
            537.0
          ],
          [
            8.407048,
            47.506005,
            541.0
          ],
          [
            8.406921,
            47.506048,
            543.0
          ],
          [
            8.406779,
            47.506036,
            544.0
          ],
          [
            8.406643,
            47.506054,
            545.0
          ],
          [
            8.406574,
            47.506133,
            546.0
          ],
          [
            8.406553,
            47.50623,
            549.0
          ],
          [
            8.406569,
            47.506324,
            549.0
          ],
          [
            8.406588,
            47.506416,
            550.0
          ],
          [
            8.406632,
            47.50651,
            550.0
          ],
          [
            8.406651,
            47.506603,
            551.0
          ],
          [
            8.406663,
            47.506705,
            554.0
          ],
          [
            8.406651,
            47.506799,
            557.0
          ],
          [
            8.40659,
            47.506892,
            558.0
          ],
          [
            8.406531,
            47.506974,
            560.0
          ],
          [
            8.406468,
            47.507063,
            561.0
          ],
          [
            8.406406,
            47.507152,
            562.0
          ],
          [
            8.406342,
            47.507237,
            563.0
          ],
          [
            8.406274,
            47.507318,
            564.0
          ],
          [
            8.406188,
            47.507388,
            566.0
          ],
          [
            8.406099,
            47.507462,
            568.0
          ],
          [
            8.406019,
            47.507539,
            569.0
          ],
          [
            8.405965,
            47.507627,
            571.0
          ],
          [
            8.405955,
            47.507718,
            572.0
          ],
          [
            8.406056,
            47.50778,
            571.0
          ],
          [
            8.406152,
            47.507717,
            571.0
          ],
          [
            8.406286,
            47.50768,
            572.0
          ],
          [
            8.40642,
            47.507662,
            575.0
          ],
          [
            8.406555,
            47.507691,
            576.0
          ],
          [
            8.406594,
            47.507779,
            578.0
          ],
          [
            8.406574,
            47.507871,
            581.0
          ],
          [
            8.406516,
            47.507959,
            585.0
          ],
          [
            8.406467,
            47.508053,
            589.0
          ],
          [
            8.406421,
            47.508146,
            591.0
          ],
          [
            8.406416,
            47.508246,
            593.0
          ],
          [
            8.406423,
            47.508336,
            596.0
          ],
          [
            8.406394,
            47.508427,
            596.0
          ],
          [
            8.406409,
            47.508517,
            597.0
          ],
          [
            8.406437,
            47.508614,
            599.0
          ],
          [
            8.406428,
            47.508706,
            601.0
          ],
          [
            8.406411,
            47.508806,
            604.0
          ],
          [
            8.406381,
            47.508896,
            605.0
          ],
          [
            8.406353,
            47.508989,
            609.0
          ],
          [
            8.406298,
            47.509076,
            609.0
          ],
          [
            8.406259,
            47.509166,
            612.0
          ],
          [
            8.406221,
            47.50926,
            614.0
          ],
          [
            8.406223,
            47.509359,
            614.0
          ],
          [
            8.406208,
            47.50946,
            615.0
          ],
          [
            8.406223,
            47.50956,
            619.0
          ],
          [
            8.40622,
            47.509654,
            622.0
          ],
          [
            8.406166,
            47.509746,
            622.0
          ],
          [
            8.406129,
            47.509838,
            624.0
          ],
          [
            8.406058,
            47.509922,
            630.0
          ],
          [
            8.406008,
            47.510013,
            635.0
          ],
          [
            8.405914,
            47.51008,
            639.0
          ],
          [
            8.405798,
            47.510144,
            643.0
          ],
          [
            8.405682,
            47.51021,
            644.0
          ],
          [
            8.405551,
            47.510255,
            645.0
          ],
          [
            8.405403,
            47.51027,
            646.0
          ],
          [
            8.405253,
            47.510251,
            647.0
          ],
          [
            8.405119,
            47.510239,
            650.0
          ],
          [
            8.404981,
            47.510249,
            651.0
          ],
          [
            8.40484,
            47.510273,
            652.0
          ],
          [
            8.404709,
            47.510289,
            654.0
          ],
          [
            8.404565,
            47.510296,
            653.0
          ],
          [
            8.404427,
            47.510259,
            653.0
          ],
          [
            8.40428,
            47.510234,
            653.0
          ],
          [
            8.404141,
            47.510224,
            652.0
          ],
          [
            8.403991,
            47.510233,
            649.0
          ],
          [
            8.403854,
            47.510245,
            649.0
          ],
          [
            8.403712,
            47.510251,
            654.0
          ],
          [
            8.40357,
            47.510261,
            655.0
          ],
          [
            8.403429,
            47.510293,
            656.0
          ],
          [
            8.403306,
            47.510349,
            658.0
          ],
          [
            8.403201,
            47.510417,
            658.0
          ],
          [
            8.403097,
            47.510487,
            656.0
          ],
          [
            8.402989,
            47.510544,
            656.0
          ],
          [
            8.402875,
            47.510602,
            654.0
          ],
          [
            8.40278,
            47.51067,
            656.0
          ],
          [
            8.402694,
            47.510754,
            658.0
          ],
          [
            8.402625,
            47.510843,
            660.0
          ],
          [
            8.402587,
            47.51093,
            658.0
          ],
          [
            8.402547,
            47.511024,
            659.0
          ],
          [
            8.402559,
            47.511118,
            658.0
          ],
          [
            8.402587,
            47.511211,
            658.0
          ],
          [
            8.402614,
            47.511305,
            655.0
          ],
          [
            8.402658,
            47.511405,
            653.0
          ],
          [
            8.4027,
            47.5115,
            655.0
          ],
          [
            8.402736,
            47.511598,
            655.0
          ],
          [
            8.402823,
            47.511678,
            655.0
          ],
          [
            8.402922,
            47.51175,
            655.0
          ],
          [
            8.403036,
            47.511816,
            654.0
          ],
          [
            8.40314,
            47.511889,
            652.0
          ],
          [
            8.403337,
            47.512053,
            653.0
          ],
          [
            8.403427,
            47.512135,
            654.0
          ],
          [
            8.40353,
            47.512195,
            655.0
          ],
          [
            8.403626,
            47.512274,
            656.0
          ],
          [
            8.403661,
            47.512367,
            654.0
          ],
          [
            8.403722,
            47.512458,
            654.0
          ],
          [
            8.403774,
            47.512558,
            654.0
          ],
          [
            8.40385,
            47.51264,
            652.0
          ],
          [
            8.403885,
            47.512735,
            647.0
          ],
          [
            8.403899,
            47.512839,
            644.0
          ],
          [
            8.403925,
            47.512931,
            644.0
          ],
          [
            8.403994,
            47.513012,
            648.0
          ],
          [
            8.404031,
            47.513113,
            648.0
          ],
          [
            8.404041,
            47.513208,
            648.0
          ],
          [
            8.404033,
            47.513306,
            648.0
          ],
          [
            8.403993,
            47.513393,
            649.0
          ],
          [
            8.403988,
            47.51349,
            650.0
          ],
          [
            8.403938,
            47.513587,
            652.0
          ],
          [
            8.403893,
            47.513679,
            653.0
          ],
          [
            8.403854,
            47.513768,
            655.0
          ],
          [
            8.403775,
            47.513845,
            655.0
          ],
          [
            8.403685,
            47.513932,
            655.0
          ],
          [
            8.403601,
            47.51402,
            655.0
          ],
          [
            8.403533,
            47.514108,
            655.0
          ],
          [
            8.403476,
            47.514201,
            656.0
          ],
          [
            8.403429,
            47.514295,
            657.0
          ],
          [
            8.403366,
            47.514383,
            657.0
          ],
          [
            8.403323,
            47.514478,
            657.0
          ],
          [
            8.403274,
            47.514573,
            659.0
          ],
          [
            8.403212,
            47.514657,
            659.0
          ],
          [
            8.403136,
            47.514738,
            659.0
          ],
          [
            8.403063,
            47.514818,
            659.0
          ],
          [
            8.403004,
            47.51491,
            660.0
          ],
          [
            8.402953,
            47.515005,
            659.0
          ],
          [
            8.402886,
            47.515087,
            659.0
          ],
          [
            8.402834,
            47.51518,
            657.0
          ],
          [
            8.402804,
            47.515277,
            657.0
          ],
          [
            8.402781,
            47.515366,
            656.0
          ],
          [
            8.402771,
            47.515461,
            656.0
          ],
          [
            8.40276,
            47.515554,
            656.0
          ],
          [
            8.402741,
            47.515645,
            656.0
          ],
          [
            8.402717,
            47.515742,
            655.0
          ],
          [
            8.402682,
            47.515839,
            655.0
          ],
          [
            8.402647,
            47.515928,
            656.0
          ],
          [
            8.402626,
            47.516028,
            656.0
          ],
          [
            8.402621,
            47.516121,
            657.0
          ],
          [
            8.40261,
            47.516212,
            656.0
          ],
          [
            8.402595,
            47.516306,
            657.0
          ],
          [
            8.402547,
            47.516402,
            659.0
          ],
          [
            8.402516,
            47.516493,
            658.0
          ],
          [
            8.402481,
            47.516585,
            659.0
          ],
          [
            8.402456,
            47.516679,
            660.0
          ],
          [
            8.40245,
            47.516772,
            660.0
          ],
          [
            8.40241,
            47.516865,
            660.0
          ],
          [
            8.402364,
            47.516953,
            660.0
          ],
          [
            8.402338,
            47.517043,
            660.0
          ],
          [
            8.402312,
            47.517145,
            659.0
          ],
          [
            8.402309,
            47.517246,
            657.0
          ],
          [
            8.402283,
            47.517337,
            656.0
          ],
          [
            8.402269,
            47.517434,
            654.0
          ],
          [
            8.402236,
            47.517533,
            655.0
          ],
          [
            8.402234,
            47.517623,
            652.0
          ],
          [
            8.402254,
            47.51773,
            651.0
          ],
          [
            8.402241,
            47.517831,
            651.0
          ],
          [
            8.402264,
            47.51793,
            649.0
          ],
          [
            8.402281,
            47.51802,
            649.0
          ],
          [
            8.402249,
            47.518117,
            651.0
          ],
          [
            8.402238,
            47.518215,
            652.0
          ],
          [
            8.402203,
            47.518311,
            654.0
          ],
          [
            8.402155,
            47.518395,
            657.0
          ],
          [
            8.402107,
            47.51849,
            658.0
          ],
          [
            8.402079,
            47.518578,
            658.0
          ],
          [
            8.402053,
            47.518681,
            656.0
          ],
          [
            8.402045,
            47.518775,
            655.0
          ],
          [
            8.402012,
            47.518876,
            655.0
          ],
          [
            8.402001,
            47.518971,
            656.0
          ],
          [
            8.401981,
            47.519064,
            654.0
          ],
          [
            8.401967,
            47.519169,
            652.0
          ],
          [
            8.401926,
            47.519273,
            650.0
          ],
          [
            8.401915,
            47.519371,
            650.0
          ],
          [
            8.401911,
            47.519475,
            649.0
          ],
          [
            8.401906,
            47.519569,
            648.0
          ],
          [
            8.401902,
            47.519674,
            648.0
          ],
          [
            8.401916,
            47.519772,
            647.0
          ],
          [
            8.401906,
            47.519868,
            645.0
          ],
          [
            8.401876,
            47.519964,
            644.0
          ],
          [
            8.40184,
            47.520055,
            643.0
          ],
          [
            8.401813,
            47.520153,
            643.0
          ],
          [
            8.401839,
            47.520251,
            642.0
          ],
          [
            8.40184,
            47.520349,
            641.0
          ],
          [
            8.401758,
            47.52043,
            640.0
          ],
          [
            8.40175,
            47.520527,
            638.0
          ],
          [
            8.40176,
            47.520629,
            639.0
          ],
          [
            8.401742,
            47.520719,
            640.0
          ],
          [
            8.401737,
            47.52081,
            640.0
          ],
          [
            8.401715,
            47.520905,
            641.0
          ],
          [
            8.401687,
            47.520994,
            643.0
          ],
          [
            8.401654,
            47.521088,
            643.0
          ],
          [
            8.401611,
            47.521185,
            641.0
          ],
          [
            8.401581,
            47.521274,
            639.0
          ],
          [
            8.401549,
            47.521362,
            637.0
          ],
          [
            8.401501,
            47.521446,
            636.0
          ],
          [
            8.401482,
            47.521542,
            636.0
          ],
          [
            8.401444,
            47.521637,
            639.0
          ],
          [
            8.401448,
            47.521734,
            641.0
          ],
          [
            8.401407,
            47.521831,
            646.0
          ],
          [
            8.401376,
            47.521924,
            646.0
          ],
          [
            8.40134,
            47.52202,
            646.0
          ],
          [
            8.401305,
            47.522109,
            645.0
          ],
          [
            8.401265,
            47.522202,
            644.0
          ],
          [
            8.401218,
            47.522301,
            642.0
          ],
          [
            8.401174,
            47.522393,
            641.0
          ],
          [
            8.401143,
            47.522491,
            638.0
          ],
          [
            8.401108,
            47.522589,
            635.0
          ],
          [
            8.401084,
            47.522683,
            632.0
          ],
          [
            8.401066,
            47.52278,
            629.0
          ],
          [
            8.40109,
            47.522879,
            626.0
          ],
          [
            8.401127,
            47.522969,
            625.0
          ],
          [
            8.401135,
            47.523063,
            623.0
          ],
          [
            8.401113,
            47.523155,
            622.0
          ],
          [
            8.401054,
            47.52325,
            621.0
          ],
          [
            8.401045,
            47.523344,
            620.0
          ],
          [
            8.401039,
            47.523435,
            618.0
          ],
          [
            8.40101,
            47.523526,
            617.0
          ],
          [
            8.400972,
            47.523619,
            617.0
          ],
          [
            8.40094,
            47.523714,
            618.0
          ],
          [
            8.400927,
            47.523815,
            618.0
          ],
          [
            8.400909,
            47.523908,
            617.0
          ],
          [
            8.400844,
            47.52411,
            615.0
          ],
          [
            8.40081,
            47.524201,
            614.0
          ],
          [
            8.400748,
            47.524291,
            614.0
          ],
          [
            8.400707,
            47.52438,
            611.0
          ],
          [
            8.40066,
            47.524474,
            610.0
          ],
          [
            8.400636,
            47.524564,
            605.0
          ],
          [
            8.400598,
            47.524661,
            599.0
          ],
          [
            8.400621,
            47.524766,
            594.0
          ],
          [
            8.400688,
            47.524857,
            591.0
          ],
          [
            8.400773,
            47.524945,
            588.0
          ],
          [
            8.400822,
            47.525044,
            585.0
          ],
          [
            8.400908,
            47.525118,
            579.0
          ],
          [
            8.400948,
            47.525213,
            572.0
          ],
          [
            8.401007,
            47.525302,
            572.0
          ],
          [
            8.401078,
            47.525386,
            571.0
          ],
          [
            8.401159,
            47.52546,
            568.0
          ],
          [
            8.401287,
            47.52549,
            564.0
          ],
          [
            8.401423,
            47.525474,
            562.0
          ],
          [
            8.401576,
            47.525455,
            560.0
          ],
          [
            8.401727,
            47.525437,
            558.0
          ],
          [
            8.401867,
            47.525434,
            557.0
          ],
          [
            8.402013,
            47.525419,
            557.0
          ],
          [
            8.40215,
            47.525406,
            557.0
          ],
          [
            8.402284,
            47.525404,
            557.0
          ],
          [
            8.402403,
            47.525445,
            557.0
          ],
          [
            8.402497,
            47.525527,
            557.0
          ],
          [
            8.402576,
            47.525612,
            557.0
          ],
          [
            8.40261,
            47.525707,
            555.0
          ],
          [
            8.402551,
            47.525795,
            554.0
          ],
          [
            8.403963,
            47.526661,
            538.0
          ],
          [
            8.403951,
            47.526845,
            556.0
          ],
          [
            8.403931,
            47.526945,
            558.0
          ],
          [
            8.403908,
            47.527036,
            560.0
          ],
          [
            8.403869,
            47.527127,
            561.0
          ],
          [
            8.40382,
            47.527214,
            562.0
          ],
          [
            8.403746,
            47.527298,
            560.0
          ],
          [
            8.403675,
            47.52738,
            560.0
          ],
          [
            8.403624,
            47.527471,
            560.0
          ],
          [
            8.403578,
            47.527556,
            560.0
          ],
          [
            8.403507,
            47.527643,
            560.0
          ],
          [
            8.403439,
            47.527721,
            562.0
          ],
          [
            8.403358,
            47.527794,
            563.0
          ],
          [
            8.403276,
            47.527879,
            565.0
          ],
          [
            8.403197,
            47.527958,
            568.0
          ],
          [
            8.403077,
            47.528003,
            570.0
          ],
          [
            8.402948,
            47.52805,
            573.0
          ],
          [
            8.402822,
            47.528093,
            574.0
          ],
          [
            8.402697,
            47.528148,
            575.0
          ],
          [
            8.402553,
            47.528174,
            574.0
          ],
          [
            8.402446,
            47.528227,
            574.0
          ],
          [
            8.402317,
            47.528271,
            576.0
          ],
          [
            8.402193,
            47.528311,
            580.0
          ],
          [
            8.402065,
            47.52836,
            585.0
          ],
          [
            8.401923,
            47.528379,
            587.0
          ],
          [
            8.401784,
            47.528374,
            589.0
          ],
          [
            8.401647,
            47.528375,
            592.0
          ],
          [
            8.401525,
            47.528413,
            596.0
          ],
          [
            8.401384,
            47.528425,
            601.0
          ],
          [
            8.401243,
            47.528431,
            601.0
          ],
          [
            8.401088,
            47.528449,
            600.0
          ],
          [
            8.400947,
            47.528475,
            599.0
          ],
          [
            8.400811,
            47.528477,
            599.0
          ],
          [
            8.400672,
            47.528505,
            598.0
          ],
          [
            8.400524,
            47.528528,
            600.0
          ],
          [
            8.400384,
            47.528569,
            601.0
          ],
          [
            8.400291,
            47.528649,
            600.0
          ],
          [
            8.400304,
            47.528744,
            599.0
          ],
          [
            8.400346,
            47.528845,
            598.0
          ],
          [
            8.400389,
            47.528942,
            598.0
          ],
          [
            8.400443,
            47.529027,
            597.0
          ],
          [
            8.400495,
            47.529114,
            600.0
          ],
          [
            8.400553,
            47.529208,
            602.0
          ],
          [
            8.400579,
            47.5293,
            602.0
          ],
          [
            8.400601,
            47.529394,
            603.0
          ],
          [
            8.400625,
            47.529498,
            606.0
          ],
          [
            8.400677,
            47.529584,
            605.0
          ],
          [
            8.400742,
            47.529664,
            606.0
          ],
          [
            8.400822,
            47.52974,
            607.0
          ],
          [
            8.400901,
            47.529813,
            610.0
          ],
          [
            8.40099,
            47.529883,
            613.0
          ],
          [
            8.401053,
            47.529974,
            616.0
          ],
          [
            8.401094,
            47.530077,
            618.0
          ],
          [
            8.401119,
            47.530177,
            619.0
          ],
          [
            8.401179,
            47.530267,
            621.0
          ],
          [
            8.401243,
            47.530356,
            622.0
          ],
          [
            8.401312,
            47.530447,
            620.0
          ],
          [
            8.401353,
            47.530546,
            619.0
          ],
          [
            8.401379,
            47.530636,
            617.0
          ],
          [
            8.401364,
            47.530733,
            616.0
          ],
          [
            8.401329,
            47.530823,
            615.0
          ],
          [
            8.401322,
            47.530918,
            614.0
          ],
          [
            8.401277,
            47.531018,
            613.0
          ],
          [
            8.401263,
            47.53111,
            611.0
          ],
          [
            8.401262,
            47.531207,
            609.0
          ],
          [
            8.401293,
            47.5313,
            606.0
          ],
          [
            8.401345,
            47.531391,
            606.0
          ],
          [
            8.401393,
            47.531493,
            605.0
          ],
          [
            8.401439,
            47.531586,
            605.0
          ],
          [
            8.401479,
            47.531673,
            603.0
          ],
          [
            8.401548,
            47.531757,
            601.0
          ],
          [
            8.401608,
            47.531838,
            602.0
          ],
          [
            8.401666,
            47.531932,
            601.0
          ],
          [
            8.401697,
            47.532021,
            601.0
          ],
          [
            8.401743,
            47.532105,
            602.0
          ],
          [
            8.401789,
            47.532196,
            602.0
          ],
          [
            8.401866,
            47.532279,
            603.0
          ],
          [
            8.401958,
            47.532362,
            603.0
          ],
          [
            8.402022,
            47.532455,
            605.0
          ],
          [
            8.402088,
            47.532548,
            605.0
          ],
          [
            8.402147,
            47.532638,
            606.0
          ],
          [
            8.402181,
            47.532738,
            607.0
          ],
          [
            8.402222,
            47.532826,
            610.0
          ],
          [
            8.402293,
            47.532915,
            612.0
          ],
          [
            8.402343,
            47.533008,
            613.0
          ],
          [
            8.402446,
            47.533174,
            612.0
          ],
          [
            8.402649,
            47.533298,
            611.0
          ],
          [
            8.402799,
            47.533361,
            610.0
          ],
          [
            8.402925,
            47.533422,
            610.0
          ],
          [
            8.403054,
            47.533472,
            612.0
          ],
          [
            8.403199,
            47.533507,
            613.0
          ],
          [
            8.40348,
            47.533475,
            617.0
          ],
          [
            8.403687,
            47.533471,
            617.0
          ],
          [
            8.403828,
            47.53348,
            616.0
          ],
          [
            8.403943,
            47.533529,
            616.0
          ],
          [
            8.403962,
            47.533628,
            620.0
          ],
          [
            8.403968,
            47.533731,
            620.0
          ],
          [
            8.404005,
            47.533829,
            618.0
          ],
          [
            8.404062,
            47.533932,
            616.0
          ],
          [
            8.404115,
            47.534014,
            616.0
          ],
          [
            8.40419,
            47.534099,
            614.0
          ],
          [
            8.404281,
            47.534174,
            612.0
          ],
          [
            8.404391,
            47.534236,
            610.0
          ],
          [
            8.404522,
            47.534256,
            609.0
          ],
          [
            8.404656,
            47.534294,
            609.0
          ],
          [
            8.404804,
            47.534321,
            607.0
          ],
          [
            8.404934,
            47.534366,
            606.0
          ],
          [
            8.405069,
            47.534403,
            605.0
          ],
          [
            8.405202,
            47.534453,
            604.0
          ],
          [
            8.405299,
            47.53452,
            603.0
          ],
          [
            8.405401,
            47.534597,
            603.0
          ],
          [
            8.405493,
            47.534663,
            602.0
          ],
          [
            8.405541,
            47.534751,
            599.0
          ],
          [
            8.405607,
            47.534834,
            596.0
          ],
          [
            8.405659,
            47.534925,
            594.0
          ],
          [
            8.405625,
            47.535019,
            591.0
          ],
          [
            8.4056,
            47.535109,
            590.0
          ],
          [
            8.405527,
            47.535188,
            589.0
          ],
          [
            8.405449,
            47.535262,
            588.0
          ],
          [
            8.405364,
            47.535333,
            586.0
          ],
          [
            8.405201,
            47.535481,
            583.0
          ],
          [
            8.405114,
            47.535654,
            582.0
          ],
          [
            8.405084,
            47.535833,
            577.0
          ],
          [
            8.405122,
            47.536017,
            570.0
          ],
          [
            8.405051,
            47.536197,
            565.0
          ],
          [
            8.405035,
            47.536378,
            557.0
          ],
          [
            8.405032,
            47.536566,
            547.0
          ],
          [
            8.405088,
            47.536755,
            541.0
          ],
          [
            8.405049,
            47.536941,
            538.0
          ],
          [
            8.40497,
            47.537121,
            534.0
          ],
          [
            8.40489,
            47.537294,
            532.0
          ],
          [
            8.404871,
            47.537474,
            532.0
          ],
          [
            8.404816,
            47.537559,
            532.0
          ],
          [
            8.404703,
            47.537738,
            530.0
          ],
          [
            8.4046,
            47.537912,
            528.0
          ],
          [
            8.404541,
            47.537996,
            528.0
          ],
          [
            8.404517,
            47.538095,
            527.0
          ],
          [
            8.404469,
            47.538181,
            527.0
          ],
          [
            8.404399,
            47.53827,
            526.0
          ],
          [
            8.404306,
            47.538345,
            524.0
          ],
          [
            8.40429,
            47.538438,
            523.0
          ],
          [
            8.404261,
            47.538545,
            522.0
          ],
          [
            8.404227,
            47.538634,
            521.0
          ],
          [
            8.404178,
            47.538815,
            519.0
          ],
          [
            8.404149,
            47.539001,
            518.0
          ],
          [
            8.404108,
            47.539182,
            518.0
          ],
          [
            8.404047,
            47.539368,
            517.0
          ],
          [
            8.403993,
            47.539541,
            515.0
          ],
          [
            8.403919,
            47.539729,
            514.0
          ],
          [
            8.403869,
            47.539888,
            513.0
          ],
          [
            8.403866,
            47.540077,
            513.0
          ],
          [
            8.403828,
            47.540258,
            510.0
          ],
          [
            8.403755,
            47.540448,
            510.0
          ],
          [
            8.4037,
            47.540631,
            509.0
          ],
          [
            8.403673,
            47.540824,
            507.0
          ],
          [
            8.403879,
            47.540963,
            506.0
          ],
          [
            8.404139,
            47.541038,
            504.0
          ],
          [
            8.404229,
            47.541216,
            504.0
          ],
          [
            8.404231,
            47.5414,
            503.0
          ],
          [
            8.404219,
            47.541587,
            503.0
          ],
          [
            8.40416,
            47.54177,
            503.0
          ],
          [
            8.404068,
            47.541944,
            503.0
          ],
          [
            8.404003,
            47.542124,
            503.0
          ],
          [
            8.403895,
            47.54229,
            503.0
          ],
          [
            8.40382,
            47.542463,
            502.0
          ],
          [
            8.403758,
            47.542642,
            503.0
          ],
          [
            8.403673,
            47.54282,
            503.0
          ],
          [
            8.403594,
            47.543002,
            504.0
          ],
          [
            8.403523,
            47.543185,
            506.0
          ],
          [
            8.403427,
            47.543362,
            506.0
          ],
          [
            8.403313,
            47.543534,
            504.0
          ],
          [
            8.403246,
            47.543689,
            505.0
          ],
          [
            8.403193,
            47.543788,
            505.0
          ],
          [
            8.403145,
            47.543873,
            505.0
          ],
          [
            8.403107,
            47.543965,
            505.0
          ],
          [
            8.403063,
            47.544056,
            504.0
          ],
          [
            8.403008,
            47.544148,
            504.0
          ],
          [
            8.402954,
            47.544244,
            504.0
          ],
          [
            8.402851,
            47.544428,
            503.0
          ],
          [
            8.402749,
            47.544604,
            502.0
          ],
          [
            8.402627,
            47.544779,
            502.0
          ],
          [
            8.402552,
            47.544955,
            502.0
          ],
          [
            8.402532,
            47.545139,
            503.0
          ],
          [
            8.402531,
            47.545343,
            502.0
          ],
          [
            8.402536,
            47.545549,
            502.0
          ],
          [
            8.402431,
            47.545727,
            502.0
          ],
          [
            8.402367,
            47.54592,
            500.0
          ],
          [
            8.402319,
            47.54611,
            497.0
          ],
          [
            8.402262,
            47.546303,
            496.0
          ],
          [
            8.402228,
            47.546494,
            495.0
          ],
          [
            8.402181,
            47.546695,
            491.0
          ],
          [
            8.402126,
            47.546875,
            487.0
          ],
          [
            8.40213,
            47.547067,
            483.0
          ],
          [
            8.402174,
            47.547262,
            483.0
          ],
          [
            8.402142,
            47.547449,
            485.0
          ],
          [
            8.402115,
            47.547644,
            491.0
          ],
          [
            8.402163,
            47.547821,
            495.0
          ],
          [
            8.402218,
            47.547924,
            496.0
          ],
          [
            8.402313,
            47.548002,
            496.0
          ],
          [
            8.402426,
            47.548052,
            495.0
          ],
          [
            8.402544,
            47.548095,
            494.0
          ],
          [
            8.402676,
            47.548135,
            493.0
          ],
          [
            8.40279,
            47.548188,
            493.0
          ],
          [
            8.402846,
            47.548278,
            490.0
          ],
          [
            8.402909,
            47.548366,
            487.0
          ],
          [
            8.40298,
            47.548456,
            486.0
          ],
          [
            8.40306,
            47.548534,
            484.0
          ],
          [
            8.403162,
            47.548617,
            481.0
          ],
          [
            8.403276,
            47.548679,
            479.0
          ],
          [
            8.403381,
            47.548741,
            479.0
          ],
          [
            8.403499,
            47.548809,
            478.0
          ],
          [
            8.403605,
            47.54888,
            477.0
          ],
          [
            8.403651,
            47.548972,
            477.0
          ],
          [
            8.40366,
            47.549072,
            476.0
          ],
          [
            8.403612,
            47.549167,
            475.0
          ],
          [
            8.403528,
            47.549251,
            472.0
          ],
          [
            8.403425,
            47.549311,
            471.0
          ],
          [
            8.403337,
            47.549405,
            469.0
          ],
          [
            8.403294,
            47.549493,
            466.0
          ],
          [
            8.40325,
            47.549589,
            465.0
          ],
          [
            8.403241,
            47.549688,
            465.0
          ],
          [
            8.403259,
            47.549786,
            467.0
          ],
          [
            8.403295,
            47.549875,
            467.0
          ],
          [
            8.403346,
            47.549976,
            467.0
          ],
          [
            8.403402,
            47.550067,
            467.0
          ],
          [
            8.403451,
            47.550163,
            467.0
          ],
          [
            8.403543,
            47.550246,
            467.0
          ],
          [
            8.403669,
            47.550304,
            466.0
          ],
          [
            8.403797,
            47.550352,
            464.0
          ],
          [
            8.403936,
            47.550395,
            463.0
          ],
          [
            8.40408,
            47.550437,
            460.0
          ],
          [
            8.404208,
            47.550496,
            459.0
          ],
          [
            8.404289,
            47.550581,
            457.0
          ],
          [
            8.404322,
            47.550671,
            456.0
          ],
          [
            8.404329,
            47.550769,
            455.0
          ],
          [
            8.404271,
            47.550952,
            451.0
          ],
          [
            8.404152,
            47.551124,
            443.0
          ],
          [
            8.40407,
            47.551211,
            442.0
          ],
          [
            8.404033,
            47.551305,
            441.0
          ],
          [
            8.404019,
            47.551411,
            440.0
          ],
          [
            8.404033,
            47.551511,
            441.0
          ],
          [
            8.404072,
            47.551607,
            441.0
          ],
          [
            8.404155,
            47.551695,
            441.0
          ],
          [
            8.404242,
            47.551776,
            443.0
          ],
          [
            8.404334,
            47.551859,
            445.0
          ],
          [
            8.404424,
            47.551947,
            446.0
          ],
          [
            8.404483,
            47.552039,
            446.0
          ],
          [
            8.40458,
            47.552112,
            446.0
          ],
          [
            8.404635,
            47.552194,
            446.0
          ],
          [
            8.404697,
            47.552282,
            445.0
          ],
          [
            8.40476,
            47.552369,
            445.0
          ],
          [
            8.404832,
            47.552446,
            446.0
          ],
          [
            8.404911,
            47.552527,
            445.0
          ],
          [
            8.404977,
            47.552607,
            443.0
          ],
          [
            8.405059,
            47.552688,
            441.0
          ],
          [
            8.40514,
            47.552781,
            438.0
          ],
          [
            8.40521,
            47.552873,
            438.0
          ],
          [
            8.405263,
            47.552971,
            438.0
          ],
          [
            8.405293,
            47.553065,
            437.0
          ],
          [
            8.405277,
            47.553154,
            436.0
          ],
          [
            8.405248,
            47.553247,
            435.0
          ],
          [
            8.405214,
            47.553343,
            434.0
          ],
          [
            8.405198,
            47.553433,
            433.0
          ],
          [
            8.40523,
            47.553618,
            433.0
          ],
          [
            8.405246,
            47.553709,
            434.0
          ],
          [
            8.405276,
            47.553806,
            434.0
          ],
          [
            8.405326,
            47.553997,
            434.0
          ],
          [
            8.405446,
            47.554172,
            433.0
          ],
          [
            8.405555,
            47.554348,
            431.0
          ],
          [
            8.405647,
            47.554524,
            428.0
          ],
          [
            8.405717,
            47.554704,
            426.0
          ],
          [
            8.405823,
            47.554884,
            424.0
          ],
          [
            8.405924,
            47.555065,
            422.0
          ],
          [
            8.406039,
            47.555252,
            422.0
          ],
          [
            8.40611,
            47.555439,
            421.0
          ],
          [
            8.406128,
            47.555627,
            417.0
          ],
          [
            8.406188,
            47.555804,
            416.0
          ],
          [
            8.406215,
            47.555986,
            414.0
          ],
          [
            8.40628,
            47.556167,
            412.0
          ],
          [
            8.406377,
            47.556352,
            411.0
          ],
          [
            8.406423,
            47.556448,
            411.0
          ],
          [
            8.406443,
            47.55655,
            411.0
          ],
          [
            8.406456,
            47.556647,
            410.0
          ],
          [
            8.406461,
            47.556739,
            408.0
          ],
          [
            8.406457,
            47.556843,
            407.0
          ],
          [
            8.40647,
            47.556937,
            408.0
          ],
          [
            8.40647,
            47.557032,
            407.0
          ],
          [
            8.406476,
            47.557136,
            405.0
          ],
          [
            8.406471,
            47.557229,
            404.0
          ],
          [
            8.406443,
            47.557334,
            402.0
          ],
          [
            8.406378,
            47.557431,
            399.0
          ],
          [
            8.406306,
            47.557509,
            396.0
          ],
          [
            8.406209,
            47.557609,
            394.0
          ],
          [
            8.406106,
            47.557796,
            393.0
          ],
          [
            8.406015,
            47.557974,
            392.0
          ],
          [
            8.405914,
            47.558144,
            392.0
          ],
          [
            8.405788,
            47.558314,
            394.0
          ],
          [
            8.405698,
            47.558494,
            394.0
          ],
          [
            8.405643,
            47.558593,
            395.0
          ],
          [
            8.405572,
            47.558679,
            396.0
          ],
          [
            8.405505,
            47.558764,
            394.0
          ],
          [
            8.405472,
            47.558851,
            394.0
          ],
          [
            8.405555,
            47.559031,
            393.0
          ],
          [
            8.405716,
            47.559198,
            390.0
          ],
          [
            8.405863,
            47.559357,
            388.0
          ],
          [
            8.406027,
            47.559519,
            387.0
          ],
          [
            8.406181,
            47.559682,
            387.0
          ],
          [
            8.406255,
            47.559862,
            385.0
          ],
          [
            8.406307,
            47.560043,
            384.0
          ],
          [
            8.406468,
            47.560205,
            384.0
          ],
          [
            8.406581,
            47.560254,
            386.0
          ],
          [
            8.406822,
            47.560264,
            387.0
          ],
          [
            8.406931,
            47.560343,
            387.0
          ],
          [
            8.406963,
            47.560433,
            389.0
          ],
          [
            8.406995,
            47.560522,
            391.0
          ],
          [
            8.406936,
            47.560609,
            392.0
          ],
          [
            8.406869,
            47.560695,
            393.0
          ],
          [
            8.40681,
            47.560786,
            394.0
          ],
          [
            8.406767,
            47.560885,
            394.0
          ],
          [
            8.406736,
            47.560973,
            394.0
          ],
          [
            8.406716,
            47.561084,
            393.0
          ],
          [
            8.406691,
            47.561188,
            392.0
          ],
          [
            8.406673,
            47.561289,
            392.0
          ],
          [
            8.406683,
            47.561381,
            391.0
          ],
          [
            8.406732,
            47.561481,
            390.0
          ],
          [
            8.406858,
            47.561532,
            389.0
          ],
          [
            8.406971,
            47.561582,
            386.0
          ],
          [
            8.407104,
            47.561641,
            384.0
          ],
          [
            8.407348,
            47.561736,
            383.0
          ],
          [
            8.407489,
            47.561753,
            384.0
          ],
          [
            8.407623,
            47.561753,
            385.0
          ],
          [
            8.407757,
            47.561752,
            385.0
          ],
          [
            8.407891,
            47.561759,
            387.0
          ],
          [
            8.408031,
            47.561779,
            387.0
          ],
          [
            8.40806,
            47.561874,
            387.0
          ],
          [
            8.408104,
            47.561961,
            387.0
          ],
          [
            8.408173,
            47.562043,
            386.0
          ],
          [
            8.408241,
            47.562143,
            386.0
          ],
          [
            8.408303,
            47.562231,
            386.0
          ],
          [
            8.40836,
            47.56232,
            386.0
          ],
          [
            8.408399,
            47.562412,
            386.0
          ],
          [
            8.408452,
            47.5625,
            384.0
          ],
          [
            8.408505,
            47.562591,
            383.0
          ],
          [
            8.408559,
            47.562679,
            382.0
          ],
          [
            8.408627,
            47.562768,
            382.0
          ],
          [
            8.408694,
            47.562858,
            381.0
          ],
          [
            8.408765,
            47.562945,
            380.0
          ],
          [
            8.408905,
            47.562919,
            379.0
          ],
          [
            8.409018,
            47.562987,
            377.0
          ],
          [
            8.409168,
            47.562977,
            378.0
          ],
          [
            8.40929,
            47.563042,
            378.0
          ],
          [
            8.409374,
            47.563114,
            378.0
          ],
          [
            8.409452,
            47.563206,
            380.0
          ],
          [
            8.409529,
            47.563296,
            381.0
          ],
          [
            8.409592,
            47.563376,
            382.0
          ],
          [
            8.40968,
            47.56345,
            382.0
          ],
          [
            8.409808,
            47.563507,
            381.0
          ],
          [
            8.40994,
            47.563527,
            382.0
          ],
          [
            8.410088,
            47.563507,
            387.0
          ],
          [
            8.410219,
            47.563518,
            390.0
          ],
          [
            8.410368,
            47.563517,
            397.0
          ],
          [
            8.410479,
            47.563571,
            398.0
          ],
          [
            8.41063,
            47.563591,
            398.0
          ],
          [
            8.410778,
            47.563607,
            396.0
          ],
          [
            8.410909,
            47.563635,
            392.0
          ],
          [
            8.410888,
            47.563735,
            390.0
          ],
          [
            8.410945,
            47.563837,
            386.0
          ],
          [
            8.411043,
            47.563901,
            385.0
          ],
          [
            8.411115,
            47.563979,
            383.0
          ],
          [
            8.411192,
            47.564067,
            382.0
          ],
          [
            8.411241,
            47.564156,
            381.0
          ],
          [
            8.411271,
            47.564252,
            382.0
          ],
          [
            8.411265,
            47.564354,
            381.0
          ],
          [
            8.411252,
            47.564445,
            379.0
          ],
          [
            8.411381,
            47.564473,
            378.0
          ],
          [
            8.411528,
            47.564491,
            376.0
          ],
          [
            8.411662,
            47.564532,
            376.0
          ],
          [
            8.411796,
            47.564536,
            376.0
          ],
          [
            8.411955,
            47.564526,
            376.0
          ],
          [
            8.412106,
            47.564534,
            375.0
          ],
          [
            8.412258,
            47.564543,
            376.0
          ],
          [
            8.412399,
            47.564541,
            376.0
          ],
          [
            8.412549,
            47.564535,
            377.0
          ],
          [
            8.412692,
            47.564539,
            376.0
          ],
          [
            8.412834,
            47.56454,
            376.0
          ],
          [
            8.412987,
            47.564543,
            376.0
          ],
          [
            8.41314,
            47.56454,
            375.0
          ],
          [
            8.413294,
            47.564532,
            374.0
          ],
          [
            8.413435,
            47.564519,
            373.0
          ],
          [
            8.413581,
            47.564508,
            372.0
          ],
          [
            8.413724,
            47.564512,
            372.0
          ],
          [
            8.413872,
            47.564531,
            372.0
          ],
          [
            8.414011,
            47.564539,
            371.0
          ],
          [
            8.414159,
            47.56454,
            371.0
          ],
          [
            8.414287,
            47.564571,
            371.0
          ],
          [
            8.414433,
            47.564604,
            371.0
          ],
          [
            8.41456,
            47.564636,
            372.0
          ],
          [
            8.414693,
            47.564674,
            372.0
          ],
          [
            8.414831,
            47.564716,
            373.0
          ],
          [
            8.414964,
            47.56476,
            373.0
          ],
          [
            8.415101,
            47.564803,
            372.0
          ],
          [
            8.415236,
            47.564848,
            370.0
          ],
          [
            8.415472,
            47.564961,
            370.0
          ],
          [
            8.415592,
            47.565013,
            369.0
          ],
          [
            8.415718,
            47.565075,
            369.0
          ],
          [
            8.415833,
            47.565144,
            369.0
          ],
          [
            8.415927,
            47.56521,
            369.0
          ],
          [
            8.416034,
            47.565283,
            369.0
          ],
          [
            8.416121,
            47.565353,
            370.0
          ],
          [
            8.416221,
            47.565414,
            370.0
          ],
          [
            8.4163,
            47.565487,
            370.0
          ],
          [
            8.41637,
            47.565565,
            370.0
          ],
          [
            8.416443,
            47.565655,
            370.0
          ],
          [
            8.416505,
            47.565743,
            371.0
          ],
          [
            8.416565,
            47.565827,
            371.0
          ],
          [
            8.416631,
            47.565916,
            371.0
          ],
          [
            8.416728,
            47.565998,
            372.0
          ],
          [
            8.416812,
            47.566081,
            373.0
          ],
          [
            8.416914,
            47.566163,
            374.0
          ],
          [
            8.417045,
            47.566216,
            374.0
          ],
          [
            8.417188,
            47.566206,
            373.0
          ],
          [
            8.417323,
            47.566218,
            372.0
          ],
          [
            8.417402,
            47.566291,
            372.0
          ],
          [
            8.417511,
            47.56637,
            371.0
          ],
          [
            8.417632,
            47.566412,
            369.0
          ],
          [
            8.417677,
            47.566498,
            370.0
          ],
          [
            8.417767,
            47.566574,
            369.0
          ],
          [
            8.417888,
            47.56663,
            369.0
          ],
          [
            8.418026,
            47.56667,
            370.0
          ],
          [
            8.41816,
            47.566696,
            371.0
          ],
          [
            8.418289,
            47.566745,
            373.0
          ],
          [
            8.418342,
            47.566832,
            375.0
          ],
          [
            8.418404,
            47.566928,
            375.0
          ],
          [
            8.418474,
            47.567005,
            376.0
          ],
          [
            8.418556,
            47.567089,
            378.0
          ],
          [
            8.418647,
            47.56716,
            379.0
          ],
          [
            8.418675,
            47.567255,
            380.0
          ],
          [
            8.418633,
            47.567351,
            381.0
          ],
          [
            8.418554,
            47.567433,
            383.0
          ],
          [
            8.418324,
            47.567539,
            381.0
          ],
          [
            8.41823,
            47.567717,
            379.0
          ],
          [
            8.418215,
            47.567822,
            377.0
          ],
          [
            8.418262,
            47.567915,
            377.0
          ],
          [
            8.418344,
            47.567995,
            378.0
          ],
          [
            8.418395,
            47.568078,
            378.0
          ],
          [
            8.418432,
            47.568176,
            378.0
          ],
          [
            8.418407,
            47.56836,
            376.0
          ],
          [
            8.418391,
            47.56856,
            374.0
          ],
          [
            8.418368,
            47.568746,
            373.0
          ],
          [
            8.418446,
            47.56892,
            372.0
          ],
          [
            8.418545,
            47.569099,
            369.0
          ],
          [
            8.418629,
            47.569282,
            365.0
          ],
          [
            8.418828,
            47.56943,
            360.0
          ],
          [
            8.418918,
            47.5695,
            357.0
          ],
          [
            8.418942,
            47.56959,
            356.0
          ],
          [
            8.418965,
            47.56968,
            342.0
          ],
          [
            8.41899,
            47.569776,
            342.0
          ],
          [
            8.419049,
            47.569863,
            343.0
          ],
          [
            8.419088,
            47.569965,
            343.0
          ],
          [
            8.418969,
            47.569793,
            343.0
          ],
          [
            8.418853,
            47.569626,
            343.0
          ],
          [
            8.418774,
            47.569445,
            343.0
          ],
          [
            8.418687,
            47.569273,
            343.0
          ],
          [
            8.418577,
            47.569096,
            343.0
          ],
          [
            8.41845,
            47.568926,
            348.0
          ],
          [
            8.418364,
            47.568845,
            351.0
          ],
          [
            8.418362,
            47.568747,
            354.0
          ],
          [
            8.41833,
            47.568564,
            359.0
          ],
          [
            8.418289,
            47.568377,
            364.0
          ],
          [
            8.418278,
            47.568279,
            368.0
          ],
          [
            8.418234,
            47.568194,
            372.0
          ],
          [
            8.418256,
            47.568103,
            373.0
          ],
          [
            8.41831,
            47.56792,
            376.0
          ],
          [
            8.418333,
            47.567733,
            378.0
          ],
          [
            8.418375,
            47.567555,
            376.0
          ],
          [
            8.418558,
            47.567419,
            377.0
          ],
          [
            8.418525,
            47.567041,
            387.0
          ],
          [
            8.418321,
            47.566902,
            386.0
          ],
          [
            8.418282,
            47.566719,
            381.0
          ],
          [
            8.418401,
            47.566665,
            382.0
          ],
          [
            8.418553,
            47.566645,
            384.0
          ]
        ]
      }
    }
  ]
}