{
  "type": "FeatureCollection",
  "features": [
    {
      "type": "Feature",
      "properties": {},
      "geometry": {
        "type": "LineString",
        "coordinates": [
          [
            8.24931,
            46.900308,
            470.0
          ],
          [
            8.249175,
            46.900063,
            470.0
          ],
          [
            8.249166,
            46.900026,
            470.0
          ],
          [
            8.249112,
            46.899915,
            470.0
          ],
          [
            8.249068,
            46.899823,
            470.0
          ],
          [
            8.24904,
            46.899774,
            470.0
          ],
          [
            8.248986,
            46.899609,
            470.0
          ],
          [
            8.249049,
            46.899596,
            470.0
          ],
          [
            8.249103,
            46.899584,
            470.0
          ],
          [
            8.249086,
            46.899535,
            470.0
          ],
          [
            8.249076,
            46.899504,
            470.0
          ],
          [
            8.248833,
            46.898976,
            470.0
          ],
          [
            8.248753,
            46.898792,
            470.0
          ],
          [
            8.248736,
            46.89878,
            470.0
          ],
          [
            8.248709,
            46.898768,
            470.0
          ],
          [
            8.248663,
            46.898755,
            470.0
          ],
          [
            8.248627,
            46.898743,
            470.0
          ],
          [
            8.248592,
            46.898718,
            470.0
          ],
          [
            8.248592,
            46.898706,
            470.0
          ],
          [
            8.248529,
            46.898565,
            470.0
          ],
          [
            8.24852,
            46.89851,
            470.0
          ],
          [
            8.24852,
            46.898498,
            470.0
          ],
          [
            8.248619,
            46.898516,
            470.0
          ],
          [
            8.2486,
            46.898571,
            470.0
          ],
          [
            8.248564,
            46.898578,
            470.0
          ],
          [
            8.248196,
            46.89862,
            470.0
          ],
          [
            8.248143,
            46.89862,
            470.0
          ],
          [
            8.247791,
            46.898626,
            470.0
          ],
          [
            8.247361,
            46.898645,
            470.0
          ],
          [
            8.246625,
            46.898681,
            470.0
          ],
          [
            8.24657,
            46.898663,
            470.0
          ],
          [
            8.246508,
            46.898632,
            470.0
          ],
          [
            8.246472,
            46.898602,
            470.0
          ],
          [
            8.246453,
            46.898547,
            470.0
          ],
          [
            8.246462,
            46.898516,
            470.0
          ],
          [
            8.246472,
            46.898197,
            470.0
          ],
          [
            8.246489,
            46.898006,
            470.0
          ],
          [
            8.246508,
            46.897859,
            470.0
          ],
          [
            8.246445,
            46.897859,
            470.0
          ],
          [
            8.24639,
            46.897859,
            470.0
          ],
          [
            8.246409,
            46.89778,
            470.0
          ],
          [
            8.246409,
            46.897724,
            470.0
          ],
          [
            8.246399,
            46.897706,
            470.0
          ],
          [
            8.246372,
            46.897687,
            470.0
          ],
          [
            8.246372,
            46.897657,
            470.0
          ],
          [
            8.246363,
            46.897614,
            470.0
          ],
          [
            8.246382,
            46.897607,
            470.0
          ],
          [
            8.246409,
            46.897589,
            470.0
          ],
          [
            8.246418,
            46.897552,
            470.0
          ],
          [
            8.246426,
            46.897478,
            470.0
          ],
          [
            8.24639,
            46.89743,
            470.0
          ],
          [
            8.246382,
            46.897399,
            470.0
          ],
          [
            8.246355,
            46.897208,
            470.0
          ],
          [
            8.246355,
            46.897147,
            470.0
          ],
          [
            8.246346,
            46.897104,
            470.0
          ],
          [
            8.246309,
            46.897037,
            470.0
          ],
          [
            8.246238,
            46.896939,
            470.0
          ],
          [
            8.246094,
            46.896736,
            470.0
          ],
          [
            8.246032,
            46.896644,
            470.0
          ],
          [
            8.245986,
            46.896613,
            470.0
          ],
          [
            8.245833,
            46.896398,
            470.0
          ],
          [
            8.24578,
            46.896288,
            470.0
          ],
          [
            8.245717,
            46.896184,
            470.0
          ],
          [
            8.245663,
            46.896085,
            470.0
          ],
          [
            8.245636,
            46.895993,
            470.0
          ],
          [
            8.245583,
            46.896005,
            470.0
          ],
          [
            8.245357,
            46.896098,
            470.0
          ],
          [
            8.24525,
            46.896141,
            471.0
          ],
          [
            8.244971,
            46.896306,
            471.0
          ],
          [
            8.244944,
            46.8963,
            471.0
          ],
          [
            8.244774,
            46.896257,
            471.0
          ],
          [
            8.244541,
            46.896196,
            472.0
          ],
          [
            8.244451,
            46.896171,
            472.0
          ],
          [
            8.243444,
            46.89595,
            473.0
          ],
          [
            8.243093,
            46.895858,
            474.0
          ],
          [
            8.242743,
            46.895723,
            474.0
          ],
          [
            8.242088,
            46.895533,
            475.0
          ],
          [
            8.242088,
            46.895533,
            475.0
          ],
          [
            8.242025,
            46.895514,
            475.0
          ],
          [
            8.241684,
            46.895447,
            475.0
          ],
          [
            8.241531,
            46.895398,
            476.0
          ],
          [
            8.241325,
            46.895324,
            476.0
          ],
          [
            8.241199,
            46.895263,
            476.0
          ],
          [
            8.241063,
            46.895189,
            476.0
          ],
          [
            8.240669,
            46.894962,
            477.0
          ],
          [
            8.23968,
            46.894379,
            479.0
          ],
          [
            8.239554,
            46.894305,
            479.0
          ],
          [
            8.239482,
            46.89425,
            479.0
          ],
          [
            8.239285,
            46.894053,
            479.0
          ],
          [
            8.238413,
            46.893224,
            481.0
          ],
          [
            8.238396,
            46.893194,
            481.0
          ],
          [
            8.238396,
            46.893157,
            481.0
          ],
          [
            8.238342,
            46.893145,
            481.0
          ],
          [
            8.23827,
            46.893114,
            483.0
          ],
          [
            8.238216,
            46.893071,
            483.0
          ],
          [
            8.23818,
            46.892979,
            483.0
          ],
          [
            8.238117,
            46.892764,
            484.0
          ],
          [
            8.238019,
            46.892537,
            485.0
          ],
          [
            8.237793,
            46.892568,
            491.0
          ],
          [
            8.237749,
            46.892568,
            492.0
          ],
          [
            8.237696,
            46.892549,
            492.0
          ],
          [
            8.237606,
            46.892482,
            493.0
          ],
          [
            8.237551,
            46.892451,
            494.0
          ],
          [
            8.237461,
            46.892445,
            495.0
          ],
          [
            8.23739,
            46.892463,
            495.0
          ],
          [
            8.237336,
            46.892494,
            496.0
          ],
          [
            8.237237,
            46.892562,
            497.0
          ],
          [
            8.237183,
            46.892586,
            498.0
          ],
          [
            8.23713,
            46.892586,
            498.0
          ],
          [
            8.237084,
            46.89258,
            499.0
          ],
          [
            8.237004,
            46.892549,
            499.0
          ],
          [
            8.236922,
            46.892531,
            500.0
          ],
          [
            8.236751,
            46.892512,
            500.0
          ],
          [
            8.236707,
            46.892506,
            500.0
          ],
          [
            8.236662,
            46.892488,
            500.0
          ],
          [
            8.236464,
            46.892347,
            501.0
          ],
          [
            8.236275,
            46.892175,
            504.0
          ],
          [
            8.236114,
            46.892052,
            506.0
          ],
          [
            8.235979,
            46.89196,
            508.0
          ],
          [
            8.235862,
            46.891893,
            510.0
          ],
          [
            8.235709,
            46.891874,
            511.0
          ],
          [
            8.235476,
            46.891917,
            513.0
          ],
          [
            8.235342,
            46.891973,
            514.0
          ],
          [
            8.235216,
            46.892022,
            515.0
          ],
          [
            8.235027,
            46.89204,
            516.0
          ],
          [
            8.234883,
            46.892015,
            518.0
          ],
          [
            8.23483,
            46.891991,
            518.0
          ],
          [
            8.234784,
            46.891966,
            519.0
          ],
          [
            8.234686,
            46.891905,
            520.0
          ],
          [
            8.234604,
            46.891862,
            520.0
          ],
          [
            8.234533,
            46.89185,
            521.0
          ],
          [
            8.234065,
            46.891788,
            524.0
          ],
          [
            8.23394,
            46.89177,
            525.0
          ],
          [
            8.233868,
            46.891739,
            526.0
          ],
          [
            8.233805,
            46.891702,
            526.0
          ],
          [
            8.233652,
            46.89161,
            528.0
          ],
          [
            8.233545,
            46.891543,
            529.0
          ],
          [
            8.233428,
            46.891469,
            530.0
          ],
          [
            8.233285,
            46.891438,
            531.0
          ],
          [
            8.233168,
            46.891444,
            532.0
          ],
          [
            8.233015,
            46.891475,
            533.0
          ],
          [
            8.232916,
            46.891487,
            533.0
          ],
          [
            8.232772,
            46.891481,
            534.0
          ],
          [
            8.232556,
            46.891438,
            536.0
          ],
          [
            8.232404,
            46.891377,
            537.0
          ],
          [
            8.23226,
            46.891297,
            538.0
          ],
          [
            8.232134,
            46.891162,
            539.0
          ],
          [
            8.232008,
            46.89099,
            541.0
          ],
          [
            8.231864,
            46.890831,
            542.0
          ],
          [
            8.23165,
            46.890646,
            543.0
          ],
          [
            8.231461,
            46.89053,
            544.0
          ],
          [
            8.231002,
            46.89029,
            547.0
          ],
          [
            8.230849,
            46.890198,
            547.0
          ],
          [
            8.230698,
            46.890112,
            548.0
          ],
          [
            8.230608,
            46.89002,
            549.0
          ],
          [
            8.230482,
            46.889713,
            551.0
          ],
          [
            8.230446,
            46.889572,
            552.0
          ],
          [
            8.230472,
            46.889388,
            553.0
          ],
          [
            8.230463,
            46.889228,
            554.0
          ],
          [
            8.230373,
            46.889087,
            555.0
          ],
          [
            8.23023,
            46.889001,
            556.0
          ],
          [
            8.230032,
            46.888878,
            557.0
          ],
          [
            8.229826,
            46.888602,
            559.0
          ],
          [
            8.229637,
            46.88843,
            560.0
          ],
          [
            8.22908,
            46.888074,
            563.0
          ],
          [
            8.228685,
            46.887878,
            565.0
          ],
          [
            8.227966,
            46.88757,
            568.0
          ],
          [
            8.227482,
            46.88735,
            570.0
          ],
          [
            8.227149,
            46.887159,
            571.0
          ],
          [
            8.22678,
            46.886877,
            572.0
          ],
          [
            8.226484,
            46.88665,
            573.0
          ],
          [
            8.226052,
            46.886404,
            574.0
          ],
          [
            8.225828,
            46.886257,
            574.0
          ],
          [
            8.225612,
            46.886042,
            575.0
          ],
          [
            8.225469,
            46.88587,
            576.0
          ],
          [
            8.225308,
            46.885618,
            577.0
          ],
          [
            8.225245,
            46.885545,
            577.0
          ],
          [
            8.225182,
            46.885489,
            577.0
          ],
          [
            8.22493,
            46.885336,
            578.0
          ],
          [
            8.224652,
            46.88517,
            579.0
          ],
          [
            8.224238,
            46.885023,
            579.0
          ],
          [
            8.224211,
            46.88501,
            580.0
          ],
          [
            8.223987,
            46.884918,
            580.0
          ],
          [
            8.223574,
            46.884685,
            583.0
          ],
          [
            8.223375,
            46.884562,
            584.0
          ],
          [
            8.223196,
            46.884476,
            585.0
          ],
          [
            8.223008,
            46.884421,
            586.0
          ],
          [
            8.222864,
            46.884409,
            586.0
          ],
          [
            8.222711,
            46.884341,
            587.0
          ],
          [
            8.222486,
            46.884212,
            589.0
          ],
          [
            8.22228,
            46.88412,
            590.0
          ],
          [
            8.222235,
            46.884102,
            590.0
          ],
          [
            8.222046,
            46.88401,
            590.0
          ],
          [
            8.22192,
            46.883899,
            590.0
          ],
          [
            8.221849,
            46.883795,
            590.0
          ],
          [
            8.221857,
            46.883654,
            590.0
          ],
          [
            8.221866,
            46.883211,
            590.0
          ],
          [
            8.221884,
            46.883009,
            590.0
          ],
          [
            8.221849,
            46.882942,
            590.0
          ],
          [
            8.221822,
            46.88288,
            590.0
          ],
          [
            8.221714,
            46.8828,
            590.0
          ],
          [
            8.221643,
            46.882738,
            590.0
          ],
          [
            8.221553,
            46.882665,
            590.0
          ],
          [
            8.221337,
            46.882524,
            590.0
          ],
          [
            8.221211,
            46.882481,
            590.0
          ],
          [
            8.221067,
            46.88245,
            590.0
          ],
          [
            8.220968,
            46.882413,
            590.0
          ],
          [
            8.220725,
            46.882376,
            590.0
          ],
          [
            8.220645,
            46.882364,
            590.0
          ],
          [
            8.220528,
            46.88237,
            590.0
          ],
          [
            8.220375,
            46.882315,
            591.0
          ],
          [
            8.220276,
            46.882272,
            592.0
          ],
          [
            8.220124,
            46.882174,
            593.0
          ],
          [
            8.220079,
            46.882131,
            593.0
          ],
          [
            8.219972,
            46.882045,
            594.0
          ],
          [
            8.219872,
            46.881965,
            594.0
          ],
          [
            8.219746,
            46.881867,
            595.0
          ],
          [
            8.21962,
            46.881787,
            596.0
          ],
          [
            8.219513,
            46.881676,
            597.0
          ],
          [
            8.219406,
            46.881596,
            598.0
          ],
          [
            8.21936,
            46.881541,
            598.0
          ],
          [
            8.219279,
            46.881468,
            599.0
          ],
          [
            8.219207,
            46.881419,
            599.0
          ],
          [
            8.219117,
            46.881369,
            600.0
          ],
          [
            8.219001,
            46.881333,
            600.0
          ],
          [
            8.218893,
            46.881271,
            600.0
          ],
          [
            8.218704,
            46.881234,
            600.0
          ],
          [
            8.218597,
            46.881173,
            600.0
          ],
          [
            8.218516,
            46.881124,
            600.0
          ],
          [
            8.21839,
            46.881124,
            600.0
          ],
          [
            8.218354,
            46.88113,
            600.0
          ],
          [
            8.218157,
            46.881056,
            600.0
          ],
          [
            8.218031,
            46.880995,
            600.0
          ],
          [
            8.217968,
            46.880958,
            600.0
          ],
          [
            8.217887,
            46.880896,
            600.0
          ],
          [
            8.217834,
            46.880847,
            600.0
          ],
          [
            8.217788,
            46.880792,
            600.0
          ],
          [
            8.217761,
            46.880762,
            600.0
          ],
          [
            8.217708,
            46.880719,
            600.0
          ],
          [
            8.217654,
            46.880694,
            600.0
          ],
          [
            8.217591,
            46.880676,
            600.0
          ],
          [
            8.217555,
            46.880663,
            600.0
          ],
          [
            8.217519,
            46.880639,
            600.0
          ],
          [
            8.217492,
            46.880602,
            600.0
          ],
          [
            8.217411,
            46.880497,
            600.0
          ],
          [
            8.217393,
            46.880467,
            600.0
          ],
          [
            8.217385,
            46.880424,
            600.0
          ],
          [
            8.217339,
            46.88035,
            600.0
          ],
          [
            8.21733,
            46.880277,
            601.0
          ],
          [
            8.21724,
            46.880233,
            601.0
          ],
          [
            8.217205,
            46.880178,
            602.0
          ],
          [
            8.217096,
            46.880068,
            602.0
          ],
          [
            8.21697,
            46.879982,
            603.0
          ],
          [
            8.216926,
            46.87992,
            604.0
          ],
          [
            8.21689,
            46.879871,
            604.0
          ],
          [
            8.216819,
            46.879693,
            605.0
          ],
          [
            8.21671,
            46.879853,
            606.0
          ],
          [
            8.216566,
            46.880013,
            607.0
          ],
          [
            8.216297,
            46.880166,
            609.0
          ],
          [
            8.216046,
            46.880295,
            610.0
          ],
          [
            8.215838,
            46.880406,
            612.0
          ],
          [
            8.215624,
            46.880461,
            613.0
          ],
          [
            8.21539,
            46.880467,
            615.0
          ],
          [
            8.215192,
            46.880406,
            616.0
          ],
          [
            8.214968,
            46.880344,
            618.0
          ],
          [
            8.214779,
            46.880246,
            620.0
          ],
          [
            8.214618,
            46.880197,
            621.0
          ],
          [
            8.214402,
            46.88016,
            622.0
          ],
          [
            8.214195,
            46.880111,
            624.0
          ],
          [
            8.213943,
            46.880086,
            626.0
          ],
          [
            8.213719,
            46.880043,
            627.0
          ],
          [
            8.21353,
            46.880001,
            629.0
          ],
          [
            8.213324,
            46.879939,
            630.0
          ],
          [
            8.213153,
            46.879834,
            630.0
          ],
          [
            8.212964,
            46.879767,
            630.0
          ],
          [
            8.21274,
            46.879718,
            630.0
          ],
          [
            8.212569,
            46.879644,
            630.0
          ],
          [
            8.212461,
            46.879527,
            630.0
          ],
          [
            8.212398,
            46.879392,
            630.0
          ],
          [
            8.212498,
            46.879165,
            630.0
          ],
          [
            8.212488,
            46.878981,
            629.0
          ],
          [
            8.212435,
            46.878809,
            627.0
          ],
          [
            8.212416,
            46.878723,
            626.0
          ],
          [
            8.212272,
            46.878612,
            624.0
          ],
          [
            8.212066,
            46.8786,
            622.0
          ],
          [
            8.211878,
            46.878582,
            621.0
          ],
          [
            8.211769,
            46.878539,
            620.0
          ],
          [
            8.211635,
            46.878465,
            620.0
          ],
          [
            8.211553,
            46.878262,
            620.0
          ],
          [
            8.211553,
            46.878121,
            620.0
          ],
          [
            8.211509,
            46.877998,
            620.0
          ],
          [
            8.211437,
            46.877845,
            620.0
          ],
          [
            8.211293,
            46.877765,
            620.0
          ],
          [
            8.211087,
            46.87771,
            620.0
          ],
          [
            8.210781,
            46.877685,
            620.0
          ],
          [
            8.210448,
            46.877673,
            620.0
          ],
          [
            8.210152,
            46.877636,
            620.0
          ],
          [
            8.209919,
            46.877587,
            620.0
          ],
          [
            8.209748,
            46.877452,
            620.0
          ],
          [
            8.209559,
            46.877329,
            621.0
          ],
          [
            8.209461,
            46.877175,
            623.0
          ],
          [
            8.209308,
            46.877041,
            625.0
          ],
          [
            8.209173,
            46.876893,
            627.0
          ],
          [
            8.208976,
            46.876764,
            629.0
          ],
          [
            8.208697,
            46.876691,
            630.0
          ],
          [
            8.20824,
            46.876555,
            630.0
          ],
          [
            8.207997,
            46.876463,
            630.0
          ],
          [
            8.207737,
            46.876408,
            630.0
          ],
          [
            8.207448,
            46.876328,
            630.0
          ],
          [
            8.207081,
            46.876144,
            630.0
          ],
          [
            8.206802,
            46.875997,
            630.0
          ],
          [
            8.206569,
            46.875825,
            630.0
          ],
          [
            8.206343,
            46.875659,
            633.0
          ],
          [
            8.2062,
            46.875444,
            637.0
          ],
          [
            8.206074,
            46.875315,
            640.0
          ],
          [
            8.205922,
            46.875125,
            643.0
          ],
          [
            8.205706,
            46.874989,
            645.0
          ],
          [
            8.205544,
            46.874904,
            646.0
          ],
          [
            8.205221,
            46.87475,
            649.0
          ],
          [
            8.204961,
            46.874719,
            650.0
          ],
          [
            8.204754,
            46.874633,
            649.0
          ],
          [
            8.204574,
            46.874511,
            645.0
          ],
          [
            8.204305,
            46.874253,
            638.0
          ],
          [
            8.204089,
            46.874161,
            637.0
          ],
          [
            8.204071,
            46.874173,
            639.0
          ],
          [
            8.204035,
            46.874167,
            640.0
          ],
          [
            8.203892,
            46.874136,
            643.0
          ],
          [
            8.203766,
            46.874105,
            645.0
          ],
          [
            8.203703,
            46.874093,
            646.0
          ],
          [
            8.203613,
            46.874105,
            647.0
          ],
          [
            8.20346,
            46.874167,
            650.0
          ],
          [
            8.203362,
            46.874179,
            651.0
          ],
          [
            8.203083,
            46.874167,
            656.0
          ],
          [
            8.203011,
            46.874173,
            657.0
          ],
          [
            8.202913,
            46.874204,
            658.0
          ],
          [
            8.202813,
            46.874234,
            660.0
          ],
          [
            8.20275,
            46.87424,
            661.0
          ],
          [
            8.202597,
            46.874234,
            663.0
          ],
          [
            8.202571,
            46.874234,
            664.0
          ],
          [
            8.202544,
            46.87424,
            664.0
          ],
          [
            8.202534,
            46.874259,
            664.0
          ],
          [
            8.202534,
            46.874277,
            665.0
          ],
          [
            8.202588,
            46.874338,
            667.0
          ],
          [
            8.202597,
            46.874363,
            667.0
          ],
          [
            8.202597,
            46.874388,
            668.0
          ],
          [
            8.202588,
            46.874406,
            668.0
          ],
          [
            8.202544,
            46.874431,
            669.0
          ],
          [
            8.202481,
            46.874455,
            670.0
          ],
          [
            8.202427,
            46.874474,
            670.0
          ],
          [
            8.19693,
            46.873939,
            729.0
          ],
          [
            8.196938,
            46.873964,
            729.0
          ],
          [
            8.196785,
            46.87413,
            729.0
          ],
          [
            8.196085,
            46.874468,
            736.0
          ],
          [
            8.195689,
            46.874584,
            740.0
          ],
          [
            8.195573,
            46.874652,
            742.0
          ],
          [
            8.1955,
            46.87475,
            745.0
          ],
          [
            8.195474,
            46.874848,
            747.0
          ],
          [
            8.195474,
            46.874848,
            747.0
          ],
          [
            8.195456,
            46.874941,
            750.0
          ],
          [
            8.193812,
            46.875112,
            752.0
          ],
          [
            8.192609,
            46.875205,
            754.0
          ],
          [
            8.19251,
            46.875223,
            754.0
          ],
          [
            8.192437,
            46.875254,
            754.0
          ],
          [
            8.192366,
            46.875291,
            754.0
          ],
          [
            8.192123,
            46.875192,
            752.0
          ],
          [
            8.192016,
            46.875131,
            752.0
          ],
          [
            8.191755,
            46.874916,
            749.0
          ],
          [
            8.191584,
            46.874756,
            748.0
          ],
          [
            8.191558,
            46.874688,
            747.0
          ],
          [
            8.191548,
            46.874597,
            746.0
          ],
          [
            8.191611,
            46.874375,
            744.0
          ],
          [
            8.191657,
            46.874192,
            742.0
          ],
          [
            8.191718,
            46.874081,
            741.0
          ],
          [
            8.191781,
            46.874001,
            740.0
          ],
          [
            8.191854,
            46.873945,
            740.0
          ],
          [
            8.192267,
            46.873737,
            736.0
          ],
          [
            8.192339,
            46.873675,
            736.0
          ],
          [
            8.192366,
            46.873657,
            736.0
          ],
          [
            8.192384,
            46.873632,
            735.0
          ],
          [
            8.192374,
            46.873589,
            735.0
          ],
          [
            8.192357,
            46.873553,
            735.0
          ],
          [
            8.192267,
            46.873479,
            734.0
          ],
          [
            8.192087,
            46.873381,
            732.0
          ],
          [
            8.191602,
            46.873098,
            729.0
          ],
          [
            8.191477,
            46.873012,
            728.0
          ],
          [
            8.191225,
            46.872822,
            727.0
          ],
          [
            8.191153,
            46.872705,
            726.0
          ],
          [
            8.190829,
            46.873,
            727.0
          ],
          [
            8.190615,
            46.873202,
            727.0
          ],
          [
            8.190605,
            46.873245,
            727.0
          ],
          [
            8.190642,
            46.873411,
            728.0
          ],
          [
            8.19065,
            46.87351,
            728.0
          ],
          [
            8.19065,
            46.873565,
            728.0
          ],
          [
            8.190623,
            46.873651,
            728.0
          ],
          [
            8.190219,
            46.874584,
            730.0
          ],
          [
            8.190219,
            46.874658,
            730.0
          ],
          [
            8.190228,
            46.874713,
            730.0
          ],
          [
            8.190246,
            46.874768,
            730.0
          ],
          [
            8.19029,
            46.874861,
            730.0
          ],
          [
            8.190426,
            46.874989,
            731.0
          ],
          [
            8.190938,
            46.875487,
            733.0
          ],
          [
            8.190982,
            46.875555,
            733.0
          ],
          [
            8.191018,
            46.875708,
            734.0
          ],
          [
            8.191028,
            46.875763,
            734.0
          ],
          [
            8.191001,
            46.875825,
            734.0
          ],
          [
            8.190946,
            46.875861,
            734.0
          ],
          [
            8.190884,
            46.875868,
            735.0
          ],
          [
            8.190812,
            46.875855,
            735.0
          ],
          [
            8.190623,
            46.875751,
            735.0
          ],
          [
            8.19056,
            46.875732,
            735.0
          ],
          [
            8.190498,
            46.875739,
            736.0
          ],
          [
            8.190408,
            46.875775,
            736.0
          ],
          [
            8.190246,
            46.875886,
            736.0
          ],
          [
            8.190174,
            46.875923,
            737.0
          ],
          [
            8.190084,
            46.875948,
            737.0
          ],
          [
            8.189986,
            46.87596,
            737.0
          ],
          [
            8.18986,
            46.875948,
            737.0
          ],
          [
            8.189447,
            46.875794,
            738.0
          ],
          [
            8.188979,
            46.875647,
            740.0
          ],
          [
            8.188755,
            46.87561,
            743.0
          ],
          [
            8.188531,
            46.875585,
            748.0
          ],
          [
            8.188468,
            46.875579,
            750.0
          ],
          [
            8.187848,
            46.875536,
            748.0
          ],
          [
            8.187074,
            46.875499,
            745.0
          ],
          [
            8.18685,
            46.875499,
            744.0
          ],
          [
            8.186392,
            46.87553,
            742.0
          ],
          [
            8.186284,
            46.875524,
            742.0
          ],
          [
            8.186158,
            46.875499,
            741.0
          ],
          [
            8.185997,
            46.87545,
            741.0
          ],
          [
            8.185997,
            46.87545,
            741.0
          ],
          [
            8.185942,
            46.875431,
            740.0
          ],
          [
            8.185709,
            46.87534,
            739.0
          ],
          [
            8.185529,
            46.87526,
            738.0
          ],
          [
            8.185431,
            46.875235,
            738.0
          ],
          [
            8.184873,
            46.875131,
            735.0
          ],
          [
            8.184659,
            46.875112,
            734.0
          ],
          [
            8.184452,
            46.875112,
            733.0
          ],
          [
            8.184254,
            46.8751,
            731.0
          ],
          [
            8.184093,
            46.875057,
            730.0
          ],
          [
            8.183894,
            46.875008,
            730.0
          ],
          [
            8.183858,
            46.875002,
            730.0
          ],
          [
            8.183831,
            46.874989,
            730.0
          ],
          [
            8.183814,
            46.874977,
            730.0
          ],
          [
            8.183797,
            46.874953,
            730.0
          ],
          [
            8.183724,
            46.874818,
            730.0
          ],
          [
            8.18367,
            46.874719,
            730.0
          ],
          [
            8.183617,
            46.874664,
            730.0
          ],
          [
            8.183527,
            46.874584,
            730.0
          ],
          [
            8.183437,
            46.874492,
            730.0
          ],
          [
            8.183338,
            46.874431,
            730.0
          ],
          [
            8.183176,
            46.8744,
            732.0
          ],
          [
            8.183015,
            46.874326,
            735.0
          ],
          [
            8.182898,
            46.87421,
            737.0
          ],
          [
            8.182835,
            46.874111,
            739.0
          ],
          [
            8.182709,
            46.873939,
            740.0
          ],
          [
            8.182772,
            46.873848,
            740.0
          ],
          [
            8.182852,
            46.873725,
            739.0
          ],
          [
            8.182844,
            46.873626,
            739.0
          ],
          [
            8.182844,
            46.873498,
            738.0
          ],
          [
            8.182844,
            46.873375,
            737.0
          ],
          [
            8.182808,
            46.873288,
            737.0
          ],
          [
            8.182736,
            46.873184,
            736.0
          ],
          [
            8.182646,
            46.87308,
            736.0
          ],
          [
            8.182592,
            46.872988,
            735.0
          ],
          [
            8.182565,
            46.872895,
            734.0
          ],
          [
            8.182539,
            46.872779,
            734.0
          ],
          [
            8.182485,
            46.872711,
            733.0
          ],
          [
            8.182376,
            46.872582,
            733.0
          ],
          [
            8.182323,
            46.872502,
            732.0
          ],
          [
            8.182286,
            46.872405,
            732.0
          ],
          [
            8.18225,
            46.872331,
            731.0
          ],
          [
            8.182233,
            46.872238,
            731.0
          ],
          [
            8.182269,
            46.872073,
            730.0
          ],
          [
            8.182286,
            46.871962,
            729.0
          ],
          [
            8.182269,
            46.871857,
            729.0
          ],
          [
            8.182242,
            46.871778,
            728.0
          ],
          [
            8.182197,
            46.87171,
            728.0
          ],
          [
            8.18216,
            46.87168,
            727.0
          ],
          [
            8.182089,
            46.871637,
            727.0
          ],
          [
            8.182063,
            46.871612,
            727.0
          ],
          [
            8.182026,
            46.871569,
            726.0
          ],
          [
            8.182009,
            46.871538,
            726.0
          ],
          [
            8.181982,
            46.871446,
            726.0
          ],
          [
            8.181954,
            46.871342,
            725.0
          ],
          [
            8.181954,
            46.871342,
            725.0
          ],
          [
            8.181954,
            46.871342,
            725.0
          ],
          [
            8.181946,
            46.871299,
            724.0
          ],
          [
            8.181892,
            46.871219,
            724.0
          ],
          [
            8.181864,
            46.87117,
            724.0
          ],
          [
            8.181847,
            46.871114,
            723.0
          ],
          [
            8.181829,
            46.871029,
            723.0
          ],
          [
            8.181829,
            46.870838,
            721.0
          ],
          [
            8.181837,
            46.870764,
            721.0
          ],
          [
            8.181856,
            46.870703,
            720.0
          ],
          [
            8.18191,
            46.87055,
            719.0
          ],
          [
            8.181963,
            46.870426,
            717.0
          ],
          [
            8.181999,
            46.870353,
            717.0
          ],
          [
            8.182009,
            46.87031,
            716.0
          ],
          [
            8.182017,
            46.870255,
            715.0
          ],
          [
            8.182017,
            46.870175,
            715.0
          ],
          [
            8.182009,
            46.869991,
            712.0
          ],
          [
            8.18199,
            46.869874,
            711.0
          ],
          [
            8.181982,
            46.869837,
            711.0
          ],
          [
            8.181963,
            46.8698,
            710.0
          ],
          [
            8.181946,
            46.869763,
            710.0
          ],
          [
            8.18191,
            46.869739,
            709.0
          ],
          [
            8.181856,
            46.869708,
            709.0
          ],
          [
            8.181604,
            46.869622,
            707.0
          ],
          [
            8.181065,
            46.869463,
            702.0
          ],
          [
            8.180984,
            46.869438,
            701.0
          ],
          [
            8.180931,
            46.869432,
            701.0
          ],
          [
            8.180858,
            46.869432,
            700.0
          ],
          [
            8.18076,
            46.869432,
            699.0
          ],
          [
            8.180652,
            46.869438,
            698.0
          ],
          [
            8.180428,
            46.869456,
            696.0
          ],
          [
            8.180346,
            46.869463,
            695.0
          ],
          [
            8.180292,
            46.869456,
            694.0
          ],
          [
            8.180229,
            46.869438,
            694.0
          ],
          [
            8.180131,
            46.869389,
            693.0
          ],
          [
            8.180068,
            46.869358,
            692.0
          ],
          [
            8.179986,
            46.869333,
            691.0
          ],
          [
            8.179808,
            46.869284,
            689.0
          ],
          [
            8.179763,
            46.869266,
            688.0
          ],
          [
            8.179736,
            46.869248,
            688.0
          ],
          [
            8.179699,
            46.869211,
            687.0
          ],
          [
            8.179547,
            46.868995,
            683.0
          ],
          [
            8.179403,
            46.868769,
            676.0
          ],
          [
            8.179277,
            46.868713,
            677.0
          ],
          [
            8.17925,
            46.868701,
            677.0
          ],
          [
            8.179197,
            46.868652,
            678.0
          ],
          [
            8.179143,
            46.868609,
            677.0
          ],
          [
            8.179134,
            46.868578,
            676.0
          ],
          [
            8.179134,
            46.868547,
            676.0
          ],
          [
            8.179143,
            46.868517,
            675.0
          ],
          [
            8.17917,
            46.86848,
            674.0
          ],
          [
            8.179242,
            46.868425,
            673.0
          ],
          [
            8.179296,
            46.868394,
            672.0
          ],
          [
            8.179323,
            46.868357,
            671.0
          ],
          [
            8.17934,
            46.868332,
            670.0
          ],
          [
            8.179349,
            46.868302,
            670.0
          ],
          [
            8.179359,
            46.868252,
            669.0
          ],
          [
            8.179349,
            46.868185,
            669.0
          ],
          [
            8.179386,
            46.868161,
            668.0
          ],
          [
            8.179394,
            46.868142,
            668.0
          ],
          [
            8.179403,
            46.868124,
            668.0
          ],
          [
            8.179403,
            46.868093,
            668.0
          ],
          [
            8.179376,
            46.867976,
            666.0
          ],
          [
            8.179367,
            46.867866,
            665.0
          ],
          [
            8.179359,
            46.867811,
            664.0
          ],
          [
            8.17934,
            46.867755,
            664.0
          ],
          [
            8.179313,
            46.867688,
            663.0
          ],
          [
            8.17926,
            46.867589,
            662.0
          ],
          [
            8.17908,
            46.86735,
            659.0
          ],
          [
            8.179007,
            46.867251,
            658.0
          ],
          [
            8.178936,
            46.867184,
            657.0
          ],
          [
            8.178837,
            46.867092,
            656.0
          ],
          [
            8.178694,
            46.867,
            655.0
          ],
          [
            8.178568,
            46.866907,
            653.0
          ],
          [
            8.178468,
            46.866852,
            652.0
          ],
          [
            8.178415,
            46.866828,
            652.0
          ],
          [
            8.178344,
            46.866803,
            651.0
          ],
          [
            8.178254,
            46.866785,
            651.0
          ],
          [
            8.178155,
            46.866779,
            650.0
          ],
          [
            8.177751,
            46.866754,
            647.0
          ],
          [
            8.177346,
            46.86673,
            644.0
          ],
          [
            8.177265,
            46.86673,
            644.0
          ],
          [
            8.177202,
            46.866736,
            643.0
          ],
          [
            8.177139,
            46.866742,
            643.0
          ],
          [
            8.177076,
            46.86676,
            642.0
          ],
          [
            8.177023,
            46.866779,
            642.0
          ],
          [
            8.17696,
            46.866809,
            641.0
          ],
          [
            8.176897,
            46.866852,
            641.0
          ],
          [
            8.176744,
            46.866981,
            639.0
          ],
          [
            8.176709,
            46.867006,
            639.0
          ],
          [
            8.176673,
            46.867024,
            639.0
          ],
          [
            8.176627,
            46.867031,
            639.0
          ],
          [
            8.176592,
            46.867024,
            639.0
          ],
          [
            8.176564,
            46.867018,
            638.0
          ],
          [
            8.176537,
            46.866994,
            638.0
          ],
          [
            8.17652,
            46.866975,
            638.0
          ],
          [
            8.17652,
            46.866951,
            638.0
          ],
          [
            8.17652,
            46.866932,
            638.0
          ],
          [
            8.176537,
            46.866914,
            638.0
          ],
          [
            8.176573,
            46.866864,
            637.0
          ],
          [
            8.176646,
            46.866785,
            637.0
          ],
          [
            8.176736,
            46.866699,
            636.0
          ],
          [
            8.176799,
            46.86665,
            635.0
          ],
          [
            8.17686,
            46.8666,
            635.0
          ],
          [
            8.17695,
            46.866551,
            634.0
          ],
          [
            8.177103,
            46.866484,
            634.0
          ],
          [
            8.177068,
            46.866471,
            633.0
          ],
          [
            8.17704,
            46.866465,
            633.0
          ],
          [
            8.177013,
            46.866465,
            633.0
          ],
          [
            8.176923,
            46.866478,
            632.0
          ],
          [
            8.176807,
            46.866514,
            631.0
          ],
          [
            8.176709,
            46.866551,
            631.0
          ],
          [
            8.176394,
            46.866693,
            629.0
          ],
          [
            8.17625,
            46.866699,
            628.0
          ],
          [
            8.17616,
            46.866674,
            627.0
          ],
          [
            8.176088,
            46.86657,
            626.0
          ],
          [
            8.176053,
            46.866392,
            625.0
          ],
          [
            8.176007,
            46.866293,
            624.0
          ],
          [
            8.175774,
            46.866042,
            622.0
          ],
          [
            8.176394,
            46.865157,
            610.0
          ],
          [
            8.176978,
            46.864961,
            604.0
          ],
          [
            8.177265,
            46.864451,
            597.0
          ],
          [
            8.178847,
            46.86356,
            577.0
          ],
          [
            8.179969,
            46.862356,
            557.0
          ],
          [
            8.180805,
            46.861975,
            549.0
          ],
          [
            8.180975,
            46.861896,
            547.0
          ],
          [
            8.181271,
            46.861582,
            543.0
          ],
          [
            8.182044,
            46.861269,
            535.0
          ],
          [
            8.182512,
            46.860778,
            528.0
          ],
          [
            8.183185,
            46.860692,
            523.0
          ],
          [
            8.183751,
            46.8602,
            510.0
          ],
          [
            8.183122,
            46.859856,
            510.0
          ],
          [
            8.182789,
            46.859678,
            510.0
          ],
          [
            8.182386,
            46.859457,
            510.0
          ],
          [
            8.182223,
            46.859371,
            510.0
          ],
          [
            8.182026,
            46.859254,
            510.0
          ],
          [
            8.1819,
            46.859187,
            510.0
          ],
          [
            8.181568,
            46.858916,
            510.0
          ],
          [
            8.181568,
            46.85891,
            510.0
          ],
          [
            8.181514,
            46.858861,
            510.0
          ],
          [
            8.181424,
            46.858794,
            510.0
          ],
          [
            8.181505,
            46.858788,
            510.0
          ],
          [
            8.18164,
            46.858776,
            510.0
          ],
          [
            8.181963,
            46.8588,
            510.0
          ],
          [
            8.182278,
            46.858806,
            510.0
          ],
          [
            8.182502,
            46.858812,
            510.0
          ],
          [
            8.182726,
            46.858824,
            510.0
          ],
          [
            8.182925,
            46.858824,
            510.0
          ],
          [
            8.183212,
            46.858776,
            510.0
          ],
          [
            8.183455,
            46.858646,
            509.0
          ],
          [
            8.183688,
            46.858468,
            506.0
          ],
          [
            8.183787,
            46.85821,
            504.0
          ],
          [
            8.183868,
            46.8581,
            503.0
          ],
          [
            8.183904,
            46.858069,
            503.0
          ],
          [
            8.18421,
            46.858008,
            501.0
          ],
          [
            8.184326,
            46.857915,
            500.0
          ],
          [
            8.184613,
            46.857713,
            498.0
          ],
          [
            8.185009,
            46.857442,
            495.0
          ],
          [
            8.185116,
            46.857338,
            494.0
          ],
          [
            8.185439,
            46.857135,
            491.0
          ],
          [
            8.18535,
            46.856932,
            490.0
          ],
          [
            8.185332,
            46.856754,
            489.0
          ],
          [
            8.18535,
            46.856718,
            489.0
          ],
          [
            8.185395,
            46.856681,
            488.0
          ],
          [
            8.185646,
            46.856576,
            487.0
          ],
          [
            8.185736,
            46.856502,
            486.0
          ],
          [
            8.185763,
            46.85649,
            486.0
          ],
          [
            8.185934,
            46.856435,
            486.0
          ],
          [
            8.186095,
            46.856331,
            485.0
          ],
          [
            8.186131,
            46.85622,
            484.0
          ],
          [
            8.186105,
            46.856109,
            483.0
          ],
          [
            8.186194,
            46.856011,
            483.0
          ],
          [
            8.186221,
            46.855956,
            482.0
          ],
          [
            8.186321,
            46.855759,
            481.0
          ],
          [
            8.186464,
            46.855667,
            480.0
          ],
          [
            8.186491,
            46.85563,
            480.0
          ],
          [
            8.186518,
            46.855532,
            480.0
          ],
          [
            8.186743,
            46.855495,
            479.0
          ],
          [
            8.186877,
            46.855409,
            479.0
          ],
          [
            8.186967,
            46.855379,
            479.0
          ],
          [
            8.186949,
            46.855286,
            479.0
          ],
          [
            8.186923,
            46.855212,
            479.0
          ],
          [
            8.186976,
            46.855151,
            479.0
          ],
          [
            8.187066,
            46.855108,
            478.0
          ],
          [
            8.187227,
            46.855028,
            478.0
          ],
          [
            8.187326,
            46.854948,
            478.0
          ],
          [
            8.187353,
            46.854893,
            478.0
          ],
          [
            8.187363,
            46.854868,
            478.0
          ],
          [
            8.187371,
            46.854844,
            478.0
          ],
          [
            8.187254,
            46.854727,
            478.0
          ],
          [
            8.187236,
            46.854629,
            477.0
          ],
          [
            8.187227,
            46.854561,
            477.0
          ],
          [
            8.187227,
            46.854524,
            477.0
          ],
          [
            8.187219,
            46.854463,
            477.0
          ],
          [
            8.187192,
            46.854414,
            477.0
          ],
          [
            8.187137,
            46.854316,
            477.0
          ],
          [
            8.187084,
            46.854242,
            477.0
          ],
          [
            8.187003,
            46.854149,
            476.0
          ],
          [
            8.186958,
            46.854113,
            476.0
          ],
          [
            8.187039,
            46.854045,
            476.0
          ],
          [
            8.18712,
            46.853984,
            476.0
          ],
          [
            8.187156,
            46.853953,
            476.0
          ],
          [
            8.18711,
            46.853867,
            476.0
          ],
          [
            8.187047,
            46.853732,
            475.0
          ],
          [
            8.186949,
            46.85356,
            475.0
          ],
          [
            8.186949,
            46.853517,
            475.0
          ],
          [
            8.186976,
            46.853498,
            475.0
          ],
          [
            8.186994,
            46.85348,
            475.0
          ],
          [
            8.187282,
            46.853498,
            475.0
          ],
          [
            8.18765,
            46.853523,
            474.0
          ],
          [
            8.187875,
            46.853541,
            474.0
          ],
          [
            8.187919,
            46.853541,
            474.0
          ],
          [
            8.188324,
            46.853566,
            473.0
          ],
          [
            8.188449,
            46.853578,
            473.0
          ],
          [
            8.188566,
            46.853529,
            473.0
          ],
          [
            8.188575,
            46.853468,
            473.0
          ],
          [
            8.188584,
            46.853431,
            473.0
          ],
          [
            8.188512,
            46.853333,
            473.0
          ],
          [
            8.188476,
            46.853185,
            472.0
          ],
          [
            8.188441,
            46.852958,
            472.0
          ],
          [
            8.188414,
            46.852676,
            471.0
          ],
          [
            8.188458,
            46.852509,
            471.0
          ],
          [
            8.188682,
            46.852417,
            471.0
          ],
          [
            8.188925,
            46.852374,
            470.0
          ],
          [
            8.189087,
            46.852295,
            470.0
          ],
          [
            8.18915,
            46.852202,
            470.0
          ],
          [
            8.189267,
            46.852043,
            470.0
          ],
          [
            8.189321,
            46.851907,
            471.0
          ],
          [
            8.189303,
            46.851772,
            471.0
          ],
          [
            8.189276,
            46.851637,
            471.0
          ],
          [
            8.189231,
            46.851594,
            471.0
          ],
          [
            8.189158,
            46.851533,
            471.0
          ],
          [
            8.189034,
            46.85152,
            471.0
          ],
          [
            8.188827,
            46.85141,
            472.0
          ],
          [
            8.188791,
            46.851385,
            472.0
          ],
          [
            8.188692,
            46.851287,
            472.0
          ],
          [
            8.188592,
            46.851152,
            472.0
          ],
          [
            8.188494,
            46.851017,
            472.0
          ],
          [
            8.188422,
            46.850888,
            472.0
          ],
          [
            8.188368,
            46.850746,
            473.0
          ],
          [
            8.188359,
            46.850605,
            473.0
          ],
          [
            8.188395,
            46.850494,
            473.0
          ],
          [
            8.188441,
            46.850365,
            473.0
          ],
          [
            8.188539,
            46.850286,
            473.0
          ],
          [
            8.188611,
            46.850193,
            474.0
          ],
          [
            8.188611,
            46.850181,
            474.0
          ],
          [
            8.188629,
            46.850107,
            474.0
          ],
          [
            8.188584,
            46.850003,
            474.0
          ],
          [
            8.188602,
            46.849923,
            474.0
          ],
          [
            8.188288,
            46.849487,
            475.0
          ],
          [
            8.188315,
            46.84948,
            475.0
          ],
          [
            8.188378,
            46.849462,
            475.0
          ],
          [
            8.188405,
            46.84937,
            475.0
          ],
          [
            8.186949,
            46.847275,
            478.0
          ],
          [
            8.186697,
            46.846925,
            479.0
          ],
          [
            8.186617,
            46.846789,
            479.0
          ],
          [
            8.186544,
            46.846728,
            479.0
          ],
          [
            8.186464,
            46.846618,
            480.0
          ],
          [
            8.186418,
            46.846575,
            480.0
          ],
          [
            8.186221,
            46.846464,
            480.0
          ],
          [
            8.186204,
            46.846409,
            480.0
          ],
          [
            8.186185,
            46.84636,
            480.0
          ],
          [
            8.186185,
            46.846323,
            480.0
          ],
          [
            8.186024,
            46.846323,
            480.0
          ],
          [
            8.186015,
            46.846292,
            480.0
          ],
          [
            8.186015,
            46.846261,
            480.0
          ],
          [
            8.185997,
            46.846231,
            480.0
          ],
          [
            8.186051,
            46.846218,
            480.0
          ],
          [
            8.186078,
            46.846212,
            480.0
          ],
          [
            8.186105,
            46.846194,
            480.0
          ],
          [
            8.186114,
            46.846181,
            480.0
          ],
          [
            8.186122,
            46.846169,
            480.0
          ],
          [
            8.186122,
            46.846157,
            480.0
          ],
          [
            8.186122,
            46.846132,
            480.0
          ],
          [
            8.185997,
            46.84596,
            480.0
          ],
          [
            8.185772,
            46.845616,
            480.0
          ],
          [
            8.185529,
            46.845272,
            480.0
          ],
          [
            8.185287,
            46.84491,
            480.0
          ],
          [
            8.185026,
            46.844479,
            480.0
          ],
          [
            8.18482,
            46.844105,
            480.0
          ],
          [
            8.184596,
            46.843699,
            480.0
          ],
          [
            8.184443,
            46.843349,
            480.0
          ],
          [
            8.18429,
            46.842974,
            480.0
          ],
          [
            8.184173,
            46.842611,
            480.0
          ],
          [
            8.184047,
            46.842212,
            480.0
          ],
          [
            8.183948,
            46.841819,
            480.0
          ],
          [
            8.183894,
            46.841567,
            480.0
          ],
          [
            8.183814,
            46.841346,
            480.0
          ],
          [
            8.183787,
            46.84129,
            480.0
          ],
          [
            8.183751,
            46.84121,
            480.0
          ],
          [
            8.183715,
            46.840891,
            480.0
          ],
          [
            8.183679,
            46.840713,
            480.0
          ],
          [
            8.18359,
            46.840602,
            480.0
          ],
          [
            8.183455,
            46.840486,
            480.0
          ],
          [
            8.183527,
            46.840455,
            480.0
          ],
          [
            8.183562,
            46.840437,
            480.0
          ],
          [
            8.183625,
            46.840406,
            480.0
          ],
          [
            8.183751,
            46.840282,
            480.0
          ],
          [
            8.18367,
            46.840043,
            480.0
          ],
          [
            8.183625,
            46.839871,
            480.0
          ],
          [
            8.183607,
            46.839631,
            481.0
          ],
          [
            8.183598,
            46.839435,
            481.0
          ],
          [
            8.183607,
            46.839214,
            481.0
          ],
          [
            8.18367,
            46.838998,
            481.0
          ],
          [
            8.183751,
            46.838771,
            482.0
          ],
          [
            8.183841,
            46.838445,
            482.0
          ],
          [
            8.183894,
            46.838224,
            482.0
          ],
          [
            8.183894,
            46.837948,
            483.0
          ],
          [
            8.183877,
            46.836922,
            484.0
          ],
          [
            8.183823,
            46.836761,
            484.0
          ],
          [
            8.18385,
            46.836755,
            484.0
          ],
          [
            8.18411,
            46.836718,
            486.0
          ],
          [
            8.184173,
            46.836706,
            490.0
          ],
          [
            8.184038,
            46.836436,
            490.0
          ],
          [
            8.183913,
            46.836172,
            490.0
          ],
          [
            8.183831,
            46.836024,
            490.0
          ],
          [
            8.183697,
            46.835827,
            490.0
          ],
          [
            8.183472,
            46.835545,
            490.0
          ],
          [
            8.183239,
            46.835318,
            490.0
          ],
          [
            8.182988,
            46.83509,
            490.0
          ],
          [
            8.182539,
            46.834776,
            490.0
          ],
          [
            8.181999,
            46.834488,
            490.0
          ],
          [
            8.181802,
            46.834396,
            490.0
          ],
          [
            8.181613,
            46.83431,
            490.0
          ],
          [
            8.18147,
            46.834242,
            490.0
          ],
          [
            8.181155,
            46.834107,
            490.0
          ],
          [
            8.180805,
            46.833953,
            490.0
          ],
          [
            8.179852,
            46.833578,
            490.0
          ],
          [
            8.178801,
            46.833283,
            490.0
          ],
          [
            8.178074,
            46.83305,
            490.0
          ],
          [
            8.178531,
            46.832478,
            490.0
          ],
          [
            8.178568,
            46.832436,
            490.0
          ],
          [
            8.178676,
            46.8323,
            490.0
          ],
          [
            8.178694,
            46.832269,
            490.0
          ],
          [
            8.178864,
            46.832337,
            490.0
          ],
          [
            8.17891,
            46.832281,
            490.0
          ],
          [
            8.178918,
            46.832257,
            490.0
          ],
          [
            8.178936,
            46.832214,
            490.0
          ],
          [
            8.178936,
            46.831986,
            490.0
          ],
          [
            8.1789,
            46.831796,
            490.0
          ],
          [
            8.179143,
            46.831772,
            490.0
          ],
          [
            8.180015,
            46.83179,
            490.0
          ],
          [
            8.180445,
            46.831772,
            490.0
          ],
          [
            8.180805,
            46.831759,
            490.0
          ],
          [
            8.180858,
            46.831759,
            490.0
          ],
          [
            8.180885,
            46.831765,
            490.0
          ],
          [
            8.180894,
            46.831778,
            490.0
          ],
          [
            8.180912,
            46.831796,
            490.0
          ],
          [
            8.180939,
            46.831839,
            490.0
          ],
          [
            8.180984,
            46.8319,
            490.0
          ],
          [
            8.181029,
            46.831931,
            490.0
          ],
          [
            8.18111,
            46.831968,
            490.0
          ],
          [
            8.181271,
            46.831999,
            490.0
          ],
          [
            8.181281,
            46.831968,
            490.0
          ],
          [
            8.181334,
            46.831931,
            490.0
          ],
          [
            8.18146,
            46.831876,
            490.0
          ],
          [
            8.181523,
            46.831839,
            490.0
          ],
          [
            8.18156,
            46.831815,
            490.0
          ],
          [
            8.181577,
            46.831778,
            490.0
          ],
          [
            8.181586,
            46.831747,
            490.0
          ],
          [
            8.181594,
            46.83171,
            490.0
          ],
          [
            8.181577,
            46.831618,
            490.0
          ],
          [
            8.181623,
            46.831605,
            490.0
          ],
          [
            8.181883,
            46.831427,
            490.0
          ],
          [
            8.181946,
            46.831403,
            490.0
          ],
          [
            8.182009,
            46.831378,
            490.0
          ],
          [
            8.182126,
            46.831366,
            490.0
          ],
          [
            8.182278,
            46.831366,
            490.0
          ],
          [
            8.182565,
            46.831378,
            490.0
          ],
          [
            8.182961,
            46.831409,
            490.0
          ],
          [
            8.183024,
            46.831409,
            490.0
          ],
          [
            8.183059,
            46.831403,
            490.0
          ],
          [
            8.183095,
            46.831372,
            490.0
          ],
          [
            8.183032,
            46.831353,
            490.0
          ],
          [
            8.182969,
            46.831329,
            490.0
          ],
          [
            8.182915,
            46.831292,
            490.0
          ],
          [
            8.182862,
            46.831231,
            490.0
          ],
          [
            8.182816,
            46.831163,
            490.0
          ],
          [
            8.182781,
            46.831132,
            490.0
          ],
          [
            8.182691,
            46.831052,
            490.0
          ],
          [
            8.1827,
            46.83104,
            490.0
          ],
          [
            8.182709,
            46.831015,
            490.0
          ],
          [
            8.182691,
            46.830174,
            490.0
          ],
          [
            8.182646,
            46.828465,
            490.0
          ],
          [
            8.182628,
            46.827728,
            490.0
          ],
          [
            8.182592,
            46.827457,
            490.0
          ],
          [
            8.182592,
            46.82742,
            490.0
          ],
          [
            8.182592,
            46.82739,
            490.0
          ],
          [
            8.18261,
            46.827346,
            490.0
          ],
          [
            8.182673,
            46.827223,
            490.0
          ],
          [
            8.182718,
            46.827156,
            490.0
          ],
          [
            8.182726,
            46.827132,
            490.0
          ],
          [
            8.182745,
            46.827101,
            490.0
          ],
          [
            8.182745,
            46.827064,
            490.0
          ],
          [
            8.182745,
            46.827027,
            490.0
          ],
          [
            8.182736,
            46.82699,
            490.0
          ],
          [
            8.182709,
            46.826953,
            490.0
          ],
          [
            8.182682,
            46.826897,
            490.0
          ],
          [
            8.182628,
            46.826836,
            490.0
          ],
          [
            8.182583,
            46.826787,
            490.0
          ],
          [
            8.182547,
            46.826763,
            490.0
          ],
          [
            8.182512,
            46.826732,
            490.0
          ],
          [
            8.182458,
            46.826701,
            490.0
          ],
          [
            8.182233,
            46.826602,
            490.0
          ],
          [
            8.18216,
            46.826535,
            491.0
          ],
          [
            8.182107,
            46.826462,
            492.0
          ],
          [
            8.18208,
            46.826412,
            493.0
          ],
          [
            8.182063,
            46.826375,
            494.0
          ],
          [
            8.182063,
            46.826344,
            495.0
          ],
          [
            8.182063,
            46.826307,
            495.0
          ],
          [
            8.18208,
            46.826228,
            497.0
          ],
          [
            8.182089,
            46.826197,
            497.0
          ],
          [
            8.182107,
            46.826167,
            498.0
          ],
          [
            8.182126,
            46.826148,
            498.0
          ],
          [
            8.18216,
            46.826123,
            499.0
          ],
          [
            8.182053,
            46.826012,
            502.0
          ],
          [
            8.182071,
            46.825791,
            507.0
          ],
          [
            8.18208,
            46.825773,
            508.0
          ],
          [
            8.182152,
            46.825613,
            513.0
          ],
          [
            8.182206,
            46.82554,
            515.0
          ],
          [
            8.18234,
            46.82549,
            518.0
          ],
          [
            8.182439,
            46.825466,
            521.0
          ],
          [
            8.182512,
            46.825392,
            523.0
          ],
          [
            8.182439,
            46.825146,
            529.0
          ],
          [
            8.18235,
            46.825029,
            531.0
          ],
          [
            8.182206,
            46.824906,
            532.0
          ],
          [
            8.182179,
            46.824869,
            532.0
          ],
          [
            8.18216,
            46.824845,
            532.0
          ],
          [
            8.182152,
            46.82482,
            532.0
          ],
          [
            8.182152,
            46.824802,
            532.0
          ],
          [
            8.18216,
            46.824777,
            533.0
          ],
          [
            8.182189,
            46.824746,
            533.0
          ],
          [
            8.182179,
            46.824667,
            533.0
          ],
          [
            8.18217,
            46.824568,
            534.0
          ],
          [
            8.18216,
            46.824507,
            534.0
          ],
          [
            8.182143,
            46.82442,
            535.0
          ],
          [
            8.182116,
            46.824372,
            535.0
          ],
          [
            8.182089,
            46.824335,
            535.0
          ],
          [
            8.182044,
            46.82431,
            536.0
          ],
          [
            8.181954,
            46.824261,
            536.0
          ],
          [
            8.181793,
            46.824168,
            537.0
          ],
          [
            8.181424,
            46.823978,
            539.0
          ],
          [
            8.181397,
            46.82396,
            539.0
          ],
          [
            8.18137,
            46.823941,
            539.0
          ],
          [
            8.181361,
            46.823923,
            539.0
          ],
          [
            8.181353,
            46.823898,
            540.0
          ],
          [
            8.181353,
            46.82388,
            540.0
          ],
          [
            8.18137,
            46.823861,
            540.0
          ],
          [
            8.181388,
            46.823849,
            540.0
          ],
          [
            8.181416,
            46.823843,
            540.0
          ],
          [
            8.181443,
            46.823843,
            541.0
          ],
          [
            8.181478,
            46.823861,
            541.0
          ],
          [
            8.18156,
            46.823904,
            542.0
          ],
          [
            8.181631,
            46.823947,
            543.0
          ],
          [
            8.181703,
            46.823972,
            544.0
          ],
          [
            8.181739,
            46.823984,
            545.0
          ],
          [
            8.18181,
            46.823997,
            546.0
          ],
          [
            8.181864,
            46.823997,
            546.0
          ],
          [
            8.18191,
            46.823991,
            547.0
          ],
          [
            8.181946,
            46.823991,
            547.0
          ],
          [
            8.182009,
            46.823978,
            548.0
          ],
          [
            8.182063,
            46.823954,
            549.0
          ],
          [
            8.182116,
            46.823929,
            550.0
          ],
          [
            8.182152,
            46.823904,
            551.0
          ],
          [
            8.182197,
            46.823861,
            552.0
          ],
          [
            8.182233,
            46.823818,
            553.0
          ],
          [
            8.18225,
            46.823757,
            554.0
          ],
          [
            8.18225,
            46.823634,
            556.0
          ],
          [
            8.182233,
            46.823572,
            558.0
          ],
          [
            8.182215,
            46.823498,
            559.0
          ],
          [
            8.18217,
            46.823413,
            561.0
          ],
          [
            8.182044,
            46.82313,
            565.0
          ],
          [
            8.182071,
            46.822995,
            567.0
          ],
          [
            8.182071,
            46.822945,
            567.0
          ],
          [
            8.182044,
            46.822896,
            568.0
          ],
          [
            8.181919,
            46.82281,
            570.0
          ],
          [
            8.181837,
            46.82273,
            572.0
          ],
          [
            8.181766,
            46.822613,
            574.0
          ],
          [
            8.181623,
            46.822343,
            580.0
          ],
          [
            8.181594,
            46.822263,
            581.0
          ],
          [
            8.181541,
            46.822165,
            582.0
          ],
          [
            8.181478,
            46.821685,
            587.0
          ],
          [
            8.18147,
            46.821648,
            587.0
          ],
          [
            8.181451,
            46.821624,
            588.0
          ],
          [
            8.181416,
            46.821605,
            588.0
          ],
          [
            8.181344,
            46.821612,
            589.0
          ],
          [
            8.18129,
            46.821636,
            589.0
          ],
          [
            8.181191,
            46.82166,
            590.0
          ],
          [
            8.181118,
            46.821648,
            591.0
          ],
          [
            8.180984,
            46.821624,
            592.0
          ],
          [
            8.180705,
            46.821569,
            595.0
          ],
          [
            8.180535,
            46.82152,
            597.0
          ],
          [
            8.179906,
            46.821218,
            605.0
          ],
          [
            8.17978,
            46.82112,
            607.0
          ],
          [
            8.17969,
            46.821021,
            609.0
          ],
          [
            8.179673,
            46.820972,
            610.0
          ],
          [
            8.179699,
            46.820948,
            610.0
          ],
          [
            8.179753,
            46.820954,
            611.0
          ],
          [
            8.179889,
            46.821021,
            612.0
          ],
          [
            8.180023,
            46.821052,
            613.0
          ],
          [
            8.180302,
            46.821077,
            616.0
          ],
          [
            8.180365,
            46.821064,
            617.0
          ],
          [
            8.180365,
            46.821034,
            617.0
          ],
          [
            8.180032,
            46.820893,
            621.0
          ],
          [
            8.179925,
            46.820812,
            622.0
          ],
          [
            8.179709,
            46.820573,
            626.0
          ],
          [
            8.179636,
            46.820499,
            627.0
          ],
          [
            8.179573,
            46.820407,
            628.0
          ],
          [
            8.17952,
            46.820284,
            630.0
          ],
          [
            8.179502,
            46.820229,
            631.0
          ],
          [
            8.179484,
            46.820161,
            632.0
          ],
          [
            8.179502,
            46.820136,
            632.0
          ],
          [
            8.179539,
            46.820142,
            632.0
          ],
          [
            8.179592,
            46.820185,
            633.0
          ],
          [
            8.179699,
            46.820315,
            635.0
          ],
          [
            8.179745,
            46.820352,
            636.0
          ],
          [
            8.179789,
            46.82037,
            636.0
          ],
          [
            8.179826,
            46.820376,
            636.0
          ],
          [
            8.179852,
            46.820352,
            637.0
          ],
          [
            8.179843,
            46.820327,
            637.0
          ],
          [
            8.179772,
            46.820198,
            639.0
          ],
          [
            8.17969,
            46.820057,
            641.0
          ],
          [
            8.179673,
            46.820014,
            641.0
          ],
          [
            8.179663,
            46.819878,
            643.0
          ],
          [
            8.179663,
            46.819798,
            644.0
          ],
          [
            8.17961,
            46.819725,
            645.0
          ],
          [
            8.179539,
            46.819651,
            646.0
          ],
          [
            8.179476,
            46.819595,
            647.0
          ],
          [
            8.179484,
            46.819564,
            647.0
          ],
          [
            8.17952,
            46.819558,
            648.0
          ],
          [
            8.179628,
            46.81962,
            649.0
          ],
          [
            8.179753,
            46.819682,
            650.0
          ],
          [
            8.179889,
            46.819768,
            652.0
          ],
          [
            8.179969,
            46.819822,
            653.0
          ],
          [
            8.180059,
            46.819822,
            654.0
          ],
          [
            8.179889,
            46.819608,
            658.0
          ],
          [
            8.179663,
            46.819411,
            662.0
          ],
          [
            8.178918,
            46.819177,
            670.0
          ],
          [
            8.178847,
            46.819085,
            670.0
          ],
          [
            8.17881,
            46.819036,
            670.0
          ],
          [
            8.178774,
            46.819018,
            670.0
          ],
          [
            8.178397,
            46.818894,
            670.0
          ],
          [
            8.178289,
            46.819018,
            670.0
          ],
          [
            8.178227,
            46.819055,
            670.0
          ],
          [
            8.178191,
            46.819055,
            670.0
          ],
          [
            8.178128,
            46.819048,
            670.0
          ],
          [
            8.177948,
            46.819005,
            670.0
          ],
          [
            8.177849,
            46.818956,
            671.0
          ],
          [
            8.177778,
            46.818925,
            672.0
          ],
          [
            8.177678,
            46.818894,
            674.0
          ],
          [
            8.177499,
            46.818839,
            678.0
          ],
          [
            8.177436,
            46.818797,
            679.0
          ],
          [
            8.177418,
            46.818753,
            680.0
          ],
          [
            8.177426,
            46.818698,
            681.0
          ],
          [
            8.177454,
            46.81863,
            682.0
          ],
          [
            8.177463,
            46.818612,
            682.0
          ],
          [
            8.177382,
            46.818569,
            683.0
          ],
          [
            8.177319,
            46.818532,
            684.0
          ],
          [
            8.177247,
            46.818526,
            685.0
          ],
          [
            8.177122,
            46.818514,
            686.0
          ],
          [
            8.177005,
            46.818477,
            688.0
          ],
          [
            8.17696,
            46.818458,
            688.0
          ],
          [
            8.176897,
            46.818415,
            689.0
          ],
          [
            8.176879,
            46.81839,
            689.0
          ],
          [
            8.176889,
            46.818366,
            690.0
          ],
          [
            8.176923,
            46.818347,
            690.0
          ],
          [
            8.176986,
            46.81836,
            692.0
          ],
          [
            8.177032,
            46.81836,
            692.0
          ],
          [
            8.177068,
            46.818341,
            693.0
          ],
          [
            8.177166,
            46.818304,
            695.0
          ],
          [
            8.177283,
            46.818261,
            697.0
          ],
          [
            8.177346,
            46.818231,
            699.0
          ],
          [
            8.177418,
            46.818194,
            700.0
          ],
          [
            8.177472,
            46.818169,
            700.0
          ],
          [
            8.177544,
            46.818163,
            700.0
          ],
          [
            8.177669,
            46.818157,
            700.0
          ],
          [
            8.177786,
            46.818169,
            700.0
          ],
          [
            8.177822,
            46.818163,
            700.0
          ],
          [
            8.177876,
            46.818145,
            700.0
          ],
          [
            8.177921,
            46.818108,
            700.0
          ],
          [
            8.177948,
            46.818003,
            700.0
          ],
          [
            8.177992,
            46.817844,
            700.0
          ],
          [
            8.178055,
            46.817819,
            700.0
          ],
          [
            8.178361,
            46.817733,
            700.0
          ],
          [
            8.178676,
            46.817683,
            700.0
          ],
          [
            8.17872,
            46.817505,
            700.0
          ],
          [
            8.178747,
            46.81745,
            700.0
          ],
          [
            8.178747,
            46.817413,
            700.0
          ],
          [
            8.178711,
            46.817309,
            700.0
          ],
          [
            8.178667,
            46.817155,
            700.0
          ],
          [
            8.178648,
            46.817044,
            700.0
          ],
          [
            8.178648,
            46.816872,
            700.0
          ],
          [
            8.178621,
            46.816767,
            700.0
          ],
          [
            8.178558,
            46.816676,
            700.0
          ],
          [
            8.178388,
            46.81654,
            700.0
          ],
          [
            8.178334,
            46.816472,
            700.0
          ],
          [
            8.1782,
            46.816294,
            700.0
          ],
          [
            8.178002,
            46.816104,
            700.0
          ],
          [
            8.177939,
            46.816042,
            700.0
          ],
          [
            8.177669,
            46.81579,
            700.0
          ],
          [
            8.177571,
            46.815723,
            700.0
          ],
          [
            8.177499,
            46.815698,
            700.0
          ],
          [
            8.177373,
            46.815686,
            700.0
          ],
          [
            8.177336,
            46.81568,
            700.0
          ],
          [
            8.177023,
            46.81563,
            700.0
          ],
          [
            8.176879,
            46.815581,
            700.0
          ],
          [
            8.176807,
            46.815556,
            700.0
          ],
          [
            8.176736,
            46.815507,
            700.0
          ],
          [
            8.176699,
            46.815458,
            700.0
          ],
          [
            8.176681,
            46.815428,
            700.0
          ],
          [
            8.176654,
            46.815347,
            700.0
          ],
          [
            8.176663,
            46.81528,
            700.0
          ],
          [
            8.17669,
            46.815206,
            700.0
          ],
          [
            8.176709,
            46.81517,
            700.0
          ],
          [
            8.176789,
            46.815065,
            700.0
          ],
          [
            8.176834,
            46.815003,
            700.0
          ],
          [
            8.176852,
            46.814942,
            700.0
          ],
          [
            8.176825,
            46.814862,
            700.0
          ],
          [
            8.176736,
            46.814733,
            700.0
          ],
          [
            8.176592,
            46.814616,
            700.0
          ],
          [
            8.176547,
            46.814579,
            700.0
          ],
          [
            8.17651,
            46.814542,
            700.0
          ],
          [
            8.176484,
            46.814493,
            700.0
          ],
          [
            8.17642,
            46.814333,
            700.0
          ],
          [
            8.176403,
            46.814284,
            700.0
          ],
          [
            8.176394,
            46.814272,
            700.0
          ],
          [
            8.176367,
            46.814241,
            700.0
          ],
          [
            8.17634,
            46.814204,
            700.0
          ],
          [
            8.176304,
            46.81418,
            700.0
          ],
          [
            8.17626,
            46.814155,
            700.0
          ],
          [
            8.176197,
            46.81413,
            700.0
          ],
          [
            8.176124,
            46.814112,
            700.0
          ],
          [
            8.176017,
            46.814087,
            700.0
          ],
          [
            8.175944,
            46.814087,
            700.0
          ],
          [
            8.1759,
            46.814075,
            700.0
          ],
          [
            8.175855,
            46.81405,
            700.0
          ],
          [
            8.175818,
            46.814026,
            699.0
          ],
          [
            8.175792,
            46.813995,
            699.0
          ],
          [
            8.175774,
            46.813958,
            698.0
          ],
          [
            8.175757,
            46.813903,
            697.0
          ],
          [
            8.175747,
            46.813749,
            694.0
          ],
          [
            8.175711,
            46.813718,
            694.0
          ],
          [
            8.175667,
            46.8137,
            693.0
          ],
          [
            8.175648,
            46.8137,
            693.0
          ],
          [
            8.175621,
            46.813688,
            693.0
          ],
          [
            8.175612,
            46.813688,
            692.0
          ],
          [
            8.175531,
            46.81367,
            692.0
          ],
          [
            8.17555,
            46.813251,
            692.0
          ],
          [
            8.175505,
            46.813251,
            692.0
          ],
          [
            8.175478,
            46.813257,
            692.0
          ],
          [
            8.175424,
            46.813257,
            692.0
          ],
          [
            8.174948,
            46.813294,
            692.0
          ],
          [
            8.174921,
            46.813294,
            692.0
          ],
          [
            8.174912,
            46.813294,
            692.0
          ],
          [
            8.174535,
            46.813319,
            693.0
          ],
          [
            8.174426,
            46.813325,
            693.0
          ],
          [
            8.174319,
            46.813331,
            693.0
          ],
          [
            8.174004,
            46.813344,
            693.0
          ],
          [
            8.172864,
            46.813393,
            694.0
          ],
          [
            8.172549,
            46.813405,
            694.0
          ],
          [
            8.172361,
            46.813417,
            694.0
          ],
          [
            8.17192,
            46.813472,
            695.0
          ],
          [
            8.171795,
            46.813478,
            695.0
          ],
          [
            8.171642,
            46.813484,
            695.0
          ],
          [
            8.171354,
            46.813484,
            695.0
          ],
          [
            8.17113,
            46.813478,
            695.0
          ],
          [
            8.170914,
            46.813448,
            696.0
          ],
          [
            8.170339,
            46.813325,
            696.0
          ],
          [
            8.170231,
            46.813313,
            696.0
          ],
          [
            8.170115,
            46.813307,
            696.0
          ],
          [
            8.170025,
            46.8133,
            696.0
          ],
          [
            8.169908,
            46.813313,
            697.0
          ],
          [
            8.169801,
            46.813325,
            697.0
          ],
          [
            8.169612,
            46.813362,
            697.0
          ],
          [
            8.169288,
            46.813423,
            697.0
          ],
          [
            8.169118,
            46.813454,
            697.0
          ],
          [
            8.169028,
            46.813466,
            697.0
          ],
          [
            8.168929,
            46.813472,
            697.0
          ],
          [
            8.168839,
            46.813472,
            698.0
          ],
          [
            8.168731,
            46.81346,
            698.0
          ],
          [
            8.168713,
            46.813454,
            698.0
          ],
          [
            8.168606,
            46.813429,
            698.0
          ],
          [
            8.168489,
            46.813393,
            698.0
          ],
          [
            8.168407,
            46.81335,
            698.0
          ],
          [
            8.168344,
            46.8133,
            698.0
          ],
          [
            8.168309,
            46.813257,
            698.0
          ],
          [
            8.168291,
            46.813208,
            698.0
          ],
          [
            8.168291,
            46.813153,
            698.0
          ],
          [
            8.168291,
            46.813098,
            698.0
          ],
          [
            8.168309,
            46.813036,
            698.0
          ],
          [
            8.168318,
            46.812987,
            698.0
          ],
          [
            8.168327,
            46.812944,
            698.0
          ],
          [
            8.168327,
            46.8129,
            699.0
          ],
          [
            8.168318,
            46.812857,
            699.0
          ],
          [
            8.168309,
            46.812815,
            699.0
          ],
          [
            8.168273,
            46.812778,
            699.0
          ],
          [
            8.168237,
            46.812741,
            699.0
          ],
          [
            8.168165,
            46.812704,
            699.0
          ],
          [
            8.168075,
            46.812673,
            699.0
          ],
          [
            8.168031,
            46.812661,
            699.0
          ],
          [
            8.167689,
            46.812587,
            699.0
          ],
          [
            8.167491,
            46.812544,
            699.0
          ],
          [
            8.167411,
            46.812526,
            699.0
          ],
          [
            8.167033,
            46.812446,
            700.0
          ],
          [
            8.166836,
            46.812403,
            700.0
          ],
          [
            8.166296,
            46.812335,
            702.0
          ],
          [
            8.166153,
            46.81231,
            702.0
          ],
          [
            8.166099,
            46.812304,
            703.0
          ],
          [
            8.166019,
            46.812279,
            703.0
          ],
          [
            8.165883,
            46.812224,
            703.0
          ],
          [
            8.165794,
            46.812163,
            704.0
          ],
          [
            8.165722,
            46.812102,
            704.0
          ],
          [
            8.165677,
            46.812058,
            705.0
          ],
          [
            8.165587,
            46.811874,
            705.0
          ],
          [
            8.165425,
            46.811555,
            707.0
          ],
          [
            8.165183,
            46.811044,
            710.0
          ],
          [
            8.165021,
            46.810785,
            711.0
          ],
          [
            8.164922,
            46.810682,
            711.0
          ],
          [
            8.164761,
            46.810583,
            712.0
          ],
          [
            8.163943,
            46.810067,
            715.0
          ],
          [
            8.163773,
            46.809993,
            716.0
          ],
          [
            8.163503,
            46.809919,
            716.0
          ],
          [
            8.162757,
            46.809735,
            719.0
          ],
          [
            8.162182,
            46.809593,
            720.0
          ],
          [
            8.161572,
            46.80944,
            720.0
          ],
          [
            8.161436,
            46.80939,
            720.0
          ],
          [
            8.161346,
            46.809359,
            720.0
          ],
          [
            8.16114,
            46.809249,
            720.0
          ],
          [
            8.160933,
            46.809132,
            720.0
          ],
          [
            8.160673,
            46.80899,
            719.0
          ],
          [
            8.160449,
            46.808843,
            718.0
          ],
          [
            8.160413,
            46.808812,
            718.0
          ],
          [
            8.160359,
            46.808732,
            717.0
          ],
          [
            8.160323,
            46.808634,
            717.0
          ],
          [
            8.160304,
            46.808597,
            717.0
          ],
          [
            8.160117,
            46.808173,
            715.0
          ],
          [
            8.16009,
            46.808105,
            714.0
          ],
          [
            8.160054,
            46.808074,
            714.0
          ],
          [
            8.159981,
            46.808007,
            714.0
          ],
          [
            8.159891,
            46.807945,
            713.0
          ],
          [
            8.159874,
            46.807939,
            713.0
          ],
          [
            8.159587,
            46.807816,
            712.0
          ],
          [
            8.159442,
            46.807749,
            712.0
          ],
          [
            8.159362,
            46.807693,
            711.0
          ],
          [
            8.159281,
            46.807644,
            711.0
          ],
          [
            8.159218,
            46.807576,
            710.0
          ],
          [
            8.159173,
            46.807515,
            710.0
          ],
          [
            8.159065,
            46.807312,
            710.0
          ],
          [
            8.158949,
            46.807103,
            710.0
          ],
          [
            8.158841,
            46.806882,
            709.0
          ],
          [
            8.158832,
            46.806839,
            709.0
          ],
          [
            8.158778,
            46.806679,
            709.0
          ],
          [
            8.158769,
            46.806641,
            709.0
          ],
          [
            8.158751,
            46.806605,
            709.0
          ],
          [
            8.158742,
            46.806568,
            709.0
          ],
          [
            8.15867,
            46.806408,
            709.0
          ],
          [
            8.15831,
            46.805756,
            708.0
          ],
          [
            8.157943,
            46.805123,
            707.0
          ],
          [
            8.157717,
            46.804717,
            706.0
          ],
          [
            8.1577,
            46.804533,
            706.0
          ],
          [
            8.157727,
            46.804422,
            706.0
          ],
          [
            8.157727,
            46.804373,
            706.0
          ],
          [
            8.157691,
            46.804293,
            705.0
          ],
          [
            8.15762,
            46.804207,
            705.0
          ],
          [
            8.157538,
            46.804164,
            705.0
          ],
          [
            8.157467,
            46.804133,
            705.0
          ],
          [
            8.157421,
            46.804096,
            705.0
          ],
          [
            8.157413,
            46.804053,
            705.0
          ],
          [
            8.157421,
            46.803991,
            705.0
          ],
          [
            8.157448,
            46.803881,
            705.0
          ],
          [
            8.15744,
            46.803776,
            705.0
          ],
          [
            8.157413,
            46.803727,
            705.0
          ],
          [
            8.157215,
            46.803518,
            704.0
          ],
          [
            8.157134,
            46.803413,
            704.0
          ],
          [
            8.157062,
            46.803297,
            704.0
          ],
          [
            8.157017,
            46.803211,
            704.0
          ],
          [
            8.156999,
            46.803118,
            704.0
          ],
          [
            8.156999,
            46.802848,
            703.0
          ],
          [
            8.156954,
            46.802792,
            703.0
          ],
          [
            8.156891,
            46.802744,
            703.0
          ],
          [
            8.156738,
            46.80267,
            703.0
          ],
          [
            8.156612,
            46.802614,
            703.0
          ],
          [
            8.156433,
            46.802583,
            703.0
          ],
          [
            8.156398,
            46.802559,
            703.0
          ],
          [
            8.156379,
            46.802522,
            703.0
          ],
          [
            8.156379,
            46.802442,
            702.0
          ],
          [
            8.156469,
            46.802375,
            702.0
          ],
          [
            8.156514,
            46.802325,
            702.0
          ],
          [
            8.156505,
            46.802257,
            702.0
          ],
          [
            8.156109,
            46.801735,
            701.0
          ],
          [
            8.15602,
            46.801618,
            701.0
          ],
          [
            8.155949,
            46.801501,
            701.0
          ],
          [
            8.155939,
            46.801446,
            701.0
          ],
          [
            8.155993,
            46.801126,
            700.0
          ],
          [
            8.155993,
            46.801083,
            700.0
          ],
          [
            8.155985,
            46.80104,
            700.0
          ],
          [
            8.155939,
            46.801003,
            700.0
          ],
          [
            8.155895,
            46.800979,
            700.0
          ],
          [
            8.155822,
            46.800948,
            700.0
          ],
          [
            8.155759,
            46.800911,
            700.0
          ],
          [
            8.155769,
            46.800868,
            700.0
          ],
          [
            8.155796,
            46.800825,
            700.0
          ],
          [
            8.155895,
            46.800751,
            700.0
          ],
          [
            8.155922,
            46.800714,
            700.0
          ],
          [
            8.155939,
            46.800665,
            700.0
          ],
          [
            8.155832,
            46.800228,
            700.0
          ],
          [
            8.155786,
            46.800013,
            700.0
          ],
          [
            8.155696,
            46.799466,
            700.0
          ],
          [
            8.155652,
            46.799165,
            700.0
          ],
          [
            8.155652,
            46.798826,
            700.0
          ],
          [
            8.155625,
            46.798673,
            700.0
          ],
          [
            8.155625,
            46.798599,
            700.0
          ],
          [
            8.155652,
            46.798494,
            700.0
          ],
          [
            8.155688,
            46.798372,
            700.0
          ],
          [
            8.155796,
            46.798199,
            700.0
          ],
          [
            8.155805,
            46.798162,
            700.0
          ],
          [
            8.155822,
            46.798076,
            700.0
          ],
          [
            8.155822,
            46.79783,
            700.0
          ],
          [
            8.155832,
            46.797701,
            700.0
          ],
          [
            8.155867,
            46.797572,
            700.0
          ],
          [
            8.15593,
            46.797449,
            700.0
          ],
          [
            8.156109,
            46.797228,
            700.0
          ],
          [
            8.156182,
            46.797123,
            700.0
          ],
          [
            8.156209,
            46.797067,
            700.0
          ],
          [
            8.156209,
            46.797036,
            700.0
          ],
          [
            8.156191,
            46.796988,
            700.0
          ],
          [
            8.156146,
            46.796926,
            700.0
          ],
          [
            8.156065,
            46.79684,
            700.0
          ],
          [
            8.155939,
            46.796735,
            700.0
          ],
          [
            8.155922,
            46.79668,
            700.0
          ],
          [
            8.155922,
            46.796606,
            700.0
          ],
          [
            8.155939,
            46.796397,
            700.0
          ],
          [
            8.155912,
            46.796188,
            700.0
          ],
          [
            8.155912,
            46.79612,
            700.0
          ],
          [
            8.155939,
            46.795936,
            700.0
          ],
          [
            8.155912,
            46.795868,
            700.0
          ],
          [
            8.155796,
            46.795715,
            700.0
          ],
          [
            8.155607,
            46.795174,
            700.0
          ],
          [
            8.155562,
            46.795112,
            700.0
          ],
          [
            8.155472,
            46.795007,
            700.0
          ],
          [
            8.155329,
            46.794854,
            700.0
          ],
          [
            8.155266,
            46.794804,
            700.0
          ],
          [
            8.155203,
            46.794761,
            700.0
          ],
          [
            8.155184,
            46.79473,
            700.0
          ],
          [
            8.155184,
            46.794688,
            700.0
          ],
          [
            8.155211,
            46.794626,
            700.0
          ],
          [
            8.155239,
            46.794552,
            700.0
          ],
          [
            8.155211,
            46.794405,
            700.0
          ],
          [
            8.155176,
            46.794257,
            700.0
          ],
          [
            8.155157,
            46.794183,
            700.0
          ],
          [
            8.155113,
            46.794122,
            700.0
          ],
          [
            8.154978,
            46.794017,
            700.0
          ],
          [
            8.154924,
            46.793968,
            700.0
          ],
          [
            8.15488,
            46.793906,
            700.0
          ],
          [
            8.154834,
            46.793784,
            700.0
          ],
          [
            8.154763,
            46.793716,
            700.0
          ],
          [
            8.154673,
            46.793623,
            700.0
          ],
          [
            8.15452,
            46.793476,
            700.0
          ],
          [
            8.153729,
            46.792578,
            700.0
          ],
          [
            8.153639,
            46.792449,
            700.0
          ],
          [
            8.153576,
            46.792178,
            700.0
          ],
          [
            8.153469,
            46.792031,
            700.0
          ],
          [
            8.153307,
            46.791895,
            700.0
          ],
          [
            8.153046,
            46.791754,
            700.0
          ],
          [
            8.152966,
            46.791692,
            700.0
          ],
          [
            8.152867,
            46.791582,
            700.0
          ],
          [
            8.15283,
            46.791539,
            700.0
          ],
          [
            8.152706,
            46.791391,
            700.0
          ],
          [
            8.152616,
            46.791274,
            700.0
          ],
          [
            8.152543,
            46.791145,
            700.0
          ],
          [
            8.15249,
            46.791096,
            700.0
          ],
          [
            8.152436,
            46.79104,
            700.0
          ],
          [
            8.152319,
            46.790948,
            700.0
          ],
          [
            8.152157,
            46.790844,
            700.0
          ],
          [
            8.151941,
            46.790702,
            700.0
          ],
          [
            8.151834,
            46.790641,
            700.0
          ],
          [
            8.151609,
            46.790542,
            700.0
          ],
          [
            8.151251,
            46.790413,
            700.0
          ],
          [
            8.151188,
            46.790389,
            700.0
          ],
          [
            8.151115,
            46.790327,
            700.0
          ],
          [
            8.150918,
            46.790143,
            700.0
          ],
          [
            8.150836,
            46.790044,
            700.0
          ],
          [
            8.150756,
            46.789939,
            700.0
          ],
          [
            8.150712,
            46.789884,
            700.0
          ],
          [
            8.150657,
            46.789847,
            700.0
          ],
          [
            8.150532,
            46.789774,
            700.0
          ],
          [
            8.150325,
            46.789675,
            700.0
          ],
          [
            8.150127,
            46.78954,
            700.0
          ],
          [
            8.149911,
            46.789361,
            700.0
          ],
          [
            8.14975,
            46.7893,
            700.0
          ],
          [
            8.149561,
            46.789251,
            700.0
          ],
          [
            8.149463,
            46.789226,
            700.0
          ],
          [
            8.149364,
            46.789195,
            700.0
          ],
          [
            8.149148,
            46.78906,
            700.0
          ],
          [
            8.148888,
            46.788912,
            700.0
          ],
          [
            8.148717,
            46.78882,
            700.0
          ],
          [
            8.148618,
            46.788758,
            700.0
          ],
          [
            8.148546,
            46.788685,
            700.0
          ],
          [
            8.148438,
            46.7885,
            700.0
          ],
          [
            8.148429,
            46.788494,
            700.0
          ],
          [
            8.148366,
            46.788365,
            700.0
          ],
          [
            8.148385,
            46.78831,
            700.0
          ],
          [
            8.148421,
            46.788266,
            700.0
          ],
          [
            8.148511,
            46.788168,
            700.0
          ],
          [
            8.148618,
            46.788039,
            700.0
          ],
          [
            8.148672,
            46.787953,
            700.0
          ],
          [
            8.148752,
            46.787836,
            700.0
          ],
          [
            8.148788,
            46.787737,
            700.0
          ],
          [
            8.148807,
            46.787645,
            700.0
          ],
          [
            8.148807,
            46.787479,
            700.0
          ],
          [
            8.148752,
            46.787184,
            700.0
          ],
          [
            8.148744,
            46.787018,
            700.0
          ],
          [
            8.148744,
            46.786926,
            700.0
          ],
          [
            8.148771,
            46.786815,
            700.0
          ],
          [
            8.148869,
            46.786581,
            700.0
          ],
          [
            8.148878,
            46.78655,
            700.0
          ],
          [
            8.149094,
            46.786095,
            700.0
          ],
          [
            8.149264,
            46.785849,
            700.0
          ],
          [
            8.149463,
            46.78561,
            700.0
          ],
          [
            8.149624,
            46.785437,
            700.0
          ],
          [
            8.149867,
            46.78516,
            700.0
          ],
          [
            8.149893,
            46.785117,
            700.0
          ],
          [
            8.149911,
            46.785087,
            700.0
          ],
          [
            8.14992,
            46.785056,
            700.0
          ],
          [
            8.149947,
            46.78505,
            700.0
          ],
          [
            8.149974,
            46.785031,
            700.0
          ],
          [
            8.15001,
            46.785007,
            700.0
          ],
          [
            8.150154,
            46.784883,
            700.0
          ],
          [
            8.150226,
            46.784834,
            700.0
          ],
          [
            8.15028,
            46.784785,
            700.0
          ],
          [
            8.150864,
            46.784287,
            700.0
          ],
          [
            8.150945,
            46.784213,
            700.0
          ],
          [
            8.151098,
            46.784071,
            700.0
          ],
          [
            8.151251,
            46.783912,
            700.0
          ],
          [
            8.151295,
            46.783869,
            700.0
          ],
          [
            8.151358,
            46.783825,
            700.0
          ],
          [
            8.15143,
            46.78377,
            700.0
          ],
          [
            8.151484,
            46.783739,
            700.0
          ],
          [
            8.151528,
            46.783709,
            700.0
          ],
          [
            8.151627,
            46.783666,
            700.0
          ],
          [
            8.151727,
            46.783629,
            700.0
          ],
          [
            8.151788,
            46.783604,
            700.0
          ],
          [
            8.151888,
            46.783573,
            700.0
          ],
          [
            8.152175,
            46.783512,
            700.0
          ],
          [
            8.152265,
            46.783487,
            700.0
          ],
          [
            8.152463,
            46.783438,
            700.0
          ],
          [
            8.152616,
            46.783383,
            700.0
          ],
          [
            8.152777,
            46.783321,
            700.0
          ],
          [
            8.152893,
            46.783272,
            700.0
          ],
          [
            8.152975,
            46.783229,
            700.0
          ],
          [
            8.153056,
            46.783192,
            700.0
          ],
          [
            8.153136,
            46.783149,
            700.0
          ],
          [
            8.153245,
            46.783081,
            700.0
          ],
          [
            8.153396,
            46.782983,
            700.0
          ],
          [
            8.153568,
            46.78286,
            700.0
          ],
          [
            8.153666,
            46.782798,
            700.0
          ],
          [
            8.153756,
            46.782737,
            700.0
          ],
          [
            8.153872,
            46.782669,
            700.0
          ],
          [
            8.15408,
            46.782571,
            700.0
          ],
          [
            8.154556,
            46.782349,
            700.0
          ],
          [
            8.154843,
            46.78222,
            700.0
          ],
          [
            8.15566,
            46.781857,
            700.0
          ],
          [
            8.156155,
            46.781629,
            700.0
          ],
          [
            8.156226,
            46.781605,
            700.0
          ],
          [
            8.156289,
            46.78158,
            700.0
          ],
          [
            8.156352,
            46.781568,
            700.0
          ],
          [
            8.156415,
            46.781555,
            700.0
          ],
          [
            8.156478,
            46.781543,
            700.0
          ],
          [
            8.156541,
            46.781543,
            700.0
          ],
          [
            8.156595,
            46.781543,
            700.0
          ],
          [
            8.156649,
            46.781543,
            700.0
          ],
          [
            8.156702,
            46.781549,
            700.0
          ],
          [
            8.156757,
            46.781555,
            700.0
          ],
          [
            8.156819,
            46.781568,
            700.0
          ],
          [
            8.156874,
            46.781586,
            700.0
          ],
          [
            8.156928,
            46.781599,
            700.0
          ],
          [
            8.156981,
            46.781623,
            700.0
          ],
          [
            8.157027,
            46.781648,
            700.0
          ],
          [
            8.157071,
            46.781673,
            700.0
          ],
          [
            8.157134,
            46.781722,
            700.0
          ],
          [
            8.157646,
            46.782177,
            703.0
          ],
          [
            8.158006,
            46.782497,
            706.0
          ],
          [
            8.158006,
            46.782497,
            706.0
          ],
          [
            8.158249,
            46.782706,
            708.0
          ],
          [
            8.158814,
            46.783192,
            715.0
          ],
          [
            8.158993,
            46.783377,
            718.0
          ],
          [
            8.159021,
            46.783389,
            718.0
          ],
          [
            8.159038,
            46.783401,
            718.0
          ],
          [
            8.159056,
            46.783401,
            718.0
          ],
          [
            8.159092,
            46.783395,
            719.0
          ],
          [
            8.159119,
            46.783524,
            719.0
          ],
          [
            8.159146,
            46.783739,
            718.0
          ],
          [
            8.159146,
            46.783739,
            718.0
          ],
          [
            8.159146,
            46.783758,
            718.0
          ],
          [
            8.159146,
            46.783813,
            718.0
          ],
          [
            8.159146,
            46.783998,
            718.0
          ],
          [
            8.159138,
            46.784256,
            717.0
          ],
          [
            8.159138,
            46.784268,
            717.0
          ],
          [
            8.159146,
            46.784348,
            717.0
          ],
          [
            8.159146,
            46.784348,
            717.0
          ],
          [
            8.159146,
            46.784379,
            717.0
          ],
          [
            8.159146,
            46.784441,
            717.0
          ],
          [
            8.159155,
            46.784496,
            717.0
          ],
          [
            8.159164,
            46.784545,
            717.0
          ],
          [
            8.159182,
            46.7846,
            717.0
          ],
          [
            8.159209,
            46.784674,
            717.0
          ],
          [
            8.159245,
            46.784767,
            716.0
          ],
          [
            8.159272,
            46.78481,
            716.0
          ],
          [
            8.159272,
            46.78481,
            716.0
          ],
          [
            8.159291,
            46.784853,
            716.0
          ],
          [
            8.159398,
            46.785019,
            716.0
          ],
          [
            8.159434,
            46.785081,
            716.0
          ],
          [
            8.159461,
            46.785129,
            716.0
          ],
          [
            8.159478,
            46.785172,
            716.0
          ],
          [
            8.159478,
            46.785172,
            716.0
          ],
          [
            8.159488,
            46.785209,
            716.0
          ],
          [
            8.159641,
            46.785665,
            715.0
          ],
          [
            8.159685,
            46.785652,
            715.0
          ],
          [
            8.159767,
            46.785634,
            715.0
          ],
          [
            8.159811,
            46.785622,
            716.0
          ],
          [
            8.15982,
            46.785616,
            716.0
          ],
          [
            8.15982,
            46.785616,
            716.0
          ],
          [
            8.159847,
            46.785603,
            716.0
          ],
          [
            8.159874,
            46.785591,
            716.0
          ],
          [
            8.159891,
            46.785566,
            716.0
          ],
          [
            8.160107,
            46.785246,
            718.0
          ],
          [
            8.160143,
            46.785209,
            719.0
          ],
          [
            8.16018,
            46.785185,
            719.0
          ],
          [
            8.160215,
            46.785166,
            719.0
          ],
          [
            8.160251,
            46.785154,
            719.0
          ],
          [
            8.160296,
            46.785148,
            720.0
          ],
          [
            8.160341,
            46.785142,
            720.0
          ],
          [
            8.160386,
            46.785148,
            720.0
          ],
          [
            8.16043,
            46.785154,
            720.0
          ],
          [
            8.160467,
            46.785166,
            720.0
          ],
          [
            8.160503,
            46.785185,
            721.0
          ],
          [
            8.160574,
            46.785228,
            721.0
          ],
          [
            8.160844,
            46.785406,
            724.0
          ],
          [
            8.160844,
            46.785406,
            724.0
          ],
          [
            8.16097,
            46.785492,
            725.0
          ],
          [
            8.161123,
            46.785597,
            726.0
          ],
          [
            8.161285,
            46.785701,
            728.0
          ],
          [
            8.161851,
            46.786089,
            733.0
          ],
          [
            8.162308,
            46.786391,
            738.0
          ],
          [
            8.162478,
            46.786507,
            739.0
          ],
          [
            8.16292,
            46.786802,
            743.0
          ],
          [
            8.163044,
            46.786889,
            745.0
          ],
          [
            8.163107,
            46.786919,
            745.0
          ],
          [
            8.163153,
            46.786938,
            746.0
          ],
          [
            8.163207,
            46.786944,
            746.0
          ],
          [
            8.16326,
            46.78695,
            746.0
          ],
          [
            8.163306,
            46.786944,
            747.0
          ],
          [
            8.16335,
            46.786932,
            747.0
          ],
          [
            8.163413,
            46.786907,
            747.0
          ],
          [
            8.163467,
            46.786889,
            748.0
          ],
          [
            8.163549,
            46.786864,
            749.0
          ],
          [
            8.16353,
            46.786802,
            749.0
          ],
          [
            8.163449,
            46.786544,
            750.0
          ]
        ]
      }
    }
  ]
}