{
  "type": "FeatureCollection",
  "features": [
    {
      "type": "Feature",
      "properties": {},
      "geometry": {
        "type": "LineString",
        "coordinates": [
          [
            7.847709,
            47.466093,
            400.0
          ],
          [
            7.847709,
            47.466093,
            400.0
          ],
          [
            7.847665,
            47.466203,
            400.0
          ],
          [
            7.847592,
            47.466318,
            399.0
          ],
          [
            7.847736,
            47.466342,
            399.0
          ],
          [
            7.847853,
            47.46636,
            399.0
          ],
          [
            7.8485,
            47.46647,
            400.0
          ],
          [
            7.849254,
            47.466579,
            400.0
          ],
          [
            7.849389,
            47.466598,
            401.0
          ],
          [
            7.849577,
            47.466634,
            401.0
          ],
          [
            7.849623,
            47.46664,
            401.0
          ],
          [
            7.849434,
            47.466773,
            403.0
          ],
          [
            7.849101,
            47.466998,
            407.0
          ],
          [
            7.849066,
            47.467023,
            408.0
          ],
          [
            7.848913,
            47.467235,
            411.0
          ],
          [
            7.848805,
            47.467423,
            413.0
          ],
          [
            7.848617,
            47.467788,
            417.0
          ],
          [
            7.848554,
            47.467982,
            419.0
          ],
          [
            7.848482,
            47.468134,
            422.0
          ],
          [
            7.848355,
            47.468607,
            430.0
          ],
          [
            7.848338,
            47.468674,
            431.0
          ],
          [
            7.848311,
            47.468753,
            433.0
          ],
          [
            7.848212,
            47.46899,
            438.0
          ],
          [
            7.848204,
            47.469008,
            439.0
          ],
          [
            7.848068,
            47.469154,
            442.0
          ],
          [
            7.847799,
            47.469433,
            449.0
          ],
          [
            7.847646,
            47.469567,
            452.0
          ],
          [
            7.847583,
            47.469628,
            454.0
          ],
          [
            7.847466,
            47.469743,
            457.0
          ],
          [
            7.847359,
            47.469877,
            460.0
          ],
          [
            7.847162,
            47.470465,
            469.0
          ],
          [
            7.847053,
            47.470703,
            472.0
          ],
          [
            7.84699,
            47.470793,
            473.0
          ],
          [
            7.8469,
            47.470897,
            474.0
          ],
          [
            7.846631,
            47.471115,
            477.0
          ],
          [
            7.846308,
            47.471383,
            480.0
          ],
          [
            7.846227,
            47.471449,
            481.0
          ],
          [
            7.846227,
            47.471571,
            482.0
          ],
          [
            7.846245,
            47.471699,
            483.0
          ],
          [
            7.846317,
            47.471971,
            485.0
          ],
          [
            7.846344,
            47.472142,
            486.0
          ],
          [
            7.846326,
            47.47222,
            487.0
          ],
          [
            7.8462,
            47.472305,
            487.0
          ],
          [
            7.846147,
            47.472317,
            488.0
          ],
          [
            7.846065,
            47.472317,
            488.0
          ],
          [
            7.845994,
            47.472299,
            489.0
          ],
          [
            7.845877,
            47.472263,
            489.0
          ],
          [
            7.845652,
            47.472093,
            492.0
          ],
          [
            7.845302,
            47.471826,
            499.0
          ],
          [
            7.845239,
            47.471765,
            501.0
          ],
          [
            7.845194,
            47.471711,
            502.0
          ],
          [
            7.845149,
            47.471656,
            504.0
          ],
          [
            7.845105,
            47.471601,
            505.0
          ],
          [
            7.845078,
            47.471583,
            506.0
          ],
          [
            7.845023,
            47.471583,
            507.0
          ],
          [
            7.845005,
            47.471607,
            507.0
          ],
          [
            7.844996,
            47.471625,
            507.0
          ],
          [
            7.845023,
            47.471692,
            507.0
          ],
          [
            7.845068,
            47.471935,
            508.0
          ],
          [
            7.845212,
            47.472317,
            510.0
          ],
          [
            7.845311,
            47.472639,
            512.0
          ],
          [
            7.845526,
            47.472949,
            515.0
          ],
          [
            7.845608,
            47.473095,
            516.0
          ],
          [
            7.845616,
            47.473174,
            517.0
          ],
          [
            7.845608,
            47.473229,
            517.0
          ],
          [
            7.845571,
            47.473301,
            518.0
          ],
          [
            7.845455,
            47.473429,
            519.0
          ],
          [
            7.845418,
            47.473459,
            519.0
          ],
          [
            7.845329,
            47.473532,
            520.0
          ],
          [
            7.845194,
            47.473641,
            522.0
          ],
          [
            7.845023,
            47.473732,
            524.0
          ],
          [
            7.844781,
            47.473824,
            527.0
          ],
          [
            7.844394,
            47.473915,
            532.0
          ],
          [
            7.843262,
            47.474388,
            541.0
          ],
          [
            7.843128,
            47.474437,
            544.0
          ],
          [
            7.842732,
            47.47454,
            551.0
          ],
          [
            7.842616,
            47.474583,
            552.0
          ],
          [
            7.842553,
            47.474619,
            553.0
          ],
          [
            7.842535,
            47.474643,
            553.0
          ],
          [
            7.842518,
            47.474686,
            554.0
          ],
          [
            7.842481,
            47.474722,
            554.0
          ],
          [
            7.842409,
            47.474759,
            555.0
          ],
          [
            7.842355,
            47.474765,
            556.0
          ],
          [
            7.842292,
            47.474752,
            556.0
          ],
          [
            7.842248,
            47.47471,
            557.0
          ],
          [
            7.842239,
            47.474643,
            558.0
          ],
          [
            7.842283,
            47.474577,
            559.0
          ],
          [
            7.842481,
            47.474406,
            561.0
          ],
          [
            7.842679,
            47.474237,
            563.0
          ],
          [
            7.842966,
            47.473909,
            567.0
          ],
          [
            7.843038,
            47.473781,
            569.0
          ],
          [
            7.843191,
            47.473629,
            571.0
          ],
          [
            7.843325,
            47.47341,
            575.0
          ],
          [
            7.843344,
            47.473332,
            576.0
          ],
          [
            7.843325,
            47.473253,
            577.0
          ],
          [
            7.843262,
            47.473156,
            579.0
          ],
          [
            7.843191,
            47.473107,
            580.0
          ],
          [
            7.843155,
            47.473077,
            580.0
          ],
          [
            7.842759,
            47.472876,
            584.0
          ],
          [
            7.842579,
            47.472785,
            585.0
          ],
          [
            7.842463,
            47.472773,
            586.0
          ],
          [
            7.842499,
            47.472852,
            587.0
          ],
          [
            7.842499,
            47.472925,
            587.0
          ],
          [
            7.842428,
            47.473028,
            588.0
          ],
          [
            7.84231,
            47.473144,
            590.0
          ],
          [
            7.84213,
            47.473301,
            592.0
          ],
          [
            7.842013,
            47.473374,
            593.0
          ],
          [
            7.841852,
            47.47341,
            594.0
          ],
          [
            7.841565,
            47.473441,
            596.0
          ],
          [
            7.841476,
            47.473441,
            596.0
          ],
          [
            7.841367,
            47.473429,
            597.0
          ],
          [
            7.841304,
            47.473398,
            598.0
          ],
          [
            7.841268,
            47.473386,
            598.0
          ],
          [
            7.841134,
            47.473223,
            600.0
          ],
          [
            7.841034,
            47.473138,
            601.0
          ],
          [
            7.840945,
            47.473119,
            601.0
          ],
          [
            7.840873,
            47.473119,
            602.0
          ],
          [
            7.840864,
            47.473064,
            602.0
          ],
          [
            7.840847,
            47.47304,
            601.0
          ],
          [
            7.840774,
            47.473016,
            601.0
          ],
          [
            7.840684,
            47.472998,
            601.0
          ],
          [
            7.840621,
            47.472967,
            600.0
          ],
          [
            7.840522,
            47.472907,
            596.0
          ],
          [
            7.840254,
            47.47281,
            596.0
          ],
          [
            7.840074,
            47.472755,
            597.0
          ],
          [
            7.839975,
            47.472755,
            597.0
          ],
          [
            7.839894,
            47.472761,
            597.0
          ],
          [
            7.839526,
            47.472834,
            599.0
          ],
          [
            7.839355,
            47.472889,
            599.0
          ],
          [
            7.839229,
            47.47301,
            600.0
          ],
          [
            7.839059,
            47.47338,
            600.0
          ],
          [
            7.83843,
            47.47386,
            600.0
          ],
          [
            7.837604,
            47.474297,
            598.0
          ],
          [
            7.837073,
            47.474455,
            595.0
          ],
          [
            7.836742,
            47.474698,
            593.0
          ],
          [
            7.836426,
            47.474765,
            592.0
          ],
          [
            7.836256,
            47.474759,
            591.0
          ],
          [
            7.83622,
            47.474746,
            591.0
          ],
          [
            7.83622,
            47.474746,
            591.0
          ],
          [
            7.836184,
            47.47474,
            591.0
          ],
          [
            7.835887,
            47.474643,
            588.0
          ],
          [
            7.83578,
            47.474631,
            585.0
          ],
          [
            7.835564,
            47.474674,
            578.0
          ],
          [
            7.835457,
            47.474662,
            575.0
          ],
          [
            7.835214,
            47.474898,
            586.0
          ],
          [
            7.834899,
            47.474947,
            591.0
          ],
          [
            7.834306,
            47.47505,
            596.0
          ],
          [
            7.834118,
            47.475074,
            597.0
          ],
          [
            7.834118,
            47.475074,
            597.0
          ],
          [
            7.83401,
            47.475086,
            598.0
          ],
          [
            7.833803,
            47.475117,
            600.0
          ],
          [
            7.833857,
            47.475183,
            602.0
          ],
          [
            7.833876,
            47.475281,
            604.0
          ],
          [
            7.833884,
            47.475421,
            608.0
          ],
          [
            7.833902,
            47.475542,
            610.0
          ],
          [
            7.833857,
            47.475596,
            612.0
          ],
          [
            7.833803,
            47.475621,
            612.0
          ],
          [
            7.833732,
            47.475627,
            613.0
          ],
          [
            7.833642,
            47.475596,
            615.0
          ],
          [
            7.83356,
            47.475523,
            616.0
          ],
          [
            7.833408,
            47.475445,
            619.0
          ],
          [
            7.833184,
            47.475372,
            622.0
          ],
          [
            7.833013,
            47.475354,
            624.0
          ],
          [
            7.83277,
            47.475408,
            627.0
          ],
          [
            7.832707,
            47.475499,
            629.0
          ],
          [
            7.832725,
            47.475676,
            633.0
          ],
          [
            7.832635,
            47.475694,
            635.0
          ],
          [
            7.832564,
            47.475742,
            636.0
          ],
          [
            7.832518,
            47.475779,
            637.0
          ],
          [
            7.832214,
            47.475985,
            640.0
          ],
          [
            7.831989,
            47.476076,
            643.0
          ],
          [
            7.831809,
            47.476101,
            645.0
          ],
          [
            7.831585,
            47.476107,
            647.0
          ],
          [
            7.831136,
            47.476137,
            652.0
          ],
          [
            7.830847,
            47.476131,
            654.0
          ],
          [
            7.830318,
            47.476082,
            658.0
          ],
          [
            7.829922,
            47.476046,
            661.0
          ],
          [
            7.829564,
            47.476003,
            664.0
          ],
          [
            7.829329,
            47.475948,
            665.0
          ],
          [
            7.828889,
            47.47593,
            668.0
          ],
          [
            7.828736,
            47.475942,
            669.0
          ],
          [
            7.828593,
            47.475912,
            670.0
          ],
          [
            7.828449,
            47.475773,
            674.0
          ],
          [
            7.828323,
            47.475517,
            680.0
          ],
          [
            7.82818,
            47.475299,
            682.0
          ],
          [
            7.828197,
            47.475408,
            683.0
          ],
          [
            7.828224,
            47.475481,
            684.0
          ],
          [
            7.828234,
            47.47556,
            685.0
          ],
          [
            7.828216,
            47.475755,
            687.0
          ],
          [
            7.828197,
            47.475888,
            689.0
          ],
          [
            7.828216,
            47.476003,
            690.0
          ],
          [
            7.82827,
            47.476101,
            690.0
          ],
          [
            7.828342,
            47.476185,
            690.0
          ],
          [
            7.82844,
            47.476294,
            691.0
          ],
          [
            7.828539,
            47.476471,
            690.0
          ],
          [
            7.828773,
            47.47675,
            690.0
          ],
          [
            7.828845,
            47.476932,
            690.0
          ],
          [
            7.82897,
            47.477187,
            690.0
          ],
          [
            7.829052,
            47.47729,
            690.0
          ],
          [
            7.829132,
            47.477387,
            690.0
          ],
          [
            7.829159,
            47.477491,
            690.0
          ],
          [
            7.829186,
            47.477643,
            690.0
          ],
          [
            7.829178,
            47.477764,
            690.0
          ],
          [
            7.82915,
            47.477831,
            690.0
          ],
          [
            7.829141,
            47.477928,
            690.0
          ],
          [
            7.829141,
            47.478079,
            690.0
          ],
          [
            7.829231,
            47.478226,
            690.0
          ],
          [
            7.829356,
            47.478377,
            690.0
          ],
          [
            7.829474,
            47.47848,
            690.0
          ],
          [
            7.829671,
            47.478735,
            690.0
          ],
          [
            7.829725,
            47.478826,
            690.0
          ],
          [
            7.829752,
            47.478906,
            690.0
          ],
          [
            7.829788,
            47.479045,
            690.0
          ],
          [
            7.829797,
            47.479069,
            690.0
          ],
          [
            7.829778,
            47.479112,
            690.0
          ],
          [
            7.829715,
            47.479166,
            690.0
          ],
          [
            7.829608,
            47.479246,
            690.0
          ],
          [
            7.829392,
            47.479458,
            690.0
          ],
          [
            7.829204,
            47.47958,
            690.0
          ],
          [
            7.829159,
            47.479622,
            690.0
          ],
          [
            7.828593,
            47.480035,
            690.0
          ],
          [
            7.828549,
            47.480077,
            690.0
          ],
          [
            7.828323,
            47.480186,
            690.0
          ],
          [
            7.828153,
            47.480296,
            690.0
          ],
          [
            7.827956,
            47.480357,
            690.0
          ],
          [
            7.827928,
            47.480387,
            691.0
          ],
          [
            7.82774,
            47.480429,
            689.0
          ],
          [
            7.827354,
            47.48049,
            686.0
          ],
          [
            7.827174,
            47.480514,
            684.0
          ],
          [
            7.826976,
            47.480514,
            683.0
          ],
          [
            7.826742,
            47.480466,
            681.0
          ],
          [
            7.826635,
            47.480454,
            680.0
          ],
          [
            7.826518,
            47.480448,
            679.0
          ],
          [
            7.826419,
            47.480454,
            678.0
          ],
          [
            7.826006,
            47.480496,
            674.0
          ],
          [
            7.825979,
            47.480496,
            674.0
          ],
          [
            7.826006,
            47.480569,
            677.0
          ],
          [
            7.825952,
            47.480587,
            678.0
          ],
          [
            7.8257,
            47.480697,
            681.0
          ],
          [
            7.825566,
            47.480788,
            681.0
          ],
          [
            7.82535,
            47.48083,
            682.0
          ],
          [
            7.825063,
            47.480897,
            683.0
          ],
          [
            7.824901,
            47.480933,
            683.0
          ],
          [
            7.824605,
            47.480994,
            684.0
          ],
          [
            7.824398,
            47.481061,
            685.0
          ],
          [
            7.824182,
            47.481122,
            686.0
          ],
          [
            7.823976,
            47.481176,
            686.0
          ],
          [
            7.823742,
            47.481231,
            687.0
          ],
          [
            7.823509,
            47.481291,
            688.0
          ],
          [
            7.823302,
            47.481358,
            688.0
          ],
          [
            7.82305,
            47.481437,
            689.0
          ],
          [
            7.822907,
            47.481474,
            690.0
          ],
          [
            7.822691,
            47.481504,
            689.0
          ],
          [
            7.822673,
            47.481492,
            689.0
          ],
          [
            7.822547,
            47.481456,
            687.0
          ],
          [
            7.822368,
            47.481395,
            683.0
          ],
          [
            7.82217,
            47.481322,
            680.0
          ],
          [
            7.822,
            47.481249,
            677.0
          ],
          [
            7.821784,
            47.481158,
            673.0
          ],
          [
            7.821425,
            47.481012,
            666.0
          ],
          [
            7.821155,
            47.480878,
            658.0
          ],
          [
            7.820949,
            47.480794,
            661.0
          ],
          [
            7.820715,
            47.480685,
            663.0
          ],
          [
            7.820562,
            47.480593,
            664.0
          ],
          [
            7.820446,
            47.480514,
            665.0
          ],
          [
            7.820247,
            47.480339,
            668.0
          ],
          [
            7.820113,
            47.480235,
            669.0
          ],
          [
            7.81987,
            47.480132,
            671.0
          ],
          [
            7.819565,
            47.479986,
            674.0
          ],
          [
            7.819322,
            47.479865,
            677.0
          ],
          [
            7.819089,
            47.479792,
            679.0
          ],
          [
            7.818792,
            47.479737,
            682.0
          ],
          [
            7.818649,
            47.479713,
            684.0
          ],
          [
            7.818549,
            47.479713,
            685.0
          ],
          [
            7.818549,
            47.479713,
            685.0
          ],
          [
            7.818433,
            47.479719,
            687.0
          ],
          [
            7.818308,
            47.479701,
            688.0
          ],
          [
            7.818253,
            47.479707,
            689.0
          ],
          [
            7.818146,
            47.479731,
            690.0
          ],
          [
            7.818029,
            47.479749,
            691.0
          ],
          [
            7.817903,
            47.479755,
            692.0
          ],
          [
            7.81776,
            47.479755,
            693.0
          ],
          [
            7.81767,
            47.479749,
            694.0
          ],
          [
            7.817597,
            47.479755,
            694.0
          ],
          [
            7.817517,
            47.479792,
            695.0
          ],
          [
            7.817409,
            47.479871,
            696.0
          ],
          [
            7.817184,
            47.479968,
            698.0
          ],
          [
            7.817086,
            47.479999,
            698.0
          ],
          [
            7.817194,
            47.480059,
            699.0
          ],
          [
            7.817247,
            47.480095,
            700.0
          ],
          [
            7.817283,
            47.480168,
            700.0
          ],
          [
            7.817337,
            47.480217,
            700.0
          ],
          [
            7.8174,
            47.480265,
            700.0
          ],
          [
            7.817436,
            47.480308,
            700.0
          ],
          [
            7.817446,
            47.480339,
            700.0
          ],
          [
            7.817446,
            47.480381,
            700.0
          ],
          [
            7.817454,
            47.480544,
            700.0
          ],
          [
            7.817463,
            47.480599,
            700.0
          ],
          [
            7.81749,
            47.480642,
            700.0
          ],
          [
            7.817553,
            47.480685,
            700.0
          ],
          [
            7.817607,
            47.480709,
            700.0
          ],
          [
            7.817679,
            47.480739,
            700.0
          ],
          [
            7.817696,
            47.480745,
            700.0
          ],
          [
            7.817742,
            47.480782,
            700.0
          ],
          [
            7.81776,
            47.480836,
            700.0
          ],
          [
            7.817786,
            47.480866,
            700.0
          ],
          [
            7.817922,
            47.480945,
            700.0
          ],
          [
            7.81802,
            47.480958,
            700.0
          ],
          [
            7.818146,
            47.480951,
            700.0
          ],
          [
            7.818289,
            47.480945,
            700.0
          ],
          [
            7.81837,
            47.480927,
            700.0
          ],
          [
            7.818515,
            47.480903,
            700.0
          ],
          [
            7.818675,
            47.480884,
            700.0
          ],
          [
            7.818874,
            47.480891,
            700.0
          ],
          [
            7.819161,
            47.480964,
            700.0
          ],
          [
            7.819322,
            47.481019,
            699.0
          ],
          [
            7.819475,
            47.481097,
            697.0
          ],
          [
            7.81961,
            47.481164,
            696.0
          ],
          [
            7.819727,
            47.481237,
            695.0
          ],
          [
            7.819771,
            47.481297,
            694.0
          ],
          [
            7.819781,
            47.48134,
            694.0
          ],
          [
            7.819771,
            47.481389,
            694.0
          ],
          [
            7.819744,
            47.481419,
            693.0
          ],
          [
            7.8197,
            47.481449,
            693.0
          ],
          [
            7.81961,
            47.481486,
            692.0
          ],
          [
            7.819404,
            47.481528,
            691.0
          ],
          [
            7.819331,
            47.481546,
            688.0
          ],
          [
            7.819071,
            47.481637,
            685.0
          ],
          [
            7.818846,
            47.481753,
            683.0
          ],
          [
            7.818838,
            47.48182,
            682.0
          ],
          [
            7.818828,
            47.481874,
            682.0
          ],
          [
            7.818775,
            47.482002,
            680.0
          ],
          [
            7.818658,
            47.482136,
            677.0
          ],
          [
            7.818316,
            47.482384,
            669.0
          ],
          [
            7.818253,
            47.482421,
            668.0
          ],
          [
            7.817786,
            47.482706,
            661.0
          ],
          [
            7.817714,
            47.482724,
            660.0
          ],
          [
            7.81749,
            47.482785,
            656.0
          ],
          [
            7.816987,
            47.483076,
            646.0
          ],
          [
            7.816286,
            47.48349,
            632.0
          ],
          [
            7.816196,
            47.483538,
            630.0
          ],
          [
            7.815639,
            47.483665,
            622.0
          ],
          [
            7.81546,
            47.483695,
            620.0
          ],
          [
            7.815182,
            47.483726,
            616.0
          ],
          [
            7.81493,
            47.483805,
            612.0
          ],
          [
            7.814553,
            47.483963,
            608.0
          ],
          [
            7.814381,
            47.484084,
            605.0
          ],
          [
            7.814184,
            47.484285,
            603.0
          ],
          [
            7.814022,
            47.484473,
            600.0
          ],
          [
            7.814058,
            47.484558,
            601.0
          ],
          [
            7.814085,
            47.484661,
            603.0
          ],
          [
            7.814085,
            47.484691,
            603.0
          ],
          [
            7.814077,
            47.484733,
            604.0
          ],
          [
            7.813842,
            47.484752,
            606.0
          ],
          [
            7.813448,
            47.484733,
            610.0
          ],
          [
            7.813106,
            47.484764,
            610.0
          ],
          [
            7.81316,
            47.484843,
            611.0
          ],
          [
            7.813276,
            47.485031,
            614.0
          ],
          [
            7.813312,
            47.485171,
            616.0
          ],
          [
            7.813312,
            47.485256,
            618.0
          ],
          [
            7.813286,
            47.485323,
            619.0
          ],
          [
            7.813223,
            47.485413,
            620.0
          ],
          [
            7.813151,
            47.48548,
            621.0
          ],
          [
            7.813062,
            47.485541,
            622.0
          ],
          [
            7.812899,
            47.48562,
            624.0
          ],
          [
            7.81271,
            47.485693,
            625.0
          ],
          [
            7.812603,
            47.485766,
            627.0
          ],
          [
            7.812496,
            47.485899,
            628.0
          ],
          [
            7.812433,
            47.485984,
            629.0
          ],
          [
            7.812343,
            47.486033,
            630.0
          ],
          [
            7.812163,
            47.486087,
            632.0
          ],
          [
            7.81157,
            47.486258,
            637.0
          ],
          [
            7.811075,
            47.486397,
            641.0
          ],
          [
            7.810762,
            47.486561,
            644.0
          ],
          [
            7.810249,
            47.486713,
            648.0
          ],
          [
            7.809944,
            47.486622,
            650.0
          ],
          [
            7.809683,
            47.486579,
            650.0
          ],
          [
            7.80936,
            47.486585,
            650.0
          ],
          [
            7.808947,
            47.486573,
            650.0
          ],
          [
            7.808678,
            47.486719,
            650.0
          ],
          [
            7.808381,
            47.486822,
            650.0
          ],
          [
            7.807949,
            47.486944,
            650.0
          ],
          [
            7.807375,
            47.487029,
            650.0
          ],
          [
            7.806944,
            47.487216,
            650.0
          ],
          [
            7.806548,
            47.487417,
            650.0
          ],
          [
            7.806243,
            47.487642,
            650.0
          ],
          [
            7.805875,
            47.487872,
            650.0
          ],
          [
            7.805515,
            47.488103,
            649.0
          ],
          [
            7.805309,
            47.488182,
            647.0
          ],
          [
            7.805175,
            47.488218,
            646.0
          ],
          [
            7.805049,
            47.488218,
            645.0
          ],
          [
            7.804968,
            47.48823,
            645.0
          ],
          [
            7.804752,
            47.488182,
            643.0
          ],
          [
            7.80442,
            47.488073,
            639.0
          ],
          [
            7.803926,
            47.487902,
            634.0
          ],
          [
            7.803575,
            47.487817,
            630.0
          ],
          [
            7.803234,
            47.487739,
            629.0
          ],
          [
            7.802649,
            47.48763,
            628.0
          ],
          [
            7.80193,
            47.487708,
            626.0
          ],
          [
            7.801366,
            47.487781,
            625.0
          ],
          [
            7.801114,
            47.487787,
            624.0
          ],
          [
            7.800844,
            47.487769,
            623.0
          ],
          [
            7.800512,
            47.487763,
            623.0
          ],
          [
            7.800386,
            47.487781,
            622.0
          ],
          [
            7.800251,
            47.487848,
            622.0
          ],
          [
            7.799991,
            47.488,
            621.0
          ],
          [
            7.799703,
            47.488042,
            620.0
          ],
          [
            7.79947,
            47.488067,
            620.0
          ],
          [
            7.799093,
            47.48806,
            616.0
          ],
          [
            7.798634,
            47.487969,
            611.0
          ],
          [
            7.798293,
            47.487884,
            607.0
          ],
          [
            7.798077,
            47.487896,
            604.0
          ],
          [
            7.798077,
            47.487896,
            604.0
          ],
          [
            7.797978,
            47.487902,
            603.0
          ],
          [
            7.797646,
            47.487896,
            600.0
          ],
          [
            7.797619,
            47.487848,
            599.0
          ],
          [
            7.797584,
            47.487829,
            599.0
          ],
          [
            7.797529,
            47.487793,
            598.0
          ],
          [
            7.797422,
            47.487763,
            597.0
          ],
          [
            7.797161,
            47.487733,
            595.0
          ],
          [
            7.7969,
            47.487696,
            593.0
          ],
          [
            7.79673,
            47.487666,
            591.0
          ],
          [
            7.796479,
            47.487623,
            590.0
          ],
          [
            7.796244,
            47.487556,
            590.0
          ],
          [
            7.79602,
            47.487477,
            590.0
          ],
          [
            7.795706,
            47.487326,
            590.0
          ],
          [
            7.795418,
            47.487162,
            590.0
          ],
          [
            7.795284,
            47.487089,
            590.0
          ],
          [
            7.795112,
            47.486986,
            590.0
          ],
          [
            7.794844,
            47.486785,
            590.0
          ],
          [
            7.794691,
            47.48664,
            590.0
          ],
          [
            7.794546,
            47.486512,
            590.0
          ],
          [
            7.794376,
            47.486306,
            590.0
          ],
          [
            7.794233,
            47.48613,
            590.0
          ],
          [
            7.794017,
            47.485899,
            590.0
          ],
          [
            7.793766,
            47.485638,
            590.0
          ],
          [
            7.793613,
            47.485468,
            590.0
          ],
          [
            7.793532,
            47.485365,
            590.0
          ],
          [
            7.793487,
            47.485256,
            590.0
          ],
          [
            7.793353,
            47.485013,
            590.0
          ],
          [
            7.793181,
            47.484721,
            590.0
          ],
          [
            7.793064,
            47.484503,
            590.0
          ],
          [
            7.792938,
            47.484157,
            590.0
          ],
          [
            7.792848,
            47.483884,
            590.0
          ],
          [
            7.79276,
            47.483671,
            590.0
          ],
          [
            7.792661,
            47.483447,
            590.0
          ],
          [
            7.792661,
            47.483386,
            589.0
          ],
          [
            7.792661,
            47.483343,
            588.0
          ],
          [
            7.792688,
            47.483228,
            587.0
          ],
          [
            7.792751,
            47.483174,
            586.0
          ],
          [
            7.792885,
            47.483143,
            585.0
          ],
          [
            7.793011,
            47.483156,
            584.0
          ],
          [
            7.793181,
            47.48318,
            582.0
          ],
          [
            7.793298,
            47.483198,
            581.0
          ],
          [
            7.793353,
            47.483174,
            580.0
          ],
          [
            7.793397,
            47.483125,
            579.0
          ],
          [
            7.79338,
            47.483015,
            577.0
          ],
          [
            7.793263,
            47.482925,
            576.0
          ],
          [
            7.793083,
            47.482767,
            575.0
          ],
          [
            7.792831,
            47.482554,
            579.0
          ],
          [
            7.792472,
            47.482196,
            580.0
          ],
          [
            7.792409,
            47.482123,
            580.0
          ],
          [
            7.792372,
            47.482008,
            580.0
          ],
          [
            7.792382,
            47.481692,
            580.0
          ],
          [
            7.792346,
            47.481534,
            580.0
          ],
          [
            7.792238,
            47.481322,
            580.0
          ],
          [
            7.792122,
            47.480776,
            580.0
          ],
          [
            7.792005,
            47.480442,
            580.0
          ],
          [
            7.791816,
            47.480168,
            580.0
          ],
          [
            7.791592,
            47.479737,
            580.0
          ],
          [
            7.791502,
            47.479519,
            580.0
          ],
          [
            7.791412,
            47.479349,
            580.0
          ],
          [
            7.790936,
            47.47896,
            578.0
          ],
          [
            7.79089,
            47.478924,
            578.0
          ],
          [
            7.790298,
            47.478717,
            576.0
          ],
          [
            7.790082,
            47.478608,
            576.0
          ],
          [
            7.789885,
            47.478456,
            575.0
          ],
          [
            7.789696,
            47.478353,
            574.0
          ],
          [
            7.789328,
            47.47825,
            573.0
          ],
          [
            7.788663,
            47.478128,
            571.0
          ],
          [
            7.788133,
            47.477898,
            568.0
          ],
          [
            7.78728,
            47.477643,
            563.0
          ],
          [
            7.787109,
            47.47763,
            562.0
          ],
          [
            7.786983,
            47.477655,
            561.0
          ],
          [
            7.786921,
            47.477697,
            561.0
          ],
          [
            7.786866,
            47.47777,
            560.0
          ],
          [
            7.786866,
            47.477843,
            559.0
          ],
          [
            7.786885,
            47.477916,
            559.0
          ],
          [
            7.786921,
            47.477983,
            558.0
          ],
          [
            7.786974,
            47.478067,
            558.0
          ],
          [
            7.78754,
            47.478651,
            553.0
          ],
          [
            7.788106,
            47.479246,
            549.0
          ],
          [
            7.788537,
            47.479768,
            545.0
          ],
          [
            7.788978,
            47.480351,
            541.0
          ],
          [
            7.789642,
            47.481231,
            534.0
          ],
          [
            7.789822,
            47.481656,
            530.0
          ],
          [
            7.789921,
            47.481838,
            528.0
          ],
          [
            7.789921,
            47.482026,
            526.0
          ],
          [
            7.789875,
            47.482166,
            524.0
          ],
          [
            7.789741,
            47.482238,
            523.0
          ],
          [
            7.789661,
            47.482257,
            522.0
          ],
          [
            7.789579,
            47.482269,
            522.0
          ],
          [
            7.789516,
            47.482269,
            521.0
          ],
          [
            7.789445,
            47.482238,
            521.0
          ],
          [
            7.789355,
            47.482172,
            520.0
          ],
          [
            7.789301,
            47.482099,
            519.0
          ],
          [
            7.789309,
            47.482008,
            518.0
          ],
          [
            7.789382,
            47.481905,
            516.0
          ],
          [
            7.789364,
            47.481796,
            515.0
          ],
          [
            7.789185,
            47.481686,
            513.0
          ],
          [
            7.788798,
            47.481395,
            508.0
          ],
          [
            7.788393,
            47.481164,
            504.0
          ],
          [
            7.78807,
            47.480964,
            499.0
          ],
          [
            7.787764,
            47.480806,
            496.0
          ],
          [
            7.787181,
            47.480532,
            491.0
          ],
          [
            7.786435,
            47.480253,
            485.0
          ],
          [
            7.785043,
            47.479312,
            475.0
          ],
          [
            7.784522,
            47.478753,
            472.0
          ],
          [
            7.784009,
            47.478304,
            469.0
          ],
          [
            7.783659,
            47.477977,
            467.0
          ],
          [
            7.783525,
            47.477594,
            465.0
          ],
          [
            7.783264,
            47.476726,
            461.0
          ],
          [
            7.783112,
            47.476313,
            458.0
          ],
          [
            7.782904,
            47.475864,
            453.0
          ],
          [
            7.782814,
            47.475645,
            451.0
          ],
          [
            7.782814,
            47.475572,
            450.0
          ],
          [
            7.782887,
            47.475493,
            449.0
          ],
          [
            7.782814,
            47.475439,
            447.0
          ],
          [
            7.782743,
            47.475408,
            445.0
          ],
          [
            7.782753,
            47.475378,
            444.0
          ],
          [
            7.78286,
            47.475317,
            442.0
          ],
          [
            7.78303,
            47.475141,
            439.0
          ],
          [
            7.783084,
            47.475038,
            438.0
          ],
          [
            7.782797,
            47.475123,
            437.0
          ],
          [
            7.782537,
            47.475214,
            436.0
          ],
          [
            7.782401,
            47.475287,
            435.0
          ],
          [
            7.782097,
            47.475517,
            433.0
          ],
          [
            7.781952,
            47.4757,
            432.0
          ],
          [
            7.7818,
            47.475906,
            431.0
          ],
          [
            7.781719,
            47.476076,
            430.0
          ],
          [
            7.781674,
            47.476222,
            428.0
          ],
          [
            7.781531,
            47.477011,
            419.0
          ],
          [
            7.781531,
            47.477103,
            418.0
          ],
          [
            7.781566,
            47.477242,
            416.0
          ],
          [
            7.781638,
            47.477375,
            415.0
          ],
          [
            7.781682,
            47.477509,
            413.0
          ],
          [
            7.781701,
            47.47777,
            411.0
          ],
          [
            7.781682,
            47.477825,
            410.0
          ],
          [
            7.781611,
            47.477928,
            410.0
          ],
          [
            7.781495,
            47.477958,
            410.0
          ],
          [
            7.781405,
            47.477916,
            410.0
          ],
          [
            7.781117,
            47.477703,
            410.0
          ],
          [
            7.780677,
            47.477449,
            409.0
          ],
          [
            7.780677,
            47.477449,
            409.0
          ],
          [
            7.780489,
            47.477333,
            409.0
          ],
          [
            7.78021,
            47.477084,
            409.0
          ],
          [
            7.77994,
            47.476914,
            410.0
          ],
          [
            7.779428,
            47.476404,
            400.0
          ],
          [
            7.779365,
            47.476234,
            398.0
          ],
          [
            7.779384,
            47.476137,
            397.0
          ],
          [
            7.779231,
            47.476003,
            394.0
          ],
          [
            7.778908,
            47.475269,
            385.0
          ],
          [
            7.778845,
            47.475123,
            386.0
          ],
          [
            7.77853,
            47.474558,
            391.0
          ],
          [
            7.778198,
            47.473988,
            397.0
          ],
          [
            7.777749,
            47.473708,
            400.0
          ],
          [
            7.776419,
            47.473641,
            407.0
          ],
          [
            7.776059,
            47.473617,
            407.0
          ],
          [
            7.776042,
            47.473563,
            401.0
          ],
          [
            7.776069,
            47.473514,
            396.0
          ],
          [
            7.776086,
            47.473441,
            390.0
          ],
          [
            7.776105,
            47.473392,
            388.0
          ],
          [
            7.776132,
            47.473356,
            385.0
          ],
          [
            7.776114,
            47.473332,
            384.0
          ],
          [
            7.776122,
            47.473319,
            383.0
          ],
          [
            7.776158,
            47.473301,
            382.0
          ],
          [
            7.776185,
            47.473235,
            377.0
          ],
          [
            7.776203,
            47.473198,
            375.0
          ],
          [
            7.776168,
            47.473058,
            364.0
          ],
          [
            7.776132,
            47.473022,
            361.0
          ],
          [
            7.776122,
            47.472937,
            357.0
          ],
          [
            7.776168,
            47.472828,
            350.0
          ],
          [
            7.775816,
            47.472724,
            350.0
          ],
          [
            7.775386,
            47.472663,
            349.0
          ],
          [
            7.775027,
            47.472657,
            349.0
          ],
          [
            7.774774,
            47.472633,
            348.0
          ],
          [
            7.774424,
            47.472524,
            348.0
          ],
          [
            7.773761,
            47.472464,
            347.0
          ],
          [
            7.773229,
            47.472476,
            346.0
          ],
          [
            7.7727,
            47.472512,
            346.0
          ],
          [
            7.771676,
            47.472663,
            344.0
          ],
          [
            7.769574,
            47.472651,
            341.0
          ],
          [
            7.769088,
            47.472682,
            341.0
          ],
          [
            7.768748,
            47.472724,
            340.0
          ],
          [
            7.768442,
            47.472785,
            340.0
          ],
          [
            7.768281,
            47.472822,
            340.0
          ],
          [
            7.768289,
            47.472846,
            340.0
          ],
          [
            7.768281,
            47.47287,
            340.0
          ],
          [
            7.768262,
            47.472889,
            340.0
          ],
          [
            7.768235,
            47.472907,
            340.0
          ],
          [
            7.768199,
            47.472919,
            340.0
          ],
          [
            7.768163,
            47.472919,
            340.0
          ],
          [
            7.768128,
            47.472913,
            340.0
          ],
          [
            7.768092,
            47.472895,
            340.0
          ],
          [
            7.768074,
            47.47287,
            340.0
          ],
          [
            7.767948,
            47.472895,
            340.0
          ],
          [
            7.767363,
            47.473004,
            339.0
          ],
          [
            7.766897,
            47.47307,
            338.0
          ],
          [
            7.765388,
            47.473307,
            335.0
          ],
          [
            7.765235,
            47.473107,
            334.0
          ],
          [
            7.76501,
            47.473186,
            332.0
          ],
          [
            7.764786,
            47.473265,
            332.0
          ],
          [
            7.76457,
            47.473344,
            331.0
          ],
          [
            7.764417,
            47.473398,
            332.0
          ],
          [
            7.76431,
            47.473435,
            332.0
          ],
          [
            7.764139,
            47.47349,
            332.0
          ],
          [
            7.763941,
            47.473557,
            333.0
          ],
          [
            7.763887,
            47.473575,
            333.0
          ],
          [
            7.763824,
            47.473593,
            333.0
          ],
          [
            7.763788,
            47.473605,
            333.0
          ],
          [
            7.763744,
            47.473605,
            333.0
          ],
          [
            7.76369,
            47.473593,
            333.0
          ],
          [
            7.763654,
            47.473569,
            334.0
          ],
          [
            7.763627,
            47.473538,
            334.0
          ],
          [
            7.763124,
            47.473605,
            330.0
          ],
          [
            7.763034,
            47.47349,
            330.0
          ],
          [
            7.762019,
            47.47383,
            330.0
          ],
          [
            7.761444,
            47.474042,
            330.0
          ],
          [
            7.761381,
            47.47406,
            330.0
          ],
          [
            7.761318,
            47.474036,
            330.0
          ],
          [
            7.761255,
            47.473988,
            330.0
          ],
          [
            7.761247,
            47.473975,
            330.0
          ],
          [
            7.760681,
            47.474115,
            330.0
          ],
          [
            7.760455,
            47.47417,
            330.0
          ],
          [
            7.760447,
            47.474145,
            330.0
          ],
          [
            7.760205,
            47.4742,
            330.0
          ],
          [
            7.760241,
            47.474261,
            330.0
          ],
          [
            7.760096,
            47.474291,
            330.0
          ],
          [
            7.759979,
            47.474322,
            330.0
          ],
          [
            7.759971,
            47.474303,
            330.0
          ],
          [
            7.75989,
            47.4742,
            330.0
          ],
          [
            7.759729,
            47.473988,
            330.0
          ],
          [
            7.759692,
            47.473933,
            330.0
          ],
          [
            7.759549,
            47.473969,
            330.0
          ],
          [
            7.759289,
            47.473975,
            330.0
          ],
          [
            7.759234,
            47.473957,
            330.0
          ],
          [
            7.759163,
            47.473915,
            330.0
          ],
          [
            7.759109,
            47.473951,
            330.0
          ],
          [
            7.759046,
            47.473981,
            330.0
          ],
          [
            7.758947,
            47.474024,
            330.0
          ],
          [
            7.758803,
            47.474084,
            330.0
          ],
          [
            7.758381,
            47.474243,
            330.0
          ],
          [
            7.758067,
            47.47434,
            330.0
          ],
          [
            7.757725,
            47.474431,
            330.0
          ],
          [
            7.757438,
            47.474497,
            330.0
          ],
          [
            7.757132,
            47.474558,
            330.0
          ],
          [
            7.756513,
            47.474662,
            330.0
          ],
          [
            7.756073,
            47.474759,
            330.0
          ],
          [
            7.755794,
            47.474825,
            330.0
          ],
          [
            7.755245,
            47.474959,
            330.0
          ],
          [
            7.755568,
            47.475348,
            330.0
          ],
          [
            7.755668,
            47.475469,
            327.0
          ],
          [
            7.755587,
            47.475505,
            327.0
          ],
          [
            7.75556,
            47.475529,
            327.0
          ],
          [
            7.755066,
            47.475706,
            326.0
          ],
          [
            7.754123,
            47.476198,
            325.0
          ],
          [
            7.753934,
            47.476349,
            325.0
          ],
          [
            7.753844,
            47.476392,
            325.0
          ],
          [
            7.7538,
            47.476429,
            325.0
          ],
          [
            7.753683,
            47.476519,
            324.0
          ],
          [
            7.753476,
            47.47661,
            324.0
          ],
          [
            7.753333,
            47.476665,
            324.0
          ],
          [
            7.75309,
            47.476847,
            323.0
          ],
          [
            7.752981,
            47.47695,
            323.0
          ],
          [
            7.752542,
            47.477157,
            323.0
          ],
          [
            7.752308,
            47.47723,
            322.0
          ],
          [
            7.751994,
            47.477436,
            322.0
          ],
          [
            7.751769,
            47.477515,
            322.0
          ],
          [
            7.75149,
            47.477661,
            321.0
          ],
          [
            7.750924,
            47.477916,
            320.0
          ],
          [
            7.750188,
            47.478329,
            320.0
          ],
          [
            7.749452,
            47.478687,
            320.0
          ],
          [
            7.749218,
            47.478814,
            320.0
          ],
          [
            7.748706,
            47.479142,
            320.0
          ],
          [
            7.748158,
            47.479573,
            320.0
          ],
          [
            7.747907,
            47.479774,
            320.0
          ],
          [
            7.747781,
            47.479895,
            320.0
          ],
          [
            7.747431,
            47.480162,
            320.0
          ],
          [
            7.747197,
            47.480265,
            320.0
          ],
          [
            7.747107,
            47.480302,
            320.0
          ],
          [
            7.746909,
            47.480399,
            320.0
          ],
          [
            7.746721,
            47.480478,
            320.0
          ],
          [
            7.746631,
            47.480448,
            320.0
          ],
          [
            7.746658,
            47.480399,
            320.0
          ],
          [
            7.746639,
            47.480314,
            320.0
          ],
          [
            7.746523,
            47.480229,
            320.0
          ],
          [
            7.746352,
            47.479932,
            320.0
          ],
          [
            7.746253,
            47.479749,
            320.0
          ],
          [
            7.746173,
            47.479749,
            320.0
          ],
          [
            7.745777,
            47.479737,
            320.0
          ],
          [
            7.745706,
            47.47978,
            320.0
          ],
          [
            7.745679,
            47.479846,
            320.0
          ],
          [
            7.745687,
            47.479901,
            320.0
          ],
          [
            7.745796,
            47.479962,
            319.0
          ],
          [
            7.74584,
            47.480023,
            319.0
          ],
          [
            7.74584,
            47.480102,
            319.0
          ],
          [
            7.745823,
            47.480192,
            319.0
          ],
          [
            7.745859,
            47.480333,
            319.0
          ],
          [
            7.745903,
            47.48049,
            319.0
          ],
          [
            7.745949,
            47.480648,
            319.0
          ],
          [
            7.745957,
            47.480806,
            319.0
          ],
          [
            7.745976,
            47.480915,
            319.0
          ],
          [
            7.746047,
            47.481146,
            319.0
          ],
          [
            7.746173,
            47.481552,
            319.0
          ],
          [
            7.746236,
            47.481729,
            319.0
          ],
          [
            7.746253,
            47.481796,
            319.0
          ],
          [
            7.746299,
            47.481959,
            319.0
          ],
          [
            7.746289,
            47.482178,
            319.0
          ],
          [
            7.746263,
            47.482263,
            319.0
          ],
          [
            7.746209,
            47.482311,
            319.0
          ],
          [
            7.74601,
            47.482524,
            318.0
          ],
          [
            7.745886,
            47.482645,
            318.0
          ],
          [
            7.745921,
            47.4827,
            318.0
          ],
          [
            7.74576,
            47.482834,
            318.0
          ],
          [
            7.74558,
            47.482973,
            318.0
          ],
          [
            7.745508,
            47.483021,
            317.0
          ],
          [
            7.745454,
            47.483052,
            317.0
          ],
          [
            7.745373,
            47.483076,
            317.0
          ],
          [
            7.74531,
            47.483082,
            317.0
          ],
          [
            7.745257,
            47.483076,
            317.0
          ],
          [
            7.745175,
            47.483137,
            317.0
          ],
          [
            7.744601,
            47.48341,
            316.0
          ],
          [
            7.743918,
            47.483695,
            315.0
          ],
          [
            7.743873,
            47.483707,
            315.0
          ],
          [
            7.743828,
            47.483713,
            315.0
          ],
          [
            7.743783,
            47.483701,
            315.0
          ],
          [
            7.743756,
            47.483689,
            315.0
          ],
          [
            7.743406,
            47.48338,
            315.0
          ],
          [
            7.74328,
            47.483428,
            315.0
          ],
          [
            7.74302,
            47.483538,
            314.0
          ],
          [
            7.742615,
            47.483701,
            314.0
          ],
          [
            7.74222,
            47.483799,
            314.0
          ],
          [
            7.741618,
            47.483938,
            314.0
          ],
          [
            7.741475,
            47.483969,
            313.0
          ],
          [
            7.741412,
            47.483963,
            313.0
          ],
          [
            7.741366,
            47.483945,
            313.0
          ],
          [
            7.741142,
            47.484157,
            313.0
          ],
          [
            7.741007,
            47.484266,
            313.0
          ],
          [
            7.740882,
            47.484363,
            313.0
          ],
          [
            7.740739,
            47.484436,
            313.0
          ],
          [
            7.740486,
            47.484564,
            313.0
          ],
          [
            7.740387,
            47.484612,
            313.0
          ],
          [
            7.740136,
            47.484715,
            313.0
          ],
          [
            7.739867,
            47.484806,
            313.0
          ],
          [
            7.73966,
            47.484867,
            313.0
          ],
          [
            7.739418,
            47.484922,
            313.0
          ],
          [
            7.738941,
            47.484989,
            313.0
          ],
          [
            7.738716,
            47.485013,
            313.0
          ],
          [
            7.738779,
            47.48511,
            313.0
          ],
          [
            7.738888,
            47.485232,
            313.0
          ],
          [
            7.739265,
            47.485711,
            312.0
          ],
          [
            7.739274,
            47.485766,
            312.0
          ],
          [
            7.739265,
            47.485808,
            312.0
          ],
          [
            7.739238,
            47.485857,
            312.0
          ],
          [
            7.739184,
            47.485881,
            312.0
          ],
          [
            7.738447,
            47.48613,
            310.0
          ],
          [
            7.738115,
            47.486227,
            310.0
          ],
          [
            7.737827,
            47.486306,
            313.0
          ],
          [
            7.73781,
            47.486318,
            313.0
          ],
          [
            7.737701,
            47.486245,
            313.0
          ],
          [
            7.737647,
            47.486288,
            314.0
          ],
          [
            7.737594,
            47.486324,
            315.0
          ],
          [
            7.737477,
            47.486252,
            315.0
          ],
          [
            7.737315,
            47.486178,
            315.0
          ],
          [
            7.737225,
            47.486118,
            315.0
          ],
          [
            7.737163,
            47.486081,
            315.0
          ],
          [
            7.737055,
            47.485966,
            315.0
          ],
          [
            7.737018,
            47.485936,
            314.0
          ],
          [
            7.736974,
            47.485924,
            314.0
          ],
          [
            7.736928,
            47.485924,
            314.0
          ],
          [
            7.736867,
            47.48593,
            314.0
          ],
          [
            7.736812,
            47.485948,
            314.0
          ],
          [
            7.736722,
            47.485978,
            314.0
          ],
          [
            7.736462,
            47.486033,
            314.0
          ],
          [
            7.735833,
            47.486172,
            313.0
          ],
          [
            7.735689,
            47.486197,
            313.0
          ],
          [
            7.73559,
            47.486203,
            313.0
          ],
          [
            7.735519,
            47.48619,
            313.0
          ],
          [
            7.735536,
            47.48616,
            313.0
          ],
          [
            7.735429,
            47.486136,
            313.0
          ],
          [
            7.735294,
            47.486099,
            313.0
          ],
          [
            7.735375,
            47.48593,
            314.0
          ],
          [
            7.735186,
            47.485766,
            315.0
          ],
          [
            7.734844,
            47.48559,
            317.0
          ],
          [
            7.734414,
            47.485371,
            319.0
          ],
          [
            7.734333,
            47.485335,
            319.0
          ],
          [
            7.734225,
            47.485268,
            320.0
          ],
          [
            7.734154,
            47.48522,
            320.0
          ],
          [
            7.734118,
            47.485207,
            320.0
          ],
          [
            7.734081,
            47.485183,
            320.0
          ],
          [
            7.734054,
            47.485177,
            320.0
          ],
          [
            7.733471,
            47.484928,
            320.0
          ],
          [
            7.733443,
            47.484667,
            320.0
          ],
          [
            7.733219,
            47.484721,
            320.0
          ],
          [
            7.733112,
            47.484721,
            320.0
          ],
          [
            7.733049,
            47.484727,
            320.0
          ],
          [
            7.733039,
            47.484715,
            320.0
          ],
          [
            7.732959,
            47.484582,
            320.0
          ],
          [
            7.73285,
            47.484424,
            321.0
          ],
          [
            7.732797,
            47.484351,
            321.0
          ],
          [
            7.73268,
            47.484248,
            322.0
          ],
          [
            7.732527,
            47.484053,
            322.0
          ],
          [
            7.732311,
            47.484242,
            323.0
          ],
          [
            7.732141,
            47.484297,
            324.0
          ],
          [
            7.732096,
            47.484315,
            324.0
          ],
          [
            7.731988,
            47.48423,
            324.0
          ],
          [
            7.73197,
            47.4842,
            325.0
          ],
          [
            7.73189,
            47.484145,
            325.0
          ],
          [
            7.731854,
            47.484139,
            326.0
          ],
          [
            7.731827,
            47.484121,
            327.0
          ],
          [
            7.731925,
            47.484066,
            327.0
          ],
          [
            7.731881,
            47.483908,
            328.0
          ],
          [
            7.731854,
            47.483713,
            329.0
          ],
          [
            7.731863,
            47.483544,
            328.0
          ],
          [
            7.731835,
            47.483514,
            329.0
          ],
          [
            7.731835,
            47.483422,
            330.0
          ],
          [
            7.731844,
            47.483404,
            330.0
          ],
          [
            7.7318,
            47.483404,
            330.0
          ],
          [
            7.731791,
            47.483477,
            330.0
          ],
          [
            7.731781,
            47.48355,
            330.0
          ],
          [
            7.731674,
            47.483635,
            330.0
          ],
          [
            7.731531,
            47.483732,
            330.0
          ],
          [
            7.731215,
            47.483938,
            329.0
          ],
          [
            7.730991,
            47.484096,
            328.0
          ],
          [
            7.730848,
            47.484212,
            327.0
          ],
          [
            7.730766,
            47.484272,
            327.0
          ],
          [
            7.730362,
            47.48454,
            325.0
          ],
          [
            7.730219,
            47.484643,
            324.0
          ],
          [
            7.729994,
            47.484776,
            323.0
          ],
          [
            7.729959,
            47.484806,
            323.0
          ],
          [
            7.729607,
            47.485043,
            321.0
          ],
          [
            7.729571,
            47.485043,
            321.0
          ],
          [
            7.729536,
            47.485037,
            321.0
          ],
          [
            7.729464,
            47.485007,
            321.0
          ],
          [
            7.729428,
            47.484989,
            321.0
          ],
          [
            7.729357,
            47.484971,
            320.0
          ],
          [
            7.72932,
            47.484971,
            320.0
          ],
          [
            7.729221,
            47.484946,
            320.0
          ],
          [
            7.729141,
            47.485061,
            320.0
          ],
          [
            7.729015,
            47.485049,
            330.0
          ],
          [
            7.72897,
            47.485055,
            330.0
          ],
          [
            7.728242,
            47.485298,
            330.0
          ],
          [
            7.727613,
            47.485566,
            330.0
          ],
          [
            7.726751,
            47.485912,
            330.0
          ],
          [
            7.7265,
            47.486009,
            330.0
          ],
          [
            7.726032,
            47.486209,
            330.0
          ],
          [
            7.725799,
            47.486306,
            331.0
          ],
          [
            7.725611,
            47.486379,
            332.0
          ],
          [
            7.725529,
            47.486403,
            333.0
          ],
          [
            7.725475,
            47.486415,
            333.0
          ],
          [
            7.725386,
            47.486415,
            334.0
          ],
          [
            7.725196,
            47.486403,
            335.0
          ],
          [
            7.724829,
            47.486385,
            336.0
          ],
          [
            7.724667,
            47.486439,
            336.0
          ],
          [
            7.724057,
            47.486518,
            333.0
          ],
          [
            7.724011,
            47.486561,
            333.0
          ],
          [
            7.723984,
            47.486585,
            333.0
          ],
          [
            7.723957,
            47.486604,
            333.0
          ],
          [
            7.723913,
            47.486616,
            333.0
          ],
          [
            7.723787,
            47.486616,
            332.0
          ],
          [
            7.723472,
            47.486604,
            331.0
          ],
          [
            7.723347,
            47.486604,
            330.0
          ],
          [
            7.723202,
            47.48661,
            330.0
          ],
          [
            7.723104,
            47.486616,
            330.0
          ],
          [
            7.723032,
            47.486628,
            330.0
          ],
          [
            7.722906,
            47.486658,
            330.0
          ],
          [
            7.722799,
            47.486676,
            330.0
          ],
          [
            7.722646,
            47.486689,
            330.0
          ],
          [
            7.722502,
            47.486689,
            330.0
          ],
          [
            7.72243,
            47.48667,
            330.0
          ],
          [
            7.722403,
            47.486652,
            330.0
          ],
          [
            7.721774,
            47.486445,
            330.0
          ],
          [
            7.721613,
            47.486391,
            330.0
          ],
          [
            7.721514,
            47.486361,
            330.0
          ],
          [
            7.721415,
            47.486355,
            330.0
          ],
          [
            7.721217,
            47.48633,
            330.0
          ],
          [
            7.72111,
            47.486379,
            330.0
          ],
          [
            7.721065,
            47.486361,
            330.0
          ],
          [
            7.720938,
            47.486385,
            330.0
          ],
          [
            7.720705,
            47.486464,
            331.0
          ],
          [
            7.720544,
            47.486512,
            333.0
          ],
          [
            7.720382,
            47.486585,
            336.0
          ],
          [
            7.720248,
            47.486652,
            337.0
          ],
          [
            7.720149,
            47.486707,
            339.0
          ],
          [
            7.720049,
            47.486761,
            340.0
          ],
          [
            7.719915,
            47.48684,
            340.0
          ],
          [
            7.719816,
            47.486901,
            340.0
          ],
          [
            7.719745,
            47.486919,
            340.0
          ],
          [
            7.719457,
            47.486974,
            340.0
          ],
          [
            7.719223,
            47.486944,
            340.0
          ],
          [
            7.71916,
            47.486804,
            350.0
          ],
          [
            7.719116,
            47.486713,
            352.0
          ],
          [
            7.71907,
            47.48664,
            353.0
          ],
          [
            7.718881,
            47.486476,
            356.0
          ],
          [
            7.718514,
            47.486276,
            361.0
          ],
          [
            7.718315,
            47.486136,
            364.0
          ],
          [
            7.718191,
            47.486069,
            365.0
          ],
          [
            7.717948,
            47.485966,
            368.0
          ],
          [
            7.717409,
            47.485772,
            372.0
          ],
          [
            7.717122,
            47.48565,
            374.0
          ],
          [
            7.716977,
            47.485517,
            376.0
          ],
          [
            7.716564,
            47.485329,
            379.0
          ],
          [
            7.716241,
            47.485116,
            383.0
          ],
          [
            7.716061,
            47.484989,
            385.0
          ],
          [
            7.715908,
            47.484861,
            387.0
          ],
          [
            7.715621,
            47.484588,
            391.0
          ],
          [
            7.715288,
            47.484297,
            396.0
          ],
          [
            7.715038,
            47.483932,
            402.0
          ],
          [
            7.714858,
            47.483762,
            405.0
          ],
          [
            7.714713,
            47.483623,
            407.0
          ],
          [
            7.714588,
            47.483544,
            408.0
          ],
          [
            7.714426,
            47.483471,
            410.0
          ],
          [
            7.71422,
            47.483422,
            412.0
          ],
          [
            7.71403,
            47.48338,
            414.0
          ],
          [
            7.713833,
            47.483325,
            416.0
          ],
          [
            7.713636,
            47.483258,
            418.0
          ],
          [
            7.713403,
            47.483174,
            421.0
          ],
          [
            7.713187,
            47.48304,
            425.0
          ],
          [
            7.712648,
            47.482694,
            434.0
          ],
          [
            7.712145,
            47.482378,
            441.0
          ],
          [
            7.711938,
            47.482238,
            443.0
          ],
          [
            7.711713,
            47.482105,
            446.0
          ],
          [
            7.711506,
            47.481911,
            448.0
          ],
          [
            7.711435,
            47.481838,
            449.0
          ],
          [
            7.711435,
            47.481789,
            450.0
          ],
          [
            7.710977,
            47.481643,
            451.0
          ],
          [
            7.710447,
            47.481462,
            452.0
          ],
          [
            7.709738,
            47.4812,
            454.0
          ],
          [
            7.70927,
            47.481031,
            455.0
          ],
          [
            7.708399,
            47.480739,
            459.0
          ],
          [
            7.707715,
            47.48049,
            460.0
          ],
          [
            7.707321,
            47.480363,
            460.0
          ],
          [
            7.707006,
            47.480278,
            461.0
          ],
          [
            7.706342,
            47.480162,
            464.0
          ],
          [
            7.705631,
            47.480047,
            466.0
          ],
          [
            7.704545,
            47.479913,
            470.0
          ],
          [
            7.702856,
            47.479695,
            470.0
          ],
          [
            7.702155,
            47.479573,
            470.0
          ],
          [
            7.701698,
            47.479488,
            470.0
          ],
          [
            7.701401,
            47.479452,
            470.0
          ],
          [
            7.701176,
            47.479482,
            470.0
          ],
          [
            7.701105,
            47.4795,
            470.0
          ],
          [
            7.70088,
            47.47958,
            470.0
          ],
          [
            7.700682,
            47.479677,
            470.0
          ],
          [
            7.700547,
            47.479725,
            470.0
          ],
          [
            7.69858,
            47.479901,
            470.0
          ],
          [
            7.698598,
            47.479883,
            470.0
          ],
          [
            7.698688,
            47.479798,
            470.0
          ],
          [
            7.698661,
            47.479719,
            470.0
          ],
          [
            7.69858,
            47.479671,
            470.0
          ],
          [
            7.698436,
            47.479604,
            470.0
          ],
          [
            7.698302,
            47.479549,
            470.0
          ],
          [
            7.698149,
            47.479512,
            469.0
          ],
          [
            7.697977,
            47.479476,
            468.0
          ],
          [
            7.697807,
            47.479415,
            466.0
          ],
          [
            7.69761,
            47.479319,
            464.0
          ],
          [
            7.697475,
            47.479264,
            463.0
          ],
          [
            7.69734,
            47.479234,
            462.0
          ],
          [
            7.697035,
            47.479179,
            459.0
          ],
          [
            7.696801,
            47.479112,
            456.0
          ],
          [
            7.696245,
            47.4789,
            448.0
          ],
          [
            7.695616,
            47.47862,
            437.0
          ],
          [
            7.695436,
            47.478517,
            434.0
          ],
          [
            7.695337,
            47.47845,
            432.0
          ],
          [
            7.695256,
            47.478377,
            430.0
          ],
          [
            7.695203,
            47.47825,
            430.0
          ],
          [
            7.695176,
            47.478165,
            430.0
          ],
          [
            7.695166,
            47.478025,
            430.0
          ],
          [
            7.695203,
            47.477709,
            430.0
          ],
          [
            7.695176,
            47.477679,
            430.0
          ],
          [
            7.694914,
            47.477661,
            434.0
          ],
          [
            7.694851,
            47.477636,
            436.0
          ],
          [
            7.694924,
            47.477588,
            438.0
          ],
          [
            7.694941,
            47.477564,
            439.0
          ],
          [
            7.694933,
            47.477406,
            443.0
          ],
          [
            7.694654,
            47.477048,
            453.0
          ],
          [
            7.694564,
            47.476932,
            457.0
          ],
          [
            7.694465,
            47.476756,
            460.0
          ],
          [
            7.694088,
            47.476155,
            465.0
          ],
          [
            7.693989,
            47.475864,
            467.0
          ],
          [
            7.693972,
            47.475773,
            468.0
          ],
          [
            7.693864,
            47.475621,
            469.0
          ],
          [
            7.693719,
            47.475463,
            470.0
          ],
          [
            7.693558,
            47.475269,
            472.0
          ],
          [
            7.693333,
            47.475008,
            476.0
          ],
          [
            7.693289,
            47.474917,
            476.0
          ],
          [
            7.693253,
            47.474849,
            477.0
          ],
          [
            7.693217,
            47.474601,
            480.0
          ],
          [
            7.693182,
            47.474376,
            482.0
          ],
          [
            7.693163,
            47.474291,
            483.0
          ],
          [
            7.6931,
            47.473799,
            488.0
          ],
          [
            7.693056,
            47.473647,
            490.0
          ],
          [
            7.693046,
            47.473629,
            490.0
          ],
          [
            7.693127,
            47.473508,
            490.0
          ],
          [
            7.693208,
            47.473319,
            490.0
          ],
          [
            7.693226,
            47.473229,
            490.0
          ],
          [
            7.693243,
            47.473131,
            490.0
          ],
          [
            7.693262,
            47.473028,
            490.0
          ],
          [
            7.69328,
            47.472663,
            490.0
          ],
          [
            7.693271,
            47.472633,
            490.0
          ],
          [
            7.693253,
            47.472621,
            491.0
          ],
          [
            7.693235,
            47.472603,
            493.0
          ],
          [
            7.693199,
            47.472591,
            495.0
          ],
          [
            7.693226,
            47.472482,
            494.0
          ],
          [
            7.693243,
            47.472311,
            493.0
          ],
          [
            7.693182,
            47.472093,
            492.0
          ],
          [
            7.693127,
            47.471874,
            491.0
          ],
          [
            7.693119,
            47.471796,
            491.0
          ],
          [
            7.693082,
            47.471711,
            491.0
          ],
          [
            7.692975,
            47.471564,
            490.0
          ],
          [
            7.692866,
            47.471443,
            490.0
          ],
          [
            7.692849,
            47.471401,
            490.0
          ],
          [
            7.69284,
            47.471353,
            490.0
          ],
          [
            7.692786,
            47.471346,
            490.0
          ],
          [
            7.692696,
            47.471346,
            490.0
          ],
          [
            7.692677,
            47.471346,
            490.0
          ],
          [
            7.692553,
            47.47134,
            490.0
          ],
          [
            7.69222,
            47.471285,
            491.0
          ],
          [
            7.692094,
            47.471267,
            491.0
          ],
          [
            7.69204,
            47.4712,
            492.0
          ],
          [
            7.692004,
            47.471146,
            493.0
          ],
          [
            7.691987,
            47.471085,
            493.0
          ],
          [
            7.691968,
            47.471018,
            494.0
          ],
          [
            7.691951,
            47.470921,
            495.0
          ],
          [
            7.691941,
            47.470866,
            495.0
          ],
          [
            7.691924,
            47.470793,
            496.0
          ],
          [
            7.691905,
            47.470751,
            496.0
          ],
          [
            7.69187,
            47.470709,
            497.0
          ],
          [
            7.691815,
            47.470642,
            498.0
          ],
          [
            7.691753,
            47.470569,
            498.0
          ],
          [
            7.691545,
            47.470356,
            500.0
          ],
          [
            7.691484,
            47.470284,
            500.0
          ],
          [
            7.691402,
            47.470192,
            499.0
          ],
          [
            7.691402,
            47.470174,
            499.0
          ],
          [
            7.691402,
            47.47015,
            499.0
          ],
          [
            7.691402,
            47.470095,
            499.0
          ],
          [
            7.691411,
            47.470047,
            498.0
          ],
          [
            7.691421,
            47.47001,
            498.0
          ],
          [
            7.691421,
            47.46998,
            498.0
          ],
          [
            7.691421,
            47.46995,
            498.0
          ],
          [
            7.691402,
            47.469901,
            497.0
          ],
          [
            7.691295,
            47.469743,
            496.0
          ],
          [
            7.691285,
            47.469725,
            496.0
          ],
          [
            7.691258,
            47.469676,
            496.0
          ],
          [
            7.691232,
            47.46964,
            495.0
          ],
          [
            7.691222,
            47.469628,
            495.0
          ],
          [
            7.691098,
            47.469688,
            496.0
          ],
          [
            7.690566,
            47.470028,
            500.0
          ],
          [
            7.690415,
            47.470144,
            502.0
          ],
          [
            7.690352,
            47.470205,
            503.0
          ],
          [
            7.690306,
            47.470247,
            504.0
          ],
          [
            7.690207,
            47.470356,
            506.0
          ],
          [
            7.690117,
            47.470453,
            507.0
          ],
          [
            7.690046,
            47.470496,
            508.0
          ],
          [
            7.689956,
            47.470526,
            509.0
          ],
          [
            7.689903,
            47.470538,
            509.0
          ],
          [
            7.689786,
            47.470545,
            511.0
          ],
          [
            7.689633,
            47.470538,
            512.0
          ],
          [
            7.689461,
            47.47052,
            514.0
          ],
          [
            7.68931,
            47.470514,
            516.0
          ],
          [
            7.689165,
            47.47052,
            518.0
          ],
          [
            7.689075,
            47.470538,
            519.0
          ],
          [
            7.688824,
            47.470618,
            522.0
          ],
          [
            7.688528,
            47.470703,
            526.0
          ],
          [
            7.687979,
            47.470866,
            534.0
          ],
          [
            7.687593,
            47.470976,
            539.0
          ],
          [
            7.687306,
            47.471055,
            545.0
          ],
          [
            7.687243,
            47.471073,
            546.0
          ],
          [
            7.687207,
            47.471091,
            547.0
          ],
          [
            7.687153,
            47.471127,
            548.0
          ],
          [
            7.687073,
            47.471121,
            548.0
          ],
          [
            7.68675,
            47.471061,
            551.0
          ],
          [
            7.686417,
            47.470994,
            555.0
          ],
          [
            7.686021,
            47.470921,
            560.0
          ],
          [
            7.685689,
            47.470842,
            563.0
          ],
          [
            7.685563,
            47.470812,
            564.0
          ],
          [
            7.685492,
            47.470787,
            565.0
          ],
          [
            7.685402,
            47.470745,
            566.0
          ],
          [
            7.685258,
            47.470648,
            568.0
          ],
          [
            7.685016,
            47.47052,
            570.0
          ],
          [
            7.684764,
            47.470411,
            572.0
          ],
          [
            7.684054,
            47.470095,
            576.0
          ],
          [
            7.683974,
            47.470077,
            577.0
          ],
          [
            7.68392,
            47.470071,
            577.0
          ],
          [
            7.683874,
            47.470077,
            577.0
          ],
          [
            7.68383,
            47.470083,
            577.0
          ],
          [
            7.683775,
            47.470107,
            578.0
          ],
          [
            7.68374,
            47.470131,
            578.0
          ],
          [
            7.683561,
            47.470332,
            580.0
          ],
          [
            7.683515,
            47.470381,
            581.0
          ],
          [
            7.683345,
            47.470453,
            585.0
          ],
          [
            7.683282,
            47.470465,
            587.0
          ],
          [
            7.683209,
            47.470465,
            589.0
          ],
          [
            7.683147,
            47.470465,
            590.0
          ],
          [
            7.682698,
            47.470284,
            590.0
          ],
          [
            7.682312,
            47.470125,
            590.0
          ],
          [
            7.68188,
            47.469883,
            590.0
          ],
          [
            7.681817,
            47.469852,
            590.0
          ],
          [
            7.681548,
            47.469737,
            590.0
          ],
          [
            7.681404,
            47.46967,
            590.0
          ],
          [
            7.681314,
            47.469622,
            590.0
          ],
          [
            7.681243,
            47.469567,
            590.0
          ],
          [
            7.68118,
            47.469519,
            590.0
          ],
          [
            7.681054,
            47.469384,
            590.0
          ],
          [
            7.680874,
            47.469172,
            590.0
          ],
          [
            7.680739,
            47.468996,
            590.0
          ],
          [
            7.680532,
            47.468668,
            590.0
          ],
          [
            7.680479,
            47.468607,
            590.0
          ],
          [
            7.680434,
            47.468565,
            590.0
          ],
          [
            7.680308,
            47.468468,
            590.0
          ],
          [
            7.680182,
            47.468389,
            590.0
          ],
          [
            7.680075,
            47.468285,
            590.0
          ],
          [
            7.680012,
            47.468207,
            590.0
          ],
          [
            7.679958,
            47.468128,
            590.0
          ],
          [
            7.679913,
            47.468031,
            590.0
          ],
          [
            7.67985,
            47.467872,
            590.0
          ],
          [
            7.67985,
            47.467624,
            590.0
          ],
          [
            7.679877,
            47.467532,
            590.0
          ],
          [
            7.679886,
            47.467454,
            590.0
          ],
          [
            7.679886,
            47.467393,
            590.0
          ],
          [
            7.679877,
            47.46732,
            590.0
          ],
          [
            7.679779,
            47.467004,
            590.0
          ],
          [
            7.679706,
            47.466962,
            591.0
          ],
          [
            7.679607,
            47.466743,
            594.0
          ],
          [
            7.679455,
            47.466488,
            599.0
          ],
          [
            7.679419,
            47.466421,
            600.0
          ],
          [
            7.679374,
            47.466373,
            601.0
          ],
          [
            7.679337,
            47.466324,
            602.0
          ],
          [
            7.679303,
            47.466257,
            604.0
          ],
          [
            7.679293,
            47.46633,
            606.0
          ],
          [
            7.679221,
            47.466318,
            608.0
          ],
          [
            7.67915,
            47.466306,
            609.0
          ],
          [
            7.679087,
            47.466288,
            610.0
          ],
          [
            7.678997,
            47.466257,
            612.0
          ],
          [
            7.67871,
            47.466118,
            618.0
          ],
          [
            7.678584,
            47.466051,
            622.0
          ],
          [
            7.678484,
            47.466002,
            624.0
          ],
          [
            7.67835,
            47.465893,
            628.0
          ],
          [
            7.678152,
            47.465741,
            634.0
          ],
          [
            7.677964,
            47.465541,
            641.0
          ],
          [
            7.677676,
            47.465225,
            652.0
          ],
          [
            7.677469,
            47.464897,
            661.0
          ],
          [
            7.67711,
            47.464472,
            678.0
          ],
          [
            7.677012,
            47.464339,
            682.0
          ],
          [
            7.676966,
            47.464229,
            684.0
          ],
          [
            7.676957,
            47.464035,
            688.0
          ],
          [
            7.67694,
            47.463791,
            691.0
          ],
          [
            7.67694,
            47.463592,
            692.0
          ],
          [
            7.676823,
            47.463598,
            693.0
          ],
          [
            7.67675,
            47.463616,
            693.0
          ],
          [
            7.676653,
            47.463664,
            694.0
          ],
          [
            7.676679,
            47.463725,
            694.0
          ],
          [
            7.676679,
            47.463725,
            694.0
          ],
          [
            7.676653,
            47.463664,
            694.0
          ],
          [
            7.676571,
            47.463573,
            695.0
          ],
          [
            7.676517,
            47.463531,
            695.0
          ],
          [
            7.676364,
            47.463482,
            696.0
          ],
          [
            7.676176,
            47.46367,
            698.0
          ],
          [
            7.675951,
            47.463834,
            699.0
          ],
          [
            7.675439,
            47.464156,
            700.0
          ],
          [
            7.675215,
            47.464265,
            700.0
          ],
          [
            7.674559,
            47.464751,
            700.0
          ],
          [
            7.674217,
            47.464921,
            700.0
          ],
          [
            7.67375,
            47.465086,
            700.0
          ],
          [
            7.672718,
            47.465328,
            700.0
          ],
          [
            7.672385,
            47.465352,
            700.0
          ],
          [
            7.672079,
            47.465407,
            700.0
          ],
          [
            7.671855,
            47.465432,
            700.0
          ],
          [
            7.671657,
            47.465419,
            700.0
          ],
          [
            7.671559,
            47.465401,
            700.0
          ],
          [
            7.671469,
            47.465358,
            699.0
          ],
          [
            7.671379,
            47.465316,
            698.0
          ],
          [
            7.671173,
            47.465304,
            696.0
          ],
          [
            7.67084,
            47.465589,
            698.0
          ],
          [
            7.670571,
            47.465972,
            700.0
          ],
          [
            7.670284,
            47.466306,
            701.0
          ],
          [
            7.670068,
            47.466749,
            703.0
          ],
          [
            7.669951,
            47.467156,
            704.0
          ],
          [
            7.669869,
            47.467587,
            705.0
          ],
          [
            7.669932,
            47.468285,
            707.0
          ],
          [
            7.669924,
            47.468413,
            707.0
          ],
          [
            7.669888,
            47.468619,
            708.0
          ],
          [
            7.669708,
            47.469118,
            709.0
          ],
          [
            7.669546,
            47.469616,
            710.0
          ],
          [
            7.669492,
            47.469938,
            710.0
          ],
          [
            7.669475,
            47.470484,
            710.0
          ],
          [
            7.669448,
            47.470763,
            710.0
          ],
          [
            7.669412,
            47.471018,
            709.0
          ],
          [
            7.669456,
            47.471443,
            706.0
          ],
          [
            7.669519,
            47.471558,
            705.0
          ],
          [
            7.669573,
            47.471613,
            705.0
          ],
          [
            7.669699,
            47.471802,
            706.0
          ],
          [
            7.669726,
            47.47185,
            706.0
          ],
          [
            7.669735,
            47.471898,
            706.0
          ],
          [
            7.669744,
            47.471941,
            707.0
          ],
          [
            7.669744,
            47.47199,
            707.0
          ],
          [
            7.669726,
            47.472081,
            707.0
          ],
          [
            7.669645,
            47.47236,
            708.0
          ],
          [
            7.6696,
            47.472512,
            709.0
          ],
          [
            7.669582,
            47.472651,
            709.0
          ],
          [
            7.669565,
            47.472785,
            710.0
          ],
          [
            7.669565,
            47.472919,
            710.0
          ],
          [
            7.669582,
            47.473253,
            710.0
          ],
          [
            7.669573,
            47.473477,
            710.0
          ],
          [
            7.669565,
            47.473551,
            710.0
          ],
          [
            7.669555,
            47.473629,
            710.0
          ],
          [
            7.669538,
            47.473696,
            710.0
          ],
          [
            7.66951,
            47.473762,
            710.0
          ],
          [
            7.669475,
            47.473805,
            710.0
          ],
          [
            7.669403,
            47.473854,
            710.0
          ],
          [
            7.669152,
            47.473951,
            710.0
          ],
          [
            7.66898,
            47.474006,
            709.0
          ],
          [
            7.6688,
            47.474109,
            708.0
          ],
          [
            7.668513,
            47.474334,
            707.0
          ],
          [
            7.668307,
            47.474461,
            706.0
          ],
          [
            7.668163,
            47.474522,
            705.0
          ],
          [
            7.66766,
            47.474886,
            702.0
          ],
          [
            7.667454,
            47.475111,
            701.0
          ],
          [
            7.667399,
            47.475208,
            700.0
          ],
          [
            7.667129,
            47.475153,
            700.0
          ],
          [
            7.666708,
            47.475111,
            700.0
          ],
          [
            7.665441,
            47.475002,
            700.0
          ],
          [
            7.66519,
            47.474977,
            700.0
          ],
          [
            7.664776,
            47.474941,
            700.0
          ],
          [
            7.664389,
            47.47491,
            700.0
          ],
          [
            7.664121,
            47.474917,
            700.0
          ],
          [
            7.664066,
            47.474917,
            700.0
          ],
          [
            7.663456,
            47.474965,
            698.0
          ],
          [
            7.663213,
            47.47499,
            696.0
          ],
          [
            7.662513,
            47.47505,
            692.0
          ],
          [
            7.662261,
            47.47508,
            690.0
          ],
          [
            7.661875,
            47.475189,
            688.0
          ],
          [
            7.661372,
            47.475354,
            685.0
          ],
          [
            7.661039,
            47.475433,
            683.0
          ],
          [
            7.66095,
            47.475451,
            683.0
          ],
          [
            7.660518,
            47.47556,
            680.0
          ],
          [
            7.660428,
            47.475584,
            680.0
          ],
          [
            7.660339,
            47.475584,
            680.0
          ],
          [
            7.659898,
            47.475548,
            679.0
          ],
          [
            7.659521,
            47.475523,
            678.0
          ],
          [
            7.658965,
            47.475517,
            676.0
          ],
          [
            7.658875,
            47.475505,
            676.0
          ],
          [
            7.658883,
            47.475633,
            676.0
          ],
          [
            7.65891,
            47.475785,
            677.0
          ],
          [
            7.658928,
            47.476016,
            678.0
          ],
          [
            7.658902,
            47.476137,
            678.0
          ],
          [
            7.658892,
            47.476161,
            678.0
          ],
          [
            7.658892,
            47.476161,
            678.0
          ]
        ]
      }
    }
  ]
}