{
  "type": "FeatureCollection",
  "features": [
    {
      "type": "Feature",
      "properties": {},
      "geometry": {
        "type": "LineString",
        "coordinates": [
          [
            9.409377,
            47.328509,
            782.0
          ],
          [
            9.409331,
            47.328619,
            782.0
          ],
          [
            9.409484,
            47.32868,
            781.0
          ],
          [
            9.409475,
            47.328717,
            781.0
          ],
          [
            9.409618,
            47.328705,
            781.0
          ],
          [
            9.409754,
            47.328729,
            781.0
          ],
          [
            9.409826,
            47.328741,
            781.0
          ],
          [
            9.410096,
            47.328814,
            781.0
          ],
          [
            9.410167,
            47.328936,
            780.0
          ],
          [
            9.410274,
            47.328984,
            781.0
          ],
          [
            9.410284,
            47.329021,
            780.0
          ],
          [
            9.410284,
            47.329063,
            780.0
          ],
          [
            9.4104,
            47.329057,
            780.0
          ],
          [
            9.410526,
            47.329057,
            780.0
          ],
          [
            9.410697,
            47.329069,
            780.0
          ],
          [
            9.410778,
            47.329075,
            780.0
          ],
          [
            9.410832,
            47.329088,
            780.0
          ],
          [
            9.410876,
            47.329112,
            780.0
          ],
          [
            9.41102,
            47.329155,
            779.0
          ],
          [
            9.411138,
            47.329191,
            777.0
          ],
          [
            9.411165,
            47.329161,
            780.0
          ],
          [
            9.411775,
            47.329374,
            779.0
          ],
          [
            9.411775,
            47.329374,
            779.0
          ],
          [
            9.411882,
            47.329411,
            779.0
          ],
          [
            9.411829,
            47.329466,
            777.0
          ],
          [
            9.411855,
            47.329502,
            777.0
          ],
          [
            9.411855,
            47.329557,
            777.0
          ],
          [
            9.411838,
            47.329605,
            777.0
          ],
          [
            9.411765,
            47.329709,
            777.0
          ],
          [
            9.411578,
            47.329959,
            777.0
          ],
          [
            9.411505,
            47.33005,
            777.0
          ],
          [
            9.411496,
            47.330062,
            777.0
          ],
          [
            9.411434,
            47.330135,
            777.0
          ],
          [
            9.411245,
            47.330342,
            776.0
          ],
          [
            9.411182,
            47.330421,
            776.0
          ],
          [
            9.41111,
            47.330537,
            776.0
          ],
          [
            9.411048,
            47.330647,
            776.0
          ],
          [
            9.410985,
            47.330744,
            776.0
          ],
          [
            9.410985,
            47.330775,
            776.0
          ],
          [
            9.411039,
            47.330781,
            776.0
          ],
          [
            9.411039,
            47.330823,
            776.0
          ],
          [
            9.411048,
            47.330854,
            776.0
          ],
          [
            9.411075,
            47.330884,
            776.0
          ],
          [
            9.411255,
            47.331054,
            777.0
          ],
          [
            9.411289,
            47.331085,
            777.0
          ],
          [
            9.411352,
            47.331127,
            777.0
          ],
          [
            9.411461,
            47.331085,
            777.0
          ],
          [
            9.411488,
            47.331073,
            777.0
          ],
          [
            9.411578,
            47.331042,
            777.0
          ],
          [
            9.411748,
            47.330988,
            777.0
          ],
          [
            9.411882,
            47.330969,
            777.0
          ],
          [
            9.412152,
            47.330933,
            778.0
          ],
          [
            9.412314,
            47.330896,
            778.0
          ],
          [
            9.412331,
            47.33089,
            778.0
          ],
          [
            9.412421,
            47.33086,
            778.0
          ],
          [
            9.412593,
            47.330781,
            778.0
          ],
          [
            9.413123,
            47.330445,
            778.0
          ],
          [
            9.413167,
            47.330421,
            778.0
          ],
          [
            9.413203,
            47.330385,
            778.0
          ],
          [
            9.4134,
            47.33019,
            778.0
          ],
          [
            9.413509,
            47.330087,
            779.0
          ],
          [
            9.413679,
            47.329971,
            779.0
          ],
          [
            9.413805,
            47.329891,
            779.0
          ],
          [
            9.413922,
            47.32983,
            779.0
          ],
          [
            9.413966,
            47.329812,
            779.0
          ],
          [
            9.414146,
            47.329733,
            779.0
          ],
          [
            9.414362,
            47.329654,
            779.0
          ],
          [
            9.414568,
            47.329593,
            779.0
          ],
          [
            9.414802,
            47.329557,
            779.0
          ],
          [
            9.415036,
            47.329532,
            780.0
          ],
          [
            9.415637,
            47.329466,
            780.0
          ],
          [
            9.415979,
            47.329417,
            780.0
          ],
          [
            9.4165,
            47.329326,
            780.0
          ],
          [
            9.416788,
            47.329246,
            780.0
          ],
          [
            9.417272,
            47.329045,
            780.0
          ],
          [
            9.417551,
            47.32893,
            780.0
          ],
          [
            9.41783,
            47.32882,
            780.0
          ],
          [
            9.417811,
            47.328796,
            780.0
          ],
          [
            9.417794,
            47.328765,
            780.0
          ],
          [
            9.417748,
            47.32857,
            780.0
          ],
          [
            9.417686,
            47.328375,
            780.0
          ],
          [
            9.417524,
            47.328077,
            780.0
          ],
          [
            9.417381,
            47.327821,
            780.0
          ],
          [
            9.4173,
            47.327687,
            780.0
          ],
          [
            9.417201,
            47.327578,
            780.0
          ],
          [
            9.417182,
            47.327517,
            780.0
          ],
          [
            9.417174,
            47.327365,
            780.0
          ],
          [
            9.417182,
            47.327262,
            780.0
          ],
          [
            9.417228,
            47.327079,
            780.0
          ],
          [
            9.417354,
            47.32689,
            780.0
          ],
          [
            9.417524,
            47.326713,
            780.0
          ],
          [
            9.41774,
            47.326525,
            780.0
          ],
          [
            9.41792,
            47.326439,
            780.0
          ],
          [
            9.418136,
            47.326354,
            780.0
          ],
          [
            9.41827,
            47.326323,
            780.0
          ],
          [
            9.418396,
            47.326317,
            780.0
          ],
          [
            9.418513,
            47.326323,
            780.0
          ],
          [
            9.418665,
            47.32636,
            780.0
          ],
          [
            9.418889,
            47.326433,
            780.0
          ],
          [
            9.419366,
            47.32661,
            780.0
          ],
          [
            9.419752,
            47.326725,
            780.0
          ],
          [
            9.420004,
            47.326811,
            780.0
          ],
          [
            9.420174,
            47.326865,
            780.0
          ],
          [
            9.420363,
            47.326902,
            780.0
          ],
          [
            9.420551,
            47.326926,
            780.0
          ],
          [
            9.420704,
            47.326938,
            780.0
          ],
          [
            9.420874,
            47.326932,
            780.0
          ],
          [
            9.420974,
            47.326926,
            780.0
          ],
          [
            9.421136,
            47.326908,
            780.0
          ],
          [
            9.421315,
            47.326877,
            780.0
          ],
          [
            9.421539,
            47.326774,
            780.0
          ],
          [
            9.421629,
            47.326732,
            780.0
          ],
          [
            9.421828,
            47.326592,
            780.0
          ],
          [
            9.422402,
            47.326074,
            780.0
          ],
          [
            9.422545,
            47.325964,
            780.0
          ],
          [
            9.422654,
            47.325904,
            780.0
          ],
          [
            9.422681,
            47.325891,
            780.0
          ],
          [
            9.422744,
            47.325843,
            780.0
          ],
          [
            9.422807,
            47.325764,
            780.0
          ],
          [
            9.422932,
            47.325623,
            780.0
          ],
          [
            9.422987,
            47.325325,
            780.0
          ],
          [
            9.423103,
            47.325051,
            782.0
          ],
          [
            9.423201,
            47.32485,
            783.0
          ],
          [
            9.423436,
            47.324235,
            786.0
          ],
          [
            9.423453,
            47.323979,
            788.0
          ],
          [
            9.423444,
            47.323772,
            789.0
          ],
          [
            9.423408,
            47.323657,
            790.0
          ],
          [
            9.423426,
            47.323614,
            790.0
          ],
          [
            9.423543,
            47.323559,
            790.0
          ],
          [
            9.423597,
            47.323541,
            791.0
          ],
          [
            9.423552,
            47.323523,
            791.0
          ],
          [
            9.423497,
            47.323462,
            791.0
          ],
          [
            9.423471,
            47.323474,
            791.0
          ],
          [
            9.423094,
            47.32362,
            791.0
          ],
          [
            9.42304,
            47.323657,
            791.0
          ],
          [
            9.422987,
            47.323632,
            791.0
          ],
          [
            9.422977,
            47.323632,
            791.0
          ],
          [
            9.422698,
            47.32359,
            794.0
          ],
          [
            9.4226,
            47.323565,
            794.0
          ],
          [
            9.422627,
            47.323529,
            794.0
          ],
          [
            9.422771,
            47.323358,
            793.0
          ],
          [
            9.422932,
            47.323267,
            793.0
          ],
          [
            9.423067,
            47.323224,
            792.0
          ],
          [
            9.42331,
            47.323157,
            792.0
          ],
          [
            9.423453,
            47.323133,
            791.0
          ],
          [
            9.423606,
            47.32309,
            791.0
          ],
          [
            9.423902,
            47.322944,
            790.0
          ],
          [
            9.423939,
            47.322798,
            790.0
          ],
          [
            9.424145,
            47.322707,
            790.0
          ],
          [
            9.424145,
            47.322707,
            790.0
          ],
          [
            9.42445,
            47.322572,
            791.0
          ],
          [
            9.425348,
            47.322451,
            792.0
          ],
          [
            9.425465,
            47.32239,
            792.0
          ],
          [
            9.425555,
            47.322299,
            792.0
          ],
          [
            9.425528,
            47.322122,
            792.0
          ],
          [
            9.425564,
            47.322019,
            792.0
          ],
          [
            9.425698,
            47.321756,
            793.0
          ],
          [
            9.425753,
            47.321556,
            793.0
          ],
          [
            9.425671,
            47.321465,
            793.0
          ],
          [
            9.425771,
            47.321458,
            794.0
          ],
          [
            9.42586,
            47.321477,
            794.0
          ],
          [
            9.426274,
            47.321586,
            794.0
          ],
          [
            9.426679,
            47.321696,
            795.0
          ],
          [
            9.426606,
            47.321805,
            795.0
          ],
          [
            9.426597,
            47.321829,
            795.0
          ],
          [
            9.426606,
            47.321872,
            795.0
          ],
          [
            9.426624,
            47.321896,
            795.0
          ],
          [
            9.42666,
            47.321921,
            795.0
          ],
          [
            9.426776,
            47.321964,
            795.0
          ],
          [
            9.42692,
            47.322025,
            795.0
          ],
          [
            9.426956,
            47.322043,
            795.0
          ],
          [
            9.427082,
            47.321933,
            796.0
          ],
          [
            9.427325,
            47.321659,
            796.0
          ],
          [
            9.427631,
            47.321318,
            797.0
          ],
          [
            9.427738,
            47.321215,
            797.0
          ],
          [
            9.427891,
            47.321117,
            797.0
          ],
          [
            9.428071,
            47.321044,
            797.0
          ],
          [
            9.42826,
            47.320995,
            797.0
          ],
          [
            9.428421,
            47.320971,
            798.0
          ],
          [
            9.429086,
            47.32091,
            798.0
          ],
          [
            9.429302,
            47.32088,
            798.0
          ],
          [
            9.429453,
            47.320843,
            799.0
          ],
          [
            9.42957,
            47.320801,
            799.0
          ],
          [
            9.429688,
            47.320734,
            799.0
          ],
          [
            9.429778,
            47.320697,
            799.0
          ],
          [
            9.429849,
            47.320679,
            799.0
          ],
          [
            9.429956,
            47.320588,
            799.0
          ],
          [
            9.430029,
            47.320521,
            799.0
          ],
          [
            9.430092,
            47.320557,
            799.0
          ],
          [
            9.430182,
            47.320612,
            799.0
          ],
          [
            9.430182,
            47.320661,
            799.0
          ],
          [
            9.430182,
            47.320697,
            799.0
          ],
          [
            9.430172,
            47.320722,
            799.0
          ],
          [
            9.430145,
            47.320758,
            799.0
          ],
          [
            9.430136,
            47.320801,
            799.0
          ],
          [
            9.430164,
            47.320837,
            799.0
          ],
          [
            9.430208,
            47.320862,
            799.0
          ],
          [
            9.430289,
            47.320886,
            799.0
          ],
          [
            9.430334,
            47.320892,
            799.0
          ],
          [
            9.430334,
            47.320904,
            799.0
          ],
          [
            9.430334,
            47.320934,
            799.0
          ],
          [
            9.430208,
            47.320916,
            799.0
          ],
          [
            9.430199,
            47.320959,
            799.0
          ],
          [
            9.430218,
            47.320989,
            799.0
          ],
          [
            9.430271,
            47.321056,
            800.0
          ],
          [
            9.430298,
            47.321093,
            800.0
          ],
          [
            9.43073,
            47.321586,
            802.0
          ],
          [
            9.430864,
            47.321714,
            803.0
          ],
          [
            9.430927,
            47.321756,
            803.0
          ],
          [
            9.43099,
            47.321781,
            803.0
          ],
          [
            9.43108,
            47.321805,
            804.0
          ],
          [
            9.431161,
            47.321805,
            804.0
          ],
          [
            9.431161,
            47.321842,
            804.0
          ],
          [
            9.431233,
            47.32189,
            805.0
          ],
          [
            9.431313,
            47.321933,
            805.0
          ],
          [
            9.431386,
            47.321957,
            805.0
          ],
          [
            9.431547,
            47.321994,
            806.0
          ],
          [
            9.431726,
            47.322037,
            807.0
          ],
          [
            9.431736,
            47.322019,
            807.0
          ],
          [
            9.431952,
            47.321848,
            808.0
          ],
          [
            9.432042,
            47.321799,
            808.0
          ],
          [
            9.432149,
            47.321756,
            808.0
          ],
          [
            9.432275,
            47.321738,
            808.0
          ],
          [
            9.432428,
            47.321738,
            809.0
          ],
          [
            9.432608,
            47.321756,
            809.0
          ],
          [
            9.432715,
            47.32175,
            809.0
          ],
          [
            9.432786,
            47.32172,
            809.0
          ],
          [
            9.432849,
            47.321683,
            809.0
          ],
          [
            9.432931,
            47.321604,
            810.0
          ],
          [
            9.433021,
            47.321556,
            810.0
          ],
          [
            9.433111,
            47.321531,
            810.0
          ],
          [
            9.433208,
            47.321519,
            810.0
          ],
          [
            9.433344,
            47.321501,
            810.0
          ],
          [
            9.43364,
            47.321471,
            814.0
          ],
          [
            9.433631,
            47.321282,
            814.0
          ],
          [
            9.433658,
            47.321282,
            814.0
          ],
          [
            9.4339,
            47.321257,
            815.0
          ],
          [
            9.433981,
            47.321251,
            815.0
          ],
          [
            9.434287,
            47.321227,
            815.0
          ],
          [
            9.43434,
            47.321227,
            816.0
          ],
          [
            9.43435,
            47.321196,
            816.0
          ],
          [
            9.434736,
            47.321221,
            817.0
          ],
          [
            9.435239,
            47.321263,
            819.0
          ],
          [
            9.435589,
            47.321288,
            821.0
          ],
          [
            9.435967,
            47.321355,
            823.0
          ],
          [
            9.436461,
            47.321446,
            826.0
          ],
          [
            9.436524,
            47.321458,
            826.0
          ],
          [
            9.436658,
            47.321483,
            827.0
          ],
          [
            9.436856,
            47.321538,
            829.0
          ],
          [
            9.437126,
            47.321635,
            830.0
          ],
          [
            9.437583,
            47.321799,
            833.0
          ],
          [
            9.437583,
            47.321799,
            833.0
          ],
          [
            9.438015,
            47.321951,
            836.0
          ],
          [
            9.438887,
            47.322256,
            843.0
          ],
          [
            9.439164,
            47.322323,
            845.0
          ],
          [
            9.43965,
            47.322432,
            850.0
          ],
          [
            9.43982,
            47.322475,
            850.0
          ],
          [
            9.439874,
            47.322597,
            851.0
          ],
          [
            9.440206,
            47.323084,
            852.0
          ],
          [
            9.440521,
            47.323504,
            854.0
          ],
          [
            9.440808,
            47.32387,
            855.0
          ],
          [
            9.441024,
            47.324217,
            856.0
          ],
          [
            9.441132,
            47.324412,
            857.0
          ],
          [
            9.441204,
            47.324588,
            857.0
          ],
          [
            9.441212,
            47.324856,
            858.0
          ],
          [
            9.441204,
            47.325301,
            860.0
          ],
          [
            9.441185,
            47.325483,
            860.0
          ],
          [
            9.441195,
            47.325562,
            861.0
          ],
          [
            9.441231,
            47.325617,
            861.0
          ],
          [
            9.441285,
            47.325635,
            861.0
          ],
          [
            9.44186,
            47.32577,
            865.0
          ],
          [
            9.442021,
            47.325818,
            866.0
          ],
          [
            9.442093,
            47.325849,
            867.0
          ],
          [
            9.442174,
            47.325898,
            867.0
          ],
          [
            9.442516,
            47.326098,
            870.0
          ],
          [
            9.442587,
            47.326135,
            870.0
          ],
          [
            9.442695,
            47.326171,
            870.0
          ],
          [
            9.443324,
            47.326317,
            871.0
          ],
          [
            9.443539,
            47.326342,
            871.0
          ],
          [
            9.443971,
            47.326421,
            872.0
          ],
          [
            9.444456,
            47.326531,
            872.0
          ],
          [
            9.444842,
            47.326622,
            873.0
          ],
          [
            9.446271,
            47.326768,
            875.0
          ],
          [
            9.446522,
            47.326786,
            875.0
          ],
          [
            9.446531,
            47.326811,
            875.0
          ],
          [
            9.446567,
            47.326865,
            875.0
          ],
          [
            9.446684,
            47.326987,
            875.0
          ],
          [
            9.447303,
            47.327675,
            877.0
          ],
          [
            9.447403,
            47.327785,
            877.0
          ],
          [
            9.447672,
            47.328023,
            877.0
          ],
          [
            9.448067,
            47.328266,
            876.0
          ],
          [
            9.448336,
            47.328393,
            876.0
          ],
          [
            9.448445,
            47.328424,
            874.0
          ],
          [
            9.449351,
            47.328705,
            870.0
          ],
          [
            9.450403,
            47.329015,
            873.0
          ],
          [
            9.451076,
            47.329216,
            873.0
          ],
          [
            9.451921,
            47.329466,
            875.0
          ],
          [
            9.452594,
            47.329666,
            876.0
          ],
          [
            9.453259,
            47.329843,
            878.0
          ],
          [
            9.453932,
            47.329989,
            879.0
          ],
          [
            9.454553,
            47.330099,
            880.0
          ],
          [
            9.45519,
            47.33019,
            881.0
          ],
          [
            9.458775,
            47.330585,
            888.0
          ],
          [
            9.461668,
            47.331048,
            896.0
          ],
          [
            9.461991,
            47.331091,
            896.0
          ],
          [
            9.462027,
            47.331103,
            896.0
          ],
          [
            9.462108,
            47.331109,
            896.0
          ],
          [
            9.462611,
            47.331194,
            891.0
          ],
          [
            9.462647,
            47.331213,
            890.0
          ],
          [
            9.462772,
            47.331225,
            890.0
          ],
          [
            9.463374,
            47.33131,
            890.0
          ],
          [
            9.463662,
            47.331365,
            890.0
          ],
          [
            9.463706,
            47.331377,
            890.0
          ],
          [
            9.464066,
            47.331475,
            890.0
          ],
          [
            9.464219,
            47.33153,
            890.0
          ],
          [
            9.464362,
            47.331578,
            890.0
          ],
          [
            9.464614,
            47.331682,
            890.0
          ],
          [
            9.464731,
            47.331736,
            890.0
          ],
          [
            9.464767,
            47.331755,
            890.0
          ],
          [
            9.464991,
            47.331864,
            890.0
          ],
          [
            9.465108,
            47.331931,
            890.0
          ],
          [
            9.465414,
            47.33209,
            889.0
          ],
          [
            9.465441,
            47.332114,
            889.0
          ],
          [
            9.466347,
            47.331615,
            891.0
          ],
          [
            9.466572,
            47.331493,
            892.0
          ],
          [
            9.466815,
            47.331365,
            896.0
          ],
          [
            9.466896,
            47.331322,
            898.0
          ],
          [
            9.467012,
            47.331273,
            900.0
          ],
          [
            9.467175,
            47.331213,
            900.0
          ],
          [
            9.467272,
            47.33117,
            900.0
          ],
          [
            9.467362,
            47.331146,
            900.0
          ],
          [
            9.467515,
            47.331115,
            900.0
          ],
          [
            9.467695,
            47.331103,
            900.0
          ],
          [
            9.467893,
            47.331103,
            900.0
          ],
          [
            9.468306,
            47.331103,
            900.0
          ],
          [
            9.46898,
            47.331012,
            900.0
          ],
          [
            9.469662,
            47.330975,
            900.0
          ],
          [
            9.470777,
            47.330896,
            900.0
          ],
          [
            9.471037,
            47.330872,
            900.0
          ],
          [
            9.471226,
            47.330823,
            900.0
          ],
          [
            9.47145,
            47.330769,
            900.0
          ],
          [
            9.471846,
            47.330665,
            900.0
          ],
          [
            9.472213,
            47.330543,
            900.0
          ],
          [
            9.472582,
            47.330409,
            900.0
          ],
          [
            9.472689,
            47.33036,
            901.0
          ],
          [
            9.472878,
            47.330263,
            901.0
          ],
          [
            9.473058,
            47.330154,
            902.0
          ],
          [
            9.473337,
            47.33005,
            902.0
          ],
          [
            9.473794,
            47.329922,
            903.0
          ],
          [
            9.474117,
            47.329836,
            904.0
          ],
          [
            9.474297,
            47.329764,
            905.0
          ],
          [
            9.474406,
            47.329612,
            905.0
          ],
          [
            9.474459,
            47.329551,
            905.0
          ],
          [
            9.474513,
            47.329526,
            906.0
          ],
          [
            9.474559,
            47.329514,
            906.0
          ],
          [
            9.474603,
            47.329514,
            906.0
          ],
          [
            9.474639,
            47.32952,
            906.0
          ],
          [
            9.474729,
            47.329569,
            906.0
          ],
          [
            9.474872,
            47.329618,
            906.0
          ],
          [
            9.474926,
            47.329636,
            907.0
          ],
          [
            9.475025,
            47.329654,
            907.0
          ],
          [
            9.475339,
            47.329727,
            907.0
          ],
          [
            9.475582,
            47.329751,
            908.0
          ],
          [
            9.475788,
            47.329757,
            908.0
          ],
          [
            9.475987,
            47.329697,
            909.0
          ],
          [
            9.476211,
            47.32963,
            909.0
          ],
          [
            9.476616,
            47.329508,
            911.0
          ],
          [
            9.476957,
            47.329393,
            913.0
          ],
          [
            9.4771,
            47.329338,
            914.0
          ],
          [
            9.47719,
            47.329307,
            915.0
          ],
          [
            9.477343,
            47.32924,
            916.0
          ],
          [
            9.477415,
            47.329216,
            917.0
          ],
          [
            9.477478,
            47.329191,
            917.0
          ],
          [
            9.477541,
            47.329179,
            917.0
          ],
          [
            9.477649,
            47.329155,
            918.0
          ],
          [
            9.477792,
            47.32913,
            919.0
          ],
          [
            9.477954,
            47.329106,
            920.0
          ],
          [
            9.478098,
            47.329075,
            921.0
          ],
          [
            9.478224,
            47.329057,
            921.0
          ],
          [
            9.478295,
            47.329045,
            922.0
          ],
          [
            9.478349,
            47.329045,
            922.0
          ],
          [
            9.478394,
            47.329045,
            922.0
          ],
          [
            9.478438,
            47.329045,
            923.0
          ],
          [
            9.47861,
            47.329069,
            923.0
          ],
          [
            9.478762,
            47.329088,
            924.0
          ],
          [
            9.478844,
            47.329094,
            925.0
          ],
          [
            9.478933,
            47.329094,
            925.0
          ],
          [
            9.479104,
            47.3291,
            926.0
          ],
          [
            9.479194,
            47.329094,
            926.0
          ],
          [
            9.479283,
            47.329088,
            927.0
          ],
          [
            9.479383,
            47.329075,
            927.0
          ],
          [
            9.47957,
            47.329045,
            928.0
          ],
          [
            9.479805,
            47.329009,
            930.0
          ],
          [
            9.479894,
            47.328996,
            930.0
          ],
          [
            9.479975,
            47.32899,
            931.0
          ],
          [
            9.480038,
            47.32899,
            932.0
          ],
          [
            9.480119,
            47.32899,
            933.0
          ],
          [
            9.480191,
            47.329003,
            933.0
          ],
          [
            9.480262,
            47.329015,
            934.0
          ],
          [
            9.480325,
            47.329027,
            935.0
          ],
          [
            9.480488,
            47.329075,
            936.0
          ],
          [
            9.480586,
            47.329106,
            937.0
          ],
          [
            9.480667,
            47.329118,
            938.0
          ],
          [
            9.480748,
            47.32913,
            939.0
          ],
          [
            9.480811,
            47.329136,
            939.0
          ],
          [
            9.480882,
            47.329136,
            940.0
          ],
          [
            9.480936,
            47.32913,
            940.0
          ],
          [
            9.480999,
            47.329118,
            941.0
          ],
          [
            9.481044,
            47.3291,
            941.0
          ],
          [
            9.481178,
            47.329051,
            942.0
          ],
          [
            9.481241,
            47.329027,
            942.0
          ],
          [
            9.481314,
            47.329009,
            943.0
          ],
          [
            9.481431,
            47.328984,
            944.0
          ],
          [
            9.481502,
            47.32896,
            944.0
          ],
          [
            9.481574,
            47.328936,
            944.0
          ],
          [
            9.481637,
            47.328905,
            945.0
          ],
          [
            9.481691,
            47.328869,
            945.0
          ],
          [
            9.481754,
            47.328826,
            946.0
          ],
          [
            9.481799,
            47.32879,
            946.0
          ],
          [
            9.481844,
            47.328759,
            947.0
          ],
          [
            9.48188,
            47.328717,
            947.0
          ],
          [
            9.481916,
            47.328662,
            948.0
          ],
          [
            9.481951,
            47.328625,
            948.0
          ],
          [
            9.481978,
            47.328601,
            948.0
          ],
          [
            9.482006,
            47.328583,
            948.0
          ],
          [
            9.482033,
            47.32857,
            949.0
          ],
          [
            9.482086,
            47.328552,
            949.0
          ],
          [
            9.482131,
            47.328546,
            949.0
          ],
          [
            9.482329,
            47.328522,
            950.0
          ],
          [
            9.482383,
            47.328509,
            951.0
          ],
          [
            9.482832,
            47.328393,
            955.0
          ],
          [
            9.482895,
            47.328375,
            955.0
          ],
          [
            9.482975,
            47.328369,
            956.0
          ],
          [
            9.483056,
            47.328357,
            956.0
          ],
          [
            9.483199,
            47.328339,
            958.0
          ],
          [
            9.483434,
            47.328308,
            959.0
          ],
          [
            9.483784,
            47.328272,
            963.0
          ],
          [
            9.483855,
            47.328266,
            964.0
          ],
          [
            9.483918,
            47.328272,
            964.0
          ],
          [
            9.484107,
            47.32829,
            966.0
          ],
          [
            9.484215,
            47.328296,
            967.0
          ],
          [
            9.484278,
            47.328296,
            968.0
          ],
          [
            9.484323,
            47.328284,
            968.0
          ],
          [
            9.484377,
            47.328272,
            969.0
          ],
          [
            9.484656,
            47.328181,
            972.0
          ],
          [
            9.484799,
            47.328144,
            974.0
          ],
          [
            9.485033,
            47.32812,
            976.0
          ],
          [
            9.48523,
            47.328096,
            978.0
          ],
          [
            9.485491,
            47.327998,
            981.0
          ],
          [
            9.485599,
            47.327974,
            981.0
          ],
          [
            9.485698,
            47.327986,
            982.0
          ],
          [
            9.485778,
            47.328041,
            983.0
          ],
          [
            9.485912,
            47.328223,
            985.0
          ],
          [
            9.486155,
            47.328436,
            988.0
          ],
          [
            9.486237,
            47.328485,
            989.0
          ],
          [
            9.486381,
            47.328534,
            990.0
          ],
          [
            9.48656,
            47.328564,
            991.0
          ],
          [
            9.486784,
            47.328552,
            992.0
          ],
          [
            9.487153,
            47.328479,
            993.0
          ],
          [
            9.487333,
            47.328436,
            994.0
          ],
          [
            9.487476,
            47.328351,
            995.0
          ],
          [
            9.4877,
            47.328187,
            996.0
          ],
          [
            9.488105,
            47.328041,
            998.0
          ],
          [
            9.488258,
            47.328004,
            999.0
          ],
          [
            9.488392,
            47.328029,
            999.0
          ],
          [
            9.488509,
            47.328102,
            1000.0
          ],
          [
            9.488734,
            47.32829,
            1000.0
          ],
          [
            9.488958,
            47.32843,
            1000.0
          ],
          [
            9.489147,
            47.328473,
            1000.0
          ],
          [
            9.489308,
            47.328461,
            1000.0
          ],
          [
            9.48956,
            47.32843,
            1000.0
          ],
          [
            9.489776,
            47.328375,
            1000.0
          ],
          [
            9.489901,
            47.328284,
            1003.0
          ],
          [
            9.490073,
            47.328144,
            1007.0
          ],
          [
            9.490189,
            47.328071,
            1010.0
          ],
          [
            9.490323,
            47.328029,
            1011.0
          ],
          [
            9.490522,
            47.327986,
            1012.0
          ],
          [
            9.490719,
            47.327919,
            1013.0
          ],
          [
            9.490889,
            47.327809,
            1014.0
          ],
          [
            9.490979,
            47.327724,
            1014.0
          ],
          [
            9.491015,
            47.327645,
            1015.0
          ],
          [
            9.491042,
            47.327553,
            1016.0
          ],
          [
            9.491061,
            47.327456,
            1016.0
          ],
          [
            9.491061,
            47.327353,
            1017.0
          ],
          [
            9.491042,
            47.327286,
            1017.0
          ],
          [
            9.491025,
            47.327255,
            1018.0
          ],
          [
            9.490952,
            47.327201,
            1018.0
          ],
          [
            9.490952,
            47.327024,
            1017.0
          ],
          [
            9.490881,
            47.326853,
            1016.0
          ],
          [
            9.490782,
            47.326707,
            1015.0
          ],
          [
            9.49071,
            47.326628,
            1015.0
          ],
          [
            9.490692,
            47.326567,
            1015.0
          ],
          [
            9.490719,
            47.326507,
            1014.0
          ],
          [
            9.490809,
            47.326409,
            1014.0
          ],
          [
            9.490935,
            47.326244,
            1013.0
          ],
          [
            9.491132,
            47.325934,
            1011.0
          ],
          [
            9.491239,
            47.325825,
            1010.0
          ],
          [
            9.491482,
            47.325642,
            1009.0
          ],
          [
            9.491707,
            47.325422,
            1008.0
          ],
          [
            9.49212,
            47.325118,
            1006.0
          ],
          [
            9.492264,
            47.324966,
            1005.0
          ],
          [
            9.492336,
            47.324825,
            1004.0
          ],
          [
            9.492371,
            47.324667,
            1004.0
          ],
          [
            9.492399,
            47.324552,
            1003.0
          ],
          [
            9.492453,
            47.324509,
            1003.0
          ],
          [
            9.49247,
            47.324497,
            1003.0
          ],
          [
            9.492587,
            47.324467,
            1003.0
          ],
          [
            9.492749,
            47.32454,
            1002.0
          ],
          [
            9.492956,
            47.324722,
            1001.0
          ],
          [
            9.493073,
            47.324801,
            1001.0
          ],
          [
            9.493252,
            47.324819,
            1000.0
          ],
          [
            9.493441,
            47.324783,
            1000.0
          ],
          [
            9.493522,
            47.324783,
            1000.0
          ],
          [
            9.493791,
            47.324856,
            1000.0
          ],
          [
            9.494052,
            47.324899,
            1000.0
          ],
          [
            9.494268,
            47.324874,
            1000.0
          ],
          [
            9.494402,
            47.324825,
            1000.0
          ],
          [
            9.494753,
            47.324685,
            1000.0
          ],
          [
            9.494851,
            47.324649,
            1000.0
          ],
          [
            9.494914,
            47.324625,
            1000.0
          ],
          [
            9.495031,
            47.324564,
            1000.0
          ],
          [
            9.495174,
            47.324454,
            999.0
          ],
          [
            9.495336,
            47.324412,
            999.0
          ],
          [
            9.495507,
            47.324388,
            998.0
          ],
          [
            9.495723,
            47.324296,
            998.0
          ],
          [
            9.495849,
            47.324247,
            998.0
          ],
          [
            9.495973,
            47.32426,
            997.0
          ],
          [
            9.496252,
            47.324321,
            997.0
          ],
          [
            9.496612,
            47.324321,
            996.0
          ],
          [
            9.497034,
            47.324406,
            995.0
          ],
          [
            9.497375,
            47.324473,
            994.0
          ],
          [
            9.497654,
            47.324576,
            993.0
          ],
          [
            9.498049,
            47.324661,
            992.0
          ],
          [
            9.498273,
            47.324783,
            992.0
          ],
          [
            9.498363,
            47.32485,
            992.0
          ],
          [
            9.498417,
            47.324862,
            991.0
          ],
          [
            9.49848,
            47.324862,
            991.0
          ],
          [
            9.498606,
            47.324807,
            991.0
          ],
          [
            9.498669,
            47.324734,
            991.0
          ],
          [
            9.498723,
            47.32471,
            991.0
          ],
          [
            9.498759,
            47.324728,
            990.0
          ],
          [
            9.498795,
            47.324783,
            990.0
          ],
          [
            9.498839,
            47.324825,
            990.0
          ],
          [
            9.499011,
            47.32488,
            988.0
          ],
          [
            9.499279,
            47.325002,
            983.0
          ],
          [
            9.499379,
            47.325021,
            981.0
          ],
          [
            9.499487,
            47.325021,
            980.0
          ],
          [
            9.499639,
            47.325033,
            978.0
          ],
          [
            9.49972,
            47.325021,
            978.0
          ],
          [
            9.499908,
            47.324972,
            976.0
          ],
          [
            9.500071,
            47.324917,
            975.0
          ],
          [
            9.500178,
            47.324801,
            973.0
          ],
          [
            9.500223,
            47.324783,
            973.0
          ],
          [
            9.500286,
            47.324777,
            972.0
          ],
          [
            9.500384,
            47.324777,
            971.0
          ],
          [
            9.50043,
            47.324765,
            971.0
          ],
          [
            9.500493,
            47.324734,
            970.0
          ],
          [
            9.500573,
            47.324673,
            969.0
          ],
          [
            9.500636,
            47.324643,
            968.0
          ],
          [
            9.50069,
            47.324631,
            967.0
          ],
          [
            9.500977,
            47.324588,
            964.0
          ],
          [
            9.501023,
            47.324576,
            963.0
          ],
          [
            9.501059,
            47.324564,
            962.0
          ],
          [
            9.501067,
            47.324619,
            962.0
          ],
          [
            9.50104,
            47.324673,
            961.0
          ],
          [
            9.500969,
            47.324765,
            960.0
          ],
          [
            9.500887,
            47.324838,
            960.0
          ],
          [
            9.500897,
            47.324893,
            959.0
          ],
          [
            9.500923,
            47.324923,
            959.0
          ],
          [
            9.500977,
            47.324954,
            959.0
          ],
          [
            9.50105,
            47.32496,
            959.0
          ],
          [
            9.501103,
            47.324941,
            958.0
          ],
          [
            9.501149,
            47.324923,
            958.0
          ],
          [
            9.501212,
            47.324862,
            958.0
          ],
          [
            9.501302,
            47.324765,
            957.0
          ],
          [
            9.501373,
            47.324698,
            957.0
          ],
          [
            9.501453,
            47.324582,
            956.0
          ],
          [
            9.501453,
            47.324418,
            955.0
          ],
          [
            9.501436,
            47.324247,
            954.0
          ],
          [
            9.501265,
            47.323973,
            952.0
          ],
          [
            9.501113,
            47.323864,
            951.0
          ],
          [
            9.50086,
            47.323772,
            950.0
          ],
          [
            9.500717,
            47.323663,
            949.0
          ],
          [
            9.500646,
            47.32348,
            947.0
          ],
          [
            9.500681,
            47.323291,
            945.0
          ],
          [
            9.500807,
            47.323139,
            943.0
          ],
          [
            9.501086,
            47.322969,
            941.0
          ],
          [
            9.501373,
            47.322853,
            938.0
          ],
          [
            9.501849,
            47.322737,
            933.0
          ],
          [
            9.502307,
            47.322615,
            929.0
          ],
          [
            9.502667,
            47.322408,
            924.0
          ],
          [
            9.503206,
            47.321915,
            916.0
          ],
          [
            9.503359,
            47.321787,
            914.0
          ],
          [
            9.503529,
            47.321708,
            912.0
          ],
          [
            9.503772,
            47.321659,
            910.0
          ],
          [
            9.504445,
            47.321653,
            903.0
          ],
          [
            9.505128,
            47.321635,
            898.0
          ],
          [
            9.505308,
            47.321629,
            897.0
          ],
          [
            9.505443,
            47.321604,
            896.0
          ],
          [
            9.505586,
            47.32158,
            895.0
          ],
          [
            9.505954,
            47.32141,
            892.0
          ],
          [
            9.50626,
            47.32116,
            888.0
          ],
          [
            9.506403,
            47.321111,
            887.0
          ],
          [
            9.506781,
            47.321123,
            885.0
          ],
          [
            9.506988,
            47.321062,
            883.0
          ],
          [
            9.507554,
            47.320862,
            879.0
          ],
          [
            9.507688,
            47.320837,
            878.0
          ],
          [
            9.507795,
            47.320849,
            877.0
          ],
          [
            9.507823,
            47.320746,
            879.0
          ],
          [
            9.507805,
            47.320703,
            879.0
          ],
          [
            9.507679,
            47.320563,
            880.0
          ],
          [
            9.507679,
            47.320527,
            880.0
          ],
          [
            9.507751,
            47.320478,
            880.0
          ],
          [
            9.508047,
            47.320362,
            880.0
          ],
          [
            9.508147,
            47.320344,
            880.0
          ],
          [
            9.508883,
            47.320398,
            880.0
          ],
          [
            9.509152,
            47.32038,
            880.0
          ],
          [
            9.509305,
            47.320313,
            880.0
          ],
          [
            9.509476,
            47.320149,
            880.0
          ],
          [
            9.509818,
            47.31993,
            880.0
          ],
          [
            9.510122,
            47.319668,
            880.0
          ],
          [
            9.510455,
            47.319199,
            880.0
          ],
          [
            9.510464,
            47.318742,
            880.0
          ],
          [
            9.510384,
            47.318639,
            880.0
          ],
          [
            9.510321,
            47.318566,
            880.0
          ],
          [
            9.510204,
            47.318487,
            880.0
          ],
          [
            9.510051,
            47.318426,
            880.0
          ],
          [
            9.509611,
            47.318316,
            880.0
          ],
          [
            9.509529,
            47.318267,
            880.0
          ],
          [
            9.509503,
            47.318212,
            880.0
          ],
          [
            9.509503,
            47.318157,
            880.0
          ],
          [
            9.509575,
            47.317969,
            880.0
          ],
          [
            9.509709,
            47.317634,
            880.0
          ],
          [
            9.509916,
            47.317347,
            880.0
          ],
          [
            9.509988,
            47.317286,
            880.0
          ],
          [
            9.510122,
            47.317195,
            880.0
          ],
          [
            9.510302,
            47.317116,
            880.0
          ],
          [
            9.510508,
            47.317025,
            880.0
          ],
          [
            9.510877,
            47.316922,
            874.0
          ],
          [
            9.511057,
            47.316818,
            870.0
          ],
          [
            9.511254,
            47.316708,
            867.0
          ],
          [
            9.51147,
            47.316666,
            864.0
          ],
          [
            9.511613,
            47.31669,
            863.0
          ],
          [
            9.511892,
            47.316739,
            858.0
          ],
          [
            9.512261,
            47.31672,
            851.0
          ],
          [
            9.512405,
            47.316684,
            848.0
          ],
          [
            9.512619,
            47.31672,
            845.0
          ],
          [
            9.512881,
            47.316714,
            841.0
          ],
          [
            9.513347,
            47.316818,
            835.0
          ],
          [
            9.513617,
            47.316909,
            832.0
          ],
          [
            9.513743,
            47.316958,
            830.0
          ],
          [
            9.513877,
            47.317043,
            830.0
          ],
          [
            9.514156,
            47.31722,
            828.0
          ],
          [
            9.5143,
            47.317274,
            828.0
          ],
          [
            9.51456,
            47.317293,
            827.0
          ],
          [
            9.514722,
            47.317366,
            827.0
          ],
          [
            9.514821,
            47.317402,
            826.0
          ],
          [
            9.514973,
            47.317463,
            826.0
          ],
          [
            9.515091,
            47.317567,
            825.0
          ],
          [
            9.515108,
            47.317604,
            825.0
          ],
          [
            9.515368,
            47.317719,
            816.0
          ],
          [
            9.515521,
            47.317847,
            810.0
          ],
          [
            9.515674,
            47.317926,
            808.0
          ],
          [
            9.515908,
            47.317932,
            806.0
          ],
          [
            9.516141,
            47.31789,
            804.0
          ],
          [
            9.516321,
            47.31778,
            801.0
          ],
          [
            9.516581,
            47.317604,
            797.0
          ],
          [
            9.516734,
            47.317494,
            794.0
          ],
          [
            9.516923,
            47.31739,
            791.0
          ],
          [
            9.517112,
            47.317329,
            790.0
          ],
          [
            9.517416,
            47.317171,
            788.0
          ],
          [
            9.517408,
            47.317043,
            788.0
          ],
          [
            9.517462,
            47.316976,
            788.0
          ],
          [
            9.517588,
            47.316922,
            787.0
          ],
          [
            9.517678,
            47.316891,
            786.0
          ],
          [
            9.517758,
            47.316879,
            786.0
          ],
          [
            9.517768,
            47.316855,
            786.0
          ],
          [
            9.517803,
            47.3168,
            787.0
          ],
          [
            9.517919,
            47.316727,
            788.0
          ],
          [
            9.517929,
            47.31672,
            788.0
          ],
          [
            9.517965,
            47.316702,
            788.0
          ],
          [
            9.518055,
            47.316641,
            789.0
          ],
          [
            9.518118,
            47.316519,
            789.0
          ],
          [
            9.518135,
            47.316428,
            789.0
          ],
          [
            9.518135,
            47.316264,
            789.0
          ],
          [
            9.518045,
            47.316057,
            789.0
          ],
          [
            9.517947,
            47.315978,
            789.0
          ],
          [
            9.517498,
            47.315563,
            790.0
          ],
          [
            9.517426,
            47.315466,
            790.0
          ],
          [
            9.517443,
            47.315375,
            790.0
          ],
          [
            9.517732,
            47.315064,
            790.0
          ],
          [
            9.517821,
            47.314936,
            790.0
          ],
          [
            9.517938,
            47.314771,
            790.0
          ],
          [
            9.518082,
            47.314729,
            790.0
          ],
          [
            9.518414,
            47.314601,
            789.0
          ],
          [
            9.518747,
            47.31448,
            786.0
          ],
          [
            9.519051,
            47.314418,
            783.0
          ],
          [
            9.519114,
            47.314247,
            781.0
          ],
          [
            9.519276,
            47.314144,
            778.0
          ],
          [
            9.519573,
            47.313895,
            771.0
          ],
          [
            9.519762,
            47.313541,
            758.0
          ],
          [
            9.520076,
            47.313304,
            749.0
          ],
          [
            9.520166,
            47.313109,
            746.0
          ],
          [
            9.520255,
            47.312926,
            743.0
          ],
          [
            9.520426,
            47.312731,
            740.0
          ],
          [
            9.520542,
            47.312664,
            739.0
          ],
          [
            9.520974,
            47.31256,
            736.0
          ],
          [
            9.522322,
            47.312208,
            726.0
          ],
          [
            9.523032,
            47.311897,
            721.0
          ],
          [
            9.523732,
            47.311629,
            710.0
          ],
          [
            9.524253,
            47.311349,
            702.0
          ],
          [
            9.525079,
            47.31091,
            687.0
          ],
          [
            9.525439,
            47.310746,
            681.0
          ],
          [
            9.526139,
            47.310612,
            675.0
          ],
          [
            9.526724,
            47.310417,
            670.0
          ],
          [
            9.527119,
            47.310307,
            666.0
          ],
          [
            9.52764,
            47.310082,
            660.0
          ],
          [
            9.528035,
            47.309978,
            658.0
          ],
          [
            9.528798,
            47.309917,
            655.0
          ],
          [
            9.529274,
            47.309826,
            653.0
          ],
          [
            9.529697,
            47.309771,
            651.0
          ],
          [
            9.530074,
            47.309735,
            648.0
          ],
          [
            9.530173,
            47.309717,
            647.0
          ],
          [
            9.530173,
            47.309668,
            646.0
          ],
          [
            9.5302,
            47.309625,
            645.0
          ],
          [
            9.530299,
            47.309576,
            644.0
          ],
          [
            9.530487,
            47.309588,
            643.0
          ],
          [
            9.530775,
            47.309662,
            640.0
          ],
          [
            9.531062,
            47.309729,
            638.0
          ],
          [
            9.531565,
            47.309747,
            633.0
          ],
          [
            9.532114,
            47.309735,
            628.0
          ],
          [
            9.532536,
            47.309759,
            625.0
          ],
          [
            9.53293,
            47.309814,
            621.0
          ],
          [
            9.533156,
            47.30982,
            620.0
          ],
          [
            9.533345,
            47.30979,
            619.0
          ],
          [
            9.533551,
            47.309759,
            618.0
          ],
          [
            9.533811,
            47.309662,
            617.0
          ],
          [
            9.534207,
            47.309656,
            616.0
          ],
          [
            9.534377,
            47.309625,
            615.0
          ],
          [
            9.534718,
            47.309521,
            614.0
          ],
          [
            9.535347,
            47.309338,
            611.0
          ],
          [
            9.535958,
            47.309162,
            608.0
          ],
          [
            9.536209,
            47.309053,
            606.0
          ],
          [
            9.536416,
            47.308907,
            604.0
          ],
          [
            9.536587,
            47.308791,
            602.0
          ],
          [
            9.536838,
            47.308699,
            600.0
          ],
          [
            9.537081,
            47.308662,
            598.0
          ],
          [
            9.537324,
            47.308656,
            596.0
          ],
          [
            9.537629,
            47.308687,
            594.0
          ],
          [
            9.537754,
            47.308699,
            593.0
          ],
          [
            9.53806,
            47.30873,
            591.0
          ],
          [
            9.538527,
            47.308754,
            588.0
          ],
          [
            9.538555,
            47.308723,
            587.0
          ],
          [
            9.538672,
            47.308687,
            585.0
          ],
          [
            9.538968,
            47.308681,
            579.0
          ],
          [
            9.539264,
            47.30865,
            572.0
          ],
          [
            9.539704,
            47.308589,
            563.0
          ],
          [
            9.539947,
            47.308577,
            558.0
          ],
          [
            9.540306,
            47.308577,
            552.0
          ],
          [
            9.540477,
            47.308583,
            549.0
          ],
          [
            9.540943,
            47.308675,
            542.0
          ],
          [
            9.541232,
            47.308711,
            539.0
          ],
          [
            9.541563,
            47.308772,
            536.0
          ],
          [
            9.541833,
            47.308864,
            533.0
          ],
          [
            9.541941,
            47.308913,
            532.0
          ],
          [
            9.541878,
            47.308803,
            531.0
          ],
          [
            9.542022,
            47.308766,
            529.0
          ],
          [
            9.542228,
            47.308668,
            525.0
          ],
          [
            9.542354,
            47.308541,
            522.0
          ],
          [
            9.542417,
            47.30837,
            518.0
          ],
          [
            9.542551,
            47.308328,
            517.0
          ],
          [
            9.542695,
            47.308255,
            516.0
          ],
          [
            9.542777,
            47.308145,
            515.0
          ],
          [
            9.542785,
            47.30806,
            514.0
          ],
          [
            9.542875,
            47.307706,
            510.0
          ],
          [
            9.543109,
            47.307347,
            507.0
          ],
          [
            9.543406,
            47.307103,
            504.0
          ],
          [
            9.543693,
            47.306932,
            502.0
          ],
          [
            9.543998,
            47.306841,
            500.0
          ],
          [
            9.544249,
            47.306786,
            498.0
          ],
          [
            9.544339,
            47.306756,
            496.0
          ],
          [
            9.544511,
            47.306738,
            492.0
          ],
          [
            9.544645,
            47.306683,
            489.0
          ],
          [
            9.545453,
            47.306336,
            470.0
          ],
          [
            9.54558,
            47.306299,
            468.0
          ],
          [
            9.545669,
            47.30625,
            466.0
          ],
          [
            9.545677,
            47.306214,
            464.0
          ],
          [
            9.545651,
            47.306171,
            463.0
          ],
          [
            9.545553,
            47.306122,
            461.0
          ],
          [
            9.545534,
            47.306098,
            460.0
          ],
          [
            9.545543,
            47.306074,
            460.0
          ],
          [
            9.54558,
            47.306049,
            460.0
          ],
          [
            9.54575,
            47.305982,
            460.0
          ],
          [
            9.54592,
            47.305964,
            460.0
          ],
          [
            9.54593,
            47.305769,
            460.0
          ],
          [
            9.545947,
            47.305709,
            460.0
          ],
          [
            9.545911,
            47.305684,
            460.0
          ],
          [
            9.545893,
            47.305648,
            460.0
          ],
          [
            9.545884,
            47.305605,
            460.0
          ],
          [
            9.545903,
            47.305544,
            460.0
          ],
          [
            9.545966,
            47.305428,
            460.0
          ],
          [
            9.546056,
            47.305276,
            460.0
          ],
          [
            9.546154,
            47.305099,
            460.0
          ],
          [
            9.54628,
            47.304758,
            461.0
          ],
          [
            9.546289,
            47.30471,
            461.0
          ],
          [
            9.54636,
            47.304526,
            464.0
          ],
          [
            9.546522,
            47.304155,
            470.0
          ],
          [
            9.546559,
            47.304039,
            470.0
          ],
          [
            9.546576,
            47.303924,
            470.0
          ],
          [
            9.546603,
            47.303784,
            470.0
          ],
          [
            9.546612,
            47.303643,
            470.0
          ],
          [
            9.546612,
            47.303503,
            470.0
          ],
          [
            9.546559,
            47.303357,
            470.0
          ],
          [
            9.546459,
            47.303174,
            468.0
          ],
          [
            9.546396,
            47.303095,
            467.0
          ],
          [
            9.546387,
            47.303022,
            466.0
          ],
          [
            9.546379,
            47.302955,
            466.0
          ],
          [
            9.546469,
            47.303047,
            465.0
          ],
          [
            9.546576,
            47.30312,
            464.0
          ],
          [
            9.546675,
            47.303162,
            463.0
          ],
          [
            9.546863,
            47.303205,
            461.0
          ],
          [
            9.546945,
            47.303205,
            461.0
          ],
          [
            9.547016,
            47.303205,
            460.0
          ],
          [
            9.547071,
            47.303187,
            460.0
          ],
          [
            9.547106,
            47.303156,
            460.0
          ],
          [
            9.547125,
            47.30312,
            459.0
          ],
          [
            9.547115,
            47.303077,
            459.0
          ],
          [
            9.547088,
            47.303047,
            458.0
          ],
          [
            9.547052,
            47.303022,
            458.0
          ],
          [
            9.546918,
            47.302986,
            457.0
          ],
          [
            9.546738,
            47.302925,
            455.0
          ],
          [
            9.546639,
            47.302857,
            454.0
          ],
          [
            9.546549,
            47.302754,
            453.0
          ],
          [
            9.546469,
            47.302583,
            451.0
          ],
          [
            9.546432,
            47.302328,
            448.0
          ],
          [
            9.54636,
            47.302084,
            445.0
          ],
          [
            9.54628,
            47.301919,
            442.0
          ],
          [
            9.546154,
            47.30181,
            440.0
          ],
          [
            9.54601,
            47.301749,
            439.0
          ],
          [
            9.545624,
            47.301706,
            436.0
          ],
          [
            9.545211,
            47.301609,
            433.0
          ],
          [
            9.545014,
            47.301517,
            432.0
          ],
          [
            9.544429,
            47.300975,
            430.0
          ],
          [
            9.544178,
            47.300738,
            430.0
          ],
          [
            9.544142,
            47.300671,
            430.0
          ],
          [
            9.544169,
            47.300604,
            430.0
          ],
          [
            9.544752,
            47.300244,
            430.0
          ],
          [
            9.544834,
            47.300195,
            430.0
          ],
          [
            9.544977,
            47.300104,
            430.0
          ],
          [
            9.545048,
            47.300061,
            430.0
          ],
          [
            9.54531,
            47.299897,
            430.0
          ],
          [
            9.545723,
            47.299641,
            430.0
          ],
          [
            9.545813,
            47.299599,
            430.0
          ],
          [
            9.545849,
            47.29958,
            430.0
          ],
          [
            9.545903,
            47.29955,
            430.0
          ],
          [
            9.545857,
            47.299495,
            430.0
          ],
          [
            9.545794,
            47.299428,
            430.0
          ],
          [
            9.545687,
            47.299336,
            430.0
          ],
          [
            9.545471,
            47.299172,
            430.0
          ],
          [
            9.545337,
            47.299068,
            430.0
          ],
          [
            9.544627,
            47.298569,
            430.0
          ],
          [
            9.543863,
            47.298045,
            430.0
          ],
          [
            9.543656,
            47.297917,
            430.0
          ],
          [
            9.543297,
            47.297759,
            430.0
          ],
          [
            9.54292,
            47.297606,
            430.0
          ],
          [
            9.542345,
            47.297362,
            430.0
          ],
          [
            9.541878,
            47.297168,
            430.0
          ],
          [
            9.540943,
            47.296778,
            430.0
          ],
          [
            9.540666,
            47.296662,
            430.0
          ],
          [
            9.540656,
            47.296656,
            430.0
          ],
          [
            9.540567,
            47.296601,
            430.0
          ],
          [
            9.540459,
            47.296522,
            430.0
          ],
          [
            9.540404,
            47.296546,
            430.0
          ],
          [
            9.540351,
            47.296582,
            430.0
          ],
          [
            9.540288,
            47.296607,
            430.0
          ],
          [
            9.540225,
            47.296619,
            430.0
          ],
          [
            9.540135,
            47.296619,
            430.0
          ],
          [
            9.539947,
            47.296619,
            430.0
          ],
          [
            9.539569,
            47.296619,
            430.0
          ],
          [
            9.539182,
            47.296619,
            431.0
          ],
          [
            9.538761,
            47.296613,
            431.0
          ],
          [
            9.538761,
            47.296588,
            431.0
          ],
          [
            9.538735,
            47.296534,
            432.0
          ],
          [
            9.537368,
            47.29506,
            435.0
          ],
          [
            9.538267,
            47.294676,
            431.0
          ],
          [
            9.538536,
            47.294566,
            430.0
          ],
          [
            9.538706,
            47.294493,
            430.0
          ],
          [
            9.539012,
            47.294377,
            430.0
          ],
          [
            9.539372,
            47.294298,
            430.0
          ],
          [
            9.539624,
            47.294219,
            430.0
          ],
          [
            9.539614,
            47.294201,
            430.0
          ],
          [
            9.539614,
            47.294201,
            430.0
          ],
          [
            9.539624,
            47.294219,
            430.0
          ],
          [
            9.539687,
            47.294201,
            430.0
          ],
          [
            9.540171,
            47.294061,
            430.0
          ],
          [
            9.540693,
            47.293902,
            430.0
          ],
          [
            9.541438,
            47.293676,
            430.0
          ],
          [
            9.542282,
            47.293421,
            430.0
          ],
          [
            9.542318,
            47.293415,
            430.0
          ],
          [
            9.542767,
            47.293281,
            430.0
          ],
          [
            9.54283,
            47.293256,
            430.0
          ],
          [
            9.542498,
            47.292988,
            430.0
          ],
          [
            9.541806,
            47.292367,
            430.0
          ],
          [
            9.541806,
            47.292367,
            430.0
          ],
          [
            9.541473,
            47.292074,
            430.0
          ],
          [
            9.540827,
            47.291471,
            430.0
          ],
          [
            9.540153,
            47.291038,
            430.0
          ],
          [
            9.540073,
            47.291008,
            430.0
          ],
          [
            9.539938,
            47.290989,
            430.0
          ],
          [
            9.539874,
            47.290983,
            430.0
          ],
          [
            9.539785,
            47.290928,
            430.0
          ],
          [
            9.539677,
            47.290813,
            430.0
          ],
          [
            9.539641,
            47.29077,
            430.0
          ],
          [
            9.539524,
            47.290667,
            430.0
          ],
          [
            9.539488,
            47.290636,
            430.0
          ],
          [
            9.538024,
            47.289412,
            430.0
          ],
          [
            9.537719,
            47.289143,
            430.0
          ],
          [
            9.536209,
            47.2879,
            430.0
          ],
          [
            9.535706,
            47.287505,
            430.0
          ],
          [
            9.534538,
            47.286481,
            430.0
          ],
          [
            9.534538,
            47.286481,
            430.0
          ],
          [
            9.53435,
            47.286316,
            430.0
          ],
          [
            9.534683,
            47.28609,
            430.0
          ],
          [
            9.534764,
            47.286036,
            430.0
          ],
          [
            9.534916,
            47.285926,
            430.0
          ],
          [
            9.53497,
            47.285889,
            430.0
          ],
          [
            9.535051,
            47.285835,
            430.0
          ],
          [
            9.535096,
            47.285804,
            430.0
          ],
          [
            9.53515,
            47.285774,
            430.0
          ],
          [
            9.53523,
            47.285725,
            430.0
          ],
          [
            9.535401,
            47.285634,
            430.0
          ],
          [
            9.5355,
            47.285603,
            430.0
          ],
          [
            9.535563,
            47.285585,
            430.0
          ],
          [
            9.535616,
            47.285579,
            430.0
          ],
          [
            9.535643,
            47.285463,
            430.0
          ],
          [
            9.535815,
            47.285347,
            430.0
          ],
          [
            9.536595,
            47.284908,
            430.0
          ],
          [
            9.537108,
            47.28458,
            430.0
          ],
          [
            9.537656,
            47.284165,
            430.0
          ],
          [
            9.537916,
            47.283946,
            430.0
          ],
          [
            9.538051,
            47.283769,
            430.0
          ],
          [
            9.53815,
            47.283586,
            430.0
          ],
          [
            9.538203,
            47.283348,
            430.0
          ],
          [
            9.538186,
            47.282916,
            430.0
          ],
          [
            9.53814,
            47.282605,
            430.0
          ],
          [
            9.537989,
            47.282184,
            430.0
          ],
          [
            9.537764,
            47.281788,
            430.0
          ],
          [
            9.537566,
            47.28149,
            430.0
          ],
          [
            9.53744,
            47.28135,
            430.0
          ],
          [
            9.537081,
            47.281063,
            430.0
          ],
          [
            9.537485,
            47.280771,
            430.0
          ],
          [
            9.537593,
            47.280661,
            430.0
          ],
          [
            9.537234,
            47.28046,
            430.0
          ],
          [
            9.536236,
            47.279917,
            430.0
          ],
          [
            9.535276,
            47.279473,
            430.0
          ],
          [
            9.535276,
            47.279473,
            430.0
          ],
          [
            9.535276,
            47.279473,
            430.0
          ],
          [
            9.534934,
            47.279284,
            430.0
          ],
          [
            9.534655,
            47.279088,
            430.0
          ],
          [
            9.534269,
            47.278759,
            430.0
          ],
          [
            9.534009,
            47.278583,
            430.0
          ],
          [
            9.533775,
            47.278455,
            430.0
          ],
          [
            9.533515,
            47.278315,
            430.0
          ],
          [
            9.533461,
            47.278272,
            430.0
          ],
          [
            9.533353,
            47.278193,
            430.0
          ],
          [
            9.533227,
            47.278077,
            430.0
          ],
          [
            9.532985,
            47.277778,
            430.0
          ],
          [
            9.532877,
            47.277644,
            430.0
          ],
          [
            9.532751,
            47.277522,
            430.0
          ],
          [
            9.53249,
            47.277279,
            430.0
          ],
          [
            9.532374,
            47.277169,
            430.0
          ],
          [
            9.532257,
            47.277041,
            430.0
          ],
          [
            9.532221,
            47.276955,
            430.0
          ],
          [
            9.532213,
            47.276925,
            430.0
          ],
          [
            9.532177,
            47.276809,
            430.0
          ],
          [
            9.53215,
            47.276669,
            430.0
          ],
          [
            9.53215,
            47.27662,
            430.0
          ],
          [
            9.53214,
            47.276596,
            431.0
          ],
          [
            9.532185,
            47.276578,
            431.0
          ],
          [
            9.532203,
            47.276541,
            431.0
          ],
          [
            9.53224,
            47.276504,
            432.0
          ],
          [
            9.532266,
            47.276486,
            432.0
          ],
          [
            9.532284,
            47.276468,
            432.0
          ],
          [
            9.532293,
            47.276438,
            432.0
          ],
          [
            9.532329,
            47.276352,
            433.0
          ],
          [
            9.53259,
            47.275773,
            438.0
          ],
          [
            9.532626,
            47.275706,
            439.0
          ],
          [
            9.53267,
            47.275639,
            439.0
          ],
          [
            9.532751,
            47.275529,
            439.0
          ],
          [
            9.532886,
            47.275395,
            439.0
          ],
          [
            9.533137,
            47.275188,
            437.0
          ],
          [
            9.533227,
            47.275115,
            434.0
          ],
          [
            9.533308,
            47.275066,
            432.0
          ],
          [
            9.533362,
            47.27506,
            431.0
          ],
          [
            9.533416,
            47.27503,
            430.0
          ],
          [
            9.533452,
            47.274993,
            430.0
          ],
          [
            9.533452,
            47.274956,
            430.0
          ],
          [
            9.533469,
            47.27492,
            430.0
          ],
          [
            9.533515,
            47.274865,
            430.0
          ],
          [
            9.533559,
            47.274828,
            430.0
          ],
          [
            9.533882,
            47.274578,
            430.0
          ],
          [
            9.533937,
            47.274536,
            430.0
          ],
          [
            9.533982,
            47.274499,
            430.0
          ],
          [
            9.533937,
            47.274475,
            430.0
          ],
          [
            9.534035,
            47.274408,
            430.0
          ],
          [
            9.534117,
            47.274347,
            430.0
          ],
          [
            9.534727,
            47.273853,
            430.0
          ],
          [
            9.535473,
            47.273231,
            430.0
          ],
          [
            9.535473,
            47.273231,
            430.0
          ],
          [
            9.534727,
            47.273853,
            430.0
          ],
          [
            9.534117,
            47.274347,
            430.0
          ],
          [
            9.534035,
            47.274408,
            430.0
          ],
          [
            9.533937,
            47.274475,
            430.0
          ],
          [
            9.533982,
            47.274499,
            430.0
          ],
          [
            9.533937,
            47.274536,
            430.0
          ],
          [
            9.533882,
            47.274578,
            430.0
          ],
          [
            9.533559,
            47.274828,
            430.0
          ],
          [
            9.533515,
            47.274865,
            430.0
          ],
          [
            9.533469,
            47.27492,
            430.0
          ],
          [
            9.533452,
            47.274956,
            430.0
          ],
          [
            9.533452,
            47.274993,
            430.0
          ],
          [
            9.533416,
            47.27503,
            430.0
          ],
          [
            9.533362,
            47.27506,
            431.0
          ],
          [
            9.533308,
            47.275066,
            432.0
          ],
          [
            9.533227,
            47.275115,
            434.0
          ],
          [
            9.533137,
            47.275188,
            437.0
          ],
          [
            9.532886,
            47.275395,
            439.0
          ],
          [
            9.532751,
            47.275529,
            439.0
          ],
          [
            9.53267,
            47.275639,
            439.0
          ],
          [
            9.532626,
            47.275706,
            439.0
          ],
          [
            9.53259,
            47.275773,
            438.0
          ],
          [
            9.532329,
            47.276352,
            433.0
          ],
          [
            9.532293,
            47.276438,
            432.0
          ],
          [
            9.532284,
            47.276468,
            432.0
          ],
          [
            9.532266,
            47.276486,
            432.0
          ],
          [
            9.53224,
            47.276504,
            432.0
          ],
          [
            9.532203,
            47.276541,
            431.0
          ],
          [
            9.532185,
            47.276578,
            431.0
          ],
          [
            9.53214,
            47.276596,
            431.0
          ],
          [
            9.53215,
            47.27662,
            430.0
          ],
          [
            9.53215,
            47.276669,
            430.0
          ],
          [
            9.532177,
            47.276809,
            430.0
          ],
          [
            9.532213,
            47.276925,
            430.0
          ],
          [
            9.532221,
            47.276955,
            430.0
          ],
          [
            9.532257,
            47.277041,
            430.0
          ],
          [
            9.532374,
            47.277169,
            430.0
          ],
          [
            9.53249,
            47.277279,
            430.0
          ],
          [
            9.532751,
            47.277522,
            430.0
          ],
          [
            9.532877,
            47.277644,
            430.0
          ],
          [
            9.532985,
            47.277778,
            430.0
          ],
          [
            9.533227,
            47.278077,
            430.0
          ],
          [
            9.533353,
            47.278193,
            430.0
          ],
          [
            9.533461,
            47.278272,
            430.0
          ],
          [
            9.533515,
            47.278315,
            430.0
          ],
          [
            9.533775,
            47.278455,
            430.0
          ],
          [
            9.534009,
            47.278583,
            430.0
          ],
          [
            9.534269,
            47.278759,
            430.0
          ],
          [
            9.534655,
            47.279088,
            430.0
          ],
          [
            9.534934,
            47.279284,
            430.0
          ],
          [
            9.535276,
            47.279473,
            430.0
          ],
          [
            9.536236,
            47.279917,
            430.0
          ],
          [
            9.537234,
            47.28046,
            430.0
          ],
          [
            9.537593,
            47.280661,
            430.0
          ],
          [
            9.537485,
            47.280771,
            430.0
          ],
          [
            9.537081,
            47.281063,
            430.0
          ],
          [
            9.53744,
            47.28135,
            430.0
          ],
          [
            9.537566,
            47.28149,
            430.0
          ],
          [
            9.537764,
            47.281788,
            430.0
          ],
          [
            9.537989,
            47.282184,
            430.0
          ],
          [
            9.53814,
            47.282605,
            430.0
          ],
          [
            9.538186,
            47.282916,
            430.0
          ],
          [
            9.538203,
            47.283348,
            430.0
          ],
          [
            9.53815,
            47.283586,
            430.0
          ],
          [
            9.538051,
            47.283769,
            430.0
          ],
          [
            9.537916,
            47.283946,
            430.0
          ],
          [
            9.537656,
            47.284165,
            430.0
          ],
          [
            9.537108,
            47.28458,
            430.0
          ],
          [
            9.536595,
            47.284908,
            430.0
          ],
          [
            9.535815,
            47.285347,
            430.0
          ],
          [
            9.535643,
            47.285463,
            430.0
          ],
          [
            9.535616,
            47.285579,
            430.0
          ],
          [
            9.535563,
            47.285585,
            430.0
          ],
          [
            9.5355,
            47.285603,
            430.0
          ],
          [
            9.535401,
            47.285634,
            430.0
          ],
          [
            9.53523,
            47.285725,
            430.0
          ],
          [
            9.53515,
            47.285774,
            430.0
          ],
          [
            9.535096,
            47.285804,
            430.0
          ],
          [
            9.535051,
            47.285835,
            430.0
          ],
          [
            9.53497,
            47.285889,
            430.0
          ],
          [
            9.534916,
            47.285926,
            430.0
          ],
          [
            9.535293,
            47.286182,
            430.0
          ],
          [
            9.535464,
            47.286298,
            430.0
          ],
          [
            9.535616,
            47.286285,
            430.0
          ],
          [
            9.535643,
            47.286285,
            430.0
          ],
          [
            9.536389,
            47.286804,
            430.0
          ],
          [
            9.536372,
            47.286816,
            430.0
          ],
          [
            9.536353,
            47.286828,
            430.0
          ],
          [
            9.536318,
            47.28681,
            430.0
          ],
          [
            9.536245,
            47.286749,
            430.0
          ],
          [
            9.536173,
            47.2867,
            430.0
          ],
          [
            9.536345,
            47.286591,
            430.0
          ],
          [
            9.536381,
            47.286615,
            430.0
          ],
          [
            9.536389,
            47.286621,
            430.0
          ]
        ]
      }
    }
  ]
}