{
  "type": "FeatureCollection",
  "features": [
    {
      "type": "Feature",
      "properties": {},
      "geometry": {
        "type": "LineString",
        "coordinates": [
          [
            8.816803,
            47.224754,
            410.0
          ],
          [
            8.816811,
            47.224717,
            410.0
          ],
          [
            8.817287,
            47.224772,
            410.0
          ],
          [
            8.817253,
            47.224943,
            410.0
          ],
          [
            8.817279,
            47.224943,
            410.0
          ],
          [
            8.817253,
            47.225071,
            410.0
          ],
          [
            8.817243,
            47.225101,
            410.0
          ],
          [
            8.817377,
            47.225126,
            410.0
          ],
          [
            8.817476,
            47.225144,
            410.0
          ],
          [
            8.817494,
            47.22515,
            410.0
          ],
          [
            8.817513,
            47.225156,
            410.0
          ],
          [
            8.817522,
            47.225162,
            410.0
          ],
          [
            8.81753,
            47.225174,
            410.0
          ],
          [
            8.81754,
            47.225187,
            410.0
          ],
          [
            8.81754,
            47.225205,
            410.0
          ],
          [
            8.81754,
            47.225217,
            410.0
          ],
          [
            8.81753,
            47.225235,
            410.0
          ],
          [
            8.817513,
            47.225278,
            410.0
          ],
          [
            8.817494,
            47.225351,
            410.0
          ],
          [
            8.817503,
            47.225357,
            410.0
          ],
          [
            8.817513,
            47.225363,
            410.0
          ],
          [
            8.81753,
            47.225369,
            410.0
          ],
          [
            8.81762,
            47.225382,
            410.0
          ],
          [
            8.81762,
            47.225394,
            410.0
          ],
          [
            8.817603,
            47.225437,
            410.0
          ],
          [
            8.817584,
            47.225479,
            410.0
          ],
          [
            8.817584,
            47.225485,
            410.0
          ],
          [
            8.81753,
            47.225479,
            410.0
          ],
          [
            8.817486,
            47.225473,
            410.0
          ],
          [
            8.817476,
            47.225504,
            410.0
          ],
          [
            8.817459,
            47.225668,
            410.0
          ],
          [
            8.817459,
            47.225674,
            410.0
          ],
          [
            8.81745,
            47.225723,
            410.0
          ],
          [
            8.81745,
            47.225778,
            410.0
          ],
          [
            8.81745,
            47.225778,
            410.0
          ],
          [
            8.817432,
            47.225961,
            410.0
          ],
          [
            8.81745,
            47.225961,
            410.0
          ],
          [
            8.817612,
            47.225985,
            410.0
          ],
          [
            8.817666,
            47.225998,
            410.0
          ],
          [
            8.817782,
            47.226016,
            410.0
          ],
          [
            8.817737,
            47.226132,
            413.0
          ],
          [
            8.817719,
            47.226187,
            414.0
          ],
          [
            8.817639,
            47.226437,
            413.0
          ],
          [
            8.817629,
            47.226468,
            414.0
          ],
          [
            8.817719,
            47.226486,
            414.0
          ],
          [
            8.817719,
            47.226486,
            414.0
          ],
          [
            8.81789,
            47.226516,
            413.0
          ],
          [
            8.81797,
            47.226535,
            413.0
          ],
          [
            8.818006,
            47.226541,
            412.0
          ],
          [
            8.818096,
            47.226565,
            412.0
          ],
          [
            8.818249,
            47.226602,
            411.0
          ],
          [
            8.818222,
            47.226638,
            415.0
          ],
          [
            8.818205,
            47.226675,
            419.0
          ],
          [
            8.818249,
            47.226706,
            418.0
          ],
          [
            8.818285,
            47.22673,
            416.0
          ],
          [
            8.818321,
            47.226773,
            414.0
          ],
          [
            8.818348,
            47.226791,
            413.0
          ],
          [
            8.818419,
            47.22684,
            411.0
          ],
          [
            8.818312,
            47.226913,
            414.0
          ],
          [
            8.81824,
            47.226999,
            416.0
          ],
          [
            8.818213,
            47.227102,
            416.0
          ],
          [
            8.81815,
            47.22723,
            417.0
          ],
          [
            8.81815,
            47.22723,
            417.0
          ],
          [
            8.818142,
            47.227261,
            417.0
          ],
          [
            8.817979,
            47.22748,
            418.0
          ],
          [
            8.817935,
            47.227535,
            417.0
          ],
          [
            8.81789,
            47.227578,
            417.0
          ],
          [
            8.817935,
            47.227608,
            417.0
          ],
          [
            8.818052,
            47.227675,
            417.0
          ],
          [
            8.818186,
            47.227718,
            417.0
          ],
          [
            8.818356,
            47.227791,
            416.0
          ],
          [
            8.818402,
            47.227797,
            416.0
          ],
          [
            8.818465,
            47.227816,
            416.0
          ],
          [
            8.818671,
            47.227901,
            416.0
          ],
          [
            8.818671,
            47.227901,
            416.0
          ],
          [
            8.818716,
            47.227919,
            416.0
          ],
          [
            8.81895,
            47.228017,
            415.0
          ],
          [
            8.819147,
            47.22812,
            415.0
          ],
          [
            8.81922,
            47.228163,
            415.0
          ],
          [
            8.819264,
            47.228181,
            414.0
          ],
          [
            8.819337,
            47.228194,
            414.0
          ],
          [
            8.819363,
            47.228218,
            414.0
          ],
          [
            8.819381,
            47.228224,
            414.0
          ],
          [
            8.819444,
            47.228249,
            414.0
          ],
          [
            8.819534,
            47.228285,
            414.0
          ],
          [
            8.819687,
            47.228401,
            414.0
          ],
          [
            8.819704,
            47.228419,
            414.0
          ],
          [
            8.819758,
            47.228462,
            413.0
          ],
          [
            8.81984,
            47.228505,
            413.0
          ],
          [
            8.819903,
            47.228578,
            413.0
          ],
          [
            8.819911,
            47.228603,
            413.0
          ],
          [
            8.819911,
            47.228633,
            413.0
          ],
          [
            8.819911,
            47.228658,
            413.0
          ],
          [
            8.819903,
            47.228676,
            413.0
          ],
          [
            8.819857,
            47.228774,
            413.0
          ],
          [
            8.819992,
            47.228798,
            413.0
          ],
          [
            8.820082,
            47.228816,
            413.0
          ],
          [
            8.820019,
            47.229,
            413.0
          ],
          [
            8.819964,
            47.229146,
            413.0
          ],
          [
            8.819893,
            47.229335,
            413.0
          ],
          [
            8.819911,
            47.22939,
            413.0
          ],
          [
            8.81992,
            47.229426,
            413.0
          ],
          [
            8.819937,
            47.229463,
            413.0
          ],
          [
            8.819929,
            47.229524,
            412.0
          ],
          [
            8.819929,
            47.229542,
            412.0
          ],
          [
            8.82009,
            47.229597,
            413.0
          ],
          [
            8.820234,
            47.229658,
            413.0
          ],
          [
            8.820333,
            47.229725,
            413.0
          ],
          [
            8.82045,
            47.22981,
            413.0
          ],
          [
            8.820522,
            47.229865,
            413.0
          ],
          [
            8.820585,
            47.229951,
            413.0
          ],
          [
            8.820719,
            47.230048,
            413.0
          ],
          [
            8.820882,
            47.230121,
            413.0
          ],
          [
            8.820971,
            47.230195,
            413.0
          ],
          [
            8.821061,
            47.230268,
            414.0
          ],
          [
            8.821106,
            47.230243,
            414.0
          ],
          [
            8.821132,
            47.230225,
            414.0
          ],
          [
            8.821295,
            47.230341,
            414.0
          ],
          [
            8.821304,
            47.230353,
            414.0
          ],
          [
            8.821366,
            47.230408,
            414.0
          ],
          [
            8.821465,
            47.230463,
            414.0
          ],
          [
            8.821654,
            47.230579,
            414.0
          ],
          [
            8.821734,
            47.230622,
            414.0
          ],
          [
            8.821941,
            47.230689,
            414.0
          ],
          [
            8.822076,
            47.230726,
            414.0
          ],
          [
            8.822184,
            47.230762,
            414.0
          ],
          [
            8.822587,
            47.230872,
            415.0
          ],
          [
            8.822857,
            47.230958,
            415.0
          ],
          [
            8.822893,
            47.23097,
            415.0
          ],
          [
            8.823073,
            47.231061,
            415.0
          ],
          [
            8.823153,
            47.231104,
            415.0
          ],
          [
            8.823208,
            47.231128,
            415.0
          ],
          [
            8.823306,
            47.231183,
            415.0
          ],
          [
            8.823836,
            47.231397,
            416.0
          ],
          [
            8.823882,
            47.231409,
            416.0
          ],
          [
            8.824222,
            47.231543,
            416.0
          ],
          [
            8.824637,
            47.231695,
            417.0
          ],
          [
            8.824672,
            47.231708,
            417.0
          ],
          [
            8.824861,
            47.231781,
            417.0
          ],
          [
            8.825319,
            47.231964,
            418.0
          ],
          [
            8.825373,
            47.231994,
            418.0
          ],
          [
            8.825696,
            47.232177,
            418.0
          ],
          [
            8.826019,
            47.232421,
            419.0
          ],
          [
            8.826065,
            47.23247,
            419.0
          ],
          [
            8.826172,
            47.23258,
            419.0
          ],
          [
            8.82619,
            47.232598,
            419.0
          ],
          [
            8.826208,
            47.232616,
            419.0
          ],
          [
            8.826226,
            47.232641,
            419.0
          ],
          [
            8.826235,
            47.232647,
            419.0
          ],
          [
            8.826298,
            47.232702,
            419.0
          ],
          [
            8.826432,
            47.232885,
            419.0
          ],
          [
            8.826459,
            47.232928,
            419.0
          ],
          [
            8.826514,
            47.232897,
            419.0
          ],
          [
            8.826666,
            47.232836,
            419.0
          ],
          [
            8.826837,
            47.232775,
            419.0
          ],
          [
            8.826918,
            47.232751,
            419.0
          ],
          [
            8.827008,
            47.232726,
            419.0
          ],
          [
            8.827287,
            47.232671,
            419.0
          ],
          [
            8.827493,
            47.232647,
            420.0
          ],
          [
            8.82804,
            47.23258,
            420.0
          ],
          [
            8.828589,
            47.232531,
            420.0
          ],
          [
            8.828633,
            47.232537,
            420.0
          ],
          [
            8.82866,
            47.232537,
            420.0
          ],
          [
            8.828759,
            47.232549,
            420.0
          ],
          [
            8.82893,
            47.232561,
            420.0
          ],
          [
            8.829029,
            47.232568,
            420.0
          ],
          [
            8.829101,
            47.232568,
            420.0
          ],
          [
            8.829172,
            47.232568,
            420.0
          ],
          [
            8.829298,
            47.232549,
            420.0
          ],
          [
            8.829344,
            47.232543,
            420.0
          ],
          [
            8.829424,
            47.232531,
            420.0
          ],
          [
            8.829524,
            47.232513,
            420.0
          ],
          [
            8.829685,
            47.23247,
            420.0
          ],
          [
            8.829792,
            47.232445,
            420.0
          ],
          [
            8.830017,
            47.232397,
            420.0
          ],
          [
            8.830178,
            47.23236,
            420.0
          ],
          [
            8.830394,
            47.232323,
            420.0
          ],
          [
            8.830637,
            47.232287,
            421.0
          ],
          [
            8.83078,
            47.232275,
            421.0
          ],
          [
            8.83087,
            47.232268,
            421.0
          ],
          [
            8.831086,
            47.23225,
            421.0
          ],
          [
            8.831302,
            47.232244,
            421.0
          ],
          [
            8.831679,
            47.232226,
            421.0
          ],
          [
            8.831975,
            47.232214,
            421.0
          ],
          [
            8.832021,
            47.232214,
            421.0
          ],
          [
            8.832281,
            47.232201,
            422.0
          ],
          [
            8.83265,
            47.232183,
            422.0
          ],
          [
            8.83282,
            47.232177,
            422.0
          ],
          [
            8.833287,
            47.232153,
            422.0
          ],
          [
            8.833359,
            47.23214,
            422.0
          ],
          [
            8.833413,
            47.23211,
            422.0
          ],
          [
            8.83344,
            47.232122,
            422.0
          ],
          [
            8.833556,
            47.232165,
            421.0
          ],
          [
            8.833583,
            47.232177,
            421.0
          ],
          [
            8.83361,
            47.232183,
            421.0
          ],
          [
            8.833682,
            47.232201,
            421.0
          ],
          [
            8.833772,
            47.232214,
            421.0
          ],
          [
            8.833843,
            47.232226,
            421.0
          ],
          [
            8.833943,
            47.232238,
            421.0
          ],
          [
            8.834032,
            47.232244,
            421.0
          ],
          [
            8.83414,
            47.232238,
            421.0
          ],
          [
            8.834222,
            47.232238,
            421.0
          ],
          [
            8.834356,
            47.232226,
            421.0
          ],
          [
            8.834482,
            47.232208,
            421.0
          ],
          [
            8.834581,
            47.232195,
            421.0
          ],
          [
            8.834616,
            47.232189,
            421.0
          ],
          [
            8.834706,
            47.232171,
            420.0
          ],
          [
            8.834859,
            47.232147,
            420.0
          ],
          [
            8.834931,
            47.232134,
            420.0
          ],
          [
            8.835111,
            47.232098,
            420.0
          ],
          [
            8.835227,
            47.232079,
            420.0
          ],
          [
            8.835361,
            47.232055,
            420.0
          ],
          [
            8.835506,
            47.232031,
            420.0
          ],
          [
            8.835713,
            47.232,
            420.0
          ],
          [
            8.835803,
            47.231982,
            420.0
          ],
          [
            8.835964,
            47.231964,
            420.0
          ],
          [
            8.836116,
            47.231964,
            420.0
          ],
          [
            8.836386,
            47.231964,
            420.0
          ],
          [
            8.836583,
            47.231964,
            420.0
          ],
          [
            8.836583,
            47.231909,
            420.0
          ],
          [
            8.8367,
            47.231897,
            420.0
          ],
          [
            8.836755,
            47.231842,
            420.0
          ],
          [
            8.836782,
            47.231793,
            420.0
          ],
          [
            8.836853,
            47.231799,
            420.0
          ],
          [
            8.836925,
            47.231799,
            420.0
          ],
          [
            8.836935,
            47.231866,
            420.0
          ],
          [
            8.836979,
            47.231909,
            420.0
          ],
          [
            8.837051,
            47.231933,
            420.0
          ],
          [
            8.837051,
            47.23197,
            420.0
          ],
          [
            8.837141,
            47.231976,
            420.0
          ],
          [
            8.837149,
            47.231976,
            420.0
          ],
          [
            8.837248,
            47.231976,
            420.0
          ],
          [
            8.837491,
            47.231951,
            420.0
          ],
          [
            8.837671,
            47.231909,
            421.0
          ],
          [
            8.83777,
            47.23189,
            421.0
          ],
          [
            8.837887,
            47.231872,
            421.0
          ],
          [
            8.837914,
            47.231872,
            421.0
          ],
          [
            8.83795,
            47.231866,
            421.0
          ],
          [
            8.83803,
            47.23186,
            421.0
          ],
          [
            8.838021,
            47.23189,
            421.0
          ],
          [
            8.838021,
            47.231933,
            421.0
          ],
          [
            8.838084,
            47.232043,
            422.0
          ],
          [
            8.838138,
            47.232128,
            422.0
          ],
          [
            8.838191,
            47.232116,
            422.0
          ],
          [
            8.838273,
            47.232104,
            423.0
          ],
          [
            8.838363,
            47.232092,
            423.0
          ],
          [
            8.838569,
            47.232092,
            424.0
          ],
          [
            8.838793,
            47.232098,
            425.0
          ],
          [
            8.838893,
            47.23211,
            426.0
          ],
          [
            8.838902,
            47.23211,
            426.0
          ],
          [
            8.839117,
            47.232134,
            427.0
          ],
          [
            8.839126,
            47.23214,
            427.0
          ],
          [
            8.839449,
            47.232214,
            428.0
          ],
          [
            8.839575,
            47.232244,
            429.0
          ],
          [
            8.839692,
            47.23225,
            429.0
          ],
          [
            8.839799,
            47.232256,
            430.0
          ],
          [
            8.839961,
            47.23225,
            431.0
          ],
          [
            8.840042,
            47.232244,
            431.0
          ],
          [
            8.840141,
            47.23225,
            432.0
          ],
          [
            8.840294,
            47.232262,
            432.0
          ],
          [
            8.840896,
            47.232305,
            435.0
          ],
          [
            8.840923,
            47.232311,
            435.0
          ],
          [
            8.840958,
            47.232311,
            435.0
          ],
          [
            8.841093,
            47.232336,
            436.0
          ],
          [
            8.841282,
            47.232366,
            437.0
          ],
          [
            8.841848,
            47.232464,
            439.0
          ],
          [
            8.841883,
            47.23247,
            440.0
          ],
          [
            8.842216,
            47.232531,
            441.0
          ],
          [
            8.842629,
            47.232598,
            442.0
          ],
          [
            8.843061,
            47.232677,
            444.0
          ],
          [
            8.843177,
            47.232702,
            444.0
          ],
          [
            8.843654,
            47.2328,
            446.0
          ],
          [
            8.844363,
            47.232952,
            449.0
          ],
          [
            8.844435,
            47.232964,
            449.0
          ],
          [
            8.844659,
            47.233013,
            450.0
          ],
          [
            8.845009,
            47.233062,
            452.0
          ],
          [
            8.845782,
            47.233117,
            458.0
          ],
          [
            8.845872,
            47.233123,
            458.0
          ],
          [
            8.846017,
            47.233135,
            459.0
          ],
          [
            8.846141,
            47.233147,
            460.0
          ],
          [
            8.8466,
            47.233245,
            460.0
          ],
          [
            8.846699,
            47.233263,
            460.0
          ],
          [
            8.846824,
            47.233282,
            460.0
          ],
          [
            8.847112,
            47.233312,
            460.0
          ],
          [
            8.847292,
            47.23333,
            460.0
          ],
          [
            8.847498,
            47.233355,
            460.0
          ],
          [
            8.847768,
            47.233397,
            460.0
          ],
          [
            8.848019,
            47.233452,
            460.0
          ],
          [
            8.848109,
            47.233464,
            460.0
          ],
          [
            8.848181,
            47.233464,
            460.0
          ],
          [
            8.848342,
            47.233471,
            460.0
          ],
          [
            8.848567,
            47.233458,
            460.0
          ],
          [
            8.848747,
            47.233452,
            460.0
          ],
          [
            8.849206,
            47.233422,
            460.0
          ],
          [
            8.849447,
            47.233422,
            460.0
          ],
          [
            8.849556,
            47.23341,
            460.0
          ],
          [
            8.849654,
            47.233397,
            460.0
          ],
          [
            8.849735,
            47.233379,
            460.0
          ],
          [
            8.849996,
            47.233288,
            460.0
          ],
          [
            8.850193,
            47.233202,
            460.0
          ],
          [
            8.850212,
            47.23319,
            460.0
          ],
          [
            8.850309,
            47.233154,
            460.0
          ],
          [
            8.850418,
            47.233123,
            460.0
          ],
          [
            8.850544,
            47.233129,
            460.0
          ],
          [
            8.850849,
            47.233202,
            460.0
          ],
          [
            8.851055,
            47.233239,
            460.0
          ],
          [
            8.851262,
            47.233282,
            460.0
          ],
          [
            8.851837,
            47.233434,
            460.0
          ],
          [
            8.85234,
            47.233556,
            460.0
          ],
          [
            8.852988,
            47.233605,
            460.0
          ],
          [
            8.853095,
            47.233641,
            460.0
          ],
          [
            8.853535,
            47.233781,
            460.0
          ],
          [
            8.853724,
            47.23383,
            460.0
          ],
          [
            8.853822,
            47.233855,
            460.0
          ],
          [
            8.854236,
            47.233849,
            460.0
          ],
          [
            8.854478,
            47.233867,
            460.0
          ],
          [
            8.854712,
            47.233928,
            460.0
          ],
          [
            8.855206,
            47.234031,
            460.0
          ],
          [
            8.855961,
            47.234208,
            460.0
          ],
          [
            8.856257,
            47.234275,
            460.0
          ],
          [
            8.856517,
            47.234373,
            460.0
          ],
          [
            8.856741,
            47.234428,
            460.0
          ],
          [
            8.856984,
            47.234471,
            460.0
          ],
          [
            8.85738,
            47.234544,
            460.0
          ],
          [
            8.857569,
            47.23469,
            460.0
          ],
          [
            8.857838,
            47.234874,
            461.0
          ],
          [
            8.858009,
            47.234904,
            461.0
          ],
          [
            8.858395,
            47.234965,
            462.0
          ],
          [
            8.858997,
            47.235063,
            464.0
          ],
          [
            8.85958,
            47.235191,
            466.0
          ],
          [
            8.860183,
            47.235343,
            468.0
          ],
          [
            8.861701,
            47.235654,
            470.0
          ],
          [
            8.861862,
            47.235684,
            470.0
          ],
          [
            8.862842,
            47.235867,
            470.0
          ],
          [
            8.863911,
            47.236081,
            470.0
          ],
          [
            8.865303,
            47.236478,
            470.0
          ],
          [
            8.8655,
            47.236539,
            470.0
          ],
          [
            8.866085,
            47.236966,
            470.0
          ],
          [
            8.866641,
            47.237142,
            470.0
          ],
          [
            8.866695,
            47.237246,
            470.0
          ],
          [
            8.866758,
            47.237398,
            470.0
          ],
          [
            8.867207,
            47.237526,
            470.0
          ],
          [
            8.867431,
            47.237606,
            470.0
          ],
          [
            8.867638,
            47.237636,
            470.0
          ],
          [
            8.867944,
            47.237654,
            470.0
          ],
          [
            8.868177,
            47.237685,
            470.0
          ],
          [
            8.868402,
            47.237728,
            470.0
          ],
          [
            8.868699,
            47.237825,
            470.0
          ],
          [
            8.86948,
            47.23813,
            470.0
          ],
          [
            8.870181,
            47.238338,
            470.0
          ],
          [
            8.870603,
            47.238442,
            470.0
          ],
          [
            8.870737,
            47.238478,
            470.0
          ],
          [
            8.870846,
            47.238521,
            470.0
          ],
          [
            8.870953,
            47.2386,
            470.0
          ],
          [
            8.871043,
            47.238643,
            470.0
          ],
          [
            8.871097,
            47.238661,
            470.0
          ],
          [
            8.871178,
            47.238673,
            470.0
          ],
          [
            8.871339,
            47.23868,
            470.0
          ],
          [
            8.871393,
            47.238686,
            470.0
          ],
          [
            8.871439,
            47.238698,
            470.0
          ],
          [
            8.871573,
            47.238741,
            470.0
          ],
          [
            8.871636,
            47.238753,
            470.0
          ],
          [
            8.871842,
            47.238765,
            470.0
          ],
          [
            8.872022,
            47.238771,
            470.0
          ],
          [
            8.872148,
            47.238771,
            471.0
          ],
          [
            8.872373,
            47.238777,
            472.0
          ],
          [
            8.872544,
            47.23882,
            473.0
          ],
          [
            8.87275,
            47.238862,
            474.0
          ],
          [
            8.872804,
            47.238881,
            474.0
          ],
          [
            8.87284,
            47.238899,
            474.0
          ],
          [
            8.872857,
            47.238929,
            474.0
          ],
          [
            8.872911,
            47.238923,
            474.0
          ],
          [
            8.872957,
            47.238929,
            475.0
          ],
          [
            8.873001,
            47.238936,
            475.0
          ],
          [
            8.873127,
            47.238954,
            475.0
          ],
          [
            8.873236,
            47.239003,
            476.0
          ],
          [
            8.873442,
            47.239039,
            477.0
          ],
          [
            8.873639,
            47.239076,
            478.0
          ],
          [
            8.873846,
            47.239125,
            479.0
          ],
          [
            8.874025,
            47.239149,
            479.0
          ],
          [
            8.874268,
            47.239185,
            481.0
          ],
          [
            8.874412,
            47.239234,
            482.0
          ],
          [
            8.874555,
            47.239253,
            483.0
          ],
          [
            8.874699,
            47.239259,
            484.0
          ],
          [
            8.874978,
            47.239246,
            486.0
          ],
          [
            8.875265,
            47.239228,
            488.0
          ],
          [
            8.8754,
            47.239234,
            489.0
          ],
          [
            8.875741,
            47.239301,
            491.0
          ],
          [
            8.876056,
            47.239393,
            493.0
          ],
          [
            8.876343,
            47.23946,
            495.0
          ],
          [
            8.876649,
            47.239515,
            497.0
          ],
          [
            8.876936,
            47.239545,
            498.0
          ],
          [
            8.877142,
            47.239557,
            500.0
          ],
          [
            8.877394,
            47.239563,
            501.0
          ],
          [
            8.877637,
            47.239557,
            502.0
          ],
          [
            8.877691,
            47.239569,
            502.0
          ],
          [
            8.87788,
            47.239594,
            503.0
          ],
          [
            8.878113,
            47.239637,
            505.0
          ],
          [
            8.878284,
            47.239667,
            506.0
          ],
          [
            8.878347,
            47.239685,
            506.0
          ],
          [
            8.878427,
            47.239704,
            506.0
          ],
          [
            8.878553,
            47.23974,
            507.0
          ],
          [
            8.878679,
            47.239777,
            508.0
          ],
          [
            8.878805,
            47.239795,
            509.0
          ],
          [
            8.879002,
            47.239801,
            510.0
          ],
          [
            8.879226,
            47.239789,
            511.0
          ],
          [
            8.879343,
            47.239783,
            511.0
          ],
          [
            8.879398,
            47.239789,
            512.0
          ],
          [
            8.87946,
            47.239795,
            512.0
          ],
          [
            8.879523,
            47.239814,
            512.0
          ],
          [
            8.879765,
            47.239893,
            513.0
          ],
          [
            8.880115,
            47.239936,
            514.0
          ],
          [
            8.880413,
            47.239954,
            514.0
          ],
          [
            8.880574,
            47.239966,
            514.0
          ],
          [
            8.880744,
            47.239991,
            515.0
          ],
          [
            8.881104,
            47.240064,
            515.0
          ],
          [
            8.881383,
            47.240125,
            516.0
          ],
          [
            8.881786,
            47.240229,
            517.0
          ],
          [
            8.882191,
            47.24032,
            518.0
          ],
          [
            8.882389,
            47.240357,
            518.0
          ],
          [
            8.882631,
            47.240387,
            518.0
          ],
          [
            8.883242,
            47.240467,
            520.0
          ],
          [
            8.88336,
            47.240479,
            520.0
          ],
          [
            8.884149,
            47.240576,
            520.0
          ],
          [
            8.884473,
            47.240625,
            520.0
          ],
          [
            8.884949,
            47.240716,
            520.0
          ],
          [
            8.885228,
            47.24079,
            520.0
          ],
          [
            8.885658,
            47.240924,
            520.0
          ],
          [
            8.885874,
            47.240985,
            520.0
          ],
          [
            8.886314,
            47.241076,
            520.0
          ],
          [
            8.886665,
            47.241149,
            520.0
          ],
          [
            8.886736,
            47.241167,
            520.0
          ],
          [
            8.887023,
            47.241247,
            520.0
          ],
          [
            8.887402,
            47.241363,
            520.0
          ],
          [
            8.887887,
            47.241478,
            520.0
          ],
          [
            8.888631,
            47.241643,
            520.0
          ],
          [
            8.889405,
            47.241814,
            519.0
          ],
          [
            8.889647,
            47.241881,
            518.0
          ],
          [
            8.889719,
            47.241881,
            518.0
          ],
          [
            8.889792,
            47.241869,
            518.0
          ],
          [
            8.890006,
            47.24179,
            516.0
          ],
          [
            8.890096,
            47.241772,
            516.0
          ],
          [
            8.89015,
            47.241772,
            516.0
          ],
          [
            8.890205,
            47.241778,
            516.0
          ],
          [
            8.890312,
            47.241814,
            515.0
          ],
          [
            8.890392,
            47.241833,
            516.0
          ],
          [
            8.890501,
            47.24171,
            517.0
          ],
          [
            8.890671,
            47.241515,
            518.0
          ],
          [
            8.891031,
            47.241247,
            519.0
          ],
          [
            8.891237,
            47.241161,
            520.0
          ],
          [
            8.8913,
            47.241137,
            520.0
          ],
          [
            8.891551,
            47.241082,
            521.0
          ],
          [
            8.891794,
            47.24107,
            521.0
          ],
          [
            8.892126,
            47.241064,
            522.0
          ],
          [
            8.892692,
            47.241076,
            523.0
          ],
          [
            8.892782,
            47.241161,
            523.0
          ],
          [
            8.893016,
            47.241216,
            523.0
          ],
          [
            8.893797,
            47.241271,
            525.0
          ],
          [
            8.894264,
            47.241277,
            526.0
          ],
          [
            8.895037,
            47.241302,
            527.0
          ],
          [
            8.895621,
            47.241344,
            528.0
          ],
          [
            8.896295,
            47.241515,
            530.0
          ],
          [
            8.89686,
            47.241625,
            532.0
          ],
          [
            8.897776,
            47.241704,
            535.0
          ],
          [
            8.898505,
            47.241888,
            538.0
          ],
          [
            8.900679,
            47.242089,
            540.0
          ],
          [
            8.901092,
            47.242089,
            540.0
          ],
          [
            8.901235,
            47.242077,
            540.0
          ],
          [
            8.901541,
            47.242022,
            540.0
          ],
          [
            8.901703,
            47.242016,
            540.0
          ],
          [
            8.902061,
            47.242058,
            540.0
          ],
          [
            8.902313,
            47.242046,
            540.0
          ],
          [
            8.9026,
            47.242071,
            538.0
          ],
          [
            8.90279,
            47.242089,
            537.0
          ],
          [
            8.902925,
            47.242089,
            536.0
          ],
          [
            8.903059,
            47.242095,
            535.0
          ],
          [
            8.903203,
            47.242064,
            534.0
          ],
          [
            8.903392,
            47.242022,
            533.0
          ],
          [
            8.903508,
            47.241967,
            532.0
          ],
          [
            8.903579,
            47.241936,
            531.0
          ],
          [
            8.903625,
            47.241875,
            531.0
          ],
          [
            8.903688,
            47.241863,
            530.0
          ],
          [
            8.903795,
            47.241857,
            530.0
          ],
          [
            8.904047,
            47.241875,
            527.0
          ],
          [
            8.904451,
            47.241906,
            522.0
          ],
          [
            8.904613,
            47.241912,
            520.0
          ],
          [
            8.90473,
            47.2419,
            519.0
          ],
          [
            8.904981,
            47.241827,
            515.0
          ],
          [
            8.905143,
            47.241796,
            513.0
          ],
          [
            8.905332,
            47.241778,
            510.0
          ],
          [
            8.905512,
            47.241784,
            509.0
          ],
          [
            8.905826,
            47.241808,
            508.0
          ],
          [
            8.905933,
            47.241814,
            508.0
          ],
          [
            8.905988,
            47.241784,
            508.0
          ],
          [
            8.906059,
            47.241814,
            507.0
          ],
          [
            8.906311,
            47.241906,
            506.0
          ],
          [
            8.906535,
            47.241979,
            506.0
          ],
          [
            8.906742,
            47.242022,
            505.0
          ],
          [
            8.906994,
            47.242046,
            504.0
          ],
          [
            8.907137,
            47.242083,
            503.0
          ],
          [
            8.907541,
            47.24218,
            502.0
          ],
          [
            8.90809,
            47.242308,
            500.0
          ],
          [
            8.908512,
            47.242418,
            501.0
          ],
          [
            8.908845,
            47.242479,
            501.0
          ],
          [
            8.909158,
            47.242491,
            501.0
          ],
          [
            8.909384,
            47.242497,
            502.0
          ],
          [
            8.909563,
            47.242491,
            502.0
          ],
          [
            8.909904,
            47.242461,
            502.0
          ],
          [
            8.910191,
            47.242418,
            503.0
          ],
          [
            8.910453,
            47.242381,
            503.0
          ],
          [
            8.911053,
            47.242296,
            504.0
          ],
          [
            8.911233,
            47.242266,
            504.0
          ],
          [
            8.912258,
            47.242113,
            503.0
          ],
          [
            8.912608,
            47.242058,
            503.0
          ],
          [
            8.912904,
            47.242022,
            503.0
          ],
          [
            8.913336,
            47.241949,
            502.0
          ],
          [
            8.913317,
            47.241906,
            502.0
          ],
          [
            8.913956,
            47.241808,
            502.0
          ],
          [
            8.914072,
            47.24179,
            502.0
          ],
          [
            8.914917,
            47.241668,
            501.0
          ],
          [
            8.915456,
            47.241588,
            500.0
          ],
          [
            8.9155,
            47.241582,
            500.0
          ],
          [
            8.916363,
            47.24146,
            500.0
          ],
          [
            8.916579,
            47.24143,
            500.0
          ],
          [
            8.916632,
            47.241424,
            499.0
          ],
          [
            8.917009,
            47.241369,
            498.0
          ],
          [
            8.91851,
            47.241143,
            493.0
          ],
          [
            8.919265,
            47.241033,
            490.0
          ],
          [
            8.919363,
            47.241021,
            490.0
          ],
          [
            8.920011,
            47.240948,
            487.0
          ],
          [
            8.920074,
            47.240936,
            487.0
          ],
          [
            8.920172,
            47.24093,
            487.0
          ],
          [
            8.920397,
            47.240905,
            486.0
          ],
          [
            8.92072,
            47.240838,
            484.0
          ],
          [
            8.920873,
            47.240802,
            484.0
          ],
          [
            8.921169,
            47.240741,
            483.0
          ],
          [
            8.921214,
            47.240729,
            482.0
          ],
          [
            8.921357,
            47.240698,
            482.0
          ],
          [
            8.921565,
            47.240655,
            481.0
          ],
          [
            8.921879,
            47.240613,
            480.0
          ],
          [
            8.922076,
            47.240588,
            480.0
          ],
          [
            8.922095,
            47.240613,
            480.0
          ],
          [
            8.922112,
            47.240637,
            480.0
          ],
          [
            8.922139,
            47.240655,
            480.0
          ],
          [
            8.922158,
            47.240668,
            480.0
          ],
          [
            8.922202,
            47.240692,
            480.0
          ],
          [
            8.922265,
            47.240729,
            480.0
          ],
          [
            8.922328,
            47.240753,
            480.0
          ],
          [
            8.922364,
            47.240765,
            480.0
          ],
          [
            8.922391,
            47.240771,
            480.0
          ],
          [
            8.922624,
            47.240838,
            480.0
          ],
          [
            8.922848,
            47.240899,
            480.0
          ],
          [
            8.9232,
            47.241039,
            480.0
          ],
          [
            8.923406,
            47.241107,
            480.0
          ],
          [
            8.923514,
            47.241131,
            480.0
          ],
          [
            8.923594,
            47.241149,
            480.0
          ],
          [
            8.923649,
            47.241155,
            480.0
          ],
          [
            8.923783,
            47.241167,
            480.0
          ],
          [
            8.9239,
            47.241174,
            480.0
          ],
          [
            8.923953,
            47.241174,
            480.0
          ],
          [
            8.924053,
            47.241174,
            480.0
          ],
          [
            8.924475,
            47.241155,
            480.0
          ],
          [
            8.924538,
            47.241155,
            480.0
          ],
          [
            8.924745,
            47.241143,
            480.0
          ],
          [
            8.924762,
            47.241143,
            480.0
          ],
          [
            8.924961,
            47.241137,
            480.0
          ],
          [
            8.925229,
            47.241125,
            480.0
          ],
          [
            8.925292,
            47.241125,
            480.0
          ],
          [
            8.925472,
            47.241113,
            480.0
          ],
          [
            8.92593,
            47.2411,
            480.0
          ],
          [
            8.926038,
            47.241094,
            480.0
          ],
          [
            8.926137,
            47.241088,
            480.0
          ],
          [
            8.926127,
            47.241039,
            480.0
          ],
          [
            8.926127,
            47.240966,
            480.0
          ],
          [
            8.9262,
            47.240966,
            480.0
          ],
          [
            8.926209,
            47.240979,
            480.0
          ],
          [
            8.926227,
            47.240991,
            480.0
          ],
          [
            8.926263,
            47.240997,
            480.0
          ],
          [
            8.926307,
            47.240991,
            480.0
          ],
          [
            8.926353,
            47.240979,
            480.0
          ],
          [
            8.926433,
            47.240979,
            480.0
          ],
          [
            8.926657,
            47.240972,
            480.0
          ],
          [
            8.92672,
            47.240985,
            480.0
          ],
          [
            8.926783,
            47.240991,
            480.0
          ],
          [
            8.926837,
            47.240991,
            480.0
          ],
          [
            8.926882,
            47.240991,
            480.0
          ],
          [
            8.927269,
            47.240979,
            480.0
          ],
          [
            8.927286,
            47.240979,
            480.0
          ],
          [
            8.927699,
            47.240979,
            480.0
          ],
          [
            8.928203,
            47.240966,
            480.0
          ],
          [
            8.928741,
            47.240948,
            480.0
          ],
          [
            8.928777,
            47.241003,
            480.0
          ],
          [
            8.928777,
            47.2411,
            480.0
          ],
          [
            8.928724,
            47.24135,
            480.0
          ],
          [
            8.928688,
            47.241521,
            480.0
          ],
          [
            8.92868,
            47.241643,
            481.0
          ],
          [
            8.928714,
            47.241759,
            481.0
          ],
          [
            8.92884,
            47.241759,
            481.0
          ],
          [
            8.929219,
            47.241741,
            482.0
          ],
          [
            8.929676,
            47.241698,
            484.0
          ],
          [
            8.929955,
            47.241674,
            484.0
          ],
          [
            8.930412,
            47.241662,
            486.0
          ],
          [
            8.930647,
            47.241662,
            486.0
          ],
          [
            8.930817,
            47.241692,
            487.0
          ],
          [
            8.930943,
            47.241717,
            487.0
          ],
          [
            8.930988,
            47.241717,
            487.0
          ],
          [
            8.931033,
            47.241717,
            487.0
          ],
          [
            8.931167,
            47.24168,
            488.0
          ],
          [
            8.931356,
            47.241656,
            488.0
          ],
          [
            8.931544,
            47.241625,
            489.0
          ],
          [
            8.931653,
            47.241613,
            489.0
          ],
          [
            8.931769,
            47.241588,
            489.0
          ],
          [
            8.931869,
            47.24157,
            489.0
          ],
          [
            8.932039,
            47.241546,
            490.0
          ],
          [
            8.932173,
            47.241527,
            491.0
          ],
          [
            8.93229,
            47.241521,
            491.0
          ],
          [
            8.932398,
            47.241533,
            492.0
          ],
          [
            8.932569,
            47.241564,
            493.0
          ],
          [
            8.932712,
            47.241607,
            494.0
          ],
          [
            8.932919,
            47.241662,
            495.0
          ],
          [
            8.933081,
            47.241692,
            496.0
          ],
          [
            8.933368,
            47.241717,
            497.0
          ],
          [
            8.933565,
            47.241723,
            498.0
          ],
          [
            8.933817,
            47.241735,
            500.0
          ],
          [
            8.933898,
            47.241741,
            500.0
          ],
          [
            8.93397,
            47.241753,
            500.0
          ],
          [
            8.934096,
            47.241717,
            501.0
          ],
          [
            8.93432,
            47.241692,
            502.0
          ],
          [
            8.934536,
            47.241662,
            502.0
          ],
          [
            8.934752,
            47.241643,
            503.0
          ],
          [
            8.93485,
            47.241637,
            503.0
          ],
          [
            8.935012,
            47.241637,
            504.0
          ],
          [
            8.935209,
            47.241649,
            505.0
          ],
          [
            8.935452,
            47.241698,
            505.0
          ],
          [
            8.935614,
            47.241735,
            506.0
          ],
          [
            8.935829,
            47.241772,
            507.0
          ],
          [
            8.936001,
            47.241784,
            507.0
          ],
          [
            8.936154,
            47.241796,
            508.0
          ],
          [
            8.936261,
            47.241802,
            508.0
          ],
          [
            8.936458,
            47.241827,
            509.0
          ],
          [
            8.936567,
            47.241839,
            509.0
          ],
          [
            8.936674,
            47.241857,
            510.0
          ],
          [
            8.936844,
            47.241875,
            510.0
          ],
          [
            8.937006,
            47.2419,
            511.0
          ],
          [
            8.937159,
            47.241912,
            511.0
          ],
          [
            8.937285,
            47.241918,
            511.0
          ],
          [
            8.937429,
            47.241918,
            511.0
          ],
          [
            8.937672,
            47.241924,
            512.0
          ],
          [
            8.937825,
            47.24193,
            512.0
          ],
          [
            8.937949,
            47.24193,
            513.0
          ],
          [
            8.938022,
            47.241943,
            513.0
          ],
          [
            8.938165,
            47.241967,
            513.0
          ],
          [
            8.938354,
            47.24201,
            513.0
          ],
          [
            8.938551,
            47.242083,
            514.0
          ],
          [
            8.93919,
            47.242345,
            516.0
          ],
          [
            8.939809,
            47.242576,
            517.0
          ],
          [
            8.94007,
            47.242668,
            518.0
          ],
          [
            8.940115,
            47.242643,
            518.0
          ],
          [
            8.940393,
            47.242522,
            517.0
          ],
          [
            8.940519,
            47.242461,
            517.0
          ],
          [
            8.940555,
            47.242455,
            516.0
          ],
          [
            8.940582,
            47.242442,
            516.0
          ],
          [
            8.940618,
            47.242436,
            516.0
          ],
          [
            8.940662,
            47.24243,
            516.0
          ],
          [
            8.940716,
            47.24243,
            516.0
          ],
          [
            8.941345,
            47.2424,
            515.0
          ],
          [
            8.941408,
            47.242394,
            515.0
          ],
          [
            8.941471,
            47.242394,
            515.0
          ],
          [
            8.941543,
            47.242394,
            514.0
          ],
          [
            8.941624,
            47.242394,
            514.0
          ],
          [
            8.941741,
            47.242394,
            514.0
          ],
          [
            8.941821,
            47.242394,
            514.0
          ],
          [
            8.941884,
            47.242394,
            514.0
          ],
          [
            8.941938,
            47.2424,
            514.0
          ],
          [
            8.941983,
            47.242412,
            514.0
          ],
          [
            8.941993,
            47.242412,
            514.0
          ],
          [
            8.942028,
            47.242424,
            513.0
          ],
          [
            8.942073,
            47.242436,
            513.0
          ],
          [
            8.9421,
            47.242455,
            513.0
          ],
          [
            8.942127,
            47.242467,
            513.0
          ],
          [
            8.942144,
            47.242485,
            513.0
          ],
          [
            8.942217,
            47.242564,
            513.0
          ],
          [
            8.942243,
            47.242589,
            513.0
          ],
          [
            8.94228,
            47.242613,
            513.0
          ],
          [
            8.942316,
            47.242631,
            513.0
          ],
          [
            8.94236,
            47.242643,
            512.0
          ],
          [
            8.942406,
            47.24265,
            512.0
          ],
          [
            8.942559,
            47.242662,
            512.0
          ],
          [
            8.942729,
            47.242674,
            512.0
          ],
          [
            8.942773,
            47.242674,
            512.0
          ],
          [
            8.942819,
            47.242674,
            512.0
          ],
          [
            8.942855,
            47.242674,
            511.0
          ],
          [
            8.942917,
            47.242668,
            511.0
          ],
          [
            8.942953,
            47.242668,
            520.0
          ],
          [
            8.943213,
            47.242656,
            511.0
          ],
          [
            8.943339,
            47.242656,
            510.0
          ],
          [
            8.943412,
            47.24265,
            510.0
          ],
          [
            8.943465,
            47.242643,
            510.0
          ],
          [
            8.943528,
            47.242637,
            510.0
          ],
          [
            8.943582,
            47.242631,
            510.0
          ],
          [
            8.943636,
            47.242619,
            509.0
          ],
          [
            8.943815,
            47.24257,
            508.0
          ],
          [
            8.944104,
            47.242485,
            506.0
          ],
          [
            8.944121,
            47.242479,
            506.0
          ],
          [
            8.944157,
            47.242467,
            506.0
          ],
          [
            8.944175,
            47.242461,
            506.0
          ],
          [
            8.944201,
            47.242455,
            506.0
          ],
          [
            8.944238,
            47.242442,
            505.0
          ],
          [
            8.944318,
            47.24243,
            505.0
          ],
          [
            8.944408,
            47.242412,
            504.0
          ],
          [
            8.944471,
            47.2424,
            504.0
          ],
          [
            8.944534,
            47.242387,
            503.0
          ],
          [
            8.944588,
            47.242387,
            503.0
          ],
          [
            8.944615,
            47.242381,
            503.0
          ],
          [
            8.944643,
            47.242381,
            503.0
          ],
          [
            8.944678,
            47.242381,
            503.0
          ],
          [
            8.944741,
            47.242387,
            502.0
          ],
          [
            8.944794,
            47.242387,
            502.0
          ],
          [
            8.944974,
            47.242406,
            501.0
          ],
          [
            8.94501,
            47.242406,
            500.0
          ],
          [
            8.945037,
            47.242406,
            500.0
          ],
          [
            8.945064,
            47.2424,
            500.0
          ],
          [
            8.945091,
            47.242394,
            500.0
          ],
          [
            8.945119,
            47.242387,
            500.0
          ],
          [
            8.945136,
            47.242375,
            500.0
          ],
          [
            8.945163,
            47.242357,
            499.0
          ],
          [
            8.945307,
            47.2424,
            500.0
          ],
          [
            8.94563,
            47.242509,
            500.0
          ],
          [
            8.945649,
            47.242473,
            500.0
          ],
          [
            8.945666,
            47.242461,
            500.0
          ],
          [
            8.945675,
            47.242455,
            500.0
          ],
          [
            8.945693,
            47.242448,
            500.0
          ],
          [
            8.94572,
            47.242442,
            500.0
          ],
          [
            8.945819,
            47.242442,
            500.0
          ],
          [
            8.945882,
            47.242436,
            500.0
          ],
          [
            8.945918,
            47.242436,
            500.0
          ],
          [
            8.945962,
            47.24243,
            500.0
          ],
          [
            8.945999,
            47.242424,
            500.0
          ],
          [
            8.946188,
            47.242387,
            500.0
          ],
          [
            8.946843,
            47.242272,
            500.0
          ],
          [
            8.946995,
            47.242247,
            500.0
          ],
          [
            8.947004,
            47.242223,
            500.0
          ],
          [
            8.947023,
            47.242199,
            500.0
          ],
          [
            8.947364,
            47.242278,
            496.0
          ],
          [
            8.947373,
            47.242314,
            496.0
          ],
          [
            8.947391,
            47.242357,
            495.0
          ],
          [
            8.947417,
            47.242394,
            495.0
          ],
          [
            8.947444,
            47.242436,
            494.0
          ],
          [
            8.947472,
            47.242473,
            494.0
          ],
          [
            8.947517,
            47.242515,
            493.0
          ],
          [
            8.94766,
            47.242637,
            491.0
          ],
          [
            8.947714,
            47.242637,
            491.0
          ],
          [
            8.947741,
            47.242643,
            490.0
          ],
          [
            8.947759,
            47.242643,
            490.0
          ],
          [
            8.947796,
            47.24265,
            490.0
          ],
          [
            8.947813,
            47.242656,
            489.0
          ],
          [
            8.94783,
            47.242656,
            489.0
          ],
          [
            8.947867,
            47.242674,
            488.0
          ],
          [
            8.947903,
            47.242686,
            487.0
          ],
          [
            8.94793,
            47.242698,
            486.0
          ],
          [
            8.947949,
            47.242717,
            486.0
          ],
          [
            8.947975,
            47.242741,
            485.0
          ],
          [
            8.947993,
            47.242753,
            484.0
          ],
          [
            8.948002,
            47.242759,
            484.0
          ],
          [
            8.94801,
            47.242765,
            484.0
          ],
          [
            8.948029,
            47.242771,
            483.0
          ],
          [
            8.948056,
            47.242771,
            483.0
          ],
          [
            8.948083,
            47.242771,
            482.0
          ],
          [
            8.948119,
            47.242765,
            481.0
          ],
          [
            8.948272,
            47.242753,
            479.0
          ],
          [
            8.948343,
            47.242747,
            478.0
          ],
          [
            8.948379,
            47.242741,
            477.0
          ],
          [
            8.948415,
            47.242741,
            476.0
          ],
          [
            8.948469,
            47.242741,
            476.0
          ],
          [
            8.948568,
            47.242741,
            474.0
          ],
          [
            8.948586,
            47.242741,
            474.0
          ],
          [
            8.948603,
            47.242741,
            473.0
          ],
          [
            8.948622,
            47.242735,
            473.0
          ],
          [
            8.948639,
            47.242735,
            473.0
          ],
          [
            8.948756,
            47.242711,
            471.0
          ],
          [
            8.949251,
            47.242601,
            472.0
          ],
          [
            8.949341,
            47.242583,
            473.0
          ],
          [
            8.949528,
            47.242546,
            474.0
          ],
          [
            8.949583,
            47.242534,
            474.0
          ],
          [
            8.949673,
            47.242515,
            475.0
          ],
          [
            8.949771,
            47.242503,
            475.0
          ],
          [
            8.94987,
            47.242485,
            476.0
          ],
          [
            8.949951,
            47.242473,
            476.0
          ],
          [
            8.950033,
            47.242455,
            477.0
          ],
          [
            8.950104,
            47.242436,
            477.0
          ],
          [
            8.950562,
            47.242327,
            480.0
          ],
          [
            8.950633,
            47.242314,
            481.0
          ],
          [
            8.950723,
            47.242296,
            481.0
          ],
          [
            8.950723,
            47.242314,
            482.0
          ],
          [
            8.950723,
            47.242333,
            482.0
          ],
          [
            8.950723,
            47.242369,
            482.0
          ],
          [
            8.950733,
            47.2424,
            483.0
          ],
          [
            8.950723,
            47.242418,
            483.0
          ],
          [
            8.950723,
            47.24243,
            483.0
          ],
          [
            8.950715,
            47.242461,
            483.0
          ],
          [
            8.950706,
            47.242491,
            484.0
          ],
          [
            8.95067,
            47.242552,
            484.0
          ],
          [
            8.950633,
            47.242613,
            485.0
          ],
          [
            8.950616,
            47.242643,
            486.0
          ],
          [
            8.950599,
            47.242674,
            486.0
          ],
          [
            8.95057,
            47.242698,
            486.0
          ],
          [
            8.950544,
            47.242723,
            487.0
          ],
          [
            8.950509,
            47.242753,
            487.0
          ],
          [
            8.950472,
            47.242778,
            488.0
          ],
          [
            8.950436,
            47.242796,
            488.0
          ],
          [
            8.950391,
            47.242814,
            488.0
          ],
          [
            8.950346,
            47.242832,
            489.0
          ],
          [
            8.950211,
            47.242881,
            490.0
          ],
          [
            8.949987,
            47.242966,
            492.0
          ],
          [
            8.949933,
            47.242985,
            493.0
          ],
          [
            8.949888,
            47.243009,
            493.0
          ],
          [
            8.949861,
            47.243027,
            494.0
          ],
          [
            8.949834,
            47.243046,
            494.0
          ],
          [
            8.949817,
            47.24307,
            494.0
          ],
          [
            8.949807,
            47.243088,
            494.0
          ],
          [
            8.949807,
            47.243113,
            495.0
          ],
          [
            8.949817,
            47.243131,
            495.0
          ],
          [
            8.949825,
            47.243143,
            495.0
          ],
          [
            8.949843,
            47.243162,
            495.0
          ],
          [
            8.949861,
            47.243168,
            496.0
          ],
          [
            8.949888,
            47.24318,
            496.0
          ],
          [
            8.949924,
            47.243192,
            496.0
          ],
          [
            8.94996,
            47.243198,
            497.0
          ],
          [
            8.949996,
            47.243211,
            497.0
          ],
          [
            8.950041,
            47.243217,
            497.0
          ],
          [
            8.950427,
            47.243272,
            501.0
          ],
          [
            8.950454,
            47.243247,
            501.0
          ],
          [
            8.950454,
            47.243241,
            501.0
          ],
          [
            8.95049,
            47.243217,
            501.0
          ],
          [
            8.950526,
            47.243192,
            501.0
          ],
          [
            8.950562,
            47.243174,
            502.0
          ],
          [
            8.950607,
            47.243156,
            502.0
          ],
          [
            8.950643,
            47.243143,
            502.0
          ],
          [
            8.950688,
            47.243131,
            502.0
          ],
          [
            8.950742,
            47.243119,
            503.0
          ],
          [
            8.95075,
            47.243119,
            503.0
          ],
          [
            8.950786,
            47.243119,
            503.0
          ],
          [
            8.95084,
            47.243113,
            503.0
          ],
          [
            8.950876,
            47.243113,
            504.0
          ],
          [
            8.950922,
            47.243119,
            504.0
          ],
          [
            8.951199,
            47.243156,
            505.0
          ],
          [
            8.951675,
            47.243223,
            508.0
          ],
          [
            8.95173,
            47.243229,
            508.0
          ],
          [
            8.951775,
            47.243235,
            509.0
          ],
          [
            8.951811,
            47.243247,
            509.0
          ],
          [
            8.951838,
            47.243259,
            509.0
          ],
          [
            8.951874,
            47.243278,
            509.0
          ],
          [
            8.951901,
            47.243296,
            510.0
          ],
          [
            8.951918,
            47.243314,
            510.0
          ],
          [
            8.951954,
            47.243339,
            510.0
          ],
          [
            8.952008,
            47.243382,
            510.0
          ],
          [
            8.952233,
            47.243272,
            512.0
          ],
          [
            8.952241,
            47.24329,
            512.0
          ],
          [
            8.952251,
            47.243302,
            512.0
          ],
          [
            8.952241,
            47.243314,
            512.0
          ],
          [
            8.952241,
            47.243327,
            513.0
          ],
          [
            8.951945,
            47.243498,
            515.0
          ],
          [
            8.951928,
            47.24351,
            515.0
          ],
          [
            8.951918,
            47.243522,
            515.0
          ],
          [
            8.951909,
            47.24354,
            515.0
          ],
          [
            8.951918,
            47.243546,
            516.0
          ],
          [
            8.951928,
            47.243559,
            516.0
          ],
          [
            8.951937,
            47.243565,
            516.0
          ],
          [
            8.951954,
            47.243571,
            516.0
          ],
          [
            8.952197,
            47.243589,
            517.0
          ],
          [
            8.952494,
            47.243607,
            519.0
          ],
          [
            8.952583,
            47.24362,
            520.0
          ],
          [
            8.953113,
            47.243674,
            524.0
          ],
          [
            8.953186,
            47.243687,
            525.0
          ],
          [
            8.953446,
            47.243723,
            527.0
          ],
          [
            8.953517,
            47.243742,
            527.0
          ],
          [
            8.95358,
            47.243754,
            528.0
          ],
          [
            8.953643,
            47.243766,
            528.0
          ],
          [
            8.954191,
            47.24393,
            533.0
          ],
          [
            8.954272,
            47.243961,
            533.0
          ],
          [
            8.954299,
            47.243973,
            534.0
          ],
          [
            8.954317,
            47.243979,
            534.0
          ],
          [
            8.954325,
            47.243991,
            534.0
          ],
          [
            8.95438,
            47.244034,
            534.0
          ],
          [
            8.954407,
            47.244058,
            535.0
          ],
          [
            8.954425,
            47.244077,
            535.0
          ],
          [
            8.954434,
            47.244095,
            535.0
          ],
          [
            8.954442,
            47.244107,
            535.0
          ],
          [
            8.954452,
            47.244119,
            535.0
          ],
          [
            8.954452,
            47.244125,
            536.0
          ],
          [
            8.954461,
            47.244132,
            536.0
          ],
          [
            8.954461,
            47.244144,
            536.0
          ],
          [
            8.954469,
            47.244174,
            536.0
          ],
          [
            8.954469,
            47.244186,
            536.0
          ],
          [
            8.954469,
            47.244199,
            536.0
          ],
          [
            8.954478,
            47.244211,
            536.0
          ],
          [
            8.954488,
            47.244223,
            537.0
          ],
          [
            8.954497,
            47.244241,
            537.0
          ],
          [
            8.954515,
            47.244253,
            537.0
          ],
          [
            8.954524,
            47.244266,
            537.0
          ],
          [
            8.954551,
            47.244284,
            537.0
          ],
          [
            8.954568,
            47.244296,
            537.0
          ],
          [
            8.954587,
            47.244308,
            538.0
          ],
          [
            8.954604,
            47.244321,
            538.0
          ],
          [
            8.954631,
            47.244333,
            538.0
          ],
          [
            8.954658,
            47.244345,
            538.0
          ],
          [
            8.954685,
            47.244357,
            538.0
          ],
          [
            8.95473,
            47.244375,
            539.0
          ],
          [
            8.954794,
            47.244394,
            539.0
          ],
          [
            8.954857,
            47.244412,
            540.0
          ],
          [
            8.954901,
            47.24443,
            540.0
          ],
          [
            8.954946,
            47.244442,
            540.0
          ],
          [
            8.955,
            47.244455,
            540.0
          ],
          [
            8.955054,
            47.244473,
            540.0
          ],
          [
            8.955161,
            47.244497,
            540.0
          ],
          [
            8.95527,
            47.244516,
            540.0
          ],
          [
            8.955413,
            47.244552,
            540.0
          ],
          [
            8.955476,
            47.244564,
            540.0
          ],
          [
            8.955512,
            47.24457,
            540.0
          ],
          [
            8.955539,
            47.244576,
            540.0
          ],
          [
            8.955557,
            47.244583,
            540.0
          ],
          [
            8.955574,
            47.244589,
            540.0
          ],
          [
            8.955593,
            47.244595,
            540.0
          ],
          [
            8.95561,
            47.244607,
            540.0
          ],
          [
            8.955629,
            47.244619,
            540.0
          ],
          [
            8.955656,
            47.244631,
            540.0
          ],
          [
            8.955746,
            47.244698,
            540.0
          ],
          [
            8.955836,
            47.24476,
            540.0
          ],
          [
            8.95587,
            47.244784,
            540.0
          ],
          [
            8.955899,
            47.244802,
            540.0
          ],
          [
            8.955916,
            47.244814,
            540.0
          ],
          [
            8.955933,
            47.244827,
            540.0
          ],
          [
            8.95596,
            47.244833,
            540.0
          ],
          [
            8.95605,
            47.244876,
            540.0
          ],
          [
            8.956069,
            47.244888,
            540.0
          ],
          [
            8.956086,
            47.244894,
            540.0
          ],
          [
            8.956105,
            47.244906,
            540.0
          ],
          [
            8.95614,
            47.24493,
            540.0
          ],
          [
            8.956167,
            47.244949,
            540.0
          ],
          [
            8.956186,
            47.244961,
            540.0
          ],
          [
            8.956212,
            47.244967,
            540.0
          ],
          [
            8.956239,
            47.244979,
            540.0
          ],
          [
            8.956257,
            47.244985,
            540.0
          ],
          [
            8.956428,
            47.245034,
            540.0
          ],
          [
            8.956446,
            47.245046,
            540.0
          ],
          [
            8.956473,
            47.245053,
            540.0
          ],
          [
            8.956491,
            47.245059,
            540.0
          ],
          [
            8.956526,
            47.245077,
            540.0
          ],
          [
            8.956545,
            47.245089,
            540.0
          ],
          [
            8.956572,
            47.245101,
            540.0
          ],
          [
            8.956589,
            47.245114,
            540.0
          ],
          [
            8.956616,
            47.245126,
            540.0
          ],
          [
            8.956643,
            47.245132,
            540.0
          ],
          [
            8.956679,
            47.24515,
            540.0
          ],
          [
            8.956706,
            47.245156,
            540.0
          ],
          [
            8.956725,
            47.245163,
            540.0
          ],
          [
            8.956778,
            47.245181,
            540.0
          ],
          [
            8.956832,
            47.245193,
            540.0
          ],
          [
            8.956886,
            47.245199,
            540.0
          ],
          [
            8.956994,
            47.245217,
            540.0
          ],
          [
            8.957092,
            47.245242,
            540.0
          ],
          [
            8.957191,
            47.24526,
            540.0
          ],
          [
            8.957237,
            47.245266,
            540.0
          ],
          [
            8.957568,
            47.245321,
            540.0
          ],
          [
            8.957631,
            47.245327,
            540.0
          ],
          [
            8.957685,
            47.245333,
            540.0
          ],
          [
            8.957838,
            47.245352,
            540.0
          ],
          [
            8.95791,
            47.245358,
            540.0
          ],
          [
            8.957991,
            47.245364,
            542.0
          ],
          [
            8.958144,
            47.245388,
            545.0
          ],
          [
            8.958144,
            47.245406,
            545.0
          ],
          [
            8.958144,
            47.245425,
            545.0
          ],
          [
            8.958162,
            47.245443,
            545.0
          ],
          [
            8.95817,
            47.245467,
            545.0
          ],
          [
            8.958189,
            47.245479,
            545.0
          ],
          [
            8.958207,
            47.245498,
            545.0
          ],
          [
            8.958233,
            47.245504,
            545.0
          ],
          [
            8.958251,
            47.245516,
            545.0
          ],
          [
            8.958296,
            47.245522,
            545.0
          ],
          [
            8.95836,
            47.245534,
            545.0
          ],
          [
            8.958404,
            47.245547,
            546.0
          ],
          [
            8.958449,
            47.245559,
            546.0
          ],
          [
            8.958486,
            47.245583,
            546.0
          ],
          [
            8.95852,
            47.245601,
            546.0
          ],
          [
            8.958638,
            47.245693,
            546.0
          ],
          [
            8.958692,
            47.245729,
            546.0
          ],
          [
            8.958755,
            47.24576,
            546.0
          ],
          [
            8.958809,
            47.245784,
            546.0
          ],
          [
            8.958872,
            47.245809,
            546.0
          ],
          [
            8.958952,
            47.245827,
            546.0
          ],
          [
            8.959033,
            47.245839,
            546.0
          ],
          [
            8.959149,
            47.245851,
            547.0
          ],
          [
            8.959375,
            47.245882,
            547.0
          ],
          [
            8.959895,
            47.245924,
            548.0
          ],
          [
            8.960201,
            47.245955,
            548.0
          ],
          [
            8.960273,
            47.245961,
            548.0
          ],
          [
            8.960308,
            47.245967,
            548.0
          ],
          [
            8.960344,
            47.245973,
            548.0
          ],
          [
            8.960381,
            47.245979,
            548.0
          ],
          [
            8.960434,
            47.245991,
            548.0
          ],
          [
            8.960461,
            47.245998,
            548.0
          ],
          [
            8.960497,
            47.246004,
            548.0
          ],
          [
            8.96057,
            47.24601,
            548.0
          ],
          [
            8.960633,
            47.246016,
            548.0
          ],
          [
            8.960704,
            47.246016,
            549.0
          ],
          [
            8.960776,
            47.246022,
            549.0
          ],
          [
            8.960847,
            47.246022,
            549.0
          ],
          [
            8.96091,
            47.246016,
            549.0
          ],
          [
            8.960964,
            47.246016,
            549.0
          ],
          [
            8.961144,
            47.245998,
            549.0
          ],
          [
            8.961288,
            47.245985,
            549.0
          ],
          [
            8.961386,
            47.245979,
            549.0
          ],
          [
            8.961486,
            47.245973,
            549.0
          ],
          [
            8.961791,
            47.245961,
            550.0
          ],
          [
            8.961854,
            47.245955,
            550.0
          ],
          [
            8.961899,
            47.245955,
            550.0
          ],
          [
            8.961935,
            47.245949,
            550.0
          ],
          [
            8.961971,
            47.245937,
            550.0
          ],
          [
            8.962006,
            47.245924,
            550.0
          ],
          [
            8.962042,
            47.245912,
            550.0
          ],
          [
            8.962069,
            47.245894,
            550.0
          ],
          [
            8.962123,
            47.245863,
            550.0
          ],
          [
            8.962141,
            47.245851,
            550.0
          ],
          [
            8.962159,
            47.245845,
            550.0
          ],
          [
            8.962186,
            47.245839,
            550.0
          ],
          [
            8.962428,
            47.245802,
            550.0
          ],
          [
            8.962662,
            47.245888,
            551.0
          ],
          [
            8.962778,
            47.24593,
            551.0
          ],
          [
            8.962833,
            47.245949,
            551.0
          ],
          [
            8.962887,
            47.245961,
            551.0
          ],
          [
            8.962931,
            47.245967,
            551.0
          ],
          [
            8.962994,
            47.245979,
            552.0
          ],
          [
            8.96304,
            47.245979,
            552.0
          ],
          [
            8.963084,
            47.245979,
            552.0
          ],
          [
            8.96313,
            47.245979,
            552.0
          ],
          [
            8.963165,
            47.245967,
            552.0
          ],
          [
            8.96321,
            47.245955,
            552.0
          ],
          [
            8.963237,
            47.245943,
            552.0
          ],
          [
            8.96331,
            47.245906,
            553.0
          ],
          [
            8.963327,
            47.2459,
            553.0
          ],
          [
            8.963344,
            47.245894,
            553.0
          ],
          [
            8.963363,
            47.245894,
            553.0
          ],
          [
            8.963641,
            47.245857,
            553.0
          ],
          [
            8.96365,
            47.245851,
            554.0
          ],
          [
            8.963669,
            47.245845,
            554.0
          ],
          [
            8.963677,
            47.245845,
            554.0
          ],
          [
            8.963696,
            47.245839,
            554.0
          ],
          [
            8.963713,
            47.245833,
            554.0
          ],
          [
            8.96374,
            47.245827,
            554.0
          ],
          [
            8.963776,
            47.245821,
            554.0
          ],
          [
            8.963947,
            47.245815,
            554.0
          ],
          [
            8.964046,
            47.245809,
            555.0
          ],
          [
            8.964055,
            47.245809,
            555.0
          ],
          [
            8.964063,
            47.245802,
            555.0
          ],
          [
            8.964073,
            47.245796,
            555.0
          ],
          [
            8.964063,
            47.24579,
            555.0
          ],
          [
            8.964055,
            47.245742,
            555.0
          ],
          [
            8.964046,
            47.245729,
            555.0
          ],
          [
            8.964046,
            47.245711,
            555.0
          ],
          [
            8.964046,
            47.245662,
            555.0
          ],
          [
            8.964046,
            47.245656,
            555.0
          ],
          [
            8.964055,
            47.24565,
            555.0
          ],
          [
            8.964405,
            47.245662,
            556.0
          ],
          [
            8.964415,
            47.245699,
            556.0
          ],
          [
            8.965258,
            47.245699,
            558.0
          ],
          [
            8.965294,
            47.245699,
            558.0
          ],
          [
            8.965321,
            47.245705,
            558.0
          ],
          [
            8.965348,
            47.245711,
            558.0
          ],
          [
            8.965384,
            47.245693,
            558.0
          ],
          [
            8.965394,
            47.245687,
            558.0
          ],
          [
            8.965411,
            47.245687,
            558.0
          ],
          [
            8.965428,
            47.245681,
            558.0
          ],
          [
            8.965457,
            47.245681,
            558.0
          ],
          [
            8.965591,
            47.245675,
            558.0
          ],
          [
            8.965636,
            47.245675,
            558.0
          ],
          [
            8.96569,
            47.245675,
            558.0
          ],
          [
            8.965744,
            47.245668,
            558.0
          ],
          [
            8.966642,
            47.245583,
            560.0
          ],
          [
            8.967136,
            47.245522,
            561.0
          ],
          [
            8.967181,
            47.24551,
            561.0
          ],
          [
            8.967558,
            47.245473,
            562.0
          ],
          [
            8.967665,
            47.245461,
            562.0
          ],
          [
            8.967755,
            47.245449,
            562.0
          ],
          [
            8.967828,
            47.245437,
            562.0
          ],
          [
            8.967899,
            47.245425,
            562.0
          ],
          [
            8.968151,
            47.245382,
            563.0
          ],
          [
            8.96816,
            47.245376,
            563.0
          ],
          [
            8.968168,
            47.245376,
            563.0
          ],
          [
            8.968178,
            47.24537,
            563.0
          ],
          [
            8.968178,
            47.245364,
            563.0
          ],
          [
            8.968178,
            47.245358,
            563.0
          ],
          [
            8.968178,
            47.245345,
            563.0
          ],
          [
            8.968187,
            47.245321,
            563.0
          ],
          [
            8.968187,
            47.245297,
            563.0
          ],
          [
            8.968197,
            47.245278,
            563.0
          ],
          [
            8.968197,
            47.24526,
            563.0
          ],
          [
            8.968205,
            47.245242,
            564.0
          ],
          [
            8.968223,
            47.245224,
            564.0
          ],
          [
            8.968241,
            47.245205,
            564.0
          ],
          [
            8.96825,
            47.245193,
            564.0
          ],
          [
            8.968277,
            47.245175,
            564.0
          ],
          [
            8.968294,
            47.245163,
            564.0
          ],
          [
            8.968321,
            47.245144,
            564.0
          ],
          [
            8.968357,
            47.245132,
            564.0
          ],
          [
            8.968501,
            47.245077,
            564.0
          ],
          [
            8.968547,
            47.245059,
            565.0
          ],
          [
            8.968583,
            47.24504,
            565.0
          ],
          [
            8.96861,
            47.245022,
            565.0
          ],
          [
            8.968644,
            47.244979,
            565.0
          ],
          [
            8.968501,
            47.244924,
            564.0
          ],
          [
            8.968331,
            47.244863,
            563.0
          ],
          [
            8.968376,
            47.244814,
            562.0
          ],
          [
            8.968403,
            47.244796,
            562.0
          ],
          [
            8.968797,
            47.244656,
            560.0
          ],
          [
            8.968941,
            47.24457,
            560.0
          ],
          [
            8.969067,
            47.244516,
            560.0
          ],
          [
            8.969239,
            47.244485,
            560.0
          ],
          [
            8.969445,
            47.244467,
            560.0
          ],
          [
            8.969741,
            47.244467,
            560.0
          ],
          [
            8.970118,
            47.244485,
            560.0
          ],
          [
            8.970361,
            47.244479,
            560.0
          ],
          [
            8.971088,
            47.244455,
            560.0
          ],
          [
            8.971286,
            47.244497,
            561.0
          ],
          [
            8.971583,
            47.244509,
            562.0
          ],
          [
            8.971852,
            47.244503,
            564.0
          ],
          [
            8.972032,
            47.244461,
            564.0
          ],
          [
            8.972508,
            47.244235,
            567.0
          ],
          [
            8.972768,
            47.244132,
            568.0
          ],
          [
            8.973101,
            47.244022,
            570.0
          ],
          [
            8.973334,
            47.243961,
            570.0
          ],
          [
            8.973568,
            47.24393,
            570.0
          ],
          [
            8.973801,
            47.243888,
            570.0
          ],
          [
            8.97399,
            47.243845,
            570.0
          ],
          [
            8.974359,
            47.24379,
            570.0
          ],
          [
            8.975149,
            47.243723,
            566.0
          ],
          [
            8.975346,
            47.243705,
            566.0
          ],
          [
            8.975616,
            47.243662,
            564.0
          ],
          [
            8.975814,
            47.243583,
            564.0
          ],
          [
            8.976208,
            47.243601,
            563.0
          ],
          [
            8.976397,
            47.243614,
            563.0
          ],
          [
            8.976595,
            47.243626,
            563.0
          ],
          [
            8.976963,
            47.243589,
            563.0
          ],
          [
            8.977089,
            47.243565,
            563.0
          ],
          [
            8.977126,
            47.243571,
            563.0
          ],
          [
            8.977422,
            47.243516,
            563.0
          ],
          [
            8.977592,
            47.243498,
            564.0
          ],
          [
            8.977718,
            47.243498,
            564.0
          ],
          [
            8.978015,
            47.243528,
            565.0
          ],
          [
            8.978428,
            47.243577,
            566.0
          ],
          [
            8.978608,
            47.243595,
            566.0
          ],
          [
            8.978715,
            47.243607,
            566.0
          ],
          [
            8.978715,
            47.243607,
            566.0
          ],
          [
            8.978831,
            47.243626,
            566.0
          ],
          [
            8.979101,
            47.243681,
            567.0
          ],
          [
            8.979363,
            47.243705,
            568.0
          ],
          [
            8.979604,
            47.243717,
            568.0
          ],
          [
            8.97982,
            47.24376,
            569.0
          ],
          [
            8.98008,
            47.243876,
            569.0
          ],
          [
            8.980405,
            47.244016,
            570.0
          ],
          [
            8.980942,
            47.244235,
            572.0
          ],
          [
            8.981212,
            47.244296,
            573.0
          ],
          [
            8.981518,
            47.244351,
            573.0
          ],
          [
            8.981751,
            47.244424,
            574.0
          ],
          [
            8.981797,
            47.244449,
            574.0
          ],
          [
            8.981984,
            47.244601,
            575.0
          ],
          [
            8.982066,
            47.24465,
            575.0
          ],
          [
            8.982317,
            47.244723,
            576.0
          ],
          [
            8.982793,
            47.244955,
            578.0
          ],
          [
            8.983009,
            47.245138,
            579.0
          ],
          [
            8.983261,
            47.245352,
            580.0
          ],
          [
            8.983324,
            47.245455,
            580.0
          ],
          [
            8.983405,
            47.245687,
            582.0
          ],
          [
            8.983413,
            47.245845,
            584.0
          ],
          [
            8.983413,
            47.245991,
            585.0
          ],
          [
            8.983405,
            47.246144,
            587.0
          ],
          [
            8.983368,
            47.246247,
            588.0
          ],
          [
            8.983252,
            47.246473,
            590.0
          ],
          [
            8.983198,
            47.246559,
            591.0
          ],
          [
            8.983135,
            47.246626,
            591.0
          ],
          [
            8.983081,
            47.246754,
            592.0
          ],
          [
            8.983055,
            47.246815,
            592.0
          ],
          [
            8.982973,
            47.246986,
            593.0
          ],
          [
            8.982929,
            47.247077,
            594.0
          ],
          [
            8.982839,
            47.247309,
            595.0
          ],
          [
            8.982793,
            47.247388,
            596.0
          ],
          [
            8.98273,
            47.247467,
            596.0
          ],
          [
            8.982479,
            47.247668,
            598.0
          ],
          [
            8.982263,
            47.247918,
            600.0
          ],
          [
            8.98203,
            47.24823,
            602.0
          ],
          [
            8.98195,
            47.248285,
            603.0
          ],
          [
            8.981598,
            47.248462,
            605.0
          ],
          [
            8.981536,
            47.248504,
            605.0
          ],
          [
            8.981481,
            47.248559,
            605.0
          ],
          [
            8.981473,
            47.248626,
            606.0
          ],
          [
            8.98141,
            47.249132,
            609.0
          ],
          [
            8.981374,
            47.249205,
            610.0
          ],
          [
            8.981321,
            47.24929,
            611.0
          ],
          [
            8.981284,
            47.24937,
            612.0
          ],
          [
            8.981248,
            47.249461,
            613.0
          ],
          [
            8.981258,
            47.249553,
            614.0
          ],
          [
            8.981275,
            47.249669,
            615.0
          ],
          [
            8.981131,
            47.249681,
            615.0
          ],
          [
            8.981131,
            47.249724,
            615.0
          ],
          [
            8.98115,
            47.249858,
            616.0
          ],
          [
            8.981177,
            47.249998,
            616.0
          ],
          [
            8.981212,
            47.250157,
            617.0
          ],
          [
            8.981122,
            47.250193,
            617.0
          ],
          [
            8.980971,
            47.25023,
            617.0
          ],
          [
            8.980692,
            47.250272,
            618.0
          ],
          [
            8.980529,
            47.250358,
            618.0
          ],
          [
            8.980332,
            47.250571,
            619.0
          ],
          [
            8.980143,
            47.250906,
            621.0
          ],
          [
            8.980036,
            47.251169,
            622.0
          ],
          [
            8.97991,
            47.251309,
            623.0
          ],
          [
            8.979173,
            47.251839,
            627.0
          ],
          [
            8.97894,
            47.252004,
            628.0
          ],
          [
            8.978895,
            47.252211,
            629.0
          ],
          [
            8.978958,
            47.252876,
            634.0
          ],
          [
            8.979057,
            47.253321,
            638.0
          ],
          [
            8.979066,
            47.253443,
            639.0
          ],
          [
            8.978958,
            47.253559,
            640.0
          ],
          [
            8.978724,
            47.253681,
            641.0
          ],
          [
            8.978671,
            47.253723,
            642.0
          ],
          [
            8.978671,
            47.253803,
            642.0
          ],
          [
            8.978707,
            47.253864,
            643.0
          ],
          [
            8.979147,
            47.253974,
            645.0
          ],
          [
            8.979434,
            47.254077,
            647.0
          ],
          [
            8.97981,
            47.254084,
            649.0
          ],
          [
            8.980206,
            47.25401,
            651.0
          ],
          [
            8.980466,
            47.25398,
            651.0
          ],
          [
            8.980818,
            47.253907,
            652.0
          ],
          [
            8.981275,
            47.253919,
            653.0
          ],
          [
            8.981608,
            47.254053,
            654.0
          ],
          [
            8.981734,
            47.254206,
            655.0
          ],
          [
            8.982084,
            47.254425,
            656.0
          ],
          [
            8.982344,
            47.254693,
            657.0
          ],
          [
            8.982434,
            47.25487,
            658.0
          ],
          [
            8.98246,
            47.255095,
            658.0
          ],
          [
            8.982426,
            47.255211,
            659.0
          ],
          [
            8.982246,
            47.255437,
            660.0
          ],
          [
            8.982057,
            47.255596,
            661.0
          ],
          [
            8.981984,
            47.255718,
            663.0
          ],
          [
            8.981984,
            47.255864,
            664.0
          ],
          [
            8.981931,
            47.255986,
            666.0
          ],
          [
            8.98185,
            47.25604,
            667.0
          ],
          [
            8.981724,
            47.256126,
            668.0
          ],
          [
            8.981581,
            47.256357,
            670.0
          ],
          [
            8.981428,
            47.256717,
            673.0
          ],
          [
            8.981329,
            47.256858,
            674.0
          ],
          [
            8.981392,
            47.256864,
            674.0
          ],
          [
            8.981626,
            47.256913,
            676.0
          ],
          [
            8.981805,
            47.256992,
            677.0
          ],
          [
            8.982084,
            47.257132,
            678.0
          ],
          [
            8.982219,
            47.257272,
            680.0
          ],
          [
            8.98229,
            47.257394,
            681.0
          ],
          [
            8.982363,
            47.257498,
            683.0
          ],
          [
            8.982416,
            47.257552,
            684.0
          ],
          [
            8.98256,
            47.257595,
            686.0
          ],
          [
            8.982722,
            47.257632,
            688.0
          ],
          [
            8.983026,
            47.257632,
            692.0
          ],
          [
            8.983279,
            47.257601,
            695.0
          ],
          [
            8.983494,
            47.257601,
            697.0
          ],
          [
            8.983997,
            47.257656,
            704.0
          ],
          [
            8.984473,
            47.25776,
            709.0
          ],
          [
            8.984689,
            47.257784,
            711.0
          ],
          [
            8.985219,
            47.257839,
            716.0
          ],
          [
            8.985695,
            47.257955,
            721.0
          ],
          [
            8.986234,
            47.258071,
            725.0
          ],
          [
            8.986602,
            47.258224,
            728.0
          ],
          [
            8.986808,
            47.258309,
            730.0
          ],
          [
            8.986845,
            47.258327,
            730.0
          ],
          [
            8.986926,
            47.258364,
            731.0
          ],
          [
            8.987124,
            47.258406,
            733.0
          ],
          [
            8.987663,
            47.258492,
            736.0
          ],
          [
            8.988129,
            47.25862,
            740.0
          ],
          [
            8.988506,
            47.258754,
            743.0
          ],
          [
            8.988615,
            47.258815,
            744.0
          ],
          [
            8.988785,
            47.258851,
            745.0
          ],
          [
            8.988992,
            47.258821,
            747.0
          ],
          [
            8.989118,
            47.258802,
            748.0
          ],
          [
            8.989217,
            47.258827,
            749.0
          ],
          [
            8.989334,
            47.258869,
            750.0
          ],
          [
            8.989611,
            47.258924,
            754.0
          ],
          [
            8.989827,
            47.258979,
            757.0
          ],
          [
            8.989934,
            47.259009,
            758.0
          ],
          [
            8.990114,
            47.259046,
            761.0
          ],
          [
            8.990286,
            47.259095,
            764.0
          ],
          [
            8.990474,
            47.259119,
            767.0
          ],
          [
            8.990699,
            47.259125,
            770.0
          ],
          [
            8.990869,
            47.259113,
            772.0
          ],
          [
            8.990986,
            47.259125,
            773.0
          ],
          [
            8.991364,
            47.259199,
            777.0
          ],
          [
            8.991453,
            47.259211,
            778.0
          ],
          [
            8.991498,
            47.259223,
            778.0
          ],
          [
            8.991642,
            47.259315,
            780.0
          ],
          [
            8.991732,
            47.259388,
            782.0
          ],
          [
            8.991867,
            47.259522,
            785.0
          ],
          [
            8.991965,
            47.259626,
            787.0
          ],
          [
            8.992064,
            47.259705,
            789.0
          ],
          [
            8.992253,
            47.259766,
            792.0
          ],
          [
            8.99254,
            47.259863,
            795.0
          ],
          [
            8.992693,
            47.259906,
            797.0
          ],
          [
            8.9929,
            47.259979,
            800.0
          ],
          [
            8.993034,
            47.260052,
            801.0
          ],
          [
            8.993232,
            47.260174,
            804.0
          ],
          [
            8.993403,
            47.260284,
            806.0
          ],
          [
            8.993573,
            47.260363,
            807.0
          ],
          [
            8.993771,
            47.260436,
            809.0
          ],
          [
            8.993951,
            47.260491,
            810.0
          ],
          [
            8.994112,
            47.260534,
            810.0
          ],
          [
            8.994517,
            47.260631,
            811.0
          ],
          [
            8.994669,
            47.260692,
            811.0
          ],
          [
            8.995146,
            47.2609,
            812.0
          ],
          [
            8.995766,
            47.261198,
            814.0
          ],
          [
            8.996529,
            47.261619,
            815.0
          ],
          [
            8.996691,
            47.261728,
            816.0
          ],
          [
            8.996789,
            47.261826,
            816.0
          ],
          [
            8.996843,
            47.261899,
            816.0
          ],
          [
            8.996906,
            47.262022,
            816.0
          ],
          [
            8.996961,
            47.26215,
            817.0
          ],
          [
            8.997041,
            47.262412,
            817.0
          ],
          [
            8.997112,
            47.262601,
            818.0
          ],
          [
            8.997238,
            47.262899,
            819.0
          ],
          [
            8.997374,
            47.263186,
            819.0
          ],
          [
            8.997454,
            47.263375,
            820.0
          ],
          [
            8.997471,
            47.263497,
            821.0
          ],
          [
            8.997471,
            47.263582,
            822.0
          ],
          [
            8.997437,
            47.263783,
            823.0
          ],
          [
            8.997445,
            47.263869,
            824.0
          ],
          [
            8.997481,
            47.26396,
            825.0
          ],
          [
            8.997643,
            47.264045,
            826.0
          ],
          [
            8.998003,
            47.264161,
            829.0
          ],
          [
            8.998217,
            47.264222,
            830.0
          ],
          [
            8.998397,
            47.264283,
            830.0
          ],
          [
            8.998523,
            47.26435,
            830.0
          ],
          [
            8.998622,
            47.264466,
            830.0
          ],
          [
            8.998693,
            47.264533,
            830.0
          ],
          [
            8.998909,
            47.26457,
            830.0
          ],
          [
            8.999089,
            47.264625,
            830.0
          ],
          [
            8.999169,
            47.264643,
            830.0
          ],
          [
            8.999242,
            47.264649,
            830.0
          ],
          [
            8.999332,
            47.264655,
            830.0
          ],
          [
            8.999412,
            47.264649,
            830.0
          ],
          [
            8.999538,
            47.264631,
            830.0
          ],
          [
            8.999852,
            47.264564,
            830.0
          ],
          [
            9.000058,
            47.264509,
            830.0
          ],
          [
            9.000176,
            47.264472,
            830.0
          ],
          [
            9.000257,
            47.264442,
            830.0
          ],
          [
            9.0005,
            47.26432,
            830.0
          ],
          [
            9.000733,
            47.264216,
            830.0
          ],
          [
            9.00094,
            47.264094,
            830.0
          ],
          [
            9.001146,
            47.263966,
            830.0
          ],
          [
            9.00137,
            47.263899,
            829.0
          ],
          [
            9.001586,
            47.263881,
            828.0
          ],
          [
            9.002008,
            47.263899,
            826.0
          ],
          [
            9.002448,
            47.263899,
            824.0
          ],
          [
            9.002943,
            47.263832,
            822.0
          ],
          [
            9.003131,
            47.263802,
            821.0
          ],
          [
            9.003356,
            47.263741,
            820.0
          ],
          [
            9.003814,
            47.263862,
            821.0
          ],
          [
            9.004039,
            47.263954,
            821.0
          ],
          [
            9.004182,
            47.264045,
            821.0
          ],
          [
            9.004308,
            47.264173,
            822.0
          ],
          [
            9.004443,
            47.264289,
            822.0
          ],
          [
            9.005098,
            47.264899,
            824.0
          ],
          [
            9.005485,
            47.265258,
            825.0
          ],
          [
            9.005727,
            47.265514,
            826.0
          ],
          [
            9.005871,
            47.265697,
            827.0
          ],
          [
            9.005961,
            47.265832,
            827.0
          ],
          [
            9.006132,
            47.266149,
            828.0
          ],
          [
            9.006303,
            47.26649,
            829.0
          ],
          [
            9.006509,
            47.266904,
            830.0
          ],
          [
            9.006905,
            47.267697,
            831.0
          ],
          [
            9.007146,
            47.268191,
            832.0
          ],
          [
            9.007272,
            47.268355,
            832.0
          ],
          [
            9.007381,
            47.268483,
            832.0
          ],
          [
            9.007578,
            47.268654,
            833.0
          ],
          [
            9.007802,
            47.268812,
            833.0
          ],
          [
            9.008127,
            47.268989,
            834.0
          ],
          [
            9.008647,
            47.269257,
            834.0
          ],
          [
            9.008782,
            47.269343,
            834.0
          ],
          [
            9.008907,
            47.269441,
            835.0
          ],
          [
            9.009016,
            47.269575,
            835.0
          ],
          [
            9.009114,
            47.269702,
            835.0
          ],
          [
            9.009213,
            47.269806,
            835.0
          ],
          [
            9.009356,
            47.269922,
            835.0
          ],
          [
            9.009402,
            47.269958,
            835.0
          ],
          [
            9.00959,
            47.270074,
            836.0
          ],
          [
            9.009698,
            47.27011,
            836.0
          ],
          [
            9.009788,
            47.270153,
            836.0
          ],
          [
            9.010004,
            47.270238,
            836.0
          ],
          [
            9.010058,
            47.270263,
            836.0
          ],
          [
            9.010282,
            47.270354,
            837.0
          ],
          [
            9.010398,
            47.270409,
            837.0
          ],
          [
            9.010524,
            47.270446,
            837.0
          ],
          [
            9.010677,
            47.27047,
            837.0
          ],
          [
            9.010901,
            47.270464,
            837.0
          ],
          [
            9.011503,
            47.27044,
            838.0
          ],
          [
            9.01215,
            47.27044,
            838.0
          ],
          [
            9.012348,
            47.27044,
            839.0
          ],
          [
            9.012528,
            47.270434,
            839.0
          ],
          [
            9.013201,
            47.270422,
            840.0
          ],
          [
            9.013488,
            47.270415,
            840.0
          ],
          [
            9.013668,
            47.27044,
            840.0
          ],
          [
            9.01375,
            47.270452,
            840.0
          ],
          [
            9.013876,
            47.27047,
            841.0
          ],
          [
            9.014019,
            47.270507,
            842.0
          ],
          [
            9.014127,
            47.270544,
            842.0
          ],
          [
            9.015035,
            47.271013,
            848.0
          ],
          [
            9.015124,
            47.271068,
            848.0
          ],
          [
            9.015465,
            47.271226,
            850.0
          ],
          [
            9.015601,
            47.271171,
            850.0
          ],
          [
            9.015905,
            47.271116,
            850.0
          ],
          [
            9.016264,
            47.271068,
            850.0
          ],
          [
            9.016553,
            47.271068,
            850.0
          ],
          [
            9.01675,
            47.271019,
            850.0
          ],
          [
            9.017576,
            47.270806,
            850.0
          ],
          [
            9.018008,
            47.27072,
            850.0
          ],
          [
            9.018205,
            47.270727,
            850.0
          ],
          [
            9.018654,
            47.270751,
            850.0
          ],
          [
            9.018762,
            47.270763,
            850.0
          ],
          [
            9.018843,
            47.270794,
            850.0
          ],
          [
            9.018951,
            47.270842,
            850.0
          ],
          [
            9.019023,
            47.270897,
            850.0
          ],
          [
            9.019086,
            47.270934,
            850.0
          ],
          [
            9.019148,
            47.270964,
            850.0
          ],
          [
            9.019238,
            47.271013,
            851.0
          ],
          [
            9.019346,
            47.271049,
            852.0
          ],
          [
            9.019562,
            47.271189,
            855.0
          ],
          [
            9.019624,
            47.271256,
            857.0
          ],
          [
            9.01966,
            47.271372,
            859.0
          ],
          [
            9.019706,
            47.271488,
            860.0
          ],
          [
            9.019813,
            47.271622,
            863.0
          ],
          [
            9.020065,
            47.271769,
            866.0
          ],
          [
            9.020289,
            47.271872,
            868.0
          ],
          [
            9.020918,
            47.271994,
            873.0
          ],
          [
            9.021107,
            47.272019,
            874.0
          ],
          [
            9.021314,
            47.272037,
            876.0
          ],
          [
            9.02143,
            47.272049,
            876.0
          ],
          [
            9.02152,
            47.272067,
            877.0
          ],
          [
            9.021888,
            47.27214,
            880.0
          ],
          [
            9.022104,
            47.272177,
            881.0
          ],
          [
            9.022346,
            47.272195,
            884.0
          ],
          [
            9.022742,
            47.27222,
            887.0
          ],
          [
            9.022805,
            47.272232,
            888.0
          ],
          [
            9.022859,
            47.272262,
            888.0
          ],
          [
            9.022985,
            47.272262,
            889.0
          ],
          [
            9.023136,
            47.272268,
            890.0
          ],
          [
            9.023235,
            47.27228,
            890.0
          ],
          [
            9.023335,
            47.272305,
            891.0
          ],
          [
            9.023442,
            47.272329,
            891.0
          ],
          [
            9.023551,
            47.27236,
            892.0
          ],
          [
            9.023649,
            47.272396,
            893.0
          ],
          [
            9.023775,
            47.272445,
            893.0
          ],
          [
            9.024125,
            47.272616,
            896.0
          ],
          [
            9.024314,
            47.272695,
            897.0
          ],
          [
            9.02452,
            47.272762,
            898.0
          ],
          [
            9.024799,
            47.272842,
            900.0
          ],
          [
            9.024969,
            47.272878,
            900.0
          ],
          [
            9.025149,
            47.272909,
            900.0
          ],
          [
            9.025346,
            47.272933,
            900.0
          ],
          [
            9.02549,
            47.272951,
            900.0
          ],
          [
            9.027044,
            47.273098,
            900.0
          ],
          [
            9.027251,
            47.273128,
            900.0
          ],
          [
            9.02735,
            47.273146,
            900.0
          ],
          [
            9.027413,
            47.273165,
            900.0
          ],
          [
            9.027476,
            47.273183,
            900.0
          ],
          [
            9.02753,
            47.273201,
            900.0
          ],
          [
            9.02762,
            47.273244,
            900.0
          ],
          [
            9.027656,
            47.273268,
            900.0
          ],
          [
            9.027719,
            47.273317,
            900.0
          ],
          [
            9.027835,
            47.273439,
            900.0
          ],
          [
            9.027925,
            47.273542,
            900.0
          ],
          [
            9.02797,
            47.273585,
            900.0
          ],
          [
            9.028023,
            47.273627,
            900.0
          ],
          [
            9.028069,
            47.273658,
            900.0
          ],
          [
            9.028113,
            47.273688,
            900.0
          ],
          [
            9.028185,
            47.273719,
            900.0
          ],
          [
            9.02823,
            47.273743,
            900.0
          ],
          [
            9.028302,
            47.273768,
            900.0
          ],
          [
            9.028375,
            47.273792,
            900.0
          ],
          [
            9.028455,
            47.273804,
            900.0
          ],
          [
            9.028535,
            47.273817,
            899.0
          ],
          [
            9.028625,
            47.273823,
            899.0
          ],
          [
            9.028761,
            47.273829,
            898.0
          ],
          [
            9.028985,
            47.273835,
            896.0
          ],
          [
            9.029425,
            47.273847,
            893.0
          ],
          [
            9.029658,
            47.273853,
            892.0
          ],
          [
            9.02983,
            47.273872,
            891.0
          ],
          [
            9.030009,
            47.27389,
            890.0
          ],
          [
            9.03017,
            47.273908,
            889.0
          ],
          [
            9.030673,
            47.273988,
            885.0
          ],
          [
            9.030845,
            47.274006,
            884.0
          ],
          [
            9.030962,
            47.274012,
            883.0
          ],
          [
            9.031088,
            47.274012,
            882.0
          ],
          [
            9.031239,
            47.274006,
            881.0
          ],
          [
            9.031464,
            47.273994,
            880.0
          ],
          [
            9.031914,
            47.273951,
            877.0
          ],
          [
            9.032067,
            47.273945,
            876.0
          ],
          [
            9.032228,
            47.273945,
            875.0
          ],
          [
            9.032453,
            47.273951,
            873.0
          ],
          [
            9.033288,
            47.273975,
            867.0
          ],
          [
            9.033396,
            47.273975,
            866.0
          ],
          [
            9.033503,
            47.273963,
            866.0
          ],
          [
            9.033585,
            47.273951,
            865.0
          ],
          [
            9.033692,
            47.273933,
            864.0
          ],
          [
            9.033791,
            47.273902,
            863.0
          ],
          [
            9.033916,
            47.273853,
            862.0
          ],
          [
            9.034105,
            47.273756,
            861.0
          ],
          [
            9.034195,
            47.273719,
            860.0
          ],
          [
            9.034258,
            47.273701,
            860.0
          ],
          [
            9.034338,
            47.273682,
            859.0
          ],
          [
            9.034411,
            47.273664,
            858.0
          ],
          [
            9.034501,
            47.273652,
            858.0
          ],
          [
            9.034617,
            47.273646,
            857.0
          ],
          [
            9.034725,
            47.273646,
            856.0
          ],
          [
            9.034958,
            47.27364,
            855.0
          ],
          [
            9.035048,
            47.273633,
            854.0
          ],
          [
            9.03513,
            47.273621,
            854.0
          ],
          [
            9.03521,
            47.273603,
            853.0
          ],
          [
            9.035317,
            47.273573,
            852.0
          ],
          [
            9.03548,
            47.273524,
            851.0
          ],
          [
            9.035434,
            47.273591,
            851.0
          ],
          [
            9.03538,
            47.273688,
            851.0
          ],
          [
            9.035157,
            47.273981,
            850.0
          ],
          [
            9.035084,
            47.274128,
            850.0
          ],
          [
            9.03504,
            47.274298,
            850.0
          ],
          [
            9.035057,
            47.274469,
            850.0
          ],
          [
            9.035103,
            47.27459,
            850.0
          ],
          [
            9.035183,
            47.274731,
            850.0
          ],
          [
            9.0353,
            47.274865,
            850.0
          ],
          [
            9.035372,
            47.274926,
            850.0
          ],
          [
            9.03557,
            47.275115,
            852.0
          ],
          [
            9.035686,
            47.275219,
            853.0
          ],
          [
            9.036333,
            47.275803,
            857.0
          ],
          [
            9.036656,
            47.276066,
            859.0
          ],
          [
            9.037644,
            47.276809,
            862.0
          ],
          [
            9.037753,
            47.276876,
            863.0
          ],
          [
            9.037878,
            47.276931,
            863.0
          ],
          [
            9.038022,
            47.276986,
            863.0
          ],
          [
            9.03822,
            47.277071,
            863.0
          ],
          [
            9.038444,
            47.277163,
            864.0
          ],
          [
            9.038499,
            47.277193,
            864.0
          ],
          [
            9.038552,
            47.27723,
            864.0
          ],
          [
            9.038588,
            47.277273,
            864.0
          ],
          [
            9.038615,
            47.277321,
            864.0
          ],
          [
            9.038642,
            47.277407,
            865.0
          ],
          [
            9.038642,
            47.277455,
            865.0
          ],
          [
            9.038642,
            47.27751,
            865.0
          ],
          [
            9.038588,
            47.277729,
            866.0
          ],
          [
            9.038462,
            47.278162,
            867.0
          ],
          [
            9.038453,
            47.278266,
            867.0
          ],
          [
            9.038462,
            47.278303,
            867.0
          ],
          [
            9.03848,
            47.278345,
            867.0
          ],
          [
            9.038516,
            47.278376,
            867.0
          ],
          [
            9.038562,
            47.2784,
            867.0
          ],
          [
            9.038606,
            47.278418,
            867.0
          ],
          [
            9.03865,
            47.278425,
            868.0
          ],
          [
            9.038696,
            47.278418,
            868.0
          ],
          [
            9.038732,
            47.278412,
            868.0
          ],
          [
            9.039172,
            47.278187,
            869.0
          ],
          [
            9.039908,
            47.277778,
            872.0
          ],
          [
            9.040088,
            47.277705,
            873.0
          ],
          [
            9.040151,
            47.277681,
            874.0
          ],
          [
            9.040267,
            47.277656,
            875.0
          ],
          [
            9.041032,
            47.277535,
            881.0
          ],
          [
            9.041076,
            47.277528,
            882.0
          ],
          [
            9.041562,
            47.277461,
            885.0
          ],
          [
            9.041778,
            47.277449,
            887.0
          ],
          [
            9.042091,
            47.277468,
            890.0
          ],
          [
            9.042254,
            47.277504,
            891.0
          ],
          [
            9.042397,
            47.277577,
            892.0
          ],
          [
            9.042522,
            47.277681,
            894.0
          ],
          [
            9.042621,
            47.277809,
            895.0
          ],
          [
            9.042648,
            47.277918,
            896.0
          ],
          [
            9.04263,
            47.278083,
            898.0
          ],
          [
            9.042604,
            47.278485,
            903.0
          ],
          [
            9.042604,
            47.278674,
            905.0
          ],
          [
            9.042657,
            47.278778,
            906.0
          ],
          [
            9.042828,
            47.27893,
            908.0
          ],
          [
            9.042891,
            47.278979,
            909.0
          ],
          [
            9.043034,
            47.2791,
            910.0
          ],
          [
            9.043313,
            47.279308,
            913.0
          ],
          [
            9.043493,
            47.279406,
            914.0
          ],
          [
            9.043717,
            47.279546,
            916.0
          ],
          [
            9.043915,
            47.279686,
            917.0
          ],
          [
            9.044005,
            47.279802,
            918.0
          ],
          [
            9.044086,
            47.27985,
            919.0
          ],
          [
            9.044185,
            47.279869,
            920.0
          ],
          [
            9.044418,
            47.279869,
            920.0
          ],
          [
            9.044661,
            47.279862,
            921.0
          ],
          [
            9.045082,
            47.279917,
            922.0
          ],
          [
            9.045918,
            47.280009,
            925.0
          ],
          [
            9.046097,
            47.280045,
            925.0
          ],
          [
            9.046242,
            47.2801,
            926.0
          ],
          [
            9.046457,
            47.28021,
            927.0
          ],
          [
            9.046925,
            47.280448,
            928.0
          ],
          [
            9.047095,
            47.280533,
            929.0
          ],
          [
            9.047139,
            47.280558,
            929.0
          ],
          [
            9.047311,
            47.280612,
            930.0
          ],
          [
            9.047481,
            47.280637,
            930.0
          ],
          [
            9.047904,
            47.28074,
            930.0
          ],
          [
            9.048173,
            47.280801,
            930.0
          ],
          [
            9.048334,
            47.280856,
            930.0
          ],
          [
            9.048407,
            47.280892,
            930.0
          ],
          [
            9.048496,
            47.280905,
            930.0
          ],
          [
            9.04856,
            47.280892,
            930.0
          ],
          [
            9.048586,
            47.28085,
            930.0
          ],
          [
            9.048623,
            47.280752,
            930.0
          ],
          [
            9.048667,
            47.280691,
            930.0
          ],
          [
            9.048747,
            47.280637,
            930.0
          ],
          [
            9.048856,
            47.2806,
            930.0
          ],
          [
            9.04908,
            47.280576,
            932.0
          ],
          [
            9.049575,
            47.2806,
            937.0
          ],
          [
            9.05121,
            47.280716,
            957.0
          ],
          [
            9.051873,
            47.280783,
            967.0
          ],
          [
            9.052449,
            47.280856,
            975.0
          ],
          [
            9.053078,
            47.280959,
            980.0
          ],
          [
            9.053644,
            47.281051,
            980.0
          ],
          [
            9.053814,
            47.281099,
            980.0
          ],
          [
            9.053957,
            47.281166,
            980.0
          ],
          [
            9.054156,
            47.28127,
            980.0
          ],
          [
            9.054254,
            47.281301,
            980.0
          ],
          [
            9.054362,
            47.281319,
            980.0
          ],
          [
            9.05456,
            47.281337,
            980.0
          ],
          [
            9.054739,
            47.281368,
            980.0
          ],
          [
            9.055072,
            47.281429,
            980.0
          ],
          [
            9.055269,
            47.28149,
            980.0
          ],
          [
            9.055378,
            47.281533,
            980.0
          ],
          [
            9.055449,
            47.281563,
            980.0
          ],
          [
            9.055674,
            47.281703,
            980.0
          ],
          [
            9.055718,
            47.281734,
            980.0
          ],
          [
            9.056671,
            47.282392,
            970.0
          ],
          [
            9.056986,
            47.282623,
            965.0
          ],
          [
            9.057057,
            47.282696,
            963.0
          ],
          [
            9.057112,
            47.2828,
            961.0
          ],
          [
            9.057389,
            47.28347,
            950.0
          ],
          [
            9.057426,
            47.283605,
            949.0
          ],
          [
            9.057426,
            47.283787,
            948.0
          ],
          [
            9.057452,
            47.28397,
            947.0
          ],
          [
            9.057506,
            47.284207,
            946.0
          ],
          [
            9.057588,
            47.284354,
            945.0
          ],
          [
            9.057659,
            47.284482,
            945.0
          ],
          [
            9.057768,
            47.284634,
            944.0
          ],
          [
            9.057911,
            47.284866,
            941.0
          ],
          [
            9.058162,
            47.285188,
            939.0
          ],
          [
            9.058261,
            47.285292,
            939.0
          ],
          [
            9.05836,
            47.285359,
            938.0
          ],
          [
            9.058548,
            47.285463,
            938.0
          ],
          [
            9.059051,
            47.285719,
            936.0
          ],
          [
            9.05942,
            47.285926,
            935.0
          ],
          [
            9.059743,
            47.286151,
            934.0
          ],
          [
            9.059923,
            47.286291,
            933.0
          ],
          [
            9.059976,
            47.286365,
            933.0
          ],
          [
            9.059986,
            47.286481,
            932.0
          ],
          [
            9.059986,
            47.286743,
            931.0
          ],
          [
            9.060013,
            47.286846,
            931.0
          ],
          [
            9.060076,
            47.286901,
            931.0
          ],
          [
            9.060165,
            47.286938,
            930.0
          ],
          [
            9.060705,
            47.287078,
            928.0
          ],
          [
            9.060741,
            47.287096,
            928.0
          ],
          [
            9.060812,
            47.287138,
            927.0
          ],
          [
            9.060992,
            47.28726,
            926.0
          ],
          [
            9.061818,
            47.287839,
            920.0
          ],
          [
            9.062026,
            47.287967,
            919.0
          ],
          [
            9.062196,
            47.288065,
            918.0
          ],
          [
            9.062393,
            47.288138,
            916.0
          ],
          [
            9.062716,
            47.28826,
            914.0
          ],
          [
            9.063426,
            47.288522,
            910.0
          ],
          [
            9.063741,
            47.28868,
            908.0
          ],
          [
            9.064271,
            47.288948,
            903.0
          ],
          [
            9.06437,
            47.288997,
            902.0
          ],
          [
            9.064657,
            47.289167,
            900.0
          ],
          [
            9.064765,
            47.289241,
            898.0
          ],
          [
            9.06481,
            47.289271,
            898.0
          ],
          [
            9.064909,
            47.289314,
            897.0
          ],
          [
            9.065026,
            47.289326,
            896.0
          ],
          [
            9.065259,
            47.28929,
            895.0
          ],
          [
            9.065385,
            47.289283,
            894.0
          ],
          [
            9.065582,
            47.289314,
            892.0
          ],
          [
            9.066391,
            47.289503,
            886.0
          ],
          [
            9.06649,
            47.289552,
            885.0
          ],
          [
            9.066588,
            47.289643,
            884.0
          ],
          [
            9.06666,
            47.289826,
            882.0
          ],
          [
            9.066813,
            47.290185,
            878.0
          ],
          [
            9.066947,
            47.290374,
            875.0
          ],
          [
            9.067083,
            47.290527,
            873.0
          ],
          [
            9.067236,
            47.290618,
            871.0
          ],
          [
            9.067289,
            47.290642,
            871.0
          ],
          [
            9.06737,
            47.290636,
            870.0
          ],
          [
            9.06754,
            47.290673,
            867.0
          ],
          [
            9.067684,
            47.290697,
            864.0
          ],
          [
            9.067765,
            47.29088,
            860.0
          ],
          [
            9.067846,
            47.291123,
            853.0
          ],
          [
            9.067963,
            47.291319,
            848.0
          ],
          [
            9.068071,
            47.29155,
            842.0
          ],
          [
            9.068106,
            47.291611,
            840.0
          ],
          [
            9.068402,
            47.291849,
            836.0
          ],
          [
            9.068664,
            47.29208,
            833.0
          ],
          [
            9.06905,
            47.292336,
            828.0
          ],
          [
            9.069921,
            47.292896,
            817.0
          ],
          [
            9.070226,
            47.293079,
            813.0
          ],
          [
            9.07028,
            47.29311,
            812.0
          ],
          [
            9.070352,
            47.293122,
            811.0
          ],
          [
            9.070415,
            47.293128,
            811.0
          ],
          [
            9.070469,
            47.293128,
            810.0
          ],
          [
            9.070613,
            47.293159,
            808.0
          ],
          [
            9.070729,
            47.293159,
            806.0
          ],
          [
            9.070846,
            47.293177,
            804.0
          ],
          [
            9.070963,
            47.293171,
            802.0
          ],
          [
            9.071026,
            47.293189,
            801.0
          ],
          [
            9.071179,
            47.293323,
            796.0
          ],
          [
            9.071259,
            47.293378,
            794.0
          ],
          [
            9.071368,
            47.293427,
            791.0
          ],
          [
            9.071511,
            47.293476,
            788.0
          ],
          [
            9.071645,
            47.293457,
            786.0
          ],
          [
            9.071781,
            47.293476,
            785.0
          ],
          [
            9.071915,
            47.293524,
            783.0
          ],
          [
            9.072087,
            47.293634,
            780.0
          ],
          [
            9.072293,
            47.293804,
            774.0
          ],
          [
            9.072563,
            47.294018,
            768.0
          ],
          [
            9.073012,
            47.294383,
            759.0
          ],
          [
            9.073389,
            47.294657,
            752.0
          ],
          [
            9.073613,
            47.294987,
            744.0
          ],
          [
            9.073784,
            47.295291,
            737.0
          ],
          [
            9.073991,
            47.295589,
            730.0
          ],
          [
            9.074062,
            47.29573,
            728.0
          ],
          [
            9.074295,
            47.295858,
            726.0
          ],
          [
            9.074511,
            47.295943,
            724.0
          ],
          [
            9.074897,
            47.29612,
            720.0
          ],
          [
            9.07523,
            47.296309,
            717.0
          ],
          [
            9.075463,
            47.296418,
            715.0
          ],
          [
            9.075706,
            47.296485,
            714.0
          ],
          [
            9.075985,
            47.296534,
            711.0
          ],
          [
            9.076353,
            47.296576,
            709.0
          ],
          [
            9.076595,
            47.296637,
            707.0
          ],
          [
            9.076721,
            47.296692,
            705.0
          ],
          [
            9.076838,
            47.296741,
            704.0
          ],
          [
            9.076937,
            47.296802,
            703.0
          ],
          [
            9.077035,
            47.296857,
            702.0
          ],
          [
            9.077251,
            47.297052,
            699.0
          ],
          [
            9.07745,
            47.297265,
            697.0
          ],
          [
            9.077674,
            47.297472,
            694.0
          ],
          [
            9.077907,
            47.297637,
            692.0
          ],
          [
            9.078572,
            47.298088,
            685.0
          ],
          [
            9.078895,
            47.298282,
            682.0
          ],
          [
            9.079174,
            47.29841,
            679.0
          ],
          [
            9.079479,
            47.298569,
            676.0
          ],
          [
            9.079641,
            47.29863,
            675.0
          ],
          [
            9.079811,
            47.298673,
            674.0
          ],
          [
            9.080161,
            47.298813,
            671.0
          ],
          [
            9.080539,
            47.299007,
            668.0
          ],
          [
            9.080755,
            47.299087,
            666.0
          ],
          [
            9.08062,
            47.299117,
            663.0
          ],
          [
            9.080467,
            47.29916,
            660.0
          ],
          [
            9.080467,
            47.29919,
            660.0
          ],
          [
            9.080476,
            47.299208,
            659.0
          ],
          [
            9.08053,
            47.299239,
            659.0
          ],
          [
            9.08062,
            47.299281,
            658.0
          ],
          [
            9.080674,
            47.299312,
            658.0
          ],
          [
            9.080746,
            47.299336,
            657.0
          ],
          [
            9.080943,
            47.299385,
            656.0
          ],
          [
            9.081113,
            47.299397,
            655.0
          ],
          [
            9.08124,
            47.299385,
            654.0
          ],
          [
            9.081348,
            47.299355,
            654.0
          ],
          [
            9.081555,
            47.299513,
            652.0
          ],
          [
            9.081698,
            47.299629,
            650.0
          ],
          [
            9.081869,
            47.29972,
            648.0
          ],
          [
            9.082094,
            47.299793,
            645.0
          ],
          [
            9.082245,
            47.299812,
            643.0
          ],
          [
            9.082345,
            47.299818,
            642.0
          ],
          [
            9.082453,
            47.29983,
            641.0
          ],
          [
            9.082713,
            47.299964,
            635.0
          ],
          [
            9.082811,
            47.300073,
            631.0
          ],
          [
            9.083109,
            47.300281,
            630.0
          ],
          [
            9.083396,
            47.300366,
            626.0
          ],
          [
            9.083593,
            47.30036,
            623.0
          ],
          [
            9.083908,
            47.300421,
            620.0
          ],
          [
            9.084213,
            47.300549,
            620.0
          ],
          [
            9.084392,
            47.300622,
            620.0
          ],
          [
            9.084438,
            47.300652,
            620.0
          ],
          [
            9.084654,
            47.300403,
            620.0
          ],
          [
            9.084725,
            47.30033,
            620.0
          ],
          [
            9.084851,
            47.300189,
            620.0
          ],
          [
            9.084905,
            47.300122,
            620.0
          ],
          [
            9.08504,
            47.299909,
            620.0
          ],
          [
            9.085184,
            47.299726,
            620.0
          ],
          [
            9.085345,
            47.299526,
            620.0
          ],
          [
            9.085381,
            47.299483,
            620.0
          ],
          [
            9.0854,
            47.299458,
            620.0
          ],
          [
            9.085507,
            47.299355,
            620.0
          ],
          [
            9.085524,
            47.299361,
            620.0
          ],
          [
            9.085704,
            47.299373,
            620.0
          ],
          [
            9.085713,
            47.299373,
            620.0
          ],
          [
            9.085857,
            47.29941,
            620.0
          ],
          [
            9.08592,
            47.299416,
            620.0
          ],
          [
            9.08601,
            47.299452,
            620.0
          ],
          [
            9.086172,
            47.299507,
            620.0
          ],
          [
            9.086369,
            47.29958,
            620.0
          ],
          [
            9.086477,
            47.29944,
            620.0
          ],
          [
            9.086603,
            47.299287,
            620.0
          ],
          [
            9.086629,
            47.299257,
            620.0
          ]
        ]
      }
    }
  ]
}