{
  "type": "FeatureCollection",
  "features": [
    {
      "type": "Feature",
      "properties": {},
      "geometry": {
        "type": "LineString",
        "coordinates": [
          [
            8.550695,
            47.049167,
            509.0
          ],
          [
            8.550318,
            47.049265,
            509.0
          ],
          [
            8.550155,
            47.049314,
            508.0
          ],
          [
            8.549949,
            47.04905,
            509.0
          ],
          [
            8.549823,
            47.049075,
            510.0
          ],
          [
            8.549796,
            47.049075,
            510.0
          ],
          [
            8.549779,
            47.049081,
            510.0
          ],
          [
            8.549761,
            47.04905,
            510.0
          ],
          [
            8.549752,
            47.049032,
            510.0
          ],
          [
            8.549689,
            47.049038,
            510.0
          ],
          [
            8.549536,
            47.049044,
            510.0
          ],
          [
            8.549455,
            47.04905,
            510.0
          ],
          [
            8.549375,
            47.04905,
            510.0
          ],
          [
            8.549303,
            47.049056,
            510.0
          ],
          [
            8.549203,
            47.049062,
            510.0
          ],
          [
            8.549176,
            47.049062,
            510.0
          ],
          [
            8.549176,
            47.049056,
            510.0
          ],
          [
            8.549079,
            47.049056,
            510.0
          ],
          [
            8.549069,
            47.049062,
            510.0
          ],
          [
            8.549069,
            47.049056,
            510.0
          ],
          [
            8.548952,
            47.049062,
            510.0
          ],
          [
            8.548809,
            47.049069,
            510.0
          ],
          [
            8.548647,
            47.049075,
            510.0
          ],
          [
            8.548503,
            47.049081,
            510.0
          ],
          [
            8.548494,
            47.049087,
            510.0
          ],
          [
            8.54845,
            47.049118,
            510.0
          ],
          [
            8.54835,
            47.049167,
            509.0
          ],
          [
            8.54827,
            47.049216,
            509.0
          ],
          [
            8.548081,
            47.049332,
            508.0
          ],
          [
            8.548054,
            47.049332,
            507.0
          ],
          [
            8.548037,
            47.049338,
            506.0
          ],
          [
            8.547991,
            47.049332,
            505.0
          ],
          [
            8.547982,
            47.04935,
            505.0
          ],
          [
            8.547982,
            47.049381,
            505.0
          ],
          [
            8.547884,
            47.049381,
            505.0
          ],
          [
            8.547794,
            47.049387,
            504.0
          ],
          [
            8.547748,
            47.049393,
            504.0
          ],
          [
            8.547748,
            47.049418,
            504.0
          ],
          [
            8.547739,
            47.049436,
            504.0
          ],
          [
            8.547721,
            47.04946,
            504.0
          ],
          [
            8.547695,
            47.049473,
            504.0
          ],
          [
            8.547658,
            47.049485,
            504.0
          ],
          [
            8.547632,
            47.049485,
            505.0
          ],
          [
            8.547595,
            47.049485,
            505.0
          ],
          [
            8.54756,
            47.049473,
            505.0
          ],
          [
            8.547532,
            47.04946,
            505.0
          ],
          [
            8.547515,
            47.049436,
            505.0
          ],
          [
            8.547505,
            47.049412,
            505.0
          ],
          [
            8.547461,
            47.049418,
            504.0
          ],
          [
            8.547362,
            47.049424,
            504.0
          ],
          [
            8.546716,
            47.049485,
            502.0
          ],
          [
            8.54641,
            47.049509,
            501.0
          ],
          [
            8.545817,
            47.049564,
            499.0
          ],
          [
            8.54571,
            47.04957,
            499.0
          ],
          [
            8.545224,
            47.049613,
            498.0
          ],
          [
            8.545144,
            47.049699,
            497.0
          ],
          [
            8.544838,
            47.050036,
            493.0
          ],
          [
            8.544758,
            47.050122,
            493.0
          ],
          [
            8.544289,
            47.050592,
            488.0
          ],
          [
            8.544344,
            47.050605,
            488.0
          ],
          [
            8.544316,
            47.050629,
            489.0
          ],
          [
            8.544209,
            47.050715,
            487.0
          ],
          [
            8.544173,
            47.050746,
            487.0
          ],
          [
            8.544137,
            47.050782,
            486.0
          ],
          [
            8.543813,
            47.051125,
            484.0
          ],
          [
            8.543589,
            47.051382,
            482.0
          ],
          [
            8.543481,
            47.051498,
            481.0
          ],
          [
            8.543373,
            47.051627,
            480.0
          ],
          [
            8.543158,
            47.051866,
            479.0
          ],
          [
            8.543086,
            47.051933,
            478.0
          ],
          [
            8.543033,
            47.051988,
            478.0
          ],
          [
            8.543014,
            47.052007,
            478.0
          ],
          [
            8.542924,
            47.052092,
            478.0
          ],
          [
            8.542798,
            47.052184,
            477.0
          ],
          [
            8.542736,
            47.052239,
            477.0
          ],
          [
            8.541721,
            47.052998,
            473.0
          ],
          [
            8.541379,
            47.053261,
            471.0
          ],
          [
            8.540993,
            47.053543,
            470.0
          ],
          [
            8.540508,
            47.053898,
            469.0
          ],
          [
            8.540463,
            47.053934,
            469.0
          ],
          [
            8.540454,
            47.05394,
            469.0
          ],
          [
            8.540418,
            47.053959,
            469.0
          ],
          [
            8.540373,
            47.053989,
            469.0
          ],
          [
            8.539924,
            47.054283,
            469.0
          ],
          [
            8.539817,
            47.054357,
            469.0
          ],
          [
            8.539601,
            47.054516,
            469.0
          ],
          [
            8.539582,
            47.054528,
            469.0
          ],
          [
            8.539538,
            47.054565,
            461.0
          ],
          [
            8.539484,
            47.054602,
            461.0
          ],
          [
            8.539448,
            47.054632,
            461.0
          ],
          [
            8.539421,
            47.054645,
            461.0
          ],
          [
            8.539394,
            47.054663,
            461.0
          ],
          [
            8.539368,
            47.054675,
            461.0
          ],
          [
            8.539331,
            47.054693,
            461.0
          ],
          [
            8.539205,
            47.054754,
            460.0
          ],
          [
            8.538909,
            47.05492,
            460.0
          ],
          [
            8.538855,
            47.05495,
            460.0
          ],
          [
            8.538747,
            47.055005,
            460.0
          ],
          [
            8.538487,
            47.055146,
            460.0
          ],
          [
            8.538236,
            47.055275,
            460.0
          ],
          [
            8.537921,
            47.05544,
            460.0
          ],
          [
            8.53767,
            47.055581,
            459.0
          ],
          [
            8.537498,
            47.055666,
            458.0
          ],
          [
            8.537337,
            47.055746,
            458.0
          ],
          [
            8.536951,
            47.055954,
            456.0
          ],
          [
            8.536789,
            47.056034,
            456.0
          ],
          [
            8.536492,
            47.056218,
            454.0
          ],
          [
            8.536376,
            47.056273,
            454.0
          ],
          [
            8.535773,
            47.056578,
            451.0
          ],
          [
            8.535387,
            47.056505,
            450.0
          ],
          [
            8.534777,
            47.056316,
            448.0
          ],
          [
            8.534607,
            47.05623,
            447.0
          ],
          [
            8.534381,
            47.056113,
            446.0
          ],
          [
            8.534435,
            47.056064,
            446.0
          ],
          [
            8.534381,
            47.056034,
            446.0
          ],
          [
            8.534328,
            47.056003,
            446.0
          ],
          [
            8.534381,
            47.05596,
            446.0
          ],
          [
            8.534427,
            47.055923,
            447.0
          ],
          [
            8.534292,
            47.055844,
            447.0
          ],
          [
            8.534049,
            47.05574,
            448.0
          ],
          [
            8.533905,
            47.055679,
            449.0
          ],
          [
            8.533779,
            47.05563,
            450.0
          ],
          [
            8.533555,
            47.055575,
            450.0
          ],
          [
            8.533322,
            47.055471,
            451.0
          ],
          [
            8.533186,
            47.055385,
            451.0
          ],
          [
            8.532836,
            47.05522,
            452.0
          ],
          [
            8.532468,
            47.055073,
            453.0
          ],
          [
            8.532324,
            47.054981,
            453.0
          ],
          [
            8.531911,
            47.054632,
            454.0
          ],
          [
            8.531481,
            47.05424,
            456.0
          ],
          [
            8.531381,
            47.05413,
            456.0
          ],
          [
            8.531309,
            47.054063,
            456.0
          ],
          [
            8.531246,
            47.054032,
            456.0
          ],
          [
            8.531049,
            47.053959,
            457.0
          ],
          [
            8.530806,
            47.053849,
            457.0
          ],
          [
            8.530349,
            47.053598,
            458.0
          ],
          [
            8.530007,
            47.053408,
            459.0
          ],
          [
            8.529907,
            47.053371,
            459.0
          ],
          [
            8.5298,
            47.053353,
            459.0
          ],
          [
            8.529513,
            47.053328,
            460.0
          ],
          [
            8.529342,
            47.05331,
            461.0
          ],
          [
            8.529108,
            47.053255,
            462.0
          ],
          [
            8.528758,
            47.053145,
            464.0
          ],
          [
            8.528408,
            47.053053,
            465.0
          ],
          [
            8.528318,
            47.053004,
            466.0
          ],
          [
            8.528147,
            47.052894,
            467.0
          ],
          [
            8.527976,
            47.052803,
            468.0
          ],
          [
            8.527797,
            47.052723,
            469.0
          ],
          [
            8.527743,
            47.052705,
            469.0
          ],
          [
            8.527662,
            47.052698,
            470.0
          ],
          [
            8.52759,
            47.052705,
            471.0
          ],
          [
            8.527294,
            47.052815,
            475.0
          ],
          [
            8.527213,
            47.052827,
            476.0
          ],
          [
            8.527114,
            47.052827,
            477.0
          ],
          [
            8.527033,
            47.052809,
            478.0
          ],
          [
            8.526953,
            47.052766,
            479.0
          ],
          [
            8.52689,
            47.052717,
            480.0
          ],
          [
            8.526844,
            47.052655,
            481.0
          ],
          [
            8.526791,
            47.052551,
            482.0
          ],
          [
            8.526691,
            47.052484,
            484.0
          ],
          [
            8.526594,
            47.052441,
            485.0
          ],
          [
            8.526414,
            47.052386,
            487.0
          ],
          [
            8.526018,
            47.052251,
            490.0
          ],
          [
            8.525802,
            47.052172,
            492.0
          ],
          [
            8.525703,
            47.052135,
            493.0
          ],
          [
            8.525605,
            47.052147,
            493.0
          ],
          [
            8.52556,
            47.052184,
            494.0
          ],
          [
            8.52556,
            47.052245,
            494.0
          ],
          [
            8.525586,
            47.052318,
            495.0
          ],
          [
            8.525703,
            47.05257,
            498.0
          ],
          [
            8.525793,
            47.05276,
            500.0
          ],
          [
            8.525802,
            47.052821,
            500.0
          ],
          [
            8.525785,
            47.052858,
            501.0
          ],
          [
            8.525731,
            47.052888,
            501.0
          ],
          [
            8.525641,
            47.052906,
            502.0
          ],
          [
            8.52547,
            47.052906,
            503.0
          ],
          [
            8.525362,
            47.052876,
            504.0
          ],
          [
            8.525309,
            47.052839,
            504.0
          ],
          [
            8.525173,
            47.052747,
            505.0
          ],
          [
            8.524967,
            47.052594,
            507.0
          ],
          [
            8.524869,
            47.052515,
            508.0
          ],
          [
            8.524823,
            47.052453,
            509.0
          ],
          [
            8.524787,
            47.052392,
            510.0
          ],
          [
            8.52476,
            47.052288,
            511.0
          ],
          [
            8.524733,
            47.052147,
            513.0
          ],
          [
            8.524707,
            47.052098,
            513.0
          ],
          [
            8.524626,
            47.052062,
            514.0
          ],
          [
            8.524544,
            47.052056,
            515.0
          ],
          [
            8.524213,
            47.05208,
            518.0
          ],
          [
            8.524141,
            47.052086,
            518.0
          ],
          [
            8.523907,
            47.05208,
            520.0
          ],
          [
            8.523494,
            47.052068,
            524.0
          ],
          [
            8.523351,
            47.052062,
            526.0
          ],
          [
            8.523162,
            47.05208,
            527.0
          ],
          [
            8.523009,
            47.052111,
            529.0
          ],
          [
            8.522766,
            47.052172,
            531.0
          ],
          [
            8.522686,
            47.052178,
            532.0
          ],
          [
            8.522623,
            47.052165,
            532.0
          ],
          [
            8.522577,
            47.052141,
            533.0
          ],
          [
            8.52255,
            47.052086,
            533.0
          ],
          [
            8.522542,
            47.052031,
            534.0
          ],
          [
            8.52255,
            47.051976,
            535.0
          ],
          [
            8.522586,
            47.051866,
            536.0
          ],
          [
            8.52264,
            47.051805,
            537.0
          ],
          [
            8.522695,
            47.051762,
            537.0
          ],
          [
            8.522802,
            47.051701,
            538.0
          ],
          [
            8.522919,
            47.051652,
            539.0
          ],
          [
            8.522982,
            47.051615,
            540.0
          ],
          [
            8.522991,
            47.051578,
            540.0
          ],
          [
            8.522982,
            47.051547,
            541.0
          ],
          [
            8.522955,
            47.051523,
            541.0
          ],
          [
            8.522892,
            47.051504,
            541.0
          ],
          [
            8.52282,
            47.051523,
            542.0
          ],
          [
            8.52247,
            47.051627,
            545.0
          ],
          [
            8.522353,
            47.051658,
            546.0
          ],
          [
            8.52194,
            47.051743,
            549.0
          ],
          [
            8.521859,
            47.051774,
            550.0
          ],
          [
            8.521653,
            47.051915,
            552.0
          ],
          [
            8.521554,
            47.051964,
            553.0
          ],
          [
            8.521267,
            47.052001,
            556.0
          ],
          [
            8.521114,
            47.052062,
            557.0
          ],
          [
            8.520952,
            47.052129,
            559.0
          ],
          [
            8.520745,
            47.052196,
            561.0
          ],
          [
            8.520466,
            47.052245,
            564.0
          ],
          [
            8.520197,
            47.052257,
            566.0
          ],
          [
            8.519936,
            47.052239,
            569.0
          ],
          [
            8.519856,
            47.052251,
            570.0
          ],
          [
            8.519623,
            47.052374,
            572.0
          ],
          [
            8.519218,
            47.052527,
            576.0
          ],
          [
            8.518957,
            47.052649,
            578.0
          ],
          [
            8.518688,
            47.052711,
            580.0
          ],
          [
            8.518284,
            47.052723,
            582.0
          ],
          [
            8.518095,
            47.052711,
            583.0
          ],
          [
            8.517745,
            47.05268,
            585.0
          ],
          [
            8.517592,
            47.052668,
            586.0
          ],
          [
            8.517412,
            47.052662,
            586.0
          ],
          [
            8.517323,
            47.052674,
            587.0
          ],
          [
            8.517233,
            47.052692,
            587.0
          ],
          [
            8.517179,
            47.052717,
            588.0
          ],
          [
            8.517089,
            47.052754,
            588.0
          ],
          [
            8.51699,
            47.05279,
            589.0
          ],
          [
            8.516649,
            47.052882,
            590.0
          ],
          [
            8.516504,
            47.052906,
            591.0
          ],
          [
            8.516415,
            47.052949,
            591.0
          ],
          [
            8.516145,
            47.053096,
            593.0
          ],
          [
            8.515831,
            47.053249,
            594.0
          ],
          [
            8.515598,
            47.05331,
            595.0
          ],
          [
            8.515283,
            47.053463,
            597.0
          ],
          [
            8.514933,
            47.053666,
            598.0
          ],
          [
            8.514682,
            47.053757,
            599.0
          ],
          [
            8.514439,
            47.053873,
            600.0
          ],
          [
            8.514233,
            47.053965,
            600.0
          ],
          [
            8.514107,
            47.054002,
            600.0
          ],
          [
            8.5139,
            47.054044,
            600.0
          ],
          [
            8.513765,
            47.054093,
            600.0
          ],
          [
            8.513567,
            47.054265,
            602.0
          ],
          [
            8.513101,
            47.054651,
            604.0
          ],
          [
            8.512651,
            47.054944,
            607.0
          ],
          [
            8.512336,
            47.055036,
            608.0
          ],
          [
            8.512122,
            47.055183,
            609.0
          ],
          [
            8.51186,
            47.055318,
            610.0
          ],
          [
            8.511187,
            47.055599,
            611.0
          ],
          [
            8.510854,
            47.055636,
            612.0
          ],
          [
            8.510648,
            47.055721,
            612.0
          ],
          [
            8.510405,
            47.055881,
            613.0
          ],
          [
            8.510172,
            47.056107,
            613.0
          ],
          [
            8.510011,
            47.056346,
            614.0
          ],
          [
            8.509713,
            47.056535,
            614.0
          ],
          [
            8.509319,
            47.057013,
            616.0
          ],
          [
            8.50912,
            47.057343,
            616.0
          ],
          [
            8.509103,
            47.057362,
            616.0
          ],
          [
            8.508726,
            47.057772,
            617.0
          ],
          [
            8.508348,
            47.058182,
            618.0
          ],
          [
            8.508204,
            47.058292,
            619.0
          ],
          [
            8.507954,
            47.058402,
            619.0
          ],
          [
            8.507864,
            47.058481,
            619.0
          ],
          [
            8.507801,
            47.058579,
            620.0
          ],
          [
            8.507629,
            47.058604,
            620.0
          ],
          [
            8.507449,
            47.058622,
            620.0
          ],
          [
            8.507351,
            47.058665,
            620.0
          ],
          [
            8.507243,
            47.058751,
            620.0
          ],
          [
            8.507118,
            47.058788,
            620.0
          ],
          [
            8.506992,
            47.058782,
            620.0
          ],
          [
            8.506866,
            47.058892,
            620.0
          ],
          [
            8.506596,
            47.058947,
            620.0
          ],
          [
            8.5063,
            47.058965,
            620.0
          ],
          [
            8.506237,
            47.059039,
            620.0
          ],
          [
            8.506283,
            47.059149,
            620.0
          ],
          [
            8.506291,
            47.059259,
            620.0
          ],
          [
            8.5063,
            47.059344,
            620.0
          ],
          [
            8.506139,
            47.05951,
            620.0
          ],
          [
            8.50603,
            47.059583,
            620.0
          ],
          [
            8.505841,
            47.059626,
            620.0
          ],
          [
            8.505725,
            47.059749,
            620.0
          ],
          [
            8.505483,
            47.059969,
            620.0
          ],
          [
            8.505474,
            47.060097,
            620.0
          ],
          [
            8.505338,
            47.060201,
            620.0
          ],
          [
            8.505088,
            47.060305,
            620.0
          ],
          [
            8.504944,
            47.060415,
            620.0
          ],
          [
            8.504799,
            47.060501,
            620.0
          ],
          [
            8.504683,
            47.060538,
            620.0
          ],
          [
            8.504522,
            47.060538,
            621.0
          ],
          [
            8.504495,
            47.060568,
            621.0
          ],
          [
            8.504468,
            47.060605,
            621.0
          ],
          [
            8.504413,
            47.060813,
            623.0
          ],
          [
            8.504495,
            47.060924,
            624.0
          ],
          [
            8.504432,
            47.060991,
            624.0
          ],
          [
            8.504315,
            47.061046,
            625.0
          ],
          [
            8.504233,
            47.061052,
            626.0
          ],
          [
            8.504063,
            47.060997,
            627.0
          ],
          [
            8.503883,
            47.061021,
            627.0
          ],
          [
            8.503686,
            47.060991,
            628.0
          ],
          [
            8.503596,
            47.060997,
            629.0
          ],
          [
            8.503461,
            47.061009,
            630.0
          ],
          [
            8.503309,
            47.061058,
            631.0
          ],
          [
            8.503237,
            47.061168,
            632.0
          ],
          [
            8.503174,
            47.061309,
            634.0
          ],
          [
            8.503228,
            47.061413,
            635.0
          ],
          [
            8.503336,
            47.061529,
            637.0
          ],
          [
            8.503344,
            47.061627,
            638.0
          ],
          [
            8.503228,
            47.061731,
            639.0
          ],
          [
            8.503093,
            47.061872,
            642.0
          ],
          [
            8.502977,
            47.061933,
            643.0
          ],
          [
            8.502941,
            47.062,
            645.0
          ],
          [
            8.502805,
            47.062104,
            647.0
          ],
          [
            8.502572,
            47.06219,
            650.0
          ],
          [
            8.502509,
            47.062251,
            651.0
          ],
          [
            8.502501,
            47.062337,
            652.0
          ],
          [
            8.502384,
            47.062404,
            653.0
          ],
          [
            8.502348,
            47.062459,
            654.0
          ],
          [
            8.502365,
            47.062545,
            655.0
          ],
          [
            8.502329,
            47.062594,
            656.0
          ],
          [
            8.502222,
            47.062668,
            657.0
          ],
          [
            8.502114,
            47.062766,
            658.0
          ],
          [
            8.501826,
            47.062857,
            661.0
          ],
          [
            8.501763,
            47.062979,
            663.0
          ],
          [
            8.501548,
            47.063132,
            666.0
          ],
          [
            8.501422,
            47.063181,
            667.0
          ],
          [
            8.501206,
            47.063144,
            669.0
          ],
          [
            8.501036,
            47.063102,
            671.0
          ],
          [
            8.500883,
            47.063144,
            672.0
          ],
          [
            8.500667,
            47.06331,
            675.0
          ],
          [
            8.500551,
            47.063457,
            677.0
          ],
          [
            8.500533,
            47.063592,
            678.0
          ],
          [
            8.500425,
            47.063665,
            680.0
          ],
          [
            8.500291,
            47.06369,
            681.0
          ],
          [
            8.500164,
            47.063659,
            682.0
          ],
          [
            8.500038,
            47.063592,
            683.0
          ],
          [
            8.499885,
            47.063555,
            684.0
          ],
          [
            8.499599,
            47.063451,
            687.0
          ],
          [
            8.499499,
            47.063457,
            688.0
          ],
          [
            8.499321,
            47.063494,
            689.0
          ],
          [
            8.499195,
            47.063475,
            690.0
          ],
          [
            8.499122,
            47.063494,
            691.0
          ],
          [
            8.499096,
            47.0635,
            691.0
          ],
          [
            8.499042,
            47.063616,
            692.0
          ],
          [
            8.499105,
            47.063708,
            693.0
          ],
          [
            8.499149,
            47.063769,
            694.0
          ],
          [
            8.499132,
            47.063885,
            695.0
          ],
          [
            8.499176,
            47.063946,
            696.0
          ],
          [
            8.499176,
            47.064013,
            697.0
          ],
          [
            8.499141,
            47.064081,
            698.0
          ],
          [
            8.499122,
            47.064197,
            699.0
          ],
          [
            8.499086,
            47.064271,
            700.0
          ],
          [
            8.49888,
            47.064362,
            702.0
          ],
          [
            8.498719,
            47.064362,
            703.0
          ],
          [
            8.498556,
            47.064362,
            704.0
          ],
          [
            8.498457,
            47.064399,
            705.0
          ],
          [
            8.49844,
            47.064491,
            706.0
          ],
          [
            8.49843,
            47.064595,
            708.0
          ],
          [
            8.497901,
            47.064864,
            714.0
          ],
          [
            8.497713,
            47.064846,
            716.0
          ],
          [
            8.497677,
            47.064895,
            717.0
          ],
          [
            8.497677,
            47.064986,
            718.0
          ],
          [
            8.497623,
            47.065109,
            720.0
          ],
          [
            8.497235,
            47.065397,
            725.0
          ],
          [
            8.496598,
            47.065764,
            734.0
          ],
          [
            8.496113,
            47.065923,
            739.0
          ],
          [
            8.495772,
            47.065965,
            743.0
          ],
          [
            8.495484,
            47.065947,
            746.0
          ],
          [
            8.495404,
            47.065959,
            747.0
          ],
          [
            8.495394,
            47.065965,
            747.0
          ],
          [
            8.495367,
            47.066082,
            749.0
          ],
          [
            8.495277,
            47.066216,
            751.0
          ],
          [
            8.495062,
            47.066253,
            753.0
          ],
          [
            8.494945,
            47.066308,
            754.0
          ],
          [
            8.494828,
            47.066296,
            755.0
          ],
          [
            8.494738,
            47.066265,
            756.0
          ],
          [
            8.494604,
            47.066259,
            757.0
          ],
          [
            8.494407,
            47.066131,
            760.0
          ],
          [
            8.494298,
            47.066057,
            761.0
          ],
          [
            8.494218,
            47.066063,
            762.0
          ],
          [
            8.494002,
            47.066057,
            764.0
          ],
          [
            8.493813,
            47.065996,
            767.0
          ],
          [
            8.493543,
            47.065984,
            770.0
          ],
          [
            8.493446,
            47.065978,
            771.0
          ],
          [
            8.4934,
            47.065978,
            771.0
          ],
          [
            8.493346,
            47.066008,
            772.0
          ],
          [
            8.493337,
            47.066088,
            773.0
          ],
          [
            8.493373,
            47.066216,
            775.0
          ],
          [
            8.493499,
            47.066382,
            777.0
          ],
          [
            8.493589,
            47.066535,
            779.0
          ],
          [
            8.493517,
            47.066737,
            783.0
          ],
          [
            8.493436,
            47.066963,
            786.0
          ],
          [
            8.493365,
            47.066993,
            787.0
          ],
          [
            8.493122,
            47.066975,
            790.0
          ],
          [
            8.493041,
            47.066999,
            790.0
          ],
          [
            8.492969,
            47.067097,
            792.0
          ],
          [
            8.492969,
            47.067336,
            795.0
          ],
          [
            8.493032,
            47.067557,
            798.0
          ],
          [
            8.492861,
            47.06785,
            802.0
          ],
          [
            8.492817,
            47.067991,
            804.0
          ],
          [
            8.492637,
            47.068132,
            807.0
          ],
          [
            8.492457,
            47.068266,
            810.0
          ],
          [
            8.492421,
            47.068272,
            810.0
          ],
          [
            8.49243,
            47.06823,
            811.0
          ],
          [
            8.49252,
            47.068125,
            813.0
          ],
          [
            8.492574,
            47.068003,
            815.0
          ],
          [
            8.492583,
            47.067875,
            817.0
          ],
          [
            8.492637,
            47.067777,
            819.0
          ],
          [
            8.492646,
            47.067557,
            822.0
          ],
          [
            8.492637,
            47.067483,
            823.0
          ],
          [
            8.492448,
            47.067373,
            825.0
          ],
          [
            8.492295,
            47.067238,
            828.0
          ],
          [
            8.492224,
            47.066951,
            830.0
          ],
          [
            8.492178,
            47.066865,
            831.0
          ],
          [
            8.492143,
            47.066889,
            832.0
          ],
          [
            8.492125,
            47.067091,
            835.0
          ],
          [
            8.492061,
            47.067342,
            838.0
          ],
          [
            8.492071,
            47.067594,
            842.0
          ],
          [
            8.492143,
            47.067789,
            844.0
          ],
          [
            8.49208,
            47.067936,
            846.0
          ],
          [
            8.491882,
            47.068101,
            849.0
          ],
          [
            8.491838,
            47.068089,
            849.0
          ],
          [
            8.491864,
            47.068052,
            849.0
          ],
          [
            8.491909,
            47.067978,
            851.0
          ],
          [
            8.491918,
            47.067862,
            852.0
          ],
          [
            8.491855,
            47.067752,
            854.0
          ],
          [
            8.491685,
            47.067673,
            857.0
          ],
          [
            8.491568,
            47.067483,
            860.0
          ],
          [
            8.491415,
            47.067128,
            865.0
          ],
          [
            8.491433,
            47.067042,
            867.0
          ],
          [
            8.491442,
            47.066951,
            868.0
          ],
          [
            8.491406,
            47.066859,
            869.0
          ],
          [
            8.491415,
            47.066786,
            870.0
          ],
          [
            8.491398,
            47.066755,
            871.0
          ],
          [
            8.491316,
            47.06678,
            872.0
          ],
          [
            8.491298,
            47.066841,
            873.0
          ],
          [
            8.491335,
            47.066938,
            875.0
          ],
          [
            8.491289,
            47.067006,
            876.0
          ],
          [
            8.491136,
            47.067287,
            881.0
          ],
          [
            8.490922,
            47.067612,
            886.0
          ],
          [
            8.490885,
            47.067771,
            888.0
          ],
          [
            8.490849,
            47.067856,
            890.0
          ],
          [
            8.490723,
            47.067936,
            891.0
          ],
          [
            8.490517,
            47.068168,
            895.0
          ],
          [
            8.49039,
            47.068352,
            897.0
          ],
          [
            8.490356,
            47.068432,
            898.0
          ],
          [
            8.49031,
            47.068426,
            898.0
          ],
          [
            8.49031,
            47.068364,
            899.0
          ],
          [
            8.490327,
            47.068279,
            900.0
          ],
          [
            8.490283,
            47.068138,
            903.0
          ],
          [
            8.490256,
            47.068052,
            904.0
          ],
          [
            8.490301,
            47.067972,
            905.0
          ],
          [
            8.490247,
            47.067868,
            907.0
          ],
          [
            8.490256,
            47.067832,
            907.0
          ],
          [
            8.490346,
            47.067777,
            908.0
          ],
          [
            8.4904,
            47.067643,
            911.0
          ],
          [
            8.490417,
            47.06752,
            913.0
          ],
          [
            8.490356,
            47.067514,
            913.0
          ],
          [
            8.490301,
            47.067587,
            915.0
          ],
          [
            8.490193,
            47.067685,
            917.0
          ],
          [
            8.490086,
            47.067722,
            918.0
          ],
          [
            8.489951,
            47.067801,
            920.0
          ],
          [
            8.489897,
            47.067911,
            922.0
          ],
          [
            8.489771,
            47.068046,
            924.0
          ],
          [
            8.489601,
            47.068217,
            927.0
          ],
          [
            8.489457,
            47.068254,
            929.0
          ],
          [
            8.489322,
            47.068242,
            930.0
          ],
          [
            8.489188,
            47.068272,
            932.0
          ],
          [
            8.488855,
            47.068517,
            937.0
          ],
          [
            8.488559,
            47.06875,
            942.0
          ],
          [
            8.488396,
            47.069013,
            946.0
          ],
          [
            8.488369,
            47.069129,
            948.0
          ],
          [
            8.488325,
            47.069331,
            951.0
          ],
          [
            8.488289,
            47.069521,
            953.0
          ],
          [
            8.488217,
            47.069564,
            954.0
          ],
          [
            8.488119,
            47.069607,
            955.0
          ],
          [
            8.48792,
            47.069637,
            956.0
          ],
          [
            8.48757,
            47.069521,
            959.0
          ],
          [
            8.487014,
            47.069202,
            966.0
          ],
          [
            8.486744,
            47.069037,
            969.0
          ],
          [
            8.486601,
            47.068957,
            971.0
          ],
          [
            8.486511,
            47.068866,
            972.0
          ],
          [
            8.486457,
            47.06867,
            975.0
          ],
          [
            8.486429,
            47.06864,
            975.0
          ],
          [
            8.486205,
            47.068554,
            977.0
          ],
          [
            8.486043,
            47.068426,
            980.0
          ],
          [
            8.485935,
            47.068193,
            983.0
          ],
          [
            8.485918,
            47.067942,
            986.0
          ],
          [
            8.485909,
            47.067643,
            990.0
          ],
          [
            8.485809,
            47.067514,
            991.0
          ],
          [
            8.485622,
            47.0673,
            993.0
          ],
          [
            8.485387,
            47.067067,
            994.0
          ],
          [
            8.485316,
            47.066847,
            996.0
          ],
          [
            8.485127,
            47.066437,
            999.0
          ],
          [
            8.484938,
            47.066198,
            1001.0
          ],
          [
            8.484731,
            47.065953,
            1005.0
          ],
          [
            8.484614,
            47.065691,
            1008.0
          ],
          [
            8.484516,
            47.065605,
            1010.0
          ],
          [
            8.484337,
            47.065525,
            1011.0
          ],
          [
            8.484211,
            47.065482,
            1011.0
          ],
          [
            8.484031,
            47.065476,
            1012.0
          ],
          [
            8.483914,
            47.065525,
            1012.0
          ],
          [
            8.483599,
            47.065636,
            1014.0
          ],
          [
            8.483492,
            47.065666,
            1014.0
          ],
          [
            8.483348,
            47.065678,
            1015.0
          ],
          [
            8.483276,
            47.065697,
            1015.0
          ],
          [
            8.483169,
            47.065752,
            1015.0
          ],
          [
            8.483079,
            47.065801,
            1016.0
          ],
          [
            8.48298,
            47.065855,
            1016.0
          ],
          [
            8.482872,
            47.065892,
            1017.0
          ],
          [
            8.482585,
            47.065971,
            1018.0
          ],
          [
            8.482467,
            47.06599,
            1018.0
          ],
          [
            8.482343,
            47.06599,
            1019.0
          ],
          [
            8.482243,
            47.06602,
            1019.0
          ],
          [
            8.482081,
            47.066094,
            1020.0
          ],
          [
            8.481947,
            47.066118,
            1020.0
          ],
          [
            8.481794,
            47.066131,
            1022.0
          ],
          [
            8.481651,
            47.066143,
            1024.0
          ],
          [
            8.481524,
            47.066186,
            1025.0
          ],
          [
            8.481453,
            47.066241,
            1026.0
          ],
          [
            8.481364,
            47.066314,
            1028.0
          ],
          [
            8.481245,
            47.066382,
            1029.0
          ],
          [
            8.481102,
            47.066461,
            1031.0
          ],
          [
            8.480878,
            47.066572,
            1034.0
          ],
          [
            8.480716,
            47.066664,
            1037.0
          ],
          [
            8.480582,
            47.066743,
            1039.0
          ],
          [
            8.480429,
            47.066804,
            1041.0
          ],
          [
            8.480303,
            47.066841,
            1042.0
          ],
          [
            8.480159,
            47.066871,
            1043.0
          ],
          [
            8.480079,
            47.066908,
            1044.0
          ],
          [
            8.479997,
            47.066951,
            1045.0
          ],
          [
            8.479899,
            47.067036,
            1046.0
          ],
          [
            8.479809,
            47.067122,
            1048.0
          ],
          [
            8.479727,
            47.067159,
            1049.0
          ],
          [
            8.479629,
            47.067189,
            1050.0
          ],
          [
            8.479503,
            47.067214,
            1050.0
          ],
          [
            8.479306,
            47.067232,
            1050.0
          ],
          [
            8.478991,
            47.067257,
            1050.0
          ],
          [
            8.478794,
            47.067275,
            1050.0
          ],
          [
            8.478605,
            47.067318,
            1050.0
          ],
          [
            8.478435,
            47.067355,
            1050.0
          ],
          [
            8.478308,
            47.06741,
            1050.0
          ],
          [
            8.478219,
            47.067465,
            1050.0
          ],
          [
            8.478093,
            47.067545,
            1050.0
          ],
          [
            8.477985,
            47.067636,
            1050.0
          ],
          [
            8.477832,
            47.06771,
            1050.0
          ],
          [
            8.477492,
            47.06785,
            1050.0
          ],
          [
            8.477177,
            47.068009,
            1050.0
          ],
          [
            8.476916,
            47.068119,
            1050.0
          ],
          [
            8.476611,
            47.068217,
            1050.0
          ],
          [
            8.476224,
            47.06837,
            1050.0
          ],
          [
            8.475802,
            47.068573,
            1050.0
          ],
          [
            8.475542,
            47.068658,
            1050.0
          ],
          [
            8.475129,
            47.068744,
            1050.0
          ],
          [
            8.474796,
            47.068829,
            1050.0
          ],
          [
            8.47458,
            47.068909,
            1050.0
          ],
          [
            8.474167,
            47.069098,
            1050.0
          ],
          [
            8.473951,
            47.069166,
            1050.0
          ],
          [
            8.473727,
            47.06919,
            1050.0
          ],
          [
            8.472784,
            47.069184,
            1050.0
          ],
          [
            8.472164,
            47.069117,
            1047.0
          ],
          [
            8.471616,
            47.068994,
            1044.0
          ],
          [
            8.471391,
            47.068951,
            1042.0
          ],
          [
            8.470942,
            47.06878,
            1038.0
          ],
          [
            8.47079,
            47.068725,
            1036.0
          ],
          [
            8.470601,
            47.06878,
            1034.0
          ],
          [
            8.470458,
            47.068805,
            1032.0
          ],
          [
            8.470259,
            47.068799,
            1030.0
          ],
          [
            8.470079,
            47.068799,
            1027.0
          ],
          [
            8.470008,
            47.068762,
            1026.0
          ],
          [
            8.469982,
            47.068701,
            1025.0
          ],
          [
            8.469955,
            47.068493,
            1020.0
          ],
          [
            8.469882,
            47.068303,
            1020.0
          ],
          [
            8.469829,
            47.068285,
            1020.0
          ],
          [
            8.469792,
            47.068303,
            1020.0
          ],
          [
            8.469712,
            47.068358,
            1020.0
          ],
          [
            8.469676,
            47.068364,
            1020.0
          ],
          [
            8.469586,
            47.068364,
            1020.0
          ],
          [
            8.469532,
            47.068413,
            1020.0
          ],
          [
            8.469514,
            47.068585,
            1020.0
          ],
          [
            8.469379,
            47.069025,
            1020.0
          ],
          [
            8.469236,
            47.069208,
            1020.0
          ],
          [
            8.46919,
            47.069233,
            1020.0
          ],
          [
            8.469092,
            47.069251,
            1020.0
          ],
          [
            8.468454,
            47.069129,
            1021.0
          ],
          [
            8.467332,
            47.068909,
            1022.0
          ],
          [
            8.467079,
            47.068847,
            1023.0
          ],
          [
            8.466882,
            47.068915,
            1022.0
          ],
          [
            8.466703,
            47.06897,
            1021.0
          ],
          [
            8.466703,
            47.06897,
            1021.0
          ],
          [
            8.466505,
            47.069037,
            1020.0
          ],
          [
            8.466442,
            47.069062,
            1020.0
          ],
          [
            8.466361,
            47.069074,
            1020.0
          ],
          [
            8.466326,
            47.069092,
            1020.0
          ],
          [
            8.466289,
            47.069104,
            1020.0
          ],
          [
            8.466263,
            47.069129,
            1020.0
          ],
          [
            8.466217,
            47.069147,
            1020.0
          ],
          [
            8.466118,
            47.069166,
            1020.0
          ],
          [
            8.465867,
            47.069202,
            1018.0
          ],
          [
            8.465813,
            47.069221,
            1017.0
          ],
          [
            8.465777,
            47.069233,
            1017.0
          ],
          [
            8.465724,
            47.069264,
            1016.0
          ],
          [
            8.465697,
            47.069282,
            1016.0
          ],
          [
            8.46567,
            47.069331,
            1015.0
          ],
          [
            8.465642,
            47.069441,
            1014.0
          ],
          [
            8.465571,
            47.069478,
            1013.0
          ],
          [
            8.465534,
            47.069588,
            1010.0
          ],
          [
            8.46549,
            47.069631,
            1008.0
          ],
          [
            8.465345,
            47.069753,
            1003.0
          ],
          [
            8.465194,
            47.069998,
            995.0
          ],
          [
            8.465194,
            47.070334,
            985.0
          ],
          [
            8.465139,
            47.070481,
            979.0
          ],
          [
            8.465112,
            47.070628,
            976.0
          ],
          [
            8.465139,
            47.070763,
            972.0
          ],
          [
            8.465166,
            47.071068,
            965.0
          ],
          [
            8.465112,
            47.071081,
            964.0
          ],
          [
            8.464861,
            47.070934,
            959.0
          ],
          [
            8.464762,
            47.070922,
            957.0
          ],
          [
            8.464745,
            47.070952,
            956.0
          ],
          [
            8.464779,
            47.071099,
            951.0
          ],
          [
            8.464645,
            47.071136,
            949.0
          ],
          [
            8.464672,
            47.071228,
            947.0
          ],
          [
            8.464672,
            47.071283,
            946.0
          ],
          [
            8.464825,
            47.071509,
            944.0
          ],
          [
            8.464789,
            47.07154,
            943.0
          ],
          [
            8.464699,
            47.071797,
            940.0
          ],
          [
            8.464573,
            47.071925,
            936.0
          ],
          [
            8.464529,
            47.072004,
            934.0
          ],
          [
            8.46451,
            47.072072,
            932.0
          ],
          [
            8.464492,
            47.072157,
            929.0
          ],
          [
            8.464358,
            47.072133,
            927.0
          ],
          [
            8.464187,
            47.07209,
            923.0
          ],
          [
            8.464079,
            47.072084,
            921.0
          ],
          [
            8.464053,
            47.072127,
            920.0
          ],
          [
            8.464152,
            47.072262,
            916.0
          ],
          [
            8.464187,
            47.072298,
            915.0
          ],
          [
            8.46416,
            47.072329,
            914.0
          ],
          [
            8.464016,
            47.072292,
            912.0
          ],
          [
            8.463774,
            47.0722,
            908.0
          ],
          [
            8.463729,
            47.072213,
            907.0
          ],
          [
            8.463873,
            47.072396,
            904.0
          ],
          [
            8.463684,
            47.072366,
            900.0
          ],
          [
            8.463504,
            47.07236,
            897.0
          ],
          [
            8.463406,
            47.072329,
            895.0
          ],
          [
            8.463297,
            47.072286,
            893.0
          ],
          [
            8.46319,
            47.072255,
            891.0
          ],
          [
            8.463163,
            47.07236,
            888.0
          ],
          [
            8.463163,
            47.072482,
            884.0
          ],
          [
            8.46311,
            47.072568,
            882.0
          ],
          [
            8.463154,
            47.072696,
            878.0
          ],
          [
            8.462992,
            47.072702,
            874.0
          ],
          [
            8.462831,
            47.072709,
            871.0
          ],
          [
            8.462669,
            47.072764,
            867.0
          ],
          [
            8.462516,
            47.072709,
            863.0
          ],
          [
            8.462382,
            47.07269,
            860.0
          ],
          [
            8.462255,
            47.07266,
            858.0
          ],
          [
            8.462121,
            47.072715,
            856.0
          ],
          [
            8.462058,
            47.072709,
            855.0
          ],
          [
            8.461986,
            47.072635,
            853.0
          ],
          [
            8.461923,
            47.07266,
            851.0
          ],
          [
            8.461888,
            47.0728,
            847.0
          ],
          [
            8.461806,
            47.072843,
            844.0
          ],
          [
            8.461716,
            47.072825,
            842.0
          ],
          [
            8.461645,
            47.072794,
            840.0
          ],
          [
            8.461546,
            47.072727,
            837.0
          ],
          [
            8.461474,
            47.072751,
            835.0
          ],
          [
            8.461456,
            47.072867,
            831.0
          ],
          [
            8.46142,
            47.072959,
            828.0
          ],
          [
            8.461439,
            47.073093,
            824.0
          ],
          [
            8.461376,
            47.073142,
            822.0
          ],
          [
            8.461205,
            47.073124,
            818.0
          ],
          [
            8.461007,
            47.073038,
            813.0
          ],
          [
            8.460926,
            47.073057,
            812.0
          ],
          [
            8.460791,
            47.073112,
            809.0
          ],
          [
            8.460666,
            47.073008,
            804.0
          ],
          [
            8.460441,
            47.072806,
            798.0
          ],
          [
            8.46045,
            47.072935,
            795.0
          ],
          [
            8.460324,
            47.073118,
            790.0
          ],
          [
            8.460108,
            47.073308,
            783.0
          ],
          [
            8.459992,
            47.073436,
            778.0
          ],
          [
            8.459831,
            47.073449,
            775.0
          ],
          [
            8.459453,
            47.073455,
            768.0
          ],
          [
            8.459336,
            47.073491,
            766.0
          ],
          [
            8.459202,
            47.073583,
            762.0
          ],
          [
            8.458976,
            47.073534,
            758.0
          ],
          [
            8.458734,
            47.073473,
            753.0
          ],
          [
            8.458663,
            47.073504,
            752.0
          ],
          [
            8.458672,
            47.073553,
            750.0
          ],
          [
            8.458555,
            47.073553,
            748.0
          ],
          [
            8.458313,
            47.07351,
            742.0
          ],
          [
            8.458196,
            47.073528,
            740.0
          ],
          [
            8.458124,
            47.073596,
            738.0
          ],
          [
            8.45781,
            47.073675,
            732.0
          ],
          [
            8.457334,
            47.073773,
            724.0
          ],
          [
            8.457208,
            47.073791,
            722.0
          ],
          [
            8.457189,
            47.07384,
            720.0
          ],
          [
            8.457036,
            47.073968,
            715.0
          ],
          [
            8.456776,
            47.07414,
            707.0
          ],
          [
            8.456399,
            47.074182,
            700.0
          ],
          [
            8.456318,
            47.07417,
            698.0
          ],
          [
            8.456102,
            47.074091,
            693.0
          ],
          [
            8.45594,
            47.074091,
            689.0
          ],
          [
            8.45594,
            47.07403,
            687.0
          ],
          [
            8.455842,
            47.073968,
            684.0
          ],
          [
            8.455491,
            47.073932,
            678.0
          ],
          [
            8.455105,
            47.073687,
            672.0
          ],
          [
            8.454908,
            47.073657,
            670.0
          ],
          [
            8.454781,
            47.073675,
            668.0
          ],
          [
            8.454621,
            47.073779,
            664.0
          ],
          [
            8.454548,
            47.073767,
            663.0
          ],
          [
            8.454531,
            47.073706,
            661.0
          ],
          [
            8.454611,
            47.073583,
            658.0
          ],
          [
            8.454621,
            47.073534,
            657.0
          ],
          [
            8.454575,
            47.07351,
            656.0
          ],
          [
            8.454512,
            47.073528,
            655.0
          ],
          [
            8.454378,
            47.073565,
            653.0
          ],
          [
            8.454305,
            47.073589,
            652.0
          ],
          [
            8.454198,
            47.073651,
            649.0
          ],
          [
            8.454018,
            47.073773,
            645.0
          ],
          [
            8.453865,
            47.073859,
            642.0
          ],
          [
            8.453668,
            47.073822,
            639.0
          ],
          [
            8.453489,
            47.073828,
            636.0
          ],
          [
            8.453254,
            47.073975,
            631.0
          ],
          [
            8.452976,
            47.074042,
            626.0
          ],
          [
            8.452599,
            47.074182,
            620.0
          ],
          [
            8.45251,
            47.074201,
            619.0
          ],
          [
            8.452491,
            47.07417,
            619.0
          ],
          [
            8.452338,
            47.074146,
            618.0
          ],
          [
            8.452114,
            47.074195,
            617.0
          ],
          [
            8.452015,
            47.074201,
            617.0
          ],
          [
            8.451799,
            47.074176,
            616.0
          ],
          [
            8.451539,
            47.074336,
            614.0
          ],
          [
            8.451279,
            47.074427,
            613.0
          ],
          [
            8.451045,
            47.074581,
            611.0
          ],
          [
            8.450982,
            47.074715,
            610.0
          ],
          [
            8.450883,
            47.074917,
            605.0
          ],
          [
            8.450353,
            47.075192,
            596.0
          ],
          [
            8.450236,
            47.07529,
            593.0
          ],
          [
            8.450101,
            47.075406,
            590.0
          ],
          [
            8.449994,
            47.07551,
            587.0
          ],
          [
            8.449894,
            47.075559,
            584.0
          ],
          [
            8.449787,
            47.075547,
            582.0
          ],
          [
            8.449661,
            47.075498,
            580.0
          ],
          [
            8.449455,
            47.075412,
            576.0
          ],
          [
            8.449176,
            47.075412,
            571.0
          ],
          [
            8.448692,
            47.0757,
            563.0
          ],
          [
            8.448512,
            47.075829,
            560.0
          ],
          [
            8.448107,
            47.076098,
            556.0
          ],
          [
            8.447713,
            47.076379,
            552.0
          ],
          [
            8.447631,
            47.076385,
            551.0
          ],
          [
            8.447541,
            47.076348,
            550.0
          ],
          [
            8.447487,
            47.076324,
            550.0
          ],
          [
            8.4472,
            47.076446,
            550.0
          ],
          [
            8.447101,
            47.076526,
            550.0
          ],
          [
            8.447092,
            47.076642,
            550.0
          ],
          [
            8.446787,
            47.076765,
            548.0
          ],
          [
            8.446715,
            47.076801,
            547.0
          ],
          [
            8.446644,
            47.076875,
            545.0
          ],
          [
            8.446598,
            47.076967,
            543.0
          ],
          [
            8.446526,
            47.077058,
            541.0
          ],
          [
            8.446455,
            47.077125,
            540.0
          ],
          [
            8.446275,
            47.077248,
            538.0
          ],
          [
            8.446212,
            47.077327,
            537.0
          ],
          [
            8.446185,
            47.077413,
            536.0
          ],
          [
            8.446194,
            47.077511,
            535.0
          ],
          [
            8.446221,
            47.077603,
            534.0
          ],
          [
            8.446275,
            47.077756,
            532.0
          ],
          [
            8.446284,
            47.077841,
            531.0
          ],
          [
            8.446257,
            47.07797,
            529.0
          ],
          [
            8.446229,
            47.078049,
            527.0
          ],
          [
            8.446544,
            47.07822,
            528.0
          ],
          [
            8.446805,
            47.078391,
            529.0
          ],
          [
            8.447092,
            47.078465,
            530.0
          ],
          [
            8.447936,
            47.079059,
            530.0
          ],
          [
            8.448296,
            47.079621,
            530.0
          ],
          [
            8.44843,
            47.079627,
            530.0
          ],
          [
            8.448835,
            47.078802,
            530.0
          ],
          [
            8.448952,
            47.078747,
            530.0
          ],
          [
            8.44959,
            47.078967,
            527.0
          ],
          [
            8.45047,
            47.079389,
            524.0
          ],
          [
            8.450336,
            47.079621,
            520.0
          ],
          [
            8.450038,
            47.07986,
            516.0
          ],
          [
            8.449607,
            47.080612,
            506.0
          ],
          [
            8.449598,
            47.080753,
            504.0
          ],
          [
            8.449697,
            47.080906,
            502.0
          ],
          [
            8.450066,
            47.081041,
            499.0
          ],
          [
            8.450173,
            47.081218,
            497.0
          ],
          [
            8.450164,
            47.081768,
            492.0
          ],
          [
            8.450057,
            47.082123,
            489.0
          ],
          [
            8.449994,
            47.08227,
            488.0
          ],
          [
            8.44994,
            47.082356,
            487.0
          ],
          [
            8.44986,
            47.082429,
            486.0
          ],
          [
            8.44959,
            47.08257,
            483.0
          ],
          [
            8.449418,
            47.082674,
            482.0
          ],
          [
            8.449194,
            47.082826,
            480.0
          ],
          [
            8.448961,
            47.082967,
            479.0
          ],
          [
            8.448835,
            47.08293,
            478.0
          ],
          [
            8.448808,
            47.082924,
            478.0
          ],
          [
            8.44861,
            47.08293,
            477.0
          ],
          [
            8.448099,
            47.082998,
            473.0
          ],
          [
            8.447676,
            47.083096,
            470.0
          ],
          [
            8.447497,
            47.083132,
            469.0
          ],
          [
            8.447361,
            47.08312,
            468.0
          ],
          [
            8.446615,
            47.08293,
            464.0
          ],
          [
            8.446338,
            47.082869,
            462.0
          ],
          [
            8.446095,
            47.082796,
            461.0
          ],
          [
            8.445709,
            47.082656,
            459.0
          ],
          [
            8.445512,
            47.082576,
            458.0
          ],
          [
            8.445313,
            47.082515,
            457.0
          ],
          [
            8.445152,
            47.082472,
            457.0
          ],
          [
            8.444963,
            47.082442,
            456.0
          ],
          [
            8.444711,
            47.082393,
            455.0
          ],
          [
            8.44447,
            47.082313,
            454.0
          ],
          [
            8.444307,
            47.08227,
            454.0
          ],
          [
            8.444208,
            47.082258,
            453.0
          ],
          [
            8.444218,
            47.082215,
            454.0
          ],
          [
            8.444118,
            47.082209,
            453.0
          ],
          [
            8.443669,
            47.082129,
            450.0
          ],
          [
            8.443535,
            47.082093,
            450.0
          ],
          [
            8.443436,
            47.082056,
            450.0
          ],
          [
            8.443355,
            47.082001,
            450.0
          ],
          [
            8.443265,
            47.081927,
            450.0
          ],
          [
            8.44313,
            47.081793,
            450.0
          ],
          [
            8.443076,
            47.08175,
            450.0
          ],
          [
            8.443005,
            47.081701,
            450.0
          ],
          [
            8.442897,
            47.081658,
            450.0
          ],
          [
            8.442807,
            47.081634,
            450.0
          ],
          [
            8.442682,
            47.081597,
            450.0
          ],
          [
            8.442573,
            47.081573,
            450.0
          ],
          [
            8.442349,
            47.08156,
            450.0
          ],
          [
            8.44208,
            47.081524,
            450.0
          ],
          [
            8.441694,
            47.081463,
            450.0
          ],
          [
            8.441415,
            47.081432,
            450.0
          ],
          [
            8.441424,
            47.081414,
            450.0
          ],
          [
            8.441415,
            47.08139,
            450.0
          ],
          [
            8.441405,
            47.081371,
            450.0
          ],
          [
            8.441388,
            47.081353,
            450.0
          ],
          [
            8.441361,
            47.081341,
            450.0
          ],
          [
            8.441334,
            47.081328,
            450.0
          ],
          [
            8.441307,
            47.081322,
            450.0
          ],
          [
            8.441271,
            47.081322,
            450.0
          ],
          [
            8.441262,
            47.081292,
            448.0
          ],
          [
            8.441244,
            47.081267,
            446.0
          ],
          [
            8.441218,
            47.081243,
            444.0
          ],
          [
            8.441172,
            47.081206,
            441.0
          ],
          [
            8.440589,
            47.080869,
            440.0
          ],
          [
            8.440453,
            47.080796,
            440.0
          ],
          [
            8.440265,
            47.080685,
            440.0
          ],
          [
            8.43961,
            47.080307,
            440.0
          ],
          [
            8.439438,
            47.080472,
            440.0
          ],
          [
            8.439411,
            47.080502,
            440.0
          ],
          [
            8.439321,
            47.080551,
            440.0
          ],
          [
            8.43916,
            47.080594,
            440.0
          ],
          [
            8.439088,
            47.080563,
            440.0
          ],
          [
            8.438694,
            47.080643,
            440.0
          ],
          [
            8.438369,
            47.080722,
            440.0
          ],
          [
            8.438118,
            47.08093,
            440.0
          ],
          [
            8.437983,
            47.081028,
            440.0
          ],
          [
            8.437839,
            47.081016,
            440.0
          ],
          [
            8.437543,
            47.081139,
            440.0
          ],
          [
            8.437409,
            47.081237,
            440.0
          ],
          [
            8.437354,
            47.081273,
            440.0
          ],
          [
            8.437283,
            47.081328,
            440.0
          ],
          [
            8.437004,
            47.081414,
            440.0
          ],
          [
            8.436573,
            47.081518,
            440.0
          ],
          [
            8.436457,
            47.081554,
            440.0
          ],
          [
            8.436294,
            47.081603,
            440.0
          ],
          [
            8.436141,
            47.081646,
            440.0
          ],
          [
            8.436007,
            47.081683,
            440.0
          ],
          [
            8.435891,
            47.081719,
            440.0
          ],
          [
            8.435854,
            47.081768,
            440.0
          ],
          [
            8.435828,
            47.082025,
            440.0
          ],
          [
            8.435684,
            47.082111,
            440.0
          ],
          [
            8.435315,
            47.082185,
            440.0
          ],
          [
            8.435046,
            47.08224,
            440.0
          ],
          [
            8.434912,
            47.08224,
            440.0
          ],
          [
            8.434533,
            47.082148,
            440.0
          ],
          [
            8.434138,
            47.082019,
            440.0
          ],
          [
            8.433994,
            47.081958,
            440.0
          ],
          [
            8.43395,
            47.08194,
            440.0
          ],
          [
            8.433878,
            47.081903,
            440.0
          ],
          [
            8.43369,
            47.081793,
            440.0
          ],
          [
            8.433608,
            47.081848,
            440.0
          ],
          [
            8.433528,
            47.081823,
            440.0
          ],
          [
            8.433438,
            47.081866,
            440.0
          ],
          [
            8.433394,
            47.081885,
            440.0
          ],
          [
            8.433231,
            47.081952,
            440.0
          ],
          [
            8.433159,
            47.081878,
            440.0
          ],
          [
            8.433015,
            47.081952,
            440.0
          ],
          [
            8.432925,
            47.082025,
            440.0
          ],
          [
            8.432889,
            47.08208,
            440.0
          ],
          [
            8.432881,
            47.082142,
            441.0
          ],
          [
            8.432881,
            47.082203,
            442.0
          ],
          [
            8.432908,
            47.082246,
            442.0
          ],
          [
            8.432979,
            47.082325,
            443.0
          ],
          [
            8.433222,
            47.082558,
            446.0
          ],
          [
            8.433384,
            47.082692,
            448.0
          ],
          [
            8.433312,
            47.082723,
            448.0
          ],
          [
            8.433276,
            47.082723,
            449.0
          ],
          [
            8.433159,
            47.082692,
            449.0
          ],
          [
            8.433088,
            47.082692,
            450.0
          ],
          [
            8.433078,
            47.082735,
            450.0
          ],
          [
            8.433159,
            47.082881,
            452.0
          ],
          [
            8.433321,
            47.08312,
            456.0
          ],
          [
            8.433331,
            47.083188,
            457.0
          ],
          [
            8.43342,
            47.083267,
            457.0
          ],
          [
            8.433491,
            47.083335,
            457.0
          ],
          [
            8.433662,
            47.083488,
            457.0
          ],
          [
            8.433744,
            47.083561,
            457.0
          ],
          [
            8.43377,
            47.083586,
            457.0
          ],
          [
            8.433788,
            47.083622,
            457.0
          ],
          [
            8.433797,
            47.083659,
            457.0
          ],
          [
            8.433797,
            47.083677,
            457.0
          ],
          [
            8.433833,
            47.083677,
            457.0
          ],
          [
            8.43387,
            47.083763,
            458.0
          ],
          [
            8.433923,
            47.083897,
            458.0
          ],
          [
            8.434067,
            47.084038,
            458.0
          ],
          [
            8.434516,
            47.084448,
            458.0
          ],
          [
            8.434776,
            47.084674,
            459.0
          ],
          [
            8.434732,
            47.084699,
            459.0
          ],
          [
            8.43466,
            47.084735,
            459.0
          ],
          [
            8.43465,
            47.084754,
            459.0
          ],
          [
            8.43465,
            47.084772,
            458.0
          ],
          [
            8.434633,
            47.084784,
            458.0
          ],
          [
            8.434614,
            47.084803,
            458.0
          ],
          [
            8.434587,
            47.084815,
            458.0
          ],
          [
            8.43456,
            47.084827,
            458.0
          ],
          [
            8.434533,
            47.084833,
            458.0
          ],
          [
            8.434497,
            47.084833,
            458.0
          ],
          [
            8.434462,
            47.084833,
            458.0
          ],
          [
            8.434417,
            47.084821,
            458.0
          ],
          [
            8.43439,
            47.084815,
            458.0
          ],
          [
            8.434363,
            47.084803,
            458.0
          ],
          [
            8.434336,
            47.084784,
            458.0
          ],
          [
            8.43431,
            47.08476,
            458.0
          ],
          [
            8.434283,
            47.084735,
            457.0
          ],
          [
            8.434174,
            47.084619,
            457.0
          ],
          [
            8.43412,
            47.084552,
            457.0
          ],
          [
            8.434076,
            47.084509,
            457.0
          ],
          [
            8.433994,
            47.084429,
            456.0
          ],
          [
            8.433958,
            47.084405,
            456.0
          ],
          [
            8.433734,
            47.084246,
            460.0
          ],
          [
            8.433698,
            47.084252,
            460.0
          ],
          [
            8.433681,
            47.084233,
            460.0
          ],
          [
            8.433159,
            47.083812,
            462.0
          ],
          [
            8.432746,
            47.083463,
            464.0
          ],
          [
            8.432575,
            47.083298,
            464.0
          ],
          [
            8.432413,
            47.083157,
            465.0
          ],
          [
            8.432046,
            47.082881,
            467.0
          ],
          [
            8.43165,
            47.082582,
            468.0
          ],
          [
            8.431488,
            47.082472,
            469.0
          ],
          [
            8.4313,
            47.082374,
            469.0
          ],
          [
            8.431246,
            47.08235,
            469.0
          ],
          [
            8.431174,
            47.082331,
            470.0
          ],
          [
            8.431094,
            47.082319,
            470.0
          ],
          [
            8.431012,
            47.082313,
            470.0
          ],
          [
            8.430698,
            47.082331,
            473.0
          ],
          [
            8.430599,
            47.082325,
            474.0
          ],
          [
            8.430501,
            47.082307,
            474.0
          ],
          [
            8.429243,
            47.081995,
            485.0
          ],
          [
            8.428937,
            47.081909,
            488.0
          ],
          [
            8.428757,
            47.081854,
            489.0
          ],
          [
            8.428667,
            47.081829,
            490.0
          ],
          [
            8.427365,
            47.081292,
            505.0
          ],
          [
            8.42635,
            47.081053,
            517.0
          ],
          [
            8.424796,
            47.080685,
            535.0
          ],
          [
            8.424509,
            47.080618,
            537.0
          ],
          [
            8.424266,
            47.080581,
            539.0
          ],
          [
            8.424023,
            47.080563,
            542.0
          ],
          [
            8.423943,
            47.080575,
            543.0
          ],
          [
            8.423897,
            47.080588,
            543.0
          ],
          [
            8.423781,
            47.080649,
            545.0
          ],
          [
            8.42361,
            47.08079,
            549.0
          ],
          [
            8.423457,
            47.080881,
            550.0
          ],
          [
            8.423278,
            47.080967,
            550.0
          ],
          [
            8.422954,
            47.081065,
            550.0
          ],
          [
            8.422694,
            47.081261,
            550.0
          ],
          [
            8.422595,
            47.081298,
            550.0
          ],
          [
            8.422478,
            47.081316,
            550.0
          ],
          [
            8.422388,
            47.081304,
            550.0
          ],
          [
            8.422119,
            47.081249,
            550.0
          ],
          [
            8.420817,
            47.081053,
            550.0
          ],
          [
            8.420601,
            47.081041,
            550.0
          ],
          [
            8.420314,
            47.081151,
            550.0
          ],
          [
            8.420232,
            47.081212,
            550.0
          ],
          [
            8.420178,
            47.081279,
            550.0
          ],
          [
            8.420134,
            47.081402,
            550.0
          ],
          [
            8.420125,
            47.081542,
            550.0
          ],
          [
            8.420107,
            47.081609,
            550.0
          ],
          [
            8.420071,
            47.081658,
            550.0
          ],
          [
            8.420008,
            47.081731,
            550.0
          ],
          [
            8.419891,
            47.081811,
            550.0
          ],
          [
            8.419801,
            47.08186,
            550.0
          ],
          [
            8.419631,
            47.081946,
            550.0
          ],
          [
            8.419496,
            47.082038,
            550.0
          ],
          [
            8.419442,
            47.082117,
            551.0
          ],
          [
            8.41937,
            47.08224,
            552.0
          ],
          [
            8.419335,
            47.082307,
            552.0
          ],
          [
            8.419218,
            47.082331,
            553.0
          ],
          [
            8.419073,
            47.082307,
            554.0
          ],
          [
            8.419029,
            47.082282,
            554.0
          ],
          [
            8.418706,
            47.082129,
            556.0
          ],
          [
            8.418472,
            47.081958,
            558.0
          ],
          [
            8.417861,
            47.081365,
            567.0
          ],
          [
            8.417564,
            47.08112,
            568.0
          ],
          [
            8.417277,
            47.080912,
            569.0
          ],
          [
            8.416576,
            47.080429,
            574.0
          ],
          [
            8.416064,
            47.080111,
            577.0
          ],
          [
            8.415723,
            47.079933,
            580.0
          ],
          [
            8.414968,
            47.079633,
            584.0
          ],
          [
            8.414259,
            47.079364,
            588.0
          ],
          [
            8.41327,
            47.078918,
            595.0
          ],
          [
            8.412345,
            47.078612,
            600.0
          ],
          [
            8.412148,
            47.078544,
            600.0
          ],
          [
            8.412058,
            47.078502,
            600.0
          ],
          [
            8.411762,
            47.07833,
            601.0
          ],
          [
            8.411096,
            47.077927,
            602.0
          ],
          [
            8.410288,
            47.077425,
            603.0
          ],
          [
            8.409121,
            47.076636,
            606.0
          ],
          [
            8.408653,
            47.076336,
            606.0
          ],
          [
            8.408555,
            47.076287,
            607.0
          ],
          [
            8.408375,
            47.07622,
            607.0
          ],
          [
            8.408213,
            47.076189,
            607.0
          ],
          [
            8.407854,
            47.076159,
            607.0
          ],
          [
            8.407504,
            47.076183,
            608.0
          ],
          [
            8.407314,
            47.07622,
            608.0
          ],
          [
            8.406884,
            47.076397,
            609.0
          ],
          [
            8.406685,
            47.07644,
            609.0
          ],
          [
            8.406821,
            47.076305,
            609.0
          ],
          [
            8.406911,
            47.076189,
            610.0
          ],
          [
            8.406938,
            47.076104,
            610.0
          ],
          [
            8.406901,
            47.076043,
            610.0
          ],
          [
            8.406775,
            47.075957,
            610.0
          ],
          [
            8.406632,
            47.075847,
            610.0
          ],
          [
            8.406452,
            47.075712,
            611.0
          ],
          [
            8.406309,
            47.075516,
            611.0
          ],
          [
            8.406272,
            47.075333,
            611.0
          ],
          [
            8.406255,
            47.075033,
            612.0
          ],
          [
            8.406111,
            47.07474,
            612.0
          ],
          [
            8.40594,
            47.074568,
            612.0
          ],
          [
            8.405769,
            47.074464,
            612.0
          ],
          [
            8.405419,
            47.07436,
            613.0
          ],
          [
            8.40488,
            47.074287,
            613.0
          ],
          [
            8.404781,
            47.07428,
            613.0
          ],
          [
            8.404674,
            47.074268,
            614.0
          ],
          [
            8.404467,
            47.074213,
            614.0
          ],
          [
            8.404242,
            47.074085,
            615.0
          ],
          [
            8.403928,
            47.073871,
            616.0
          ],
          [
            8.403443,
            47.073626,
            617.0
          ],
          [
            8.403146,
            47.073504,
            618.0
          ],
          [
            8.402823,
            47.073394,
            619.0
          ],
          [
            8.40259,
            47.073345,
            619.0
          ],
          [
            8.402096,
            47.073124,
            620.0
          ],
          [
            8.402006,
            47.073081,
            620.0
          ],
          [
            8.402006,
            47.073081,
            620.0
          ],
          [
            8.401494,
            47.072843,
            620.0
          ],
          [
            8.401206,
            47.072684,
            620.0
          ],
          [
            8.400892,
            47.072531,
            618.0
          ],
          [
            8.400802,
            47.07247,
            618.0
          ],
          [
            8.400676,
            47.07239,
            616.0
          ],
          [
            8.40037,
            47.0722,
            613.0
          ],
          [
            8.400236,
            47.072127,
            611.0
          ],
          [
            8.400056,
            47.072035,
            609.0
          ],
          [
            8.399832,
            47.071986,
            607.0
          ],
          [
            8.39958,
            47.071925,
            605.0
          ],
          [
            8.399437,
            47.07187,
            603.0
          ],
          [
            8.399122,
            47.071681,
            600.0
          ],
          [
            8.398978,
            47.071601,
            599.0
          ],
          [
            8.398861,
            47.071503,
            598.0
          ],
          [
            8.398808,
            47.071381,
            597.0
          ],
          [
            8.398592,
            47.071662,
            595.0
          ],
          [
            8.398548,
            47.071809,
            594.0
          ],
          [
            8.398538,
            47.072035,
            593.0
          ],
          [
            8.398485,
            47.072451,
            590.0
          ],
          [
            8.398395,
            47.072892,
            590.0
          ],
          [
            8.398368,
            47.073277,
            590.0
          ],
          [
            8.398458,
            47.073455,
            590.0
          ],
          [
            8.398502,
            47.07354,
            590.0
          ],
          [
            8.398494,
            47.073589,
            590.0
          ],
          [
            8.398458,
            47.073657,
            590.0
          ],
          [
            8.398224,
            47.073828,
            590.0
          ],
          [
            8.398143,
            47.073962,
            590.0
          ],
          [
            8.398143,
            47.074054,
            590.0
          ],
          [
            8.398106,
            47.074158,
            590.0
          ],
          [
            8.397999,
            47.074225,
            590.0
          ],
          [
            8.397829,
            47.074293,
            590.0
          ],
          [
            8.397514,
            47.074354,
            592.0
          ],
          [
            8.397334,
            47.074336,
            594.0
          ],
          [
            8.396741,
            47.074158,
            600.0
          ],
          [
            8.396401,
            47.073938,
            600.0
          ],
          [
            8.39623,
            47.073816,
            600.0
          ],
          [
            8.395592,
            47.073436,
            600.0
          ],
          [
            8.395448,
            47.073394,
            600.0
          ],
          [
            8.395376,
            47.073406,
            600.0
          ],
          [
            8.395143,
            47.073583,
            600.0
          ],
          [
            8.395098,
            47.073626,
            600.0
          ],
          [
            8.394829,
            47.074005,
            600.0
          ],
          [
            8.394712,
            47.074121,
            600.0
          ],
          [
            8.394532,
            47.074201,
            600.0
          ],
          [
            8.394496,
            47.074213,
            600.0
          ],
          [
            8.394361,
            47.074231,
            600.0
          ],
          [
            8.394253,
            47.074238,
            601.0
          ],
          [
            8.39411,
            47.074201,
            601.0
          ],
          [
            8.393634,
            47.074042,
            602.0
          ],
          [
            8.393535,
            47.073895,
            602.0
          ],
          [
            8.393409,
            47.073712,
            603.0
          ],
          [
            8.393319,
            47.073565,
            603.0
          ],
          [
            8.393337,
            47.073467,
            604.0
          ],
          [
            8.393274,
            47.073351,
            604.0
          ],
          [
            8.393166,
            47.073247,
            604.0
          ],
          [
            8.392969,
            47.073118,
            605.0
          ],
          [
            8.392753,
            47.073008,
            606.0
          ],
          [
            8.392529,
            47.072928,
            606.0
          ],
          [
            8.392456,
            47.072855,
            606.0
          ],
          [
            8.392493,
            47.07269,
            607.0
          ],
          [
            8.3926,
            47.072556,
            607.0
          ],
          [
            8.392708,
            47.072415,
            608.0
          ],
          [
            8.392699,
            47.072317,
            608.0
          ],
          [
            8.392573,
            47.072206,
            608.0
          ],
          [
            8.392439,
            47.072133,
            609.0
          ],
          [
            8.39243,
            47.072078,
            609.0
          ],
          [
            8.392456,
            47.071992,
            609.0
          ],
          [
            8.392655,
            47.071913,
            609.0
          ],
          [
            8.392771,
            47.071901,
            610.0
          ],
          [
            8.393085,
            47.071907,
            612.0
          ],
          [
            8.393319,
            47.071907,
            616.0
          ],
          [
            8.39349,
            47.071901,
            619.0
          ],
          [
            8.393624,
            47.07187,
            620.0
          ],
          [
            8.393697,
            47.071797,
            620.0
          ],
          [
            8.393831,
            47.071693,
            620.0
          ],
          [
            8.393894,
            47.071589,
            620.0
          ],
          [
            8.393759,
            47.071546,
            620.0
          ],
          [
            8.393651,
            47.071454,
            620.0
          ],
          [
            8.393427,
            47.07124,
            620.0
          ],
          [
            8.392645,
            47.070915,
            620.0
          ],
          [
            8.392502,
            47.070842,
            620.0
          ],
          [
            8.392358,
            47.070775,
            620.0
          ],
          [
            8.39146,
            47.070359,
            620.0
          ],
          [
            8.390768,
            47.070059,
            620.0
          ],
          [
            8.390139,
            47.069778,
            620.0
          ],
          [
            8.389879,
            47.069631,
            620.0
          ],
          [
            8.389735,
            47.069484,
            620.0
          ],
          [
            8.389653,
            47.069362,
            620.0
          ],
          [
            8.3896,
            47.069257,
            620.0
          ],
          [
            8.389501,
            47.068988,
            620.0
          ],
          [
            8.389447,
            47.068829,
            620.0
          ],
          [
            8.389376,
            47.068511,
            620.0
          ],
          [
            8.389366,
            47.068346,
            620.0
          ],
          [
            8.389366,
            47.068138,
            620.0
          ],
          [
            8.389393,
            47.068046,
            620.0
          ],
          [
            8.389303,
            47.068083,
            620.0
          ],
          [
            8.389214,
            47.068095,
            620.0
          ],
          [
            8.389114,
            47.068132,
            620.0
          ],
          [
            8.389043,
            47.068168,
            621.0
          ],
          [
            8.388998,
            47.068223,
            622.0
          ],
          [
            8.388908,
            47.068346,
            624.0
          ],
          [
            8.388846,
            47.068401,
            625.0
          ],
          [
            8.388764,
            47.068426,
            626.0
          ],
          [
            8.388674,
            47.068438,
            627.0
          ],
          [
            8.388504,
            47.068432,
            629.0
          ],
          [
            8.387992,
            47.068364,
            630.0
          ],
          [
            8.387858,
            47.068328,
            630.0
          ],
          [
            8.387651,
            47.068248,
            630.0
          ],
          [
            8.387319,
            47.068095,
            630.0
          ],
          [
            8.38721,
            47.068058,
            630.0
          ],
          [
            8.387093,
            47.068027,
            630.0
          ],
          [
            8.387013,
            47.068021,
            630.0
          ],
          [
            8.38695,
            47.068015,
            630.0
          ],
          [
            8.386573,
            47.068015,
            630.0
          ],
          [
            8.386357,
            47.068003,
            630.0
          ],
          [
            8.386078,
            47.067966,
            630.0
          ],
          [
            8.385953,
            47.06785,
            630.0
          ],
          [
            8.385764,
            47.067643,
            630.0
          ],
          [
            8.385387,
            47.067202,
            628.0
          ],
          [
            8.385324,
            47.06714,
            628.0
          ],
          [
            8.385234,
            47.067067,
            628.0
          ],
          [
            8.384336,
            47.066498,
            623.0
          ],
          [
            8.383554,
            47.066069,
            620.0
          ],
          [
            8.382808,
            47.065654,
            613.0
          ],
          [
            8.382414,
            47.065452,
            610.0
          ],
          [
            8.382055,
            47.065237,
            606.0
          ],
          [
            8.382009,
            47.065201,
            606.0
          ],
          [
            8.381982,
            47.065145,
            605.0
          ],
          [
            8.382009,
            47.065084,
            605.0
          ],
          [
            8.38209,
            47.06498,
            603.0
          ],
          [
            8.382179,
            47.064889,
            602.0
          ],
          [
            8.382189,
            47.064852,
            602.0
          ],
          [
            8.382171,
            47.064803,
            601.0
          ],
          [
            8.382145,
            47.064773,
            601.0
          ],
          [
            8.382009,
            47.064681,
            600.0
          ],
          [
            8.381938,
            47.064632,
            599.0
          ],
          [
            8.381902,
            47.064577,
            598.0
          ],
          [
            8.381875,
            47.064516,
            597.0
          ],
          [
            8.381875,
            47.064448,
            597.0
          ],
          [
            8.381875,
            47.064381,
            596.0
          ],
          [
            8.381892,
            47.064326,
            595.0
          ],
          [
            8.381938,
            47.064283,
            595.0
          ],
          [
            8.382,
            47.064228,
            594.0
          ],
          [
            8.382126,
            47.06416,
            593.0
          ],
          [
            8.382216,
            47.064124,
            592.0
          ],
          [
            8.382306,
            47.064099,
            591.0
          ],
          [
            8.382414,
            47.064081,
            590.0
          ],
          [
            8.382548,
            47.064075,
            589.0
          ],
          [
            8.382629,
            47.064068,
            588.0
          ],
          [
            8.382701,
            47.064038,
            587.0
          ],
          [
            8.382764,
            47.063989,
            586.0
          ],
          [
            8.382791,
            47.063952,
            585.0
          ],
          [
            8.382782,
            47.063904,
            584.0
          ],
          [
            8.382755,
            47.063861,
            583.0
          ],
          [
            8.382701,
            47.063806,
            582.0
          ],
          [
            8.382647,
            47.063781,
            581.0
          ],
          [
            8.382638,
            47.063775,
            581.0
          ],
          [
            8.382592,
            47.063745,
            580.0
          ],
          [
            8.382782,
            47.063665,
            580.0
          ],
          [
            8.382745,
            47.063628,
            581.0
          ],
          [
            8.382711,
            47.063585,
            581.0
          ],
          [
            8.382629,
            47.063494,
            582.0
          ],
          [
            8.382485,
            47.063316,
            585.0
          ],
          [
            8.382422,
            47.063249,
            586.0
          ],
          [
            8.382332,
            47.063261,
            586.0
          ],
          [
            8.382198,
            47.063261,
            586.0
          ],
          [
            8.381883,
            47.063316,
            587.0
          ],
          [
            8.381569,
            47.063426,
            588.0
          ],
          [
            8.381453,
            47.063481,
            589.0
          ],
          [
            8.380608,
            47.063524,
            596.0
          ],
          [
            8.380338,
            47.063475,
            600.0
          ],
          [
            8.379359,
            47.06312,
            606.0
          ],
          [
            8.379116,
            47.062998,
            608.0
          ],
          [
            8.378461,
            47.062815,
            610.0
          ],
          [
            8.378111,
            47.062619,
            610.0
          ],
          [
            8.377518,
            47.062227,
            610.0
          ],
          [
            8.377455,
            47.062141,
            610.0
          ],
          [
            8.377275,
            47.061903,
            610.0
          ],
          [
            8.377221,
            47.061713,
            610.0
          ],
          [
            8.377032,
            47.061572,
            610.0
          ],
          [
            8.376512,
            47.061517,
            610.0
          ],
          [
            8.375084,
            47.061303,
            610.0
          ],
          [
            8.374671,
            47.061241,
            610.0
          ],
          [
            8.373583,
            47.060966,
            610.0
          ],
          [
            8.372523,
            47.060624,
            610.0
          ],
          [
            8.371642,
            47.060287,
            610.0
          ],
          [
            8.371418,
            47.060189,
            610.0
          ],
          [
            8.371247,
            47.060097,
            610.0
          ],
          [
            8.370529,
            47.059724,
            610.0
          ],
          [
            8.370178,
            47.059534,
            610.0
          ],
          [
            8.369667,
            47.059295,
            610.0
          ],
          [
            8.369226,
            47.059149,
            610.0
          ],
          [
            8.36805,
            47.058751,
            603.0
          ],
          [
            8.367879,
            47.058818,
            603.0
          ],
          [
            8.367824,
            47.058837,
            603.0
          ],
          [
            8.367763,
            47.058837,
            603.0
          ],
          [
            8.3677,
            47.058831,
            603.0
          ],
          [
            8.367474,
            47.058751,
            602.0
          ],
          [
            8.367277,
            47.05869,
            602.0
          ],
          [
            8.366908,
            47.058604,
            602.0
          ],
          [
            8.366684,
            47.05853,
            601.0
          ],
          [
            8.366155,
            47.058335,
            600.0
          ],
          [
            8.36565,
            47.058158,
            599.0
          ],
          [
            8.365354,
            47.058017,
            597.0
          ],
          [
            8.364285,
            47.057594,
            590.0
          ],
          [
            8.362929,
            47.057025,
            582.0
          ],
          [
            8.362157,
            47.056597,
            575.0
          ],
          [
            8.361249,
            47.056181,
            566.0
          ],
          [
            8.361115,
            47.056132,
            565.0
          ],
          [
            8.360702,
            47.056046,
            561.0
          ],
          [
            8.360549,
            47.055979,
            560.0
          ],
          [
            8.360459,
            47.055899,
            559.0
          ],
          [
            8.360323,
            47.055782,
            558.0
          ],
          [
            8.36001,
            47.055385,
            555.0
          ],
          [
            8.359857,
            47.055183,
            553.0
          ],
          [
            8.359839,
            47.055116,
            553.0
          ],
          [
            8.359874,
            47.054816,
            551.0
          ],
          [
            8.359847,
            47.054712,
            550.0
          ],
          [
            8.359812,
            47.054669,
            550.0
          ],
          [
            8.359633,
            47.054559,
            549.0
          ],
          [
            8.359264,
            47.054326,
            547.0
          ],
          [
            8.358518,
            47.053873,
            544.0
          ],
          [
            8.358276,
            47.053702,
            543.0
          ],
          [
            8.358205,
            47.053788,
            542.0
          ],
          [
            8.358096,
            47.053891,
            541.0
          ],
          [
            8.357989,
            47.054026,
            540.0
          ],
          [
            8.357962,
            47.054087,
            540.0
          ],
          [
            8.357935,
            47.054204,
            539.0
          ],
          [
            8.357943,
            47.054302,
            539.0
          ],
          [
            8.357943,
            47.054369,
            539.0
          ],
          [
            8.357926,
            47.054406,
            539.0
          ],
          [
            8.357845,
            47.054565,
            538.0
          ],
          [
            8.357763,
            47.054754,
            538.0
          ],
          [
            8.357673,
            47.054944,
            537.0
          ],
          [
            8.357639,
            47.054999,
            537.0
          ],
          [
            8.357503,
            47.055177,
            536.0
          ],
          [
            8.357369,
            47.055404,
            535.0
          ],
          [
            8.357287,
            47.055575,
            535.0
          ],
          [
            8.357306,
            47.055721,
            534.0
          ],
          [
            8.35735,
            47.055844,
            534.0
          ],
          [
            8.357306,
            47.055905,
            534.0
          ],
          [
            8.357279,
            47.055936,
            534.0
          ],
          [
            8.357197,
            47.055905,
            534.0
          ],
          [
            8.357224,
            47.056009,
            533.0
          ],
          [
            8.357197,
            47.056144,
            533.0
          ],
          [
            8.357099,
            47.056273,
            532.0
          ],
          [
            8.356973,
            47.056401,
            532.0
          ],
          [
            8.356874,
            47.056462,
            532.0
          ],
          [
            8.356668,
            47.056572,
            531.0
          ],
          [
            8.356605,
            47.056621,
            531.0
          ],
          [
            8.356597,
            47.056688,
            531.0
          ],
          [
            8.356677,
            47.056817,
            530.0
          ],
          [
            8.356757,
            47.057013,
            528.0
          ],
          [
            8.356748,
            47.057148,
            526.0
          ],
          [
            8.356704,
            47.05727,
            524.0
          ],
          [
            8.356631,
            47.057368,
            522.0
          ],
          [
            8.356587,
            47.057398,
            522.0
          ],
          [
            8.35647,
            47.057435,
            520.0
          ],
          [
            8.356335,
            47.057411,
            519.0
          ],
          [
            8.356155,
            47.057307,
            517.0
          ],
          [
            8.355698,
            47.057087,
            513.0
          ],
          [
            8.355518,
            47.056952,
            511.0
          ],
          [
            8.355339,
            47.056903,
            509.0
          ],
          [
            8.355015,
            47.056743,
            504.0
          ],
          [
            8.35479,
            47.056713,
            502.0
          ],
          [
            8.354503,
            47.056542,
            497.0
          ],
          [
            8.354413,
            47.056523,
            496.0
          ],
          [
            8.354215,
            47.056584,
            494.0
          ],
          [
            8.353559,
            47.056529,
            485.0
          ],
          [
            8.353389,
            47.056566,
            483.0
          ],
          [
            8.353218,
            47.056627,
            481.0
          ],
          [
            8.352266,
            47.05667,
            467.0
          ],
          [
            8.351987,
            47.056713,
            464.0
          ],
          [
            8.351862,
            47.056676,
            464.0
          ],
          [
            8.351341,
            47.056444,
            455.0
          ],
          [
            8.351044,
            47.056322,
            452.0
          ],
          [
            8.350748,
            47.056279,
            450.0
          ],
          [
            8.350362,
            47.056187,
            450.0
          ],
          [
            8.350352,
            47.056144,
            449.0
          ],
          [
            8.350326,
            47.056095,
            449.0
          ],
          [
            8.350299,
            47.056046,
            449.0
          ],
          [
            8.350254,
            47.055985,
            449.0
          ],
          [
            8.350165,
            47.055899,
            449.0
          ],
          [
            8.349966,
            47.05574,
            449.0
          ],
          [
            8.34975,
            47.055581,
            449.0
          ],
          [
            8.34966,
            47.055508,
            448.0
          ],
          [
            8.349544,
            47.055428,
            448.0
          ],
          [
            8.349473,
            47.055379,
            448.0
          ],
          [
            8.349391,
            47.055336,
            448.0
          ],
          [
            8.349283,
            47.055306,
            448.0
          ],
          [
            8.349176,
            47.055281,
            448.0
          ],
          [
            8.348844,
            47.055226,
            447.0
          ],
          [
            8.348664,
            47.055183,
            447.0
          ],
          [
            8.348583,
            47.055165,
            447.0
          ],
          [
            8.348494,
            47.055152,
            447.0
          ],
          [
            8.348368,
            47.055146,
            447.0
          ],
          [
            8.348241,
            47.055146,
            447.0
          ],
          [
            8.348142,
            47.055165,
            447.0
          ],
          [
            8.348107,
            47.055171,
            447.0
          ],
          [
            8.348071,
            47.055189,
            447.0
          ],
          [
            8.348017,
            47.05522,
            447.0
          ],
          [
            8.347972,
            47.055263,
            447.0
          ],
          [
            8.347918,
            47.055293,
            447.0
          ],
          [
            8.347901,
            47.055312,
            446.0
          ],
          [
            8.347865,
            47.05533,
            446.0
          ],
          [
            8.347855,
            47.055336,
            446.0
          ],
          [
            8.347838,
            47.055342,
            446.0
          ],
          [
            8.347792,
            47.055355,
            446.0
          ],
          [
            8.347739,
            47.055367,
            446.0
          ],
          [
            8.347729,
            47.055373,
            446.0
          ],
          [
            8.347658,
            47.055404,
            446.0
          ],
          [
            8.347559,
            47.055428,
            446.0
          ],
          [
            8.347397,
            47.055453,
            446.0
          ],
          [
            8.34728,
            47.055447,
            446.0
          ],
          [
            8.347163,
            47.055447,
            446.0
          ],
          [
            8.346903,
            47.055434,
            445.0
          ],
          [
            8.346679,
            47.055428,
            445.0
          ],
          [
            8.346562,
            47.055397,
            445.0
          ],
          [
            8.346364,
            47.055336,
            445.0
          ],
          [
            8.34622,
            47.055281,
            444.0
          ],
          [
            8.346077,
            47.055208,
            444.0
          ],
          [
            8.346023,
            47.055177,
            444.0
          ],
          [
            8.345907,
            47.055085,
            444.0
          ],
          [
            8.345807,
            47.054969,
            444.0
          ],
          [
            8.345744,
            47.054871,
            444.0
          ],
          [
            8.345681,
            47.054791,
            443.0
          ],
          [
            8.345628,
            47.054718,
            443.0
          ],
          [
            8.345484,
            47.054614,
            443.0
          ],
          [
            8.345448,
            47.054584,
            443.0
          ],
          [
            8.345196,
            47.054602,
            443.0
          ],
          [
            8.345133,
            47.054608,
            443.0
          ],
          [
            8.345062,
            47.05462,
            442.0
          ],
          [
            8.345043,
            47.054565,
            442.0
          ],
          [
            8.345043,
            47.054559,
            442.0
          ],
          [
            8.345035,
            47.054522,
            442.0
          ],
          [
            8.344954,
            47.054394,
            442.0
          ],
          [
            8.344918,
            47.054283,
            442.0
          ],
          [
            8.344873,
            47.054185,
            442.0
          ],
          [
            8.344865,
            47.054173,
            442.0
          ],
          [
            8.344783,
            47.054032,
            442.0
          ],
          [
            8.344756,
            47.053989,
            442.0
          ],
          [
            8.344729,
            47.053959,
            442.0
          ],
          [
            8.344675,
            47.053928,
            442.0
          ],
          [
            8.344576,
            47.053898,
            442.0
          ],
          [
            8.34445,
            47.053885,
            442.0
          ],
          [
            8.344154,
            47.053714,
            442.0
          ],
          [
            8.34411,
            47.053696,
            442.0
          ],
          [
            8.343786,
            47.053512,
            442.0
          ],
          [
            8.343687,
            47.053494,
            442.0
          ],
          [
            8.343435,
            47.053335,
            442.0
          ],
          [
            8.342717,
            47.052894,
            442.0
          ],
          [
            8.342295,
            47.052668,
            442.0
          ],
          [
            8.342196,
            47.052564,
            441.0
          ],
          [
            8.342035,
            47.05249,
            441.0
          ],
          [
            8.34198,
            47.052435,
            441.0
          ],
          [
            8.341873,
            47.052325,
            441.0
          ],
          [
            8.341433,
            47.052092,
            441.0
          ],
          [
            8.341127,
            47.051884,
            441.0
          ],
          [
            8.3411,
            47.051866,
            441.0
          ],
          [
            8.341054,
            47.051829,
            441.0
          ],
          [
            8.340831,
            47.051517,
            441.0
          ],
          [
            8.340588,
            47.051302,
            441.0
          ],
          [
            8.340588,
            47.051272,
            441.0
          ],
          [
            8.340534,
            47.051248,
            441.0
          ],
          [
            8.340454,
            47.051217,
            441.0
          ],
          [
            8.340372,
            47.051193,
            441.0
          ],
          [
            8.340175,
            47.051125,
            441.0
          ],
          [
            8.340112,
            47.051101,
            441.0
          ],
          [
            8.339968,
            47.051052,
            441.0
          ],
          [
            8.339779,
            47.050991,
            441.0
          ],
          [
            8.339699,
            47.050966,
            441.0
          ],
          [
            8.339672,
            47.051003,
            441.0
          ],
          [
            8.339636,
            47.051058,
            441.0
          ],
          [
            8.339609,
            47.051095,
            441.0
          ],
          [
            8.33898,
            47.050911,
            440.0
          ],
          [
            8.338936,
            47.050899,
            440.0
          ],
          [
            8.338594,
            47.050789,
            440.0
          ],
          [
            8.338378,
            47.050684,
            440.0
          ],
          [
            8.338198,
            47.050611,
            440.0
          ],
          [
            8.337812,
            47.050476,
            440.0
          ],
          [
            8.337238,
            47.050238,
            440.0
          ],
          [
            8.336986,
            47.050452,
            440.0
          ],
          [
            8.336949,
            47.050488,
            440.0
          ],
          [
            8.336859,
            47.050568,
            440.0
          ],
          [
            8.336833,
            47.050605,
            440.0
          ],
          [
            8.336707,
            47.050733,
            440.0
          ],
          [
            8.33659,
            47.050856,
            440.0
          ],
          [
            8.336473,
            47.050972,
            440.0
          ],
          [
            8.336446,
            47.051021,
            440.0
          ],
          [
            8.336213,
            47.051052,
            440.0
          ],
          [
            8.335907,
            47.051443,
            440.0
          ],
          [
            8.335144,
            47.051199,
            440.0
          ],
          [
            8.334974,
            47.051284,
            440.0
          ],
          [
            8.334919,
            47.051321,
            440.0
          ],
          [
            8.334884,
            47.051376,
            440.0
          ],
          [
            8.334838,
            47.051462,
            440.0
          ],
          [
            8.334829,
            47.051541,
            440.0
          ],
          [
            8.334821,
            47.051652,
            440.0
          ],
          [
            8.334794,
            47.051829,
            440.0
          ],
          [
            8.334722,
            47.051976,
            440.0
          ],
          [
            8.334525,
            47.052239,
            440.0
          ],
          [
            8.334425,
            47.052343,
            440.0
          ],
          [
            8.334291,
            47.052502,
            440.0
          ],
          [
            8.334246,
            47.0526,
            440.0
          ],
          [
            8.334175,
            47.052894,
            440.0
          ],
          [
            8.334085,
            47.053047,
            440.0
          ],
          [
            8.333859,
            47.053316,
            440.0
          ],
          [
            8.33376,
            47.053402,
            440.0
          ],
          [
            8.33368,
            47.053445,
            440.0
          ],
          [
            8.333519,
            47.053512,
            440.0
          ],
          [
            8.333464,
            47.053537,
            440.0
          ],
          [
            8.33342,
            47.05358,
            440.0
          ],
          [
            8.333374,
            47.053672,
            440.0
          ],
          [
            8.333357,
            47.053745,
            440.0
          ],
          [
            8.333339,
            47.053812,
            440.0
          ],
          [
            8.333293,
            47.053928,
            440.0
          ],
          [
            8.33324,
            47.054038,
            440.0
          ],
          [
            8.333221,
            47.054075,
            440.0
          ],
          [
            8.332854,
            47.054283,
            440.0
          ],
          [
            8.332781,
            47.054314,
            440.0
          ],
          [
            8.332332,
            47.054473,
            440.0
          ],
          [
            8.332108,
            47.054553,
            440.0
          ],
          [
            8.331911,
            47.054608,
            440.0
          ],
          [
            8.331192,
            47.054754,
            440.0
          ],
          [
            8.331083,
            47.054773,
            440.0
          ],
          [
            8.330653,
            47.054809,
            440.0
          ],
          [
            8.330383,
            47.054846,
            440.0
          ],
          [
            8.330158,
            47.054883,
            440.0
          ],
          [
            8.329592,
            47.054962,
            440.0
          ],
          [
            8.329332,
            47.054987,
            440.0
          ],
          [
            8.329171,
            47.054962,
            440.0
          ],
          [
            8.329125,
            47.05495,
            440.0
          ],
          [
            8.328991,
            47.054889,
            440.0
          ],
          [
            8.328353,
            47.054498,
            440.0
          ],
          [
            8.328129,
            47.054283,
            440.0
          ],
          [
            8.328003,
            47.054204,
            440.0
          ],
          [
            8.327697,
            47.054093,
            440.0
          ],
          [
            8.327194,
            47.053946,
            440.0
          ],
          [
            8.326682,
            47.053977,
            440.0
          ],
          [
            8.326682,
            47.054075,
            440.0
          ],
          [
            8.326664,
            47.054112,
            440.0
          ],
          [
            8.326619,
            47.054136,
            440.0
          ],
          [
            8.325271,
            47.054308,
            440.0
          ],
          [
            8.325209,
            47.054332,
            440.0
          ],
          [
            8.324823,
            47.054553,
            440.0
          ],
          [
            8.324741,
            47.054632,
            440.0
          ],
          [
            8.324678,
            47.054742,
            440.0
          ],
          [
            8.324562,
            47.054846,
            440.0
          ],
          [
            8.324437,
            47.054889,
            440.0
          ],
          [
            8.324049,
            47.054895,
            440.0
          ],
          [
            8.323215,
            47.054907,
            440.0
          ],
          [
            8.322594,
            47.054901,
            440.0
          ],
          [
            8.322594,
            47.055011,
            440.0
          ],
          [
            8.321804,
            47.054999,
            440.0
          ],
          [
            8.321292,
            47.054993,
            440.0
          ],
          [
            8.319118,
            47.054969,
            440.0
          ],
          [
            8.317906,
            47.054852,
            440.0
          ],
          [
            8.317313,
            47.054785,
            440.0
          ],
          [
            8.316621,
            47.054706,
            440.0
          ],
          [
            8.316001,
            47.054638,
            440.0
          ],
          [
            8.313315,
            47.054357,
            440.0
          ],
          [
            8.313279,
            47.054351,
            440.0
          ],
          [
            8.312893,
            47.054308,
            440.0
          ],
          [
            8.312713,
            47.054339,
            440.0
          ],
          [
            8.312229,
            47.054486,
            440.0
          ],
          [
            8.31213,
            47.05451,
            440.0
          ],
          [
            8.311994,
            47.054528,
            440.0
          ],
          [
            8.311841,
            47.054516,
            440.0
          ],
          [
            8.310944,
            47.054161,
            440.0
          ],
          [
            8.309812,
            47.053714,
            440.0
          ],
          [
            8.309577,
            47.053629,
            440.0
          ],
          [
            8.309309,
            47.053488,
            440.0
          ],
          [
            8.309227,
            47.053408,
            440.0
          ],
          [
            8.309164,
            47.053316,
            440.0
          ],
          [
            8.309147,
            47.053279,
            440.0
          ],
          [
            8.309084,
            47.052937,
            440.0
          ],
          [
            8.309084,
            47.052815,
            440.0
          ],
          [
            8.309129,
            47.052484,
            440.0
          ],
          [
            8.3093,
            47.0514,
            440.0
          ],
          [
            8.309309,
            47.051321,
            440.0
          ],
          [
            8.309327,
            47.051266,
            440.0
          ],
          [
            8.309363,
            47.051211,
            440.0
          ],
          [
            8.309407,
            47.05118,
            440.0
          ],
          [
            8.309461,
            47.051162,
            440.0
          ],
          [
            8.309551,
            47.051162,
            440.0
          ],
          [
            8.309551,
            47.051101,
            440.0
          ],
          [
            8.309533,
            47.05107,
            440.0
          ],
          [
            8.309524,
            47.051046,
            440.0
          ],
          [
            8.309516,
            47.05104,
            440.0
          ],
          [
            8.309543,
            47.051021,
            440.0
          ],
          [
            8.309569,
            47.050991,
            440.0
          ],
          [
            8.309596,
            47.050948,
            440.0
          ],
          [
            8.309614,
            47.050911,
            440.0
          ],
          [
            8.309632,
            47.05074,
            440.0
          ],
          [
            8.309667,
            47.050592,
            440.0
          ],
          [
            8.30973,
            47.050592,
            440.0
          ],
          [
            8.30974,
            47.050513,
            440.0
          ],
          [
            8.30973,
            47.050397,
            440.0
          ],
          [
            8.30973,
            47.050354,
            440.0
          ],
          [
            8.309839,
            47.05036,
            440.0
          ],
          [
            8.309866,
            47.050232,
            440.0
          ],
          [
            8.309875,
            47.050207,
            440.0
          ],
          [
            8.30982,
            47.050201,
            440.0
          ],
          [
            8.309839,
            47.050158,
            440.0
          ],
          [
            8.310063,
            47.050177,
            440.0
          ],
          [
            8.310063,
            47.050158,
            440.0
          ]
        ]
      }
    }
  ]
}