{
  "type": "FeatureCollection",
  "features": [
    {
      "type": "Feature",
      "properties": {},
      "geometry": {
        "type": "LineString",
        "coordinates": [
          [
            8.503667,
            46.598392,
            1541.0
          ],
          [
            8.503722,
            46.598367,
            1541.0
          ],
          [
            8.503659,
            46.598355,
            1541.0
          ],
          [
            8.503587,
            46.598342,
            1541.0
          ],
          [
            8.503506,
            46.598312,
            1541.0
          ],
          [
            8.503434,
            46.598262,
            1541.0
          ],
          [
            8.503237,
            46.598034,
            1540.0
          ],
          [
            8.502941,
            46.59762,
            1540.0
          ],
          [
            8.502625,
            46.597158,
            1542.0
          ],
          [
            8.502338,
            46.5967,
            1544.0
          ],
          [
            8.502239,
            46.596731,
            1545.0
          ],
          [
            8.501799,
            46.596842,
            1546.0
          ],
          [
            8.501692,
            46.596879,
            1547.0
          ],
          [
            8.501602,
            46.5967,
            1547.0
          ],
          [
            8.50144,
            46.596429,
            1547.0
          ],
          [
            8.501315,
            46.596213,
            1548.0
          ],
          [
            8.501243,
            46.596095,
            1548.0
          ],
          [
            8.501206,
            46.596046,
            1548.0
          ],
          [
            8.501162,
            46.595991,
            1548.0
          ],
          [
            8.501153,
            46.595985,
            1548.0
          ],
          [
            8.501036,
            46.595806,
            1548.0
          ],
          [
            8.500946,
            46.595596,
            1549.0
          ],
          [
            8.500847,
            46.595269,
            1549.0
          ],
          [
            8.500811,
            46.595151,
            1549.0
          ],
          [
            8.50074,
            46.594886,
            1550.0
          ],
          [
            8.500686,
            46.594738,
            1550.0
          ],
          [
            8.500541,
            46.594559,
            1550.0
          ],
          [
            8.500371,
            46.594386,
            1550.0
          ],
          [
            8.500308,
            46.594318,
            1550.0
          ],
          [
            8.500075,
            46.59409,
            1550.0
          ],
          [
            8.499885,
            46.593892,
            1550.0
          ],
          [
            8.499814,
            46.593719,
            1550.0
          ],
          [
            8.499734,
            46.593694,
            1552.0
          ],
          [
            8.499688,
            46.593688,
            1553.0
          ],
          [
            8.499644,
            46.59367,
            1554.0
          ],
          [
            8.499562,
            46.593651,
            1555.0
          ],
          [
            8.499491,
            46.593645,
            1557.0
          ],
          [
            8.499419,
            46.593645,
            1558.0
          ],
          [
            8.499275,
            46.593639,
            1561.0
          ],
          [
            8.499195,
            46.593639,
            1562.0
          ],
          [
            8.499122,
            46.593645,
            1563.0
          ],
          [
            8.499051,
            46.593639,
            1564.0
          ],
          [
            8.498979,
            46.593639,
            1565.0
          ],
          [
            8.498916,
            46.593645,
            1566.0
          ],
          [
            8.498853,
            46.593651,
            1567.0
          ],
          [
            8.49879,
            46.593651,
            1568.0
          ],
          [
            8.498719,
            46.593651,
            1569.0
          ],
          [
            8.498637,
            46.593639,
            1571.0
          ],
          [
            8.498556,
            46.59362,
            1572.0
          ],
          [
            8.498485,
            46.593596,
            1573.0
          ],
          [
            8.498457,
            46.593584,
            1574.0
          ],
          [
            8.498422,
            46.593565,
            1574.0
          ],
          [
            8.49765,
            46.593176,
            1580.0
          ],
          [
            8.497371,
            46.59296,
            1583.0
          ],
          [
            8.496841,
            46.592731,
            1587.0
          ],
          [
            8.496356,
            46.592472,
            1591.0
          ],
          [
            8.496346,
            46.59246,
            1591.0
          ],
          [
            8.496185,
            46.592311,
            1592.0
          ],
          [
            8.49587,
            46.591972,
            1595.0
          ],
          [
            8.495717,
            46.591966,
            1596.0
          ],
          [
            8.495476,
            46.592022,
            1597.0
          ],
          [
            8.495277,
            46.592114,
            1598.0
          ],
          [
            8.49517,
            46.592046,
            1599.0
          ],
          [
            8.494927,
            46.592102,
            1601.0
          ],
          [
            8.494685,
            46.592132,
            1605.0
          ],
          [
            8.494434,
            46.592207,
            1609.0
          ],
          [
            8.494344,
            46.59233,
            1613.0
          ],
          [
            8.494281,
            46.592361,
            1614.0
          ],
          [
            8.494182,
            46.592324,
            1616.0
          ],
          [
            8.494128,
            46.592367,
            1618.0
          ],
          [
            8.494002,
            46.592244,
            1622.0
          ],
          [
            8.493948,
            46.592201,
            1624.0
          ],
          [
            8.493841,
            46.592114,
            1627.0
          ],
          [
            8.493688,
            46.591892,
            1632.0
          ],
          [
            8.493553,
            46.591904,
            1635.0
          ],
          [
            8.493463,
            46.591861,
            1638.0
          ],
          [
            8.493382,
            46.59183,
            1640.0
          ],
          [
            8.493356,
            46.591904,
            1643.0
          ],
          [
            8.493256,
            46.592015,
            1646.0
          ],
          [
            8.493212,
            46.591904,
            1649.0
          ],
          [
            8.493086,
            46.591923,
            1652.0
          ],
          [
            8.493041,
            46.591991,
            1654.0
          ],
          [
            8.492969,
            46.591929,
            1657.0
          ],
          [
            8.492889,
            46.591886,
            1659.0
          ],
          [
            8.492817,
            46.591904,
            1660.0
          ],
          [
            8.49278,
            46.591929,
            1661.0
          ],
          [
            8.492763,
            46.591978,
            1663.0
          ],
          [
            8.492709,
            46.591947,
            1664.0
          ],
          [
            8.492637,
            46.591941,
            1665.0
          ],
          [
            8.492564,
            46.59188,
            1667.0
          ],
          [
            8.492493,
            46.591849,
            1669.0
          ],
          [
            8.492403,
            46.591805,
            1670.0
          ],
          [
            8.492358,
            46.59175,
            1671.0
          ],
          [
            8.492287,
            46.591737,
            1672.0
          ],
          [
            8.49226,
            46.591707,
            1673.0
          ],
          [
            8.492197,
            46.591676,
            1673.0
          ],
          [
            8.492115,
            46.591633,
            1674.0
          ],
          [
            8.492098,
            46.591577,
            1674.0
          ],
          [
            8.492098,
            46.591577,
            1674.0
          ],
          [
            8.492098,
            46.591571,
            1675.0
          ],
          [
            8.492017,
            46.591472,
            1677.0
          ],
          [
            8.491972,
            46.591485,
            1677.0
          ],
          [
            8.491891,
            46.591379,
            1679.0
          ],
          [
            8.491846,
            46.591318,
            1680.0
          ],
          [
            8.491864,
            46.591237,
            1681.0
          ],
          [
            8.491801,
            46.591213,
            1682.0
          ],
          [
            8.491757,
            46.591213,
            1682.0
          ],
          [
            8.491648,
            46.591145,
            1684.0
          ],
          [
            8.491577,
            46.591089,
            1685.0
          ],
          [
            8.491505,
            46.591027,
            1686.0
          ],
          [
            8.491478,
            46.590935,
            1687.0
          ],
          [
            8.491595,
            46.590763,
            1685.0
          ],
          [
            8.491622,
            46.590577,
            1688.0
          ],
          [
            8.491522,
            46.590484,
            1690.0
          ],
          [
            8.491496,
            46.590441,
            1691.0
          ],
          [
            8.491424,
            46.590459,
            1693.0
          ],
          [
            8.491398,
            46.590565,
            1695.0
          ],
          [
            8.491316,
            46.590521,
            1697.0
          ],
          [
            8.491262,
            46.590459,
            1699.0
          ],
          [
            8.491209,
            46.590447,
            1700.0
          ],
          [
            8.491172,
            46.59054,
            1701.0
          ],
          [
            8.491128,
            46.590577,
            1702.0
          ],
          [
            8.491082,
            46.590571,
            1702.0
          ],
          [
            8.491073,
            46.590237,
            1707.0
          ],
          [
            8.491046,
            46.590108,
            1709.0
          ],
          [
            8.491011,
            46.589904,
            1711.0
          ],
          [
            8.490966,
            46.589731,
            1712.0
          ],
          [
            8.490912,
            46.58954,
            1714.0
          ],
          [
            8.490849,
            46.589367,
            1715.0
          ],
          [
            8.49084,
            46.589219,
            1717.0
          ],
          [
            8.490876,
            46.589083,
            1718.0
          ],
          [
            8.490956,
            46.589009,
            1719.0
          ],
          [
            8.491019,
            46.588904,
            1720.0
          ],
          [
            8.491038,
            46.588867,
            1720.0
          ],
          [
            8.491046,
            46.588817,
            1720.0
          ],
          [
            8.491128,
            46.588743,
            1720.0
          ],
          [
            8.491109,
            46.588632,
            1720.0
          ],
          [
            8.490956,
            46.588391,
            1720.0
          ],
          [
            8.490966,
            46.588305,
            1720.0
          ],
          [
            8.490885,
            46.588225,
            1720.0
          ],
          [
            8.490562,
            46.587891,
            1721.0
          ],
          [
            8.490121,
            46.587657,
            1728.0
          ],
          [
            8.490031,
            46.587565,
            1730.0
          ],
          [
            8.489834,
            46.587496,
            1733.0
          ],
          [
            8.489538,
            46.587361,
            1737.0
          ],
          [
            8.489511,
            46.587398,
            1738.0
          ],
          [
            8.489547,
            46.587521,
            1740.0
          ],
          [
            8.489475,
            46.587478,
            1743.0
          ],
          [
            8.489367,
            46.587404,
            1745.0
          ],
          [
            8.489124,
            46.587274,
            1747.0
          ],
          [
            8.488891,
            46.587249,
            1749.0
          ],
          [
            8.488846,
            46.587311,
            1750.0
          ],
          [
            8.488909,
            46.587496,
            1753.0
          ],
          [
            8.488972,
            46.587565,
            1754.0
          ],
          [
            8.489178,
            46.587848,
            1757.0
          ],
          [
            8.489224,
            46.588033,
            1760.0
          ],
          [
            8.489107,
            46.588046,
            1762.0
          ],
          [
            8.489079,
            46.588027,
            1762.0
          ],
          [
            8.489025,
            46.58799,
            1764.0
          ],
          [
            8.489025,
            46.587972,
            1764.0
          ],
          [
            8.488899,
            46.587904,
            1768.0
          ],
          [
            8.488872,
            46.587873,
            1769.0
          ],
          [
            8.488711,
            46.587799,
            1772.0
          ],
          [
            8.488532,
            46.587688,
            1775.0
          ],
          [
            8.488406,
            46.587608,
            1778.0
          ],
          [
            8.488369,
            46.587552,
            1779.0
          ],
          [
            8.488306,
            46.587509,
            1781.0
          ],
          [
            8.488235,
            46.58749,
            1782.0
          ],
          [
            8.488199,
            46.587465,
            1783.0
          ],
          [
            8.488163,
            46.587453,
            1784.0
          ],
          [
            8.488136,
            46.587422,
            1785.0
          ],
          [
            8.488002,
            46.587379,
            1787.0
          ],
          [
            8.487993,
            46.587348,
            1788.0
          ],
          [
            8.487939,
            46.587317,
            1789.0
          ],
          [
            8.487857,
            46.587262,
            1791.0
          ],
          [
            8.487777,
            46.587231,
            1793.0
          ],
          [
            8.487706,
            46.5872,
            1794.0
          ],
          [
            8.487633,
            46.587194,
            1795.0
          ],
          [
            8.487561,
            46.587151,
            1797.0
          ],
          [
            8.48748,
            46.587113,
            1799.0
          ],
          [
            8.4874,
            46.587089,
            1800.0
          ],
          [
            8.487319,
            46.587095,
            1802.0
          ],
          [
            8.487201,
            46.587052,
            1805.0
          ],
          [
            8.486977,
            46.586959,
            1810.0
          ],
          [
            8.486914,
            46.586922,
            1811.0
          ],
          [
            8.486815,
            46.586891,
            1813.0
          ],
          [
            8.486664,
            46.586873,
            1816.0
          ],
          [
            8.486574,
            46.586836,
            1817.0
          ],
          [
            8.486492,
            46.586799,
            1819.0
          ],
          [
            8.486411,
            46.58678,
            1820.0
          ],
          [
            8.486339,
            46.586768,
            1821.0
          ],
          [
            8.486205,
            46.586718,
            1824.0
          ],
          [
            8.486106,
            46.586682,
            1826.0
          ],
          [
            8.485945,
            46.586632,
            1829.0
          ],
          [
            8.485836,
            46.586601,
            1831.0
          ],
          [
            8.485675,
            46.58657,
            1834.0
          ],
          [
            8.48563,
            46.586558,
            1835.0
          ],
          [
            8.485639,
            46.586645,
            1837.0
          ],
          [
            8.485702,
            46.586718,
            1839.0
          ],
          [
            8.485693,
            46.586774,
            1841.0
          ],
          [
            8.485576,
            46.586774,
            1843.0
          ],
          [
            8.485495,
            46.586743,
            1844.0
          ],
          [
            8.485442,
            46.586724,
            1845.0
          ],
          [
            8.485387,
            46.586694,
            1847.0
          ],
          [
            8.48536,
            46.586694,
            1847.0
          ],
          [
            8.485297,
            46.586688,
            1848.0
          ],
          [
            8.485253,
            46.586694,
            1849.0
          ],
          [
            8.485163,
            46.5867,
            1851.0
          ],
          [
            8.48501,
            46.586614,
            1853.0
          ],
          [
            8.484884,
            46.586558,
            1855.0
          ],
          [
            8.484731,
            46.586539,
            1857.0
          ],
          [
            8.484453,
            46.586527,
            1861.0
          ],
          [
            8.4844,
            46.586533,
            1861.0
          ],
          [
            8.484165,
            46.586441,
            1861.0
          ],
          [
            8.483798,
            46.586293,
            1861.0
          ],
          [
            8.483528,
            46.586181,
            1861.0
          ],
          [
            8.483268,
            46.586058,
            1861.0
          ],
          [
            8.483069,
            46.58599,
            1861.0
          ],
          [
            8.482882,
            46.585953,
            1861.0
          ],
          [
            8.482612,
            46.585916,
            1860.0
          ],
          [
            8.482279,
            46.585885,
            1860.0
          ],
          [
            8.48192,
            46.585854,
            1860.0
          ],
          [
            8.481767,
            46.585829,
            1860.0
          ],
          [
            8.481471,
            46.585774,
            1860.0
          ],
          [
            8.481075,
            46.585731,
            1860.0
          ],
          [
            8.480572,
            46.5857,
            1860.0
          ],
          [
            8.480356,
            46.585694,
            1860.0
          ],
          [
            8.480033,
            46.585712,
            1860.0
          ],
          [
            8.479727,
            46.585731,
            1860.0
          ],
          [
            8.479324,
            46.585774,
            1860.0
          ],
          [
            8.479108,
            46.585811,
            1860.0
          ],
          [
            8.479018,
            46.585817,
            1860.0
          ],
          [
            8.478901,
            46.585829,
            1860.0
          ],
          [
            8.478785,
            46.585867,
            1860.0
          ],
          [
            8.478569,
            46.585904,
            1860.0
          ],
          [
            8.478381,
            46.585935,
            1860.0
          ],
          [
            8.478228,
            46.585959,
            1860.0
          ],
          [
            8.478156,
            46.585959,
            1860.0
          ],
          [
            8.478093,
            46.585953,
            1860.0
          ],
          [
            8.477949,
            46.58599,
            1860.0
          ],
          [
            8.477905,
            46.58599,
            1860.0
          ],
          [
            8.477743,
            46.585996,
            1860.0
          ],
          [
            8.477679,
            46.586002,
            1860.0
          ],
          [
            8.477464,
            46.586046,
            1860.0
          ],
          [
            8.47732,
            46.586083,
            1860.0
          ],
          [
            8.477114,
            46.586108,
            1860.0
          ],
          [
            8.476863,
            46.586169,
            1860.0
          ],
          [
            8.476764,
            46.586181,
            1860.0
          ],
          [
            8.476656,
            46.586181,
            1860.0
          ],
          [
            8.476548,
            46.586169,
            1860.0
          ],
          [
            8.476458,
            46.586175,
            1860.0
          ],
          [
            8.47627,
            46.586218,
            1860.0
          ],
          [
            8.476054,
            46.586268,
            1860.0
          ],
          [
            8.475874,
            46.586329,
            1860.0
          ],
          [
            8.475766,
            46.586348,
            1860.0
          ],
          [
            8.475677,
            46.586342,
            1860.0
          ],
          [
            8.475578,
            46.586317,
            1860.0
          ],
          [
            8.475371,
            46.586287,
            1860.0
          ],
          [
            8.475182,
            46.586256,
            1860.0
          ],
          [
            8.475075,
            46.586256,
            1860.0
          ],
          [
            8.474966,
            46.586274,
            1860.0
          ],
          [
            8.474859,
            46.586336,
            1860.0
          ],
          [
            8.474716,
            46.586466,
            1860.0
          ],
          [
            8.4745,
            46.586595,
            1860.0
          ],
          [
            8.47432,
            46.586724,
            1860.0
          ],
          [
            8.474213,
            46.586855,
            1860.0
          ],
          [
            8.474104,
            46.586965,
            1860.0
          ],
          [
            8.474041,
            46.586996,
            1860.0
          ],
          [
            8.473861,
            46.587034,
            1860.0
          ],
          [
            8.473727,
            46.587089,
            1860.0
          ],
          [
            8.47362,
            46.587089,
            1860.0
          ],
          [
            8.473458,
            46.587064,
            1860.0
          ],
          [
            8.473377,
            46.58704,
            1860.0
          ],
          [
            8.473251,
            46.586972,
            1860.0
          ],
          [
            8.473089,
            46.586922,
            1860.0
          ],
          [
            8.472972,
            46.58691,
            1859.0
          ],
          [
            8.472882,
            46.586928,
            1859.0
          ],
          [
            8.472775,
            46.586984,
            1857.0
          ],
          [
            8.472676,
            46.587064,
            1856.0
          ],
          [
            8.472595,
            46.587095,
            1855.0
          ],
          [
            8.472398,
            46.587163,
            1853.0
          ],
          [
            8.472245,
            46.587231,
            1851.0
          ],
          [
            8.472192,
            46.587237,
            1851.0
          ],
          [
            8.472164,
            46.587231,
            1851.0
          ],
          [
            8.472119,
            46.5872,
            1850.0
          ],
          [
            8.47211,
            46.587157,
            1849.0
          ],
          [
            8.472173,
            46.58707,
            1848.0
          ],
          [
            8.472209,
            46.587003,
            1847.0
          ],
          [
            8.4722,
            46.586972,
            1847.0
          ],
          [
            8.472146,
            46.586953,
            1846.0
          ],
          [
            8.472066,
            46.586953,
            1845.0
          ],
          [
            8.47193,
            46.586996,
            1844.0
          ],
          [
            8.471687,
            46.587113,
            1841.0
          ],
          [
            8.471544,
            46.587182,
            1840.0
          ],
          [
            8.471437,
            46.587262,
            1839.0
          ],
          [
            8.471364,
            46.587299,
            1838.0
          ],
          [
            8.47124,
            46.587323,
            1837.0
          ],
          [
            8.471041,
            46.587348,
            1835.0
          ],
          [
            8.47088,
            46.587342,
            1834.0
          ],
          [
            8.470682,
            46.58733,
            1832.0
          ],
          [
            8.470547,
            46.587336,
            1831.0
          ],
          [
            8.470458,
            46.587342,
            1830.0
          ],
          [
            8.470332,
            46.58733,
            1830.0
          ],
          [
            8.470269,
            46.587336,
            1829.0
          ],
          [
            8.470098,
            46.587367,
            1828.0
          ],
          [
            8.469919,
            46.587398,
            1827.0
          ],
          [
            8.469792,
            46.587422,
            1826.0
          ],
          [
            8.469739,
            46.587429,
            1825.0
          ],
          [
            8.469487,
            46.587398,
            1824.0
          ],
          [
            8.46946,
            46.587379,
            1824.0
          ],
          [
            8.46946,
            46.587348,
            1823.0
          ],
          [
            8.469496,
            46.587323,
            1823.0
          ],
          [
            8.469676,
            46.587292,
            1822.0
          ],
          [
            8.469756,
            46.587274,
            1821.0
          ],
          [
            8.469783,
            46.587243,
            1821.0
          ],
          [
            8.469775,
            46.587188,
            1820.0
          ],
          [
            8.469748,
            46.587113,
            1820.0
          ],
          [
            8.469739,
            46.587083,
            1820.0
          ],
          [
            8.469685,
            46.58691,
            1820.0
          ],
          [
            8.469676,
            46.586879,
            1820.0
          ],
          [
            8.469397,
            46.58683,
            1823.0
          ],
          [
            8.469245,
            46.586855,
            1824.0
          ],
          [
            8.468957,
            46.586867,
            1827.0
          ],
          [
            8.468733,
            46.586879,
            1829.0
          ],
          [
            8.468651,
            46.586916,
            1829.0
          ],
          [
            8.468374,
            46.58704,
            1832.0
          ],
          [
            8.468203,
            46.587169,
            1834.0
          ],
          [
            8.468148,
            46.587262,
            1835.0
          ],
          [
            8.468014,
            46.58733,
            1836.0
          ],
          [
            8.467844,
            46.58741,
            1837.0
          ],
          [
            8.467574,
            46.587478,
            1840.0
          ],
          [
            8.467332,
            46.587502,
            1840.0
          ],
          [
            8.467089,
            46.58749,
            1840.0
          ],
          [
            8.4669,
            46.587478,
            1840.0
          ],
          [
            8.466846,
            46.587478,
            1840.0
          ],
          [
            8.466523,
            46.587496,
            1840.0
          ],
          [
            8.466146,
            46.587521,
            1840.0
          ],
          [
            8.465787,
            46.587589,
            1840.0
          ],
          [
            8.46558,
            46.587638,
            1840.0
          ],
          [
            8.465355,
            46.587644,
            1840.0
          ],
          [
            8.465202,
            46.587681,
            1840.0
          ],
          [
            8.464959,
            46.587756,
            1840.0
          ],
          [
            8.464592,
            46.58783,
            1840.0
          ],
          [
            8.464097,
            46.58791,
            1841.0
          ],
          [
            8.463837,
            46.587947,
            1842.0
          ],
          [
            8.463567,
            46.587978,
            1843.0
          ],
          [
            8.463351,
            46.587978,
            1844.0
          ],
          [
            8.463154,
            46.587996,
            1845.0
          ],
          [
            8.462723,
            46.588046,
            1846.0
          ],
          [
            8.462309,
            46.588102,
            1848.0
          ],
          [
            8.462129,
            46.58812,
            1849.0
          ],
          [
            8.461888,
            46.588126,
            1849.0
          ],
          [
            8.46169,
            46.58812,
            1850.0
          ],
          [
            8.461439,
            46.588114,
            1850.0
          ],
          [
            8.461196,
            46.588089,
            1851.0
          ],
          [
            8.46115,
            46.588083,
            1852.0
          ],
          [
            8.460908,
            46.588052,
            1854.0
          ],
          [
            8.460737,
            46.588046,
            1855.0
          ],
          [
            8.460252,
            46.588064,
            1859.0
          ],
          [
            8.460073,
            46.588064,
            1860.0
          ],
          [
            8.459875,
            46.588058,
            1862.0
          ],
          [
            8.459659,
            46.588009,
            1863.0
          ],
          [
            8.459471,
            46.587935,
            1865.0
          ],
          [
            8.459282,
            46.58783,
            1866.0
          ],
          [
            8.458986,
            46.587669,
            1869.0
          ],
          [
            8.458743,
            46.587583,
            1871.0
          ],
          [
            8.458527,
            46.587533,
            1873.0
          ],
          [
            8.45816,
            46.587515,
            1875.0
          ],
          [
            8.457827,
            46.587496,
            1878.0
          ],
          [
            8.457638,
            46.58749,
            1880.0
          ],
          [
            8.457378,
            46.587515,
            1882.0
          ],
          [
            8.457154,
            46.587571,
            1884.0
          ],
          [
            8.456812,
            46.587725,
            1888.0
          ],
          [
            8.456605,
            46.58783,
            1890.0
          ],
          [
            8.456389,
            46.58791,
            1892.0
          ],
          [
            8.456174,
            46.587954,
            1893.0
          ],
          [
            8.45586,
            46.587954,
            1896.0
          ],
          [
            8.455393,
            46.587916,
            1899.0
          ],
          [
            8.45525,
            46.58791,
            1900.0
          ],
          [
            8.455141,
            46.587916,
            1900.0
          ],
          [
            8.455034,
            46.587898,
            1901.0
          ],
          [
            8.454908,
            46.587811,
            1901.0
          ],
          [
            8.454862,
            46.587768,
            1902.0
          ],
          [
            8.454871,
            46.587725,
            1902.0
          ],
          [
            8.454952,
            46.587681,
            1902.0
          ],
          [
            8.45498,
            46.587657,
            1902.0
          ],
          [
            8.455087,
            46.587515,
            1903.0
          ],
          [
            8.454971,
            46.587447,
            1904.0
          ],
          [
            8.4548,
            46.587348,
            1904.0
          ],
          [
            8.454638,
            46.587262,
            1905.0
          ],
          [
            8.454386,
            46.587169,
            1906.0
          ],
          [
            8.454198,
            46.58712,
            1907.0
          ],
          [
            8.453919,
            46.58699,
            1908.0
          ],
          [
            8.453793,
            46.586984,
            1908.0
          ],
          [
            8.453676,
            46.586922,
            1909.0
          ],
          [
            8.453596,
            46.586947,
            1909.0
          ],
          [
            8.45356,
            46.587015,
            1909.0
          ],
          [
            8.453552,
            46.587028,
            1909.0
          ],
          [
            8.453426,
            46.58704,
            1910.0
          ],
          [
            8.453273,
            46.58704,
            1911.0
          ],
          [
            8.453137,
            46.587076,
            1912.0
          ],
          [
            8.453066,
            46.58704,
            1913.0
          ],
          [
            8.45303,
            46.587058,
            1914.0
          ],
          [
            8.452751,
            46.587052,
            1916.0
          ],
          [
            8.452697,
            46.58704,
            1917.0
          ],
          [
            8.452617,
            46.587003,
            1918.0
          ],
          [
            8.4525,
            46.586996,
            1919.0
          ],
          [
            8.452311,
            46.586965,
            1921.0
          ],
          [
            8.452105,
            46.586897,
            1922.0
          ],
          [
            8.451997,
            46.58683,
            1923.0
          ],
          [
            8.451916,
            46.586805,
            1924.0
          ],
          [
            8.451844,
            46.586743,
            1925.0
          ],
          [
            8.451818,
            46.5867,
            1925.0
          ],
          [
            8.451764,
            46.586688,
            1925.0
          ],
          [
            8.451709,
            46.586638,
            1926.0
          ],
          [
            8.451485,
            46.586552,
            1928.0
          ],
          [
            8.451386,
            46.586509,
            1928.0
          ],
          [
            8.45135,
            46.586472,
            1929.0
          ],
          [
            8.451189,
            46.586453,
            1930.0
          ],
          [
            8.451108,
            46.586428,
            1931.0
          ],
          [
            8.450919,
            46.586435,
            1933.0
          ],
          [
            8.450703,
            46.586287,
            1936.0
          ],
          [
            8.45056,
            46.586268,
            1937.0
          ],
          [
            8.450452,
            46.586243,
            1938.0
          ],
          [
            8.450336,
            46.586187,
            1940.0
          ],
          [
            8.450281,
            46.586194,
            1940.0
          ],
          [
            8.450273,
            46.586163,
            1940.0
          ],
          [
            8.450173,
            46.586163,
            1941.0
          ],
          [
            8.450038,
            46.586126,
            1942.0
          ],
          [
            8.449976,
            46.586089,
            1942.0
          ],
          [
            8.449805,
            46.586052,
            1943.0
          ],
          [
            8.449581,
            46.58599,
            1945.0
          ],
          [
            8.449464,
            46.585965,
            1946.0
          ],
          [
            8.449384,
            46.585904,
            1946.0
          ],
          [
            8.449284,
            46.585898,
            1947.0
          ],
          [
            8.449239,
            46.585879,
            1947.0
          ],
          [
            8.449176,
            46.585879,
            1947.0
          ],
          [
            8.449114,
            46.585836,
            1948.0
          ],
          [
            8.448889,
            46.585811,
            1949.0
          ],
          [
            8.448844,
            46.585792,
            1950.0
          ],
          [
            8.448718,
            46.585768,
            1951.0
          ],
          [
            8.448673,
            46.585774,
            1951.0
          ],
          [
            8.448539,
            46.585737,
            1952.0
          ],
          [
            8.448458,
            46.585737,
            1952.0
          ],
          [
            8.448242,
            46.5857,
            1954.0
          ],
          [
            8.448053,
            46.585589,
            1956.0
          ],
          [
            8.447892,
            46.585552,
            1957.0
          ],
          [
            8.447676,
            46.585533,
            1958.0
          ],
          [
            8.447649,
            46.585509,
            1959.0
          ],
          [
            8.44764,
            46.585533,
            1959.0
          ],
          [
            8.447596,
            46.585515,
            1959.0
          ],
          [
            8.44747,
            46.585515,
            1960.0
          ],
          [
            8.447317,
            46.585546,
            1961.0
          ],
          [
            8.447155,
            46.585564,
            1962.0
          ],
          [
            8.447002,
            46.585564,
            1963.0
          ],
          [
            8.446877,
            46.585527,
            1964.0
          ],
          [
            8.446768,
            46.585478,
            1965.0
          ],
          [
            8.446625,
            46.585496,
            1965.0
          ],
          [
            8.446562,
            46.585484,
            1966.0
          ],
          [
            8.446508,
            46.585403,
            1967.0
          ],
          [
            8.446472,
            46.585361,
            1967.0
          ],
          [
            8.446392,
            46.585342,
            1967.0
          ],
          [
            8.446248,
            46.585342,
            1968.0
          ],
          [
            8.446212,
            46.585292,
            1969.0
          ],
          [
            8.446149,
            46.585292,
            1969.0
          ],
          [
            8.446078,
            46.58528,
            1970.0
          ],
          [
            8.445988,
            46.58528,
            1970.0
          ],
          [
            8.445906,
            46.585274,
            1971.0
          ],
          [
            8.445889,
            46.585224,
            1971.0
          ],
          [
            8.445898,
            46.585194,
            1971.0
          ],
          [
            8.445816,
            46.585144,
            1972.0
          ],
          [
            8.445763,
            46.58512,
            1972.0
          ],
          [
            8.445753,
            46.585101,
            1972.0
          ],
          [
            8.445602,
            46.585057,
            1973.0
          ],
          [
            8.445573,
            46.585039,
            1974.0
          ],
          [
            8.44552,
            46.585051,
            1974.0
          ],
          [
            8.445466,
            46.585039,
            1974.0
          ],
          [
            8.445422,
            46.585064,
            1975.0
          ],
          [
            8.445386,
            46.585033,
            1975.0
          ],
          [
            8.445233,
            46.585045,
            1976.0
          ],
          [
            8.445134,
            46.584996,
            1977.0
          ],
          [
            8.444999,
            46.584953,
            1977.0
          ],
          [
            8.4449,
            46.584928,
            1978.0
          ],
          [
            8.444711,
            46.58486,
            1979.0
          ],
          [
            8.444577,
            46.584829,
            1980.0
          ],
          [
            8.444478,
            46.584805,
            1981.0
          ],
          [
            8.44437,
            46.584793,
            1982.0
          ],
          [
            8.444271,
            46.584731,
            1983.0
          ],
          [
            8.444137,
            46.584681,
            1985.0
          ],
          [
            8.443876,
            46.584693,
            1987.0
          ],
          [
            8.443778,
            46.584638,
            1988.0
          ],
          [
            8.443579,
            46.584614,
            1990.0
          ],
          [
            8.443436,
            46.584564,
            1991.0
          ],
          [
            8.443346,
            46.58452,
            1991.0
          ],
          [
            8.443229,
            46.584496,
            1992.0
          ],
          [
            8.443103,
            46.584416,
            1993.0
          ],
          [
            8.442978,
            46.584366,
            1994.0
          ],
          [
            8.442906,
            46.584292,
            1995.0
          ],
          [
            8.442862,
            46.584292,
            1995.0
          ],
          [
            8.442736,
            46.5842,
            1996.0
          ],
          [
            8.44261,
            46.584187,
            1997.0
          ],
          [
            8.442457,
            46.584101,
            1998.0
          ],
          [
            8.442286,
            46.584058,
            1999.0
          ],
          [
            8.442116,
            46.583996,
            2000.0
          ],
          [
            8.442034,
            46.583971,
            2001.0
          ],
          [
            8.44191,
            46.583916,
            2001.0
          ],
          [
            8.441801,
            46.583928,
            2002.0
          ],
          [
            8.441694,
            46.583897,
            2003.0
          ],
          [
            8.441514,
            46.583897,
            2004.0
          ],
          [
            8.441424,
            46.583916,
            2004.0
          ],
          [
            8.441378,
            46.583909,
            2005.0
          ],
          [
            8.441191,
            46.583952,
            2006.0
          ],
          [
            8.441136,
            46.583903,
            2006.0
          ],
          [
            8.441065,
            46.583903,
            2007.0
          ],
          [
            8.441011,
            46.583835,
            2007.0
          ],
          [
            8.440759,
            46.583761,
            2009.0
          ],
          [
            8.440579,
            46.583663,
            2010.0
          ],
          [
            8.440462,
            46.583502,
            2012.0
          ],
          [
            8.440399,
            46.583434,
            2013.0
          ],
          [
            8.440336,
            46.583428,
            2014.0
          ],
          [
            8.440157,
            46.583415,
            2015.0
          ],
          [
            8.440103,
            46.583378,
            2016.0
          ],
          [
            8.439977,
            46.583397,
            2017.0
          ],
          [
            8.43986,
            46.583391,
            2018.0
          ],
          [
            8.439789,
            46.583335,
            2019.0
          ],
          [
            8.439736,
            46.583298,
            2019.0
          ],
          [
            8.439646,
            46.58328,
            2020.0
          ],
          [
            8.4396,
            46.583305,
            2021.0
          ],
          [
            8.439547,
            46.583292,
            2022.0
          ],
          [
            8.439447,
            46.583335,
            2024.0
          ],
          [
            8.439367,
            46.583366,
            2025.0
          ],
          [
            8.439097,
            46.583372,
            2029.0
          ],
          [
            8.438962,
            46.583348,
            2032.0
          ],
          [
            8.438855,
            46.583335,
            2033.0
          ],
          [
            8.43872,
            46.583261,
            2036.0
          ],
          [
            8.438352,
            46.583082,
            2041.0
          ],
          [
            8.438154,
            46.582829,
            2044.0
          ],
          [
            8.438091,
            46.58281,
            2045.0
          ],
          [
            8.437839,
            46.582619,
            2048.0
          ],
          [
            8.437768,
            46.582607,
            2048.0
          ],
          [
            8.43766,
            46.582625,
            2049.0
          ],
          [
            8.437399,
            46.582514,
            2051.0
          ],
          [
            8.43731,
            46.58252,
            2051.0
          ],
          [
            8.437076,
            46.582434,
            2053.0
          ],
          [
            8.436887,
            46.582329,
            2054.0
          ],
          [
            8.436654,
            46.582298,
            2056.0
          ],
          [
            8.436528,
            46.582218,
            2057.0
          ],
          [
            8.436294,
            46.582113,
            2058.0
          ],
          [
            8.436231,
            46.582082,
            2059.0
          ],
          [
            8.436141,
            46.582069,
            2059.0
          ],
          [
            8.435809,
            46.582113,
            2062.0
          ],
          [
            8.435765,
            46.582106,
            2062.0
          ],
          [
            8.435746,
            46.582076,
            2062.0
          ],
          [
            8.435549,
            46.582027,
            2064.0
          ],
          [
            8.435423,
            46.58189,
            2066.0
          ],
          [
            8.435225,
            46.581829,
            2068.0
          ],
          [
            8.435036,
            46.581717,
            2070.0
          ],
          [
            8.434947,
            46.581705,
            2071.0
          ],
          [
            8.43492,
            46.581668,
            2072.0
          ],
          [
            8.434803,
            46.581563,
            2074.0
          ],
          [
            8.434794,
            46.581526,
            2075.0
          ],
          [
            8.434767,
            46.581483,
            2075.0
          ],
          [
            8.434723,
            46.581477,
            2076.0
          ],
          [
            8.434677,
            46.581508,
            2077.0
          ],
          [
            8.43466,
            46.581495,
            2077.0
          ],
          [
            8.434597,
            46.581434,
            2078.0
          ],
          [
            8.434346,
            46.581353,
            2083.0
          ],
          [
            8.434327,
            46.581347,
            2084.0
          ],
          [
            8.434103,
            46.581316,
            2090.0
          ],
          [
            8.433896,
            46.581119,
            2095.0
          ],
          [
            8.433797,
            46.581001,
            2098.0
          ],
          [
            8.433635,
            46.580897,
            2102.0
          ],
          [
            8.433411,
            46.580748,
            2106.0
          ],
          [
            8.433096,
            46.580569,
            2110.0
          ],
          [
            8.432979,
            46.580359,
            2110.0
          ],
          [
            8.432746,
            46.580273,
            2111.0
          ],
          [
            8.432612,
            46.580075,
            2112.0
          ],
          [
            8.432486,
            46.579995,
            2113.0
          ],
          [
            8.432315,
            46.579754,
            2115.0
          ],
          [
            8.432082,
            46.579619,
            2116.0
          ],
          [
            8.431786,
            46.579334,
            2118.0
          ],
          [
            8.431587,
            46.579229,
            2119.0
          ],
          [
            8.431417,
            46.579038,
            2121.0
          ],
          [
            8.431228,
            46.578902,
            2124.0
          ],
          [
            8.431075,
            46.578692,
            2127.0
          ],
          [
            8.430931,
            46.578605,
            2129.0
          ],
          [
            8.430797,
            46.578569,
            2131.0
          ],
          [
            8.430725,
            46.578439,
            2132.0
          ],
          [
            8.430635,
            46.578297,
            2134.0
          ],
          [
            8.430482,
            46.578124,
            2136.0
          ],
          [
            8.430411,
            46.577951,
            2138.0
          ],
          [
            8.430294,
            46.577624,
            2141.0
          ],
          [
            8.430105,
            46.577506,
            2143.0
          ],
          [
            8.429899,
            46.577519,
            2145.0
          ],
          [
            8.429899,
            46.577482,
            2146.0
          ],
          [
            8.429818,
            46.577377,
            2147.0
          ],
          [
            8.429629,
            46.577352,
            2149.0
          ],
          [
            8.429602,
            46.577278,
            2149.0
          ],
          [
            8.429323,
            46.57713,
            2152.0
          ],
          [
            8.429134,
            46.577111,
            2153.0
          ],
          [
            8.428928,
            46.577,
            2154.0
          ],
          [
            8.428803,
            46.576865,
            2156.0
          ],
          [
            8.428721,
            46.576648,
            2157.0
          ],
          [
            8.428596,
            46.576432,
            2159.0
          ],
          [
            8.428578,
            46.576389,
            2160.0
          ],
          [
            8.428497,
            46.576407,
            2160.0
          ],
          [
            8.428444,
            46.576413,
            2161.0
          ],
          [
            8.428417,
            46.57642,
            2161.0
          ],
          [
            8.428362,
            46.576395,
            2162.0
          ],
          [
            8.428237,
            46.57637,
            2164.0
          ],
          [
            8.428165,
            46.576383,
            2165.0
          ],
          [
            8.428155,
            46.57637,
            2165.0
          ],
          [
            8.428147,
            46.576334,
            2165.0
          ],
          [
            8.428092,
            46.576234,
            2167.0
          ],
          [
            8.428057,
            46.576136,
            2169.0
          ],
          [
            8.428021,
            46.576099,
            2170.0
          ],
          [
            8.428004,
            46.576086,
            2170.0
          ],
          [
            8.427994,
            46.57608,
            2170.0
          ],
          [
            8.427985,
            46.576086,
            2170.0
          ],
          [
            8.427975,
            46.576105,
            2171.0
          ],
          [
            8.427985,
            46.576136,
            2171.0
          ],
          [
            8.427975,
            46.576253,
            2174.0
          ],
          [
            8.427967,
            46.576284,
            2175.0
          ],
          [
            8.427958,
            46.576296,
            2175.0
          ],
          [
            8.427949,
            46.576296,
            2175.0
          ],
          [
            8.427941,
            46.57629,
            2175.0
          ],
          [
            8.427931,
            46.576284,
            2175.0
          ],
          [
            8.427931,
            46.576265,
            2176.0
          ],
          [
            8.427931,
            46.576259,
            2176.0
          ],
          [
            8.427922,
            46.576253,
            2176.0
          ],
          [
            8.427914,
            46.576247,
            2176.0
          ],
          [
            8.427895,
            46.576253,
            2176.0
          ],
          [
            8.427895,
            46.576265,
            2177.0
          ],
          [
            8.427886,
            46.576278,
            2177.0
          ],
          [
            8.427886,
            46.576284,
            2177.0
          ],
          [
            8.427878,
            46.57629,
            2177.0
          ],
          [
            8.427868,
            46.57629,
            2177.0
          ],
          [
            8.427859,
            46.576278,
            2178.0
          ],
          [
            8.427851,
            46.576265,
            2178.0
          ],
          [
            8.427841,
            46.576259,
            2178.0
          ],
          [
            8.427832,
            46.576259,
            2178.0
          ],
          [
            8.427824,
            46.576259,
            2178.0
          ],
          [
            8.427815,
            46.576272,
            2179.0
          ],
          [
            8.427815,
            46.576284,
            2179.0
          ],
          [
            8.427805,
            46.576303,
            2179.0
          ],
          [
            8.427796,
            46.576309,
            2180.0
          ],
          [
            8.427788,
            46.576309,
            2180.0
          ],
          [
            8.427769,
            46.576309,
            2180.0
          ],
          [
            8.427752,
            46.576303,
            2180.0
          ],
          [
            8.427742,
            46.57629,
            2181.0
          ],
          [
            8.427742,
            46.576278,
            2181.0
          ],
          [
            8.427734,
            46.576259,
            2182.0
          ],
          [
            8.427725,
            46.576247,
            2182.0
          ],
          [
            8.427679,
            46.576222,
            2184.0
          ],
          [
            8.427662,
            46.57621,
            2184.0
          ],
          [
            8.427608,
            46.576173,
            2186.0
          ],
          [
            8.427554,
            46.576124,
            2188.0
          ],
          [
            8.427482,
            46.576061,
            2191.0
          ],
          [
            8.427365,
            46.575988,
            2193.0
          ],
          [
            8.42705,
            46.575716,
            2202.0
          ],
          [
            8.42679,
            46.575568,
            2209.0
          ],
          [
            8.426683,
            46.575506,
            2211.0
          ],
          [
            8.426646,
            46.575469,
            2212.0
          ],
          [
            8.42661,
            46.575426,
            2213.0
          ],
          [
            8.426583,
            46.575414,
            2214.0
          ],
          [
            8.426539,
            46.575407,
            2214.0
          ],
          [
            8.426503,
            46.575395,
            2215.0
          ],
          [
            8.426422,
            46.575345,
            2216.0
          ],
          [
            8.426367,
            46.575277,
            2218.0
          ],
          [
            8.426207,
            46.575185,
            2221.0
          ],
          [
            8.426107,
            46.57516,
            2224.0
          ],
          [
            8.42583,
            46.574993,
            2233.0
          ],
          [
            8.425784,
            46.574969,
            2233.0
          ],
          [
            8.425694,
            46.574956,
            2235.0
          ],
          [
            8.42565,
            46.574956,
            2235.0
          ],
          [
            8.425604,
            46.574944,
            2236.0
          ],
          [
            8.425578,
            46.574956,
            2237.0
          ],
          [
            8.425541,
            46.574956,
            2237.0
          ],
          [
            8.425515,
            46.57495,
            2238.0
          ],
          [
            8.425488,
            46.574937,
            2238.0
          ],
          [
            8.425415,
            46.574864,
            2240.0
          ],
          [
            8.425371,
            46.574833,
            2241.0
          ],
          [
            8.425272,
            46.574771,
            2244.0
          ],
          [
            8.425092,
            46.57466,
            2249.0
          ],
          [
            8.424859,
            46.574579,
            2255.0
          ],
          [
            8.424823,
            46.574567,
            2256.0
          ],
          [
            8.424751,
            46.574567,
            2258.0
          ],
          [
            8.424608,
            46.574518,
            2262.0
          ],
          [
            8.424572,
            46.574518,
            2263.0
          ],
          [
            8.424536,
            46.574518,
            2264.0
          ],
          [
            8.424499,
            46.574518,
            2265.0
          ],
          [
            8.424455,
            46.574512,
            2266.0
          ],
          [
            8.424356,
            46.574481,
            2268.0
          ],
          [
            8.424275,
            46.574444,
            2271.0
          ],
          [
            8.42423,
            46.574419,
            2272.0
          ],
          [
            8.424203,
            46.574388,
            2273.0
          ],
          [
            8.424159,
            46.574376,
            2274.0
          ],
          [
            8.42414,
            46.574363,
            2274.0
          ],
          [
            8.424122,
            46.574345,
            2275.0
          ],
          [
            8.424113,
            46.574345,
            2275.0
          ],
          [
            8.424096,
            46.574345,
            2276.0
          ],
          [
            8.424069,
            46.574345,
            2276.0
          ],
          [
            8.424059,
            46.574345,
            2276.0
          ],
          [
            8.424042,
            46.574345,
            2277.0
          ],
          [
            8.424014,
            46.574345,
            2277.0
          ],
          [
            8.42397,
            46.574339,
            2278.0
          ],
          [
            8.423897,
            46.574327,
            2280.0
          ],
          [
            8.42387,
            46.574314,
            2281.0
          ],
          [
            8.423853,
            46.574308,
            2281.0
          ],
          [
            8.423834,
            46.574308,
            2281.0
          ],
          [
            8.423817,
            46.574308,
            2282.0
          ],
          [
            8.423807,
            46.574302,
            2282.0
          ],
          [
            8.42379,
            46.574302,
            2282.0
          ],
          [
            8.423781,
            46.574308,
            2283.0
          ],
          [
            8.423746,
            46.574321,
            2283.0
          ],
          [
            8.423717,
            46.574327,
            2284.0
          ],
          [
            8.423673,
            46.574339,
            2285.0
          ],
          [
            8.423601,
            46.574339,
            2287.0
          ],
          [
            8.42353,
            46.574327,
            2288.0
          ],
          [
            8.42352,
            46.574327,
            2288.0
          ],
          [
            8.42352,
            46.574339,
            2289.0
          ],
          [
            8.42353,
            46.574339,
            2289.0
          ],
          [
            8.423547,
            46.574345,
            2289.0
          ],
          [
            8.423628,
            46.5744,
            2292.0
          ],
          [
            8.423637,
            46.574406,
            2292.0
          ],
          [
            8.423646,
            46.574413,
            2292.0
          ],
          [
            8.423637,
            46.574419,
            2292.0
          ],
          [
            8.423628,
            46.574425,
            2293.0
          ],
          [
            8.42362,
            46.574425,
            2293.0
          ],
          [
            8.423601,
            46.574419,
            2293.0
          ],
          [
            8.423574,
            46.574413,
            2294.0
          ],
          [
            8.423494,
            46.574406,
            2295.0
          ],
          [
            8.423476,
            46.574406,
            2296.0
          ],
          [
            8.423467,
            46.574406,
            2296.0
          ],
          [
            8.423467,
            46.574413,
            2296.0
          ],
          [
            8.423467,
            46.574419,
            2296.0
          ],
          [
            8.423476,
            46.574419,
            2296.0
          ],
          [
            8.423484,
            46.574425,
            2297.0
          ],
          [
            8.42352,
            46.574444,
            2298.0
          ],
          [
            8.42353,
            46.574456,
            2298.0
          ],
          [
            8.423547,
            46.574469,
            2298.0
          ],
          [
            8.423574,
            46.574493,
            2299.0
          ],
          [
            8.423583,
            46.5745,
            2300.0
          ],
          [
            8.423574,
            46.574506,
            2300.0
          ],
          [
            8.423566,
            46.574506,
            2300.0
          ],
          [
            8.423557,
            46.574506,
            2300.0
          ],
          [
            8.423511,
            46.574493,
            2301.0
          ],
          [
            8.423457,
            46.574493,
            2302.0
          ],
          [
            8.42344,
            46.574493,
            2303.0
          ],
          [
            8.423413,
            46.574493,
            2303.0
          ],
          [
            8.423404,
            46.5745,
            2304.0
          ],
          [
            8.423377,
            46.574506,
            2304.0
          ],
          [
            8.423367,
            46.574506,
            2304.0
          ],
          [
            8.423367,
            46.574512,
            2304.0
          ],
          [
            8.423377,
            46.574518,
            2305.0
          ],
          [
            8.423394,
            46.57453,
            2305.0
          ],
          [
            8.423404,
            46.57453,
            2305.0
          ],
          [
            8.423413,
            46.574543,
            2306.0
          ],
          [
            8.423413,
            46.574549,
            2306.0
          ],
          [
            8.423476,
            46.57461,
            2308.0
          ],
          [
            8.423503,
            46.574623,
            2309.0
          ],
          [
            8.423503,
            46.574629,
            2309.0
          ],
          [
            8.423503,
            46.574635,
            2309.0
          ],
          [
            8.423494,
            46.574635,
            2310.0
          ],
          [
            8.423484,
            46.574635,
            2310.0
          ],
          [
            8.423467,
            46.574635,
            2310.0
          ],
          [
            8.423413,
            46.574623,
            2311.0
          ],
          [
            8.423394,
            46.574623,
            2311.0
          ],
          [
            8.423377,
            46.574623,
            2312.0
          ],
          [
            8.423323,
            46.574629,
            2313.0
          ],
          [
            8.423278,
            46.574629,
            2313.0
          ],
          [
            8.423233,
            46.574635,
            2314.0
          ],
          [
            8.423207,
            46.574629,
            2314.0
          ],
          [
            8.423188,
            46.574635,
            2315.0
          ],
          [
            8.42318,
            46.574635,
            2315.0
          ],
          [
            8.423161,
            46.574641,
            2315.0
          ],
          [
            8.423152,
            46.574641,
            2315.0
          ],
          [
            8.42309,
            46.574654,
            2316.0
          ],
          [
            8.423054,
            46.574672,
            2317.0
          ],
          [
            8.422981,
            46.574709,
            2319.0
          ],
          [
            8.422928,
            46.574746,
            2320.0
          ],
          [
            8.422882,
            46.574777,
            2321.0
          ],
          [
            8.422838,
            46.574802,
            2322.0
          ],
          [
            8.42282,
            46.574808,
            2322.0
          ],
          [
            8.42282,
            46.57482,
            2323.0
          ],
          [
            8.422828,
            46.57482,
            2323.0
          ],
          [
            8.422847,
            46.574827,
            2323.0
          ],
          [
            8.422865,
            46.57482,
            2324.0
          ],
          [
            8.422874,
            46.574827,
            2324.0
          ],
          [
            8.422874,
            46.574833,
            2324.0
          ],
          [
            8.422882,
            46.574845,
            2324.0
          ],
          [
            8.422891,
            46.574845,
            2324.0
          ],
          [
            8.422918,
            46.574845,
            2325.0
          ],
          [
            8.422954,
            46.574852,
            2326.0
          ],
          [
            8.423,
            46.57487,
            2326.0
          ],
          [
            8.423098,
            46.574907,
            2328.0
          ],
          [
            8.423117,
            46.574907,
            2329.0
          ],
          [
            8.423134,
            46.574907,
            2329.0
          ],
          [
            8.423134,
            46.574913,
            2329.0
          ],
          [
            8.423134,
            46.574919,
            2329.0
          ],
          [
            8.423125,
            46.574925,
            2330.0
          ],
          [
            8.42308,
            46.574931,
            2330.0
          ],
          [
            8.423035,
            46.574937,
            2331.0
          ],
          [
            8.423008,
            46.574937,
            2331.0
          ],
          [
            8.422928,
            46.574937,
            2332.0
          ],
          [
            8.422865,
            46.574937,
            2333.0
          ],
          [
            8.422811,
            46.57495,
            2334.0
          ],
          [
            8.422792,
            46.574956,
            2334.0
          ],
          [
            8.422784,
            46.574956,
            2335.0
          ],
          [
            8.422784,
            46.574962,
            2335.0
          ],
          [
            8.422792,
            46.574969,
            2335.0
          ],
          [
            8.422801,
            46.574962,
            2335.0
          ],
          [
            8.422838,
            46.574969,
            2336.0
          ],
          [
            8.422865,
            46.574969,
            2336.0
          ],
          [
            8.422901,
            46.574981,
            2336.0
          ],
          [
            8.422937,
            46.575,
            2337.0
          ],
          [
            8.423027,
            46.575043,
            2339.0
          ],
          [
            8.423054,
            46.575055,
            2339.0
          ],
          [
            8.42309,
            46.575062,
            2339.0
          ],
          [
            8.423098,
            46.575068,
            2340.0
          ],
          [
            8.423098,
            46.575074,
            2340.0
          ],
          [
            8.423098,
            46.57508,
            2340.0
          ],
          [
            8.42309,
            46.57508,
            2340.0
          ],
          [
            8.42308,
            46.575086,
            2340.0
          ],
          [
            8.423054,
            46.575086,
            2341.0
          ],
          [
            8.423035,
            46.57508,
            2341.0
          ],
          [
            8.423017,
            46.575092,
            2342.0
          ],
          [
            8.422991,
            46.575092,
            2342.0
          ],
          [
            8.422964,
            46.575086,
            2343.0
          ],
          [
            8.422811,
            46.575092,
            2346.0
          ],
          [
            8.422801,
            46.575098,
            2346.0
          ],
          [
            8.422792,
            46.575104,
            2346.0
          ],
          [
            8.422792,
            46.57511,
            2346.0
          ],
          [
            8.422801,
            46.57511,
            2346.0
          ],
          [
            8.42282,
            46.575117,
            2347.0
          ],
          [
            8.422847,
            46.575123,
            2347.0
          ],
          [
            8.422991,
            46.575185,
            2351.0
          ],
          [
            8.423008,
            46.575185,
            2351.0
          ],
          [
            8.423027,
            46.575185,
            2351.0
          ],
          [
            8.423044,
            46.575191,
            2351.0
          ],
          [
            8.423044,
            46.575197,
            2352.0
          ],
          [
            8.423035,
            46.575203,
            2352.0
          ],
          [
            8.423,
            46.57521,
            2352.0
          ],
          [
            8.422945,
            46.575216,
            2353.0
          ],
          [
            8.422775,
            46.575247,
            2356.0
          ],
          [
            8.422748,
            46.575247,
            2357.0
          ],
          [
            8.42273,
            46.575247,
            2357.0
          ],
          [
            8.42273,
            46.575259,
            2357.0
          ],
          [
            8.42273,
            46.575265,
            2357.0
          ],
          [
            8.422748,
            46.575271,
            2358.0
          ],
          [
            8.422784,
            46.575277,
            2358.0
          ],
          [
            8.422855,
            46.575302,
            2360.0
          ],
          [
            8.422874,
            46.575314,
            2360.0
          ],
          [
            8.422972,
            46.575339,
            2362.0
          ],
          [
            8.423,
            46.575345,
            2363.0
          ],
          [
            8.423027,
            46.575358,
            2364.0
          ],
          [
            8.423035,
            46.575376,
            2364.0
          ],
          [
            8.423044,
            46.575389,
            2365.0
          ],
          [
            8.423054,
            46.575395,
            2365.0
          ],
          [
            8.423062,
            46.575401,
            2365.0
          ],
          [
            8.423054,
            46.575407,
            2366.0
          ],
          [
            8.423054,
            46.575414,
            2366.0
          ],
          [
            8.423035,
            46.575414,
            2366.0
          ],
          [
            8.423017,
            46.575414,
            2367.0
          ],
          [
            8.422991,
            46.575407,
            2367.0
          ],
          [
            8.422945,
            46.575407,
            2368.0
          ],
          [
            8.422928,
            46.575414,
            2369.0
          ],
          [
            8.422865,
            46.575432,
            2370.0
          ],
          [
            8.422792,
            46.575456,
            2372.0
          ],
          [
            8.422721,
            46.575475,
            2373.0
          ],
          [
            8.422685,
            46.575493,
            2374.0
          ],
          [
            8.422658,
            46.575506,
            2375.0
          ],
          [
            8.422614,
            46.575518,
            2376.0
          ],
          [
            8.422514,
            46.575549,
            2378.0
          ],
          [
            8.422461,
            46.575549,
            2379.0
          ],
          [
            8.422398,
            46.575568,
            2380.0
          ],
          [
            8.422371,
            46.575574,
            2381.0
          ],
          [
            8.422344,
            46.575586,
            2382.0
          ],
          [
            8.422316,
            46.575599,
            2383.0
          ],
          [
            8.422299,
            46.575605,
            2383.0
          ],
          [
            8.422272,
            46.575599,
            2384.0
          ],
          [
            8.422226,
            46.575593,
            2385.0
          ],
          [
            8.422218,
            46.575593,
            2385.0
          ],
          [
            8.422209,
            46.575605,
            2386.0
          ],
          [
            8.422209,
            46.575611,
            2386.0
          ],
          [
            8.422218,
            46.575617,
            2386.0
          ],
          [
            8.422236,
            46.575617,
            2386.0
          ],
          [
            8.422281,
            46.575636,
            2388.0
          ],
          [
            8.422325,
            46.575666,
            2389.0
          ],
          [
            8.422398,
            46.575679,
            2391.0
          ],
          [
            8.422425,
            46.575691,
            2391.0
          ],
          [
            8.422505,
            46.57571,
            2393.0
          ],
          [
            8.422532,
            46.575722,
            2393.0
          ],
          [
            8.422551,
            46.575734,
            2394.0
          ],
          [
            8.422622,
            46.575821,
            2397.0
          ],
          [
            8.422622,
            46.575827,
            2397.0
          ],
          [
            8.422604,
            46.575833,
            2397.0
          ],
          [
            8.422505,
            46.575833,
            2399.0
          ],
          [
            8.422488,
            46.575833,
            2399.0
          ],
          [
            8.422488,
            46.575845,
            2400.0
          ],
          [
            8.422496,
            46.575889,
            2401.0
          ],
          [
            8.422505,
            46.575945,
            2403.0
          ],
          [
            8.422514,
            46.575957,
            2403.0
          ],
          [
            8.422496,
            46.575963,
            2403.0
          ],
          [
            8.422272,
            46.575932,
            2408.0
          ],
          [
            8.422262,
            46.575938,
            2409.0
          ],
          [
            8.422254,
            46.575945,
            2409.0
          ],
          [
            8.422245,
            46.576012,
            2411.0
          ],
          [
            8.422236,
            46.576024,
            2411.0
          ],
          [
            8.422209,
            46.576024,
            2412.0
          ],
          [
            8.422164,
            46.576012,
            2413.0
          ],
          [
            8.422065,
            46.576012,
            2415.0
          ],
          [
            8.42193,
            46.576,
            2418.0
          ],
          [
            8.421868,
            46.576024,
            2419.0
          ],
          [
            8.421723,
            46.57603,
            2420.0
          ],
          [
            8.421715,
            46.576037,
            2420.0
          ],
          [
            8.42166,
            46.576043,
            2420.0
          ],
          [
            8.421625,
            46.576055,
            2420.0
          ],
          [
            8.421643,
            46.576061,
            2420.0
          ],
          [
            8.421607,
            46.576086,
            2420.0
          ],
          [
            8.421239,
            46.576093,
            2420.0
          ],
          [
            8.421167,
            46.576049,
            2420.0
          ],
          [
            8.421094,
            46.576006,
            2420.0
          ],
          [
            8.421041,
            46.575969,
            2420.0
          ],
          [
            8.42087,
            46.576037,
            2426.0
          ],
          [
            8.420834,
            46.576068,
            2427.0
          ],
          [
            8.420807,
            46.576099,
            2429.0
          ],
          [
            8.42079,
            46.576142,
            2430.0
          ],
          [
            8.420547,
            46.576111,
            2431.0
          ],
          [
            8.420475,
            46.57608,
            2432.0
          ],
          [
            8.420268,
            46.575988,
            2433.0
          ],
          [
            8.419945,
            46.575845,
            2435.0
          ],
          [
            8.419729,
            46.575765,
            2436.0
          ],
          [
            8.419568,
            46.575593,
            2437.0
          ],
          [
            8.419425,
            46.575499,
            2438.0
          ],
          [
            8.419253,
            46.575414,
            2439.0
          ],
          [
            8.41901,
            46.57529,
            2441.0
          ],
          [
            8.418922,
            46.575234,
            2442.0
          ],
          [
            8.418759,
            46.575062,
            2444.0
          ],
          [
            8.418534,
            46.574969,
            2446.0
          ],
          [
            8.418364,
            46.574808,
            2448.0
          ],
          [
            8.418256,
            46.574765,
            2449.0
          ],
          [
            8.41814,
            46.57466,
            2450.0
          ],
          [
            8.418023,
            46.57466,
            2450.0
          ],
          [
            8.417762,
            46.574586,
            2450.0
          ],
          [
            8.417601,
            46.574586,
            2450.0
          ],
          [
            8.417492,
            46.574561,
            2450.0
          ],
          [
            8.417448,
            46.574549,
            2450.0
          ],
          [
            8.417402,
            46.574536,
            2450.0
          ],
          [
            8.417268,
            46.574475,
            2450.0
          ],
          [
            8.417232,
            46.574469,
            2450.0
          ],
          [
            8.417079,
            46.5744,
            2450.0
          ],
          [
            8.416981,
            46.574351,
            2450.0
          ],
          [
            8.416962,
            46.574333,
            2450.0
          ],
          [
            8.416926,
            46.574314,
            2450.0
          ],
          [
            8.416846,
            46.574283,
            2450.0
          ],
          [
            8.416783,
            46.574246,
            2450.0
          ],
          [
            8.416639,
            46.574148,
            2450.0
          ],
          [
            8.416595,
            46.574123,
            2450.0
          ],
          [
            8.416559,
            46.574117,
            2450.0
          ],
          [
            8.416513,
            46.57411,
            2450.0
          ],
          [
            8.416433,
            46.574092,
            2450.0
          ],
          [
            8.416352,
            46.574061,
            2450.0
          ],
          [
            8.416235,
            46.574042,
            2450.0
          ],
          [
            8.41619,
            46.574036,
            2450.0
          ],
          [
            8.416109,
            46.574011,
            2450.0
          ],
          [
            8.416064,
            46.573975,
            2450.0
          ],
          [
            8.41601,
            46.573962,
            2450.0
          ],
          [
            8.415939,
            46.573925,
            2450.0
          ],
          [
            8.415912,
            46.573894,
            2450.0
          ],
          [
            8.415867,
            46.573857,
            2450.0
          ],
          [
            8.41575,
            46.573789,
            2450.0
          ],
          [
            8.41566,
            46.57374,
            2450.0
          ],
          [
            8.415643,
            46.573715,
            2450.0
          ],
          [
            8.415588,
            46.573684,
            2450.0
          ],
          [
            8.415543,
            46.573672,
            2450.0
          ],
          [
            8.415507,
            46.573647,
            2450.0
          ],
          [
            8.41548,
            46.573635,
            2450.0
          ],
          [
            8.415283,
            46.573524,
            2450.0
          ],
          [
            8.415256,
            46.573511,
            2450.0
          ],
          [
            8.41522,
            46.573486,
            2450.0
          ],
          [
            8.415193,
            46.57348,
            2450.0
          ],
          [
            8.415148,
            46.573456,
            2450.0
          ],
          [
            8.415104,
            46.573419,
            2450.0
          ],
          [
            8.415077,
            46.573413,
            2450.0
          ],
          [
            8.415031,
            46.573376,
            2450.0
          ],
          [
            8.414987,
            46.573351,
            2450.0
          ],
          [
            8.41496,
            46.573332,
            2450.0
          ],
          [
            8.414914,
            46.573313,
            2450.0
          ],
          [
            8.414842,
            46.573264,
            2450.0
          ],
          [
            8.414851,
            46.573234,
            2450.0
          ],
          [
            8.414897,
            46.573209,
            2450.0
          ],
          [
            8.414977,
            46.573178,
            2450.0
          ],
          [
            8.415031,
            46.573203,
            2450.0
          ],
          [
            8.415058,
            46.573203,
            2449.0
          ],
          [
            8.415085,
            46.573215,
            2449.0
          ],
          [
            8.415104,
            46.573228,
            2448.0
          ],
          [
            8.415112,
            46.573228,
            2448.0
          ],
          [
            8.415112,
            46.573197,
            2447.0
          ],
          [
            8.415104,
            46.573147,
            2445.0
          ],
          [
            8.415104,
            46.573122,
            2445.0
          ],
          [
            8.415094,
            46.57311,
            2444.0
          ],
          [
            8.415104,
            46.573097,
            2444.0
          ],
          [
            8.41513,
            46.573104,
            2443.0
          ],
          [
            8.415167,
            46.573122,
            2442.0
          ],
          [
            8.415184,
            46.573141,
            2441.0
          ],
          [
            8.415193,
            46.573141,
            2441.0
          ],
          [
            8.415201,
            46.573134,
            2441.0
          ],
          [
            8.415193,
            46.573104,
            2440.0
          ],
          [
            8.415175,
            46.573061,
            2438.0
          ],
          [
            8.415175,
            46.573036,
            2438.0
          ],
          [
            8.415104,
            46.572949,
            2434.0
          ],
          [
            8.415085,
            46.5729,
            2433.0
          ],
          [
            8.415085,
            46.572869,
            2432.0
          ],
          [
            8.415104,
            46.572857,
            2431.0
          ],
          [
            8.415121,
            46.572845,
            2430.0
          ],
          [
            8.415121,
            46.572807,
            2428.0
          ],
          [
            8.415283,
            46.572776,
            2420.0
          ],
          [
            8.415247,
            46.572745,
            2420.0
          ],
          [
            8.415184,
            46.572684,
            2420.0
          ],
          [
            8.415354,
            46.572493,
            2420.0
          ],
          [
            8.415022,
            46.572091,
            2420.0
          ],
          [
            8.414977,
            46.572029,
            2420.0
          ],
          [
            8.41496,
            46.571955,
            2420.0
          ],
          [
            8.414861,
            46.571868,
            2420.0
          ],
          [
            8.414798,
            46.571844,
            2420.0
          ],
          [
            8.414762,
            46.571838,
            2420.0
          ],
          [
            8.414762,
            46.571831,
            2420.0
          ],
          [
            8.414771,
            46.571819,
            2420.0
          ],
          [
            8.414771,
            46.571801,
            2420.0
          ],
          [
            8.414771,
            46.571789,
            2420.0
          ],
          [
            8.414744,
            46.571776,
            2420.0
          ],
          [
            8.414708,
            46.571764,
            2420.0
          ],
          [
            8.414672,
            46.571764,
            2420.0
          ],
          [
            8.414645,
            46.571776,
            2420.0
          ],
          [
            8.414636,
            46.571776,
            2420.0
          ],
          [
            8.414618,
            46.571776,
            2420.0
          ],
          [
            8.414618,
            46.57177,
            2420.0
          ],
          [
            8.414618,
            46.571739,
            2420.0
          ],
          [
            8.414618,
            46.57172,
            2420.0
          ],
          [
            8.414618,
            46.571708,
            2420.0
          ],
          [
            8.414591,
            46.571702,
            2419.0
          ],
          [
            8.414555,
            46.571696,
            2419.0
          ],
          [
            8.414501,
            46.571696,
            2418.0
          ],
          [
            8.414448,
            46.571702,
            2417.0
          ],
          [
            8.414421,
            46.571702,
            2416.0
          ],
          [
            8.414402,
            46.571702,
            2416.0
          ],
          [
            8.414394,
            46.571702,
            2416.0
          ],
          [
            8.414375,
            46.571683,
            2415.0
          ],
          [
            8.414358,
            46.571658,
            2415.0
          ],
          [
            8.414358,
            46.571652,
            2415.0
          ],
          [
            8.414339,
            46.571646,
            2414.0
          ],
          [
            8.414312,
            46.571652,
            2414.0
          ],
          [
            8.414241,
            46.571652,
            2413.0
          ],
          [
            8.414196,
            46.571658,
            2412.0
          ],
          [
            8.414169,
            46.571652,
            2412.0
          ],
          [
            8.414142,
            46.57164,
            2411.0
          ],
          [
            8.414125,
            46.571628,
            2411.0
          ],
          [
            8.414098,
            46.571622,
            2410.0
          ],
          [
            8.41407,
            46.57161,
            2410.0
          ],
          [
            8.414016,
            46.571572,
            2409.0
          ],
          [
            8.413962,
            46.571548,
            2408.0
          ],
          [
            8.413926,
            46.571535,
            2407.0
          ],
          [
            8.413882,
            46.571535,
            2406.0
          ],
          [
            8.413819,
            46.571535,
            2405.0
          ],
          [
            8.413773,
            46.571529,
            2404.0
          ],
          [
            8.413746,
            46.571529,
            2404.0
          ],
          [
            8.413738,
            46.571529,
            2404.0
          ],
          [
            8.413738,
            46.571517,
            2404.0
          ],
          [
            8.413746,
            46.571492,
            2403.0
          ],
          [
            8.413765,
            46.571479,
            2403.0
          ],
          [
            8.413773,
            46.571467,
            2402.0
          ],
          [
            8.413756,
            46.571455,
            2402.0
          ],
          [
            8.41372,
            46.571449,
            2401.0
          ],
          [
            8.41363,
            46.57143,
            2400.0
          ],
          [
            8.413576,
            46.571424,
            2399.0
          ],
          [
            8.413532,
            46.57143,
            2398.0
          ],
          [
            8.413504,
            46.571437,
            2398.0
          ],
          [
            8.413459,
            46.571449,
            2397.0
          ],
          [
            8.413396,
            46.571455,
            2396.0
          ],
          [
            8.41337,
            46.571455,
            2396.0
          ],
          [
            8.413343,
            46.571461,
            2395.0
          ],
          [
            8.413316,
            46.571467,
            2395.0
          ],
          [
            8.413297,
            46.571461,
            2394.0
          ],
          [
            8.413289,
            46.571455,
            2394.0
          ],
          [
            8.413289,
            46.571443,
            2394.0
          ],
          [
            8.413297,
            46.571424,
            2393.0
          ],
          [
            8.413306,
            46.571412,
            2393.0
          ],
          [
            8.413306,
            46.5714,
            2393.0
          ],
          [
            8.413297,
            46.571381,
            2392.0
          ],
          [
            8.413289,
            46.571362,
            2392.0
          ],
          [
            8.413289,
            46.57135,
            2392.0
          ],
          [
            8.413297,
            46.571325,
            2391.0
          ],
          [
            8.413306,
            46.571294,
            2390.0
          ],
          [
            8.413306,
            46.571288,
            2390.0
          ],
          [
            8.413297,
            46.57127,
            2390.0
          ],
          [
            8.41328,
            46.571264,
            2390.0
          ],
          [
            8.413253,
            46.571264,
            2389.0
          ],
          [
            8.413226,
            46.57127,
            2389.0
          ],
          [
            8.413199,
            46.571288,
            2388.0
          ],
          [
            8.413163,
            46.571313,
            2387.0
          ],
          [
            8.413127,
            46.571331,
            2387.0
          ],
          [
            8.413091,
            46.57135,
            2386.0
          ],
          [
            8.413046,
            46.571356,
            2385.0
          ],
          [
            8.413001,
            46.571356,
            2385.0
          ],
          [
            8.412966,
            46.571356,
            2384.0
          ],
          [
            8.412947,
            46.571344,
            2384.0
          ],
          [
            8.412938,
            46.571337,
            2384.0
          ],
          [
            8.412956,
            46.571319,
            2383.0
          ],
          [
            8.412974,
            46.571294,
            2383.0
          ],
          [
            8.412983,
            46.571282,
            2382.0
          ],
          [
            8.412983,
            46.571245,
            2381.0
          ],
          [
            8.412983,
            46.571208,
            2381.0
          ],
          [
            8.412993,
            46.571196,
            2380.0
          ],
          [
            8.413019,
            46.571171,
            2380.0
          ],
          [
            8.413019,
            46.57114,
            2379.0
          ],
          [
            8.413019,
            46.571115,
            2378.0
          ],
          [
            8.413019,
            46.571091,
            2377.0
          ],
          [
            8.413037,
            46.57106,
            2377.0
          ],
          [
            8.413046,
            46.571035,
            2376.0
          ],
          [
            8.413046,
            46.571029,
            2376.0
          ],
          [
            8.413037,
            46.571023,
            2375.0
          ],
          [
            8.413019,
            46.57101,
            2375.0
          ],
          [
            8.412974,
            46.571004,
            2374.0
          ],
          [
            8.41293,
            46.570992,
            2373.0
          ],
          [
            8.412903,
            46.570979,
            2373.0
          ],
          [
            8.412876,
            46.570973,
            2372.0
          ],
          [
            8.412848,
            46.570967,
            2372.0
          ],
          [
            8.412821,
            46.570986,
            2371.0
          ],
          [
            8.412777,
            46.57101,
            2370.0
          ],
          [
            8.412758,
            46.571023,
            2369.0
          ],
          [
            8.41275,
            46.571029,
            2369.0
          ],
          [
            8.412741,
            46.571029,
            2369.0
          ],
          [
            8.412714,
            46.571017,
            2368.0
          ],
          [
            8.412696,
            46.570992,
            2368.0
          ],
          [
            8.412677,
            46.570954,
            2367.0
          ],
          [
            8.41266,
            46.570918,
            2365.0
          ],
          [
            8.412651,
            46.570887,
            2365.0
          ],
          [
            8.412641,
            46.570875,
            2364.0
          ],
          [
            8.412641,
            46.570856,
            2364.0
          ],
          [
            8.412633,
            46.570856,
            2364.0
          ],
          [
            8.412606,
            46.570856,
            2363.0
          ],
          [
            8.41257,
            46.570862,
            2362.0
          ],
          [
            8.412543,
            46.570899,
            2361.0
          ],
          [
            8.412525,
            46.570905,
            2361.0
          ],
          [
            8.412517,
            46.570905,
            2361.0
          ],
          [
            8.412498,
            46.570899,
            2360.0
          ],
          [
            8.41248,
            46.570875,
            2360.0
          ],
          [
            8.412462,
            46.57085,
            2359.0
          ],
          [
            8.412454,
            46.570819,
            2358.0
          ],
          [
            8.412462,
            46.570794,
            2357.0
          ],
          [
            8.412471,
            46.570775,
            2356.0
          ],
          [
            8.41248,
            46.570757,
            2356.0
          ],
          [
            8.41248,
            46.570738,
            2355.0
          ],
          [
            8.41248,
            46.570732,
            2355.0
          ],
          [
            8.412454,
            46.57072,
            2354.0
          ],
          [
            8.412417,
            46.570708,
            2353.0
          ],
          [
            8.412381,
            46.570702,
            2353.0
          ],
          [
            8.412337,
            46.570708,
            2352.0
          ],
          [
            8.412301,
            46.570714,
            2351.0
          ],
          [
            8.412274,
            46.570714,
            2350.0
          ],
          [
            8.412255,
            46.570708,
            2350.0
          ],
          [
            8.412247,
            46.570696,
            2349.0
          ],
          [
            8.412247,
            46.570652,
            2347.0
          ],
          [
            8.412255,
            46.570634,
            2347.0
          ],
          [
            8.412264,
            46.570621,
            2346.0
          ],
          [
            8.412255,
            46.570609,
            2346.0
          ],
          [
            8.412228,
            46.570603,
            2345.0
          ],
          [
            8.412165,
            46.570584,
            2343.0
          ],
          [
            8.412112,
            46.570565,
            2341.0
          ],
          [
            8.412075,
            46.570541,
            2340.0
          ],
          [
            8.412012,
            46.570517,
            2338.0
          ],
          [
            8.411995,
            46.57051,
            2338.0
          ],
          [
            8.411951,
            46.570492,
            2336.0
          ],
          [
            8.411924,
            46.570479,
            2335.0
          ],
          [
            8.411869,
            46.570448,
            2334.0
          ],
          [
            8.411842,
            46.57043,
            2333.0
          ],
          [
            8.411825,
            46.570417,
            2332.0
          ],
          [
            8.411825,
            46.570405,
            2331.0
          ],
          [
            8.411815,
            46.570399,
            2331.0
          ],
          [
            8.411806,
            46.570399,
            2331.0
          ],
          [
            8.411779,
            46.570417,
            2330.0
          ],
          [
            8.411762,
            46.570417,
            2329.0
          ],
          [
            8.411752,
            46.570411,
            2329.0
          ],
          [
            8.411762,
            46.570392,
            2328.0
          ],
          [
            8.411762,
            46.570374,
            2328.0
          ],
          [
            8.411744,
            46.570368,
            2327.0
          ],
          [
            8.411725,
            46.570374,
            2327.0
          ],
          [
            8.411708,
            46.570386,
            2326.0
          ],
          [
            8.411689,
            46.570392,
            2325.0
          ],
          [
            8.411672,
            46.570386,
            2325.0
          ],
          [
            8.411672,
            46.570362,
            2324.0
          ],
          [
            8.411681,
            46.570344,
            2323.0
          ],
          [
            8.411689,
            46.570325,
            2323.0
          ],
          [
            8.411672,
            46.570319,
            2322.0
          ],
          [
            8.411645,
            46.570325,
            2321.0
          ],
          [
            8.411626,
            46.570331,
            2321.0
          ],
          [
            8.411618,
            46.570319,
            2320.0
          ],
          [
            8.411609,
            46.5703,
            2320.0
          ],
          [
            8.411618,
            46.570288,
            2319.0
          ],
          [
            8.411626,
            46.570282,
            2319.0
          ],
          [
            8.411618,
            46.570275,
            2319.0
          ],
          [
            8.411582,
            46.570275,
            2318.0
          ],
          [
            8.411555,
            46.570269,
            2318.0
          ],
          [
            8.411528,
            46.570263,
            2317.0
          ],
          [
            8.411483,
            46.570244,
            2316.0
          ],
          [
            8.41142,
            46.57022,
            2315.0
          ],
          [
            8.411411,
            46.570207,
            2315.0
          ],
          [
            8.411402,
            46.570195,
            2314.0
          ],
          [
            8.411385,
            46.570189,
            2314.0
          ],
          [
            8.411375,
            46.570189,
            2314.0
          ],
          [
            8.411348,
            46.570189,
            2313.0
          ],
          [
            8.41133,
            46.570195,
            2313.0
          ],
          [
            8.411312,
            46.570195,
            2313.0
          ],
          [
            8.411303,
            46.570177,
            2312.0
          ],
          [
            8.411312,
            46.570171,
            2312.0
          ],
          [
            8.411295,
            46.570164,
            2312.0
          ],
          [
            8.411259,
            46.570164,
            2311.0
          ],
          [
            8.411232,
            46.570164,
            2311.0
          ],
          [
            8.411213,
            46.570164,
            2310.0
          ],
          [
            8.411186,
            46.570152,
            2310.0
          ],
          [
            8.411169,
            46.57014,
            2309.0
          ],
          [
            8.411142,
            46.570127,
            2309.0
          ],
          [
            8.411106,
            46.570121,
            2308.0
          ],
          [
            8.411088,
            46.570115,
            2308.0
          ],
          [
            8.411033,
            46.570084,
            2307.0
          ],
          [
            8.410998,
            46.570065,
            2307.0
          ],
          [
            8.41097,
            46.57004,
            2306.0
          ],
          [
            8.410926,
            46.570028,
            2306.0
          ],
          [
            8.410882,
            46.570016,
            2305.0
          ],
          [
            8.410819,
            46.57001,
            2304.0
          ],
          [
            8.410773,
            46.570004,
            2303.0
          ],
          [
            8.410756,
            46.569998,
            2303.0
          ],
          [
            8.410737,
            46.569985,
            2303.0
          ],
          [
            8.410719,
            46.569979,
            2303.0
          ],
          [
            8.410683,
            46.569961,
            2302.0
          ],
          [
            8.410639,
            46.569948,
            2301.0
          ],
          [
            8.410612,
            46.569936,
            2301.0
          ],
          [
            8.410593,
            46.56993,
            2301.0
          ],
          [
            8.410557,
            46.569917,
            2300.0
          ],
          [
            8.41054,
            46.569923,
            2300.0
          ],
          [
            8.410522,
            46.569923,
            2300.0
          ],
          [
            8.410504,
            46.569917,
            2299.0
          ],
          [
            8.410486,
            46.569911,
            2299.0
          ],
          [
            8.410477,
            46.569905,
            2299.0
          ],
          [
            8.410459,
            46.569899,
            2299.0
          ],
          [
            8.410414,
            46.569892,
            2298.0
          ],
          [
            8.410378,
            46.569892,
            2298.0
          ],
          [
            8.410343,
            46.569892,
            2297.0
          ],
          [
            8.410316,
            46.569886,
            2297.0
          ],
          [
            8.41028,
            46.569874,
            2296.0
          ],
          [
            8.410243,
            46.569861,
            2296.0
          ],
          [
            8.410217,
            46.569855,
            2295.0
          ],
          [
            8.410163,
            46.569831,
            2295.0
          ],
          [
            8.410144,
            46.569818,
            2294.0
          ],
          [
            8.410127,
            46.5698,
            2294.0
          ],
          [
            8.410108,
            46.569775,
            2293.0
          ],
          [
            8.410091,
            46.569732,
            2292.0
          ],
          [
            8.410073,
            46.569713,
            2292.0
          ],
          [
            8.410037,
            46.569695,
            2291.0
          ],
          [
            8.409974,
            46.569664,
            2290.0
          ],
          [
            8.409938,
            46.569652,
            2290.0
          ],
          [
            8.409901,
            46.569627,
            2289.0
          ],
          [
            8.409875,
            46.569609,
            2289.0
          ],
          [
            8.409848,
            46.569596,
            2288.0
          ],
          [
            8.40983,
            46.569572,
            2288.0
          ],
          [
            8.40983,
            46.569553,
            2287.0
          ],
          [
            8.409838,
            46.569528,
            2287.0
          ],
          [
            8.409838,
            46.569516,
            2287.0
          ],
          [
            8.409821,
            46.569497,
            2286.0
          ],
          [
            8.409794,
            46.569479,
            2286.0
          ],
          [
            8.409767,
            46.56946,
            2285.0
          ],
          [
            8.40975,
            46.569448,
            2285.0
          ],
          [
            8.40974,
            46.569423,
            2284.0
          ],
          [
            8.409731,
            46.569417,
            2284.0
          ],
          [
            8.409714,
            46.569417,
            2284.0
          ],
          [
            8.409668,
            46.569417,
            2283.0
          ],
          [
            8.409624,
            46.569423,
            2282.0
          ],
          [
            8.409605,
            46.56943,
            2282.0
          ],
          [
            8.409588,
            46.56943,
            2282.0
          ],
          [
            8.40957,
            46.56943,
            2282.0
          ],
          [
            8.40957,
            46.569417,
            2281.0
          ],
          [
            8.409578,
            46.569405,
            2281.0
          ],
          [
            8.409605,
            46.569374,
            2280.0
          ],
          [
            8.409632,
            46.569343,
            2280.0
          ],
          [
            8.409641,
            46.56933,
            2279.0
          ],
          [
            8.409641,
            46.569318,
            2279.0
          ],
          [
            8.409624,
            46.569306,
            2278.0
          ],
          [
            8.409588,
            46.569293,
            2277.0
          ],
          [
            8.409561,
            46.569287,
            2277.0
          ],
          [
            8.409542,
            46.569287,
            2276.0
          ],
          [
            8.409534,
            46.569287,
            2276.0
          ],
          [
            8.409507,
            46.569281,
            2276.0
          ],
          [
            8.409488,
            46.569275,
            2275.0
          ],
          [
            8.40948,
            46.569257,
            2275.0
          ],
          [
            8.409462,
            46.569244,
            2274.0
          ],
          [
            8.409408,
            46.569232,
            2273.0
          ],
          [
            8.409372,
            46.569226,
            2272.0
          ],
          [
            8.409335,
            46.569232,
            2271.0
          ],
          [
            8.409301,
            46.569238,
            2271.0
          ],
          [
            8.409282,
            46.569238,
            2270.0
          ],
          [
            8.409238,
            46.569232,
            2269.0
          ],
          [
            8.409184,
            46.569213,
            2268.0
          ],
          [
            8.409156,
            46.569207,
            2267.0
          ],
          [
            8.409138,
            46.569201,
            2267.0
          ],
          [
            8.409111,
            46.569201,
            2266.0
          ],
          [
            8.409085,
            46.569201,
            2266.0
          ],
          [
            8.409048,
            46.569201,
            2265.0
          ],
          [
            8.409012,
            46.569207,
            2264.0
          ],
          [
            8.408985,
            46.569201,
            2263.0
          ],
          [
            8.408976,
            46.569195,
            2263.0
          ],
          [
            8.408959,
            46.569182,
            2263.0
          ],
          [
            8.408959,
            46.569164,
            2262.0
          ],
          [
            8.408949,
            46.569145,
            2261.0
          ],
          [
            8.408922,
            46.569133,
            2261.0
          ],
          [
            8.408914,
            46.569133,
            2260.0
          ],
          [
            8.408886,
            46.569133,
            2260.0
          ],
          [
            8.408859,
            46.569139,
            2259.0
          ],
          [
            8.408851,
            46.569145,
            2259.0
          ],
          [
            8.408842,
            46.569157,
            2259.0
          ],
          [
            8.408815,
            46.56917,
            2258.0
          ],
          [
            8.408796,
            46.569176,
            2258.0
          ],
          [
            8.408779,
            46.569195,
            2257.0
          ],
          [
            8.408752,
            46.569207,
            2257.0
          ],
          [
            8.408725,
            46.56922,
            2256.0
          ],
          [
            8.408708,
            46.569238,
            2256.0
          ],
          [
            8.40868,
            46.569251,
            2255.0
          ],
          [
            8.408653,
            46.569275,
            2255.0
          ],
          [
            8.408645,
            46.569281,
            2254.0
          ],
          [
            8.408635,
            46.569287,
            2254.0
          ],
          [
            8.408618,
            46.569281,
            2254.0
          ],
          [
            8.408618,
            46.569275,
            2254.0
          ],
          [
            8.408618,
            46.569263,
            2253.0
          ],
          [
            8.408626,
            46.569244,
            2253.0
          ],
          [
            8.408626,
            46.569226,
            2253.0
          ],
          [
            8.408635,
            46.569213,
            2252.0
          ],
          [
            8.408635,
            46.569189,
            2252.0
          ],
          [
            8.408635,
            46.569151,
            2251.0
          ],
          [
            8.408626,
            46.569114,
            2250.0
          ],
          [
            8.408635,
            46.569096,
            2249.0
          ],
          [
            8.408645,
            46.569078,
            2249.0
          ],
          [
            8.408653,
            46.569059,
            2248.0
          ],
          [
            8.408653,
            46.569053,
            2248.0
          ],
          [
            8.408653,
            46.56904,
            2248.0
          ],
          [
            8.408645,
            46.569034,
            2247.0
          ],
          [
            8.408635,
            46.569028,
            2247.0
          ],
          [
            8.408626,
            46.569028,
            2247.0
          ],
          [
            8.408609,
            46.569022,
            2246.0
          ],
          [
            8.40859,
            46.569016,
            2246.0
          ],
          [
            8.408572,
            46.569016,
            2246.0
          ],
          [
            8.408555,
            46.569022,
            2245.0
          ],
          [
            8.408528,
            46.569028,
            2245.0
          ],
          [
            8.408492,
            46.569047,
            2244.0
          ],
          [
            8.408456,
            46.569059,
            2243.0
          ],
          [
            8.408419,
            46.569084,
            2242.0
          ],
          [
            8.408393,
            46.56909,
            2241.0
          ],
          [
            8.408356,
            46.569108,
            2240.0
          ],
          [
            8.408312,
            46.56912,
            2239.0
          ],
          [
            8.408285,
            46.569133,
            2239.0
          ],
          [
            8.408267,
            46.569145,
            2238.0
          ],
          [
            8.408249,
            46.569145,
            2238.0
          ],
          [
            8.40824,
            46.569139,
            2238.0
          ],
          [
            8.408222,
            46.569126,
            2237.0
          ],
          [
            8.408222,
            46.569114,
            2237.0
          ],
          [
            8.40823,
            46.569096,
            2236.0
          ],
          [
            8.40824,
            46.569084,
            2236.0
          ],
          [
            8.40823,
            46.569065,
            2235.0
          ],
          [
            8.408222,
            46.56904,
            2235.0
          ],
          [
            8.408222,
            46.569022,
            2234.0
          ],
          [
            8.408222,
            46.569016,
            2234.0
          ],
          [
            8.40823,
            46.569003,
            2233.0
          ],
          [
            8.40824,
            46.568991,
            2233.0
          ],
          [
            8.40824,
            46.568985,
            2233.0
          ],
          [
            8.40824,
            46.568978,
            2233.0
          ],
          [
            8.40823,
            46.568972,
            2232.0
          ],
          [
            8.408213,
            46.568966,
            2232.0
          ],
          [
            8.408204,
            46.568954,
            2232.0
          ],
          [
            8.408196,
            46.568935,
            2231.0
          ],
          [
            8.408186,
            46.568917,
            2231.0
          ],
          [
            8.408177,
            46.568898,
            2230.0
          ],
          [
            8.408159,
            46.568886,
            2229.0
          ],
          [
            8.40815,
            46.568874,
            2229.0
          ],
          [
            8.408132,
            46.568855,
            2228.0
          ],
          [
            8.408114,
            46.568843,
            2228.0
          ],
          [
            8.408096,
            46.56883,
            2227.0
          ],
          [
            8.408079,
            46.568818,
            2227.0
          ],
          [
            8.408069,
            46.568799,
            2226.0
          ],
          [
            8.40806,
            46.568787,
            2226.0
          ],
          [
            8.40806,
            46.568768,
            2225.0
          ],
          [
            8.40806,
            46.568744,
            2225.0
          ],
          [
            8.40806,
            46.568719,
            2224.0
          ],
          [
            8.408052,
            46.568707,
            2224.0
          ],
          [
            8.408033,
            46.568701,
            2223.0
          ],
          [
            8.408016,
            46.568695,
            2223.0
          ],
          [
            8.407989,
            46.568695,
            2222.0
          ],
          [
            8.407962,
            46.568701,
            2222.0
          ],
          [
            8.407926,
            46.568725,
            2221.0
          ],
          [
            8.407899,
            46.568756,
            2220.0
          ],
          [
            8.407872,
            46.568781,
            2219.0
          ],
          [
            8.407844,
            46.568799,
            2218.0
          ],
          [
            8.407836,
            46.568812,
            2218.0
          ],
          [
            8.407791,
            46.568843,
            2216.0
          ],
          [
            8.407754,
            46.568868,
            2215.0
          ],
          [
            8.407701,
            46.568892,
            2214.0
          ],
          [
            8.407666,
            46.568911,
            2213.0
          ],
          [
            8.407647,
            46.568923,
            2213.0
          ],
          [
            8.407603,
            46.568929,
            2212.0
          ],
          [
            8.407567,
            46.568941,
            2211.0
          ],
          [
            8.407548,
            46.568947,
            2211.0
          ],
          [
            8.40753,
            46.568966,
            2210.0
          ],
          [
            8.407521,
            46.568972,
            2210.0
          ],
          [
            8.407513,
            46.568978,
            2210.0
          ],
          [
            8.407513,
            46.568985,
            2210.0
          ],
          [
            8.407504,
            46.568985,
            2210.0
          ],
          [
            8.407494,
            46.568985,
            2209.0
          ],
          [
            8.407494,
            46.568972,
            2209.0
          ],
          [
            8.407486,
            46.56896,
            2209.0
          ],
          [
            8.407477,
            46.568954,
            2209.0
          ],
          [
            8.407467,
            46.568947,
            2208.0
          ],
          [
            8.40745,
            46.568947,
            2208.0
          ],
          [
            8.407431,
            46.568954,
            2208.0
          ],
          [
            8.407414,
            46.56896,
            2208.0
          ],
          [
            8.407404,
            46.568978,
            2207.0
          ],
          [
            8.407387,
            46.569003,
            2207.0
          ],
          [
            8.407368,
            46.569028,
            2206.0
          ],
          [
            8.407341,
            46.569053,
            2205.0
          ],
          [
            8.407333,
            46.569071,
            2205.0
          ],
          [
            8.407314,
            46.56909,
            2205.0
          ],
          [
            8.407314,
            46.569114,
            2204.0
          ],
          [
            8.407314,
            46.569133,
            2204.0
          ],
          [
            8.407297,
            46.569157,
            2203.0
          ],
          [
            8.407288,
            46.569182,
            2202.0
          ],
          [
            8.40727,
            46.569201,
            2202.0
          ],
          [
            8.407251,
            46.569213,
            2202.0
          ],
          [
            8.407234,
            46.56922,
            2201.0
          ],
          [
            8.407198,
            46.569226,
            2201.0
          ],
          [
            8.407162,
            46.569232,
            2200.0
          ],
          [
            8.407135,
            46.569238,
            2200.0
          ],
          [
            8.40709,
            46.569263,
            2199.0
          ],
          [
            8.407072,
            46.569281,
            2199.0
          ],
          [
            8.407037,
            46.569293,
            2198.0
          ],
          [
            8.407001,
            46.569306,
            2198.0
          ],
          [
            8.406947,
            46.569318,
            2197.0
          ],
          [
            8.40692,
            46.569324,
            2196.0
          ],
          [
            8.406884,
            46.569343,
            2196.0
          ],
          [
            8.406875,
            46.569349,
            2196.0
          ],
          [
            8.406857,
            46.569349,
            2195.0
          ],
          [
            8.406848,
            46.569349,
            2195.0
          ],
          [
            8.406848,
            46.569337,
            2195.0
          ],
          [
            8.406848,
            46.569318,
            2194.0
          ],
          [
            8.406857,
            46.569312,
            2194.0
          ],
          [
            8.406857,
            46.569299,
            2194.0
          ],
          [
            8.406848,
            46.569299,
            2194.0
          ],
          [
            8.406838,
            46.569299,
            2194.0
          ],
          [
            8.406812,
            46.569312,
            2193.0
          ],
          [
            8.406794,
            46.569337,
            2193.0
          ],
          [
            8.406775,
            46.569361,
            2192.0
          ],
          [
            8.406767,
            46.56938,
            2192.0
          ],
          [
            8.406758,
            46.569392,
            2192.0
          ],
          [
            8.406722,
            46.569417,
            2191.0
          ],
          [
            8.406695,
            46.56943,
            2190.0
          ],
          [
            8.406677,
            46.569436,
            2190.0
          ],
          [
            8.406641,
            46.569436,
            2190.0
          ],
          [
            8.406596,
            46.569442,
            2189.0
          ],
          [
            8.406561,
            46.569442,
            2188.0
          ],
          [
            8.406525,
            46.569448,
            2188.0
          ],
          [
            8.406498,
            46.569466,
            2187.0
          ],
          [
            8.406461,
            46.569485,
            2186.0
          ],
          [
            8.406444,
            46.569503,
            2186.0
          ],
          [
            8.406435,
            46.569509,
            2185.0
          ],
          [
            8.406416,
            46.569516,
            2185.0
          ],
          [
            8.406398,
            46.569516,
            2185.0
          ],
          [
            8.406372,
            46.569522,
            2184.0
          ],
          [
            8.406354,
            46.569528,
            2184.0
          ],
          [
            8.406354,
            46.56954,
            2184.0
          ],
          [
            8.406345,
            46.569559,
            2183.0
          ],
          [
            8.406345,
            46.569565,
            2183.0
          ],
          [
            8.406335,
            46.569565,
            2183.0
          ],
          [
            8.406299,
            46.569578,
            2182.0
          ],
          [
            8.406272,
            46.569584,
            2182.0
          ],
          [
            8.406255,
            46.569584,
            2181.0
          ],
          [
            8.406236,
            46.56959,
            2181.0
          ],
          [
            8.406209,
            46.569596,
            2180.0
          ],
          [
            8.406183,
            46.569603,
            2180.0
          ],
          [
            8.406165,
            46.569609,
            2180.0
          ],
          [
            8.406138,
            46.569621,
            2179.0
          ],
          [
            8.406119,
            46.569627,
            2179.0
          ],
          [
            8.406111,
            46.569633,
            2179.0
          ],
          [
            8.406102,
            46.569633,
            2179.0
          ],
          [
            8.406093,
            46.569627,
            2178.0
          ],
          [
            8.406085,
            46.569621,
            2178.0
          ],
          [
            8.406093,
            46.569615,
            2178.0
          ],
          [
            8.406119,
            46.569603,
            2177.0
          ],
          [
            8.406129,
            46.56959,
            2177.0
          ],
          [
            8.406146,
            46.569578,
            2177.0
          ],
          [
            8.406156,
            46.569565,
            2176.0
          ],
          [
            8.406156,
            46.569553,
            2176.0
          ],
          [
            8.406156,
            46.569547,
            2176.0
          ],
          [
            8.406138,
            46.569547,
            2176.0
          ],
          [
            8.406129,
            46.569559,
            2175.0
          ],
          [
            8.406102,
            46.569572,
            2175.0
          ],
          [
            8.406058,
            46.569596,
            2174.0
          ],
          [
            8.406022,
            46.569615,
            2173.0
          ],
          [
            8.405995,
            46.569633,
            2173.0
          ],
          [
            8.405968,
            46.569645,
            2172.0
          ],
          [
            8.405949,
            46.569658,
            2172.0
          ],
          [
            8.40594,
            46.569658,
            2172.0
          ],
          [
            8.405932,
            46.569664,
            2172.0
          ],
          [
            8.405913,
            46.569664,
            2171.0
          ],
          [
            8.405905,
            46.569664,
            2171.0
          ],
          [
            8.405905,
            46.569658,
            2171.0
          ],
          [
            8.405913,
            46.569645,
            2171.0
          ],
          [
            8.405922,
            46.569633,
            2170.0
          ],
          [
            8.405922,
            46.569621,
            2170.0
          ],
          [
            8.405922,
            46.569615,
            2170.0
          ],
          [
            8.405922,
            46.569609,
            2170.0
          ],
          [
            8.405913,
            46.569609,
            2170.0
          ],
          [
            8.405896,
            46.569615,
            2169.0
          ],
          [
            8.405878,
            46.569627,
            2169.0
          ],
          [
            8.405859,
            46.569633,
            2169.0
          ],
          [
            8.40585,
            46.569633,
            2169.0
          ],
          [
            8.405842,
            46.569627,
            2168.0
          ],
          [
            8.405842,
            46.569615,
            2168.0
          ],
          [
            8.405842,
            46.569596,
            2168.0
          ],
          [
            8.405842,
            46.56959,
            2168.0
          ],
          [
            8.405859,
            46.569578,
            2167.0
          ],
          [
            8.405878,
            46.569572,
            2167.0
          ],
          [
            8.405886,
            46.569553,
            2167.0
          ],
          [
            8.405896,
            46.56954,
            2166.0
          ],
          [
            8.405905,
            46.569516,
            2166.0
          ],
          [
            8.405905,
            46.569509,
            2166.0
          ],
          [
            8.405896,
            46.569497,
            2165.0
          ],
          [
            8.405886,
            46.569485,
            2165.0
          ],
          [
            8.405905,
            46.56946,
            2164.0
          ],
          [
            8.405905,
            46.569436,
            2164.0
          ],
          [
            8.405913,
            46.569411,
            2163.0
          ],
          [
            8.405922,
            46.569399,
            2163.0
          ],
          [
            8.40594,
            46.569386,
            2163.0
          ],
          [
            8.405968,
            46.569374,
            2162.0
          ],
          [
            8.405985,
            46.569368,
            2162.0
          ],
          [
            8.406003,
            46.569361,
            2162.0
          ],
          [
            8.406012,
            46.569343,
            2161.0
          ],
          [
            8.406012,
            46.569312,
            2161.0
          ],
          [
            8.406003,
            46.569287,
            2160.0
          ],
          [
            8.406003,
            46.569269,
            2160.0
          ],
          [
            8.406022,
            46.569251,
            2160.0
          ],
          [
            8.406048,
            46.569244,
            2160.0
          ],
          [
            8.406075,
            46.569232,
            2159.0
          ],
          [
            8.406085,
            46.569226,
            2159.0
          ],
          [
            8.406093,
            46.569226,
            2159.0
          ],
          [
            8.406093,
            46.56922,
            2159.0
          ],
          [
            8.406085,
            46.56922,
            2159.0
          ],
          [
            8.406066,
            46.56922,
            2159.0
          ],
          [
            8.406058,
            46.56922,
            2159.0
          ],
          [
            8.406058,
            46.569213,
            2159.0
          ],
          [
            8.406066,
            46.569201,
            2158.0
          ],
          [
            8.406066,
            46.569195,
            2158.0
          ],
          [
            8.406075,
            46.56917,
            2158.0
          ],
          [
            8.406075,
            46.569164,
            2158.0
          ],
          [
            8.406075,
            46.569145,
            2157.0
          ],
          [
            8.406066,
            46.569133,
            2157.0
          ],
          [
            8.406066,
            46.56912,
            2157.0
          ],
          [
            8.406085,
            46.569108,
            2157.0
          ],
          [
            8.406102,
            46.56909,
            2156.0
          ],
          [
            8.406129,
            46.569071,
            2156.0
          ],
          [
            8.406138,
            46.569053,
            2155.0
          ],
          [
            8.406156,
            46.569034,
            2155.0
          ],
          [
            8.406156,
            46.569028,
            2155.0
          ],
          [
            8.406156,
            46.569016,
            2155.0
          ],
          [
            8.406156,
            46.569003,
            2154.0
          ],
          [
            8.406138,
            46.568991,
            2154.0
          ],
          [
            8.406138,
            46.568978,
            2154.0
          ],
          [
            8.406119,
            46.56896,
            2153.0
          ],
          [
            8.406111,
            46.568947,
            2153.0
          ],
          [
            8.406111,
            46.568929,
            2153.0
          ],
          [
            8.406119,
            46.568905,
            2152.0
          ],
          [
            8.406129,
            46.568886,
            2152.0
          ],
          [
            8.406129,
            46.568874,
            2152.0
          ],
          [
            8.406138,
            46.568868,
            2152.0
          ],
          [
            8.406156,
            46.568861,
            2151.0
          ],
          [
            8.406165,
            46.568855,
            2151.0
          ],
          [
            8.406183,
            46.568843,
            2151.0
          ],
          [
            8.406183,
            46.568824,
            2151.0
          ],
          [
            8.406183,
            46.568799,
            2150.0
          ],
          [
            8.406183,
            46.568774,
            2150.0
          ],
          [
            8.406174,
            46.568756,
            2150.0
          ],
          [
            8.406165,
            46.568738,
            2149.0
          ],
          [
            8.406165,
            46.568719,
            2149.0
          ],
          [
            8.406183,
            46.568676,
            2149.0
          ],
          [
            8.406219,
            46.568626,
            2148.0
          ],
          [
            8.406246,
            46.568595,
            2148.0
          ],
          [
            8.406264,
            46.56854,
            2147.0
          ],
          [
            8.406264,
            46.568528,
            2147.0
          ],
          [
            8.406255,
            46.568516,
            2147.0
          ],
          [
            8.406264,
            46.568485,
            2146.0
          ],
          [
            8.406299,
            46.568422,
            2146.0
          ],
          [
            8.406318,
            46.568392,
            2145.0
          ],
          [
            8.406335,
            46.568343,
            2145.0
          ],
          [
            8.406354,
            46.568305,
            2144.0
          ],
          [
            8.406381,
            46.568287,
            2144.0
          ],
          [
            8.406408,
            46.568268,
            2143.0
          ],
          [
            8.406444,
            46.56825,
            2143.0
          ],
          [
            8.406452,
            46.568243,
            2143.0
          ],
          [
            8.406461,
            46.568237,
            2143.0
          ],
          [
            8.406471,
            46.568225,
            2143.0
          ],
          [
            8.406461,
            46.568213,
            2143.0
          ],
          [
            8.406471,
            46.5682,
            2142.0
          ],
          [
            8.406479,
            46.568176,
            2142.0
          ],
          [
            8.406488,
            46.568157,
            2142.0
          ],
          [
            8.406488,
            46.568133,
            2142.0
          ],
          [
            8.406479,
            46.568126,
            2142.0
          ],
          [
            8.406471,
            46.568126,
            2141.0
          ],
          [
            8.406461,
            46.568133,
            2141.0
          ],
          [
            8.406435,
            46.568145,
            2141.0
          ],
          [
            8.406408,
            46.568157,
            2141.0
          ],
          [
            8.406389,
            46.568164,
            2141.0
          ],
          [
            8.406354,
            46.568164,
            2140.0
          ],
          [
            8.406326,
            46.568176,
            2140.0
          ],
          [
            8.406299,
            46.5682,
            2140.0
          ],
          [
            8.406291,
            46.568206,
            2139.0
          ],
          [
            8.406282,
            46.568213,
            2139.0
          ],
          [
            8.406272,
            46.568213,
            2139.0
          ],
          [
            8.406264,
            46.568206,
            2139.0
          ],
          [
            8.406264,
            46.568188,
            2139.0
          ],
          [
            8.406264,
            46.568157,
            2138.0
          ],
          [
            8.406264,
            46.56812,
            2138.0
          ],
          [
            8.406272,
            46.568102,
            2137.0
          ],
          [
            8.406282,
            46.568077,
            2137.0
          ],
          [
            8.406299,
            46.568052,
            2136.0
          ],
          [
            8.406318,
            46.568033,
            2136.0
          ],
          [
            8.406345,
            46.568009,
            2136.0
          ],
          [
            8.406362,
            46.567985,
            2135.0
          ],
          [
            8.406362,
            46.567972,
            2135.0
          ],
          [
            8.406372,
            46.56796,
            2135.0
          ],
          [
            8.406372,
            46.567947,
            2134.0
          ],
          [
            8.406362,
            46.567947,
            2134.0
          ],
          [
            8.406354,
            46.567947,
            2134.0
          ],
          [
            8.406326,
            46.567953,
            2134.0
          ],
          [
            8.406299,
            46.567972,
            2133.0
          ],
          [
            8.406264,
            46.567991,
            2133.0
          ],
          [
            8.406209,
            46.568009,
            2132.0
          ],
          [
            8.406156,
            46.56804,
            2131.0
          ],
          [
            8.406119,
            46.568064,
            2131.0
          ],
          [
            8.406111,
            46.56807,
            2131.0
          ],
          [
            8.406102,
            46.568083,
            2130.0
          ],
          [
            8.406093,
            46.568095,
            2130.0
          ],
          [
            8.406085,
            46.568102,
            2130.0
          ],
          [
            8.406075,
            46.568102,
            2130.0
          ],
          [
            8.406066,
            46.568095,
            2130.0
          ],
          [
            8.406058,
            46.56804,
            2129.0
          ],
          [
            8.406058,
            46.568021,
            2129.0
          ],
          [
            8.406066,
            46.568015,
            2129.0
          ],
          [
            8.406066,
            46.568009,
            2129.0
          ],
          [
            8.406058,
            46.568003,
            2129.0
          ],
          [
            8.406048,
            46.567997,
            2129.0
          ],
          [
            8.40603,
            46.567991,
            2129.0
          ],
          [
            8.406022,
            46.567978,
            2128.0
          ],
          [
            8.406022,
            46.567947,
            2128.0
          ],
          [
            8.40603,
            46.567922,
            2128.0
          ],
          [
            8.40603,
            46.567904,
            2128.0
          ],
          [
            8.406012,
            46.567898,
            2127.0
          ],
          [
            8.405985,
            46.567891,
            2127.0
          ],
          [
            8.405932,
            46.567873,
            2127.0
          ],
          [
            8.405869,
            46.567854,
            2126.0
          ],
          [
            8.405779,
            46.567818,
            2126.0
          ],
          [
            8.405949,
            46.567502,
            2122.0
          ],
          [
            8.405968,
            46.567422,
            2121.0
          ],
          [
            8.405985,
            46.567354,
            2120.0
          ],
          [
            8.405976,
            46.567305,
            2120.0
          ],
          [
            8.405959,
            46.567268,
            2119.0
          ],
          [
            8.40594,
            46.567243,
            2119.0
          ],
          [
            8.405913,
            46.567225,
            2119.0
          ],
          [
            8.405869,
            46.567206,
            2119.0
          ],
          [
            8.405823,
            46.5672,
            2118.0
          ],
          [
            8.405769,
            46.5672,
            2118.0
          ],
          [
            8.405402,
            46.567212,
            2116.0
          ],
          [
            8.405087,
            46.567231,
            2114.0
          ],
          [
            8.40479,
            46.56725,
            2113.0
          ],
          [
            8.404207,
            46.567286,
            2109.0
          ],
          [
            8.403515,
            46.567329,
            2106.0
          ],
          [
            8.403496,
            46.567335,
            2105.0
          ],
          [
            8.403452,
            46.56736,
            2105.0
          ],
          [
            8.403406,
            46.567385,
            2105.0
          ],
          [
            8.403398,
            46.56741,
            2105.0
          ],
          [
            8.403406,
            46.567447,
            2104.0
          ],
          [
            8.403416,
            46.567478,
            2104.0
          ],
          [
            8.403372,
            46.567539,
            2103.0
          ],
          [
            8.403345,
            46.567577,
            2103.0
          ],
          [
            8.403282,
            46.567608,
            2103.0
          ],
          [
            8.403228,
            46.567626,
            2102.0
          ],
          [
            8.403209,
            46.567645,
            2102.0
          ],
          [
            8.403192,
            46.567663,
            2102.0
          ],
          [
            8.403146,
            46.567681,
            2102.0
          ],
          [
            8.40311,
            46.567687,
            2101.0
          ],
          [
            8.403083,
            46.5677,
            2101.0
          ],
          [
            8.403056,
            46.567737,
            2101.0
          ],
          [
            8.40302,
            46.567781,
            2101.0
          ],
          [
            8.402976,
            46.567805,
            2100.0
          ],
          [
            8.402922,
            46.56783,
            2100.0
          ],
          [
            8.402769,
            46.567885,
            2099.0
          ],
          [
            8.402689,
            46.567929,
            2098.0
          ],
          [
            8.40259,
            46.567929,
            2097.0
          ],
          [
            8.402553,
            46.567947,
            2097.0
          ],
          [
            8.402437,
            46.567972,
            2096.0
          ],
          [
            8.402356,
            46.568009,
            2095.0
          ],
          [
            8.402311,
            46.568009,
            2095.0
          ],
          [
            8.40223,
            46.56804,
            2094.0
          ],
          [
            8.40215,
            46.568083,
            2093.0
          ],
          [
            8.402104,
            46.56812,
            2093.0
          ],
          [
            8.402041,
            46.568126,
            2092.0
          ],
          [
            8.40197,
            46.568139,
            2092.0
          ],
          [
            8.401898,
            46.568151,
            2091.0
          ],
          [
            8.401808,
            46.568176,
            2090.0
          ],
          [
            8.401727,
            46.568219,
            2090.0
          ],
          [
            8.401664,
            46.568231,
            2089.0
          ],
          [
            8.401557,
            46.568268,
            2088.0
          ],
          [
            8.40153,
            46.568299,
            2088.0
          ],
          [
            8.401475,
            46.568416,
            2087.0
          ],
          [
            8.401359,
            46.568516,
            2085.0
          ],
          [
            8.401026,
            46.568824,
            2081.0
          ],
          [
            8.400999,
            46.568861,
            2081.0
          ],
          [
            8.400946,
            46.568892,
            2080.0
          ],
          [
            8.40073,
            46.568947,
            2079.0
          ],
          [
            8.400613,
            46.568985,
            2078.0
          ],
          [
            8.400559,
            46.569022,
            2077.0
          ],
          [
            8.400488,
            46.569053,
            2076.0
          ],
          [
            8.40046,
            46.569071,
            2076.0
          ],
          [
            8.40046,
            46.569084,
            2076.0
          ],
          [
            8.400443,
            46.569096,
            2076.0
          ],
          [
            8.400425,
            46.569096,
            2076.0
          ],
          [
            8.400398,
            46.56909,
            2075.0
          ],
          [
            8.40037,
            46.569084,
            2075.0
          ],
          [
            8.40037,
            46.56909,
            2075.0
          ],
          [
            8.400362,
            46.569102,
            2075.0
          ],
          [
            8.400353,
            46.56912,
            2075.0
          ],
          [
            8.400343,
            46.569133,
            2075.0
          ],
          [
            8.400299,
            46.569151,
            2074.0
          ],
          [
            8.400272,
            46.569176,
            2074.0
          ],
          [
            8.4002,
            46.569213,
            2073.0
          ],
          [
            8.400173,
            46.569238,
            2073.0
          ],
          [
            8.400137,
            46.569263,
            2072.0
          ],
          [
            8.400102,
            46.569299,
            2072.0
          ],
          [
            8.400083,
            46.569306,
            2072.0
          ],
          [
            8.400039,
            46.569312,
            2071.0
          ],
          [
            8.400012,
            46.569312,
            2071.0
          ],
          [
            8.399949,
            46.569355,
            2070.0
          ],
          [
            8.399877,
            46.569392,
            2070.0
          ],
          [
            8.399859,
            46.569417,
            2070.0
          ],
          [
            8.399823,
            46.569442,
            2069.0
          ],
          [
            8.399814,
            46.569448,
            2069.0
          ],
          [
            8.39976,
            46.569448,
            2069.0
          ],
          [
            8.399743,
            46.569454,
            2069.0
          ],
          [
            8.399733,
            46.56946,
            2069.0
          ],
          [
            8.399688,
            46.569491,
            2068.0
          ],
          [
            8.399661,
            46.569497,
            2068.0
          ],
          [
            8.399616,
            46.569522,
            2068.0
          ],
          [
            8.39959,
            46.569547,
            2068.0
          ],
          [
            8.399527,
            46.569584,
            2067.0
          ],
          [
            8.399437,
            46.569621,
            2067.0
          ],
          [
            8.399383,
            46.569645,
            2066.0
          ],
          [
            8.399338,
            46.569682,
            2066.0
          ],
          [
            8.399266,
            46.569713,
            2065.0
          ],
          [
            8.399248,
            46.56972,
            2065.0
          ],
          [
            8.399221,
            46.569726,
            2065.0
          ],
          [
            8.399167,
            46.569763,
            2065.0
          ],
          [
            8.399122,
            46.569788,
            2064.0
          ],
          [
            8.399095,
            46.5698,
            2064.0
          ],
          [
            8.399051,
            46.569806,
            2064.0
          ],
          [
            8.398988,
            46.569812,
            2063.0
          ],
          [
            8.398942,
            46.569825,
            2063.0
          ],
          [
            8.398871,
            46.569843,
            2063.0
          ],
          [
            8.398798,
            46.569849,
            2062.0
          ],
          [
            8.398735,
            46.569855,
            2062.0
          ],
          [
            8.398718,
            46.569868,
            2062.0
          ],
          [
            8.398582,
            46.569948,
            2061.0
          ],
          [
            8.398565,
            46.569955,
            2061.0
          ],
          [
            8.398529,
            46.569961,
            2060.0
          ],
          [
            8.398494,
            46.569967,
            2060.0
          ],
          [
            8.398466,
            46.569973,
            2060.0
          ],
          [
            8.398439,
            46.569985,
            2060.0
          ],
          [
            8.398422,
            46.569998,
            2060.0
          ],
          [
            8.398385,
            46.570004,
            2059.0
          ],
          [
            8.398286,
            46.570016,
            2059.0
          ],
          [
            8.398224,
            46.570028,
            2058.0
          ],
          [
            8.398206,
            46.570034,
            2058.0
          ],
          [
            8.398169,
            46.570047,
            2058.0
          ],
          [
            8.398152,
            46.570053,
            2058.0
          ],
          [
            8.398125,
            46.570053,
            2057.0
          ],
          [
            8.398098,
            46.570053,
            2057.0
          ],
          [
            8.39808,
            46.570059,
            2057.0
          ],
          [
            8.398053,
            46.570072,
            2057.0
          ],
          [
            8.398018,
            46.570084,
            2056.0
          ],
          [
            8.397999,
            46.57009,
            2056.0
          ],
          [
            8.397972,
            46.57009,
            2056.0
          ],
          [
            8.397936,
            46.57009,
            2056.0
          ],
          [
            8.397919,
            46.570096,
            2056.0
          ],
          [
            8.397882,
            46.570109,
            2055.0
          ],
          [
            8.397856,
            46.570121,
            2055.0
          ],
          [
            8.397819,
            46.570121,
            2055.0
          ],
          [
            8.397766,
            46.570121,
            2055.0
          ],
          [
            8.397703,
            46.570146,
            2054.0
          ],
          [
            8.397586,
            46.570177,
            2053.0
          ],
          [
            8.39754,
            46.570195,
            2053.0
          ],
          [
            8.397496,
            46.570207,
            2052.0
          ],
          [
            8.397416,
            46.570238,
            2052.0
          ],
          [
            8.39728,
            46.570263,
            2051.0
          ],
          [
            8.397227,
            46.570331,
            2050.0
          ],
          [
            8.397173,
            46.570368,
            2049.0
          ],
          [
            8.397083,
            46.570436,
            2049.0
          ],
          [
            8.396975,
            46.570461,
            2048.0
          ],
          [
            8.39693,
            46.570467,
            2048.0
          ],
          [
            8.396814,
            46.570479,
            2047.0
          ],
          [
            8.39676,
            46.570479,
            2047.0
          ],
          [
            8.39667,
            46.570498,
            2046.0
          ],
          [
            8.396624,
            46.570498,
            2046.0
          ],
          [
            8.396481,
            46.570492,
            2044.0
          ],
          [
            8.396328,
            46.570492,
            2043.0
          ],
          [
            8.396194,
            46.570492,
            2042.0
          ],
          [
            8.39605,
            46.570486,
            2041.0
          ],
          [
            8.396014,
            46.570498,
            2040.0
          ],
          [
            8.395969,
            46.570504,
            2040.0
          ],
          [
            8.395906,
            46.570517,
            2040.0
          ],
          [
            8.395871,
            46.57051,
            2040.0
          ],
          [
            8.395852,
            46.570504,
            2040.0
          ],
          [
            8.395825,
            46.57051,
            2040.0
          ],
          [
            8.395798,
            46.570523,
            2040.0
          ],
          [
            8.395592,
            46.570535,
            2039.0
          ],
          [
            8.395475,
            46.570553,
            2039.0
          ],
          [
            8.395422,
            46.570553,
            2039.0
          ],
          [
            8.395349,
            46.570565,
            2038.0
          ],
          [
            8.39534,
            46.570572,
            2038.0
          ],
          [
            8.395332,
            46.570584,
            2038.0
          ],
          [
            8.395322,
            46.570603,
            2038.0
          ],
          [
            8.395332,
            46.570615,
            2038.0
          ],
          [
            8.395322,
            46.570621,
            2038.0
          ],
          [
            8.395313,
            46.570627,
            2038.0
          ],
          [
            8.395305,
            46.570634,
            2038.0
          ],
          [
            8.395295,
            46.570634,
            2038.0
          ],
          [
            8.395295,
            46.57064,
            2038.0
          ],
          [
            8.395286,
            46.570646,
            2038.0
          ],
          [
            8.395242,
            46.570658,
            2038.0
          ],
          [
            8.395206,
            46.570677,
            2038.0
          ],
          [
            8.395169,
            46.570696,
            2038.0
          ],
          [
            8.395143,
            46.570702,
            2038.0
          ],
          [
            8.395106,
            46.570702,
            2038.0
          ],
          [
            8.395043,
            46.570708,
            2037.0
          ],
          [
            8.394999,
            46.570714,
            2037.0
          ],
          [
            8.39499,
            46.570714,
            2037.0
          ],
          [
            8.394972,
            46.570714,
            2037.0
          ],
          [
            8.394873,
            46.570689,
            2037.0
          ],
          [
            8.394837,
            46.570683,
            2037.0
          ],
          [
            8.394819,
            46.570683,
            2037.0
          ],
          [
            8.394756,
            46.570671,
            2037.0
          ],
          [
            8.394657,
            46.570671,
            2036.0
          ],
          [
            8.394532,
            46.570652,
            2036.0
          ],
          [
            8.394424,
            46.570652,
            2036.0
          ],
          [
            8.394379,
            46.570646,
            2036.0
          ],
          [
            8.39429,
            46.570646,
            2036.0
          ],
          [
            8.394227,
            46.57064,
            2035.0
          ],
          [
            8.394181,
            46.570634,
            2035.0
          ],
          [
            8.394137,
            46.570621,
            2035.0
          ],
          [
            8.39411,
            46.570609,
            2035.0
          ],
          [
            8.393984,
            46.570572,
            2035.0
          ],
          [
            8.39393,
            46.570565,
            2035.0
          ],
          [
            8.393894,
            46.570559,
            2035.0
          ],
          [
            8.393814,
            46.570535,
            2034.0
          ],
          [
            8.393714,
            46.570517,
            2034.0
          ],
          [
            8.393634,
            46.570504,
            2034.0
          ],
          [
            8.393472,
            46.570504,
            2034.0
          ],
          [
            8.393355,
            46.570523,
            2033.0
          ],
          [
            8.393328,
            46.570523,
            2033.0
          ],
          [
            8.393301,
            46.570523,
            2033.0
          ],
          [
            8.393274,
            46.57051,
            2033.0
          ],
          [
            8.393256,
            46.57051,
            2033.0
          ],
          [
            8.393248,
            46.570517,
            2033.0
          ],
          [
            8.393238,
            46.570529,
            2033.0
          ],
          [
            8.393238,
            46.570535,
            2033.0
          ],
          [
            8.393229,
            46.570541,
            2033.0
          ],
          [
            8.393139,
            46.570565,
            2033.0
          ],
          [
            8.393068,
            46.570572,
            2032.0
          ],
          [
            8.392978,
            46.570578,
            2032.0
          ],
          [
            8.392951,
            46.570578,
            2032.0
          ],
          [
            8.392924,
            46.570572,
            2032.0
          ],
          [
            8.392888,
            46.570572,
            2032.0
          ],
          [
            8.392682,
            46.570578,
            2032.0
          ],
          [
            8.392493,
            46.570584,
            2031.0
          ],
          [
            8.392133,
            46.570584,
            2030.0
          ],
          [
            8.391091,
            46.570559,
            2022.0
          ],
          [
            8.390974,
            46.570559,
            2022.0
          ],
          [
            8.390875,
            46.570553,
            2021.0
          ],
          [
            8.39084,
            46.570547,
            2020.0
          ],
          [
            8.390777,
            46.570547,
            2020.0
          ],
          [
            8.39075,
            46.570553,
            2020.0
          ],
          [
            8.390282,
            46.570553,
            2018.0
          ],
          [
            8.390202,
            46.570547,
            2017.0
          ],
          [
            8.390103,
            46.570559,
            2017.0
          ],
          [
            8.390066,
            46.570553,
            2016.0
          ],
          [
            8.39004,
            46.570541,
            2016.0
          ],
          [
            8.389959,
            46.570448,
            2016.0
          ],
          [
            8.389942,
            46.57043,
            2015.0
          ],
          [
            8.389932,
            46.570417,
            2015.0
          ],
          [
            8.389915,
            46.570411,
            2015.0
          ],
          [
            8.389869,
            46.570411,
            2015.0
          ],
          [
            8.389798,
            46.570405,
            2015.0
          ],
          [
            8.389743,
            46.570392,
            2014.0
          ],
          [
            8.389699,
            46.570386,
            2014.0
          ],
          [
            8.38968,
            46.57038,
            2014.0
          ],
          [
            8.389653,
            46.570374,
            2014.0
          ],
          [
            8.389619,
            46.570374,
            2014.0
          ],
          [
            8.3896,
            46.570368,
            2014.0
          ],
          [
            8.389537,
            46.57035,
            2013.0
          ],
          [
            8.389133,
            46.570195,
            2011.0
          ],
          [
            8.388711,
            46.570096,
            2008.0
          ],
          [
            8.38863,
            46.570072,
            2008.0
          ],
          [
            8.388558,
            46.570065,
            2007.0
          ],
          [
            8.388468,
            46.570022,
            2007.0
          ],
          [
            8.388414,
            46.569998,
            2006.0
          ],
          [
            8.388378,
            46.569973,
            2006.0
          ],
          [
            8.388324,
            46.569955,
            2006.0
          ],
          [
            8.387992,
            46.569892,
            2003.0
          ],
          [
            8.387875,
            46.569861,
            2002.0
          ],
          [
            8.387435,
            46.569769,
            1999.0
          ],
          [
            8.387363,
            46.569763,
            1999.0
          ],
          [
            8.387327,
            46.569751,
            1999.0
          ],
          [
            8.387238,
            46.56972,
            1998.0
          ],
          [
            8.387093,
            46.569658,
            1997.0
          ],
          [
            8.38677,
            46.569528,
            1994.0
          ],
          [
            8.386554,
            46.56946,
            1993.0
          ],
          [
            8.386357,
            46.56938,
            1991.0
          ],
          [
            8.386007,
            46.56922,
            1989.0
          ],
          [
            8.385953,
            46.569201,
            1988.0
          ],
          [
            8.38589,
            46.56917,
            1988.0
          ],
          [
            8.385315,
            46.568849,
            1983.0
          ],
          [
            8.385091,
            46.568732,
            1982.0
          ],
          [
            8.385036,
            46.568695,
            1981.0
          ],
          [
            8.384974,
            46.568657,
            1981.0
          ],
          [
            8.384911,
            46.568626,
            1980.0
          ],
          [
            8.384866,
            46.568608,
            1980.0
          ],
          [
            8.384785,
            46.568528,
            1980.0
          ],
          [
            8.384659,
            46.568447,
            1979.0
          ],
          [
            8.384516,
            46.568373,
            1978.0
          ],
          [
            8.384372,
            46.568324,
            1977.0
          ],
          [
            8.384166,
            46.56825,
            1976.0
          ],
          [
            8.384129,
            46.568225,
            1976.0
          ],
          [
            8.384111,
            46.5682,
            1976.0
          ],
          [
            8.384076,
            46.568145,
            1975.0
          ],
          [
            8.384049,
            46.568114,
            1975.0
          ],
          [
            8.383994,
            46.568089,
            1975.0
          ],
          [
            8.383959,
            46.56807,
            1974.0
          ],
          [
            8.383923,
            46.568027,
            1974.0
          ],
          [
            8.383698,
            46.567904,
            1972.0
          ],
          [
            8.383663,
            46.56786,
            1972.0
          ],
          [
            8.383644,
            46.567848,
            1972.0
          ],
          [
            8.38359,
            46.567824,
            1972.0
          ],
          [
            8.383554,
            46.567805,
            1971.0
          ],
          [
            8.383527,
            46.567768,
            1971.0
          ],
          [
            8.383491,
            46.567756,
            1971.0
          ],
          [
            8.383338,
            46.567712,
            1970.0
          ],
          [
            8.383158,
            46.56762,
            1969.0
          ],
          [
            8.383105,
            46.567595,
            1969.0
          ],
          [
            8.383024,
            46.56757,
            1969.0
          ],
          [
            8.38289,
            46.567552,
            1968.0
          ],
          [
            8.3828,
            46.567533,
            1968.0
          ],
          [
            8.382701,
            46.567508,
            1968.0
          ],
          [
            8.382665,
            46.567496,
            1967.0
          ],
          [
            8.382638,
            46.567478,
            1967.0
          ],
          [
            8.382116,
            46.567144,
            1965.0
          ],
          [
            8.381668,
            46.566823,
            1963.0
          ],
          [
            8.381596,
            46.56678,
            1962.0
          ],
          [
            8.381569,
            46.566749,
            1962.0
          ],
          [
            8.381542,
            46.566706,
            1962.0
          ],
          [
            8.381533,
            46.566681,
            1962.0
          ],
          [
            8.381506,
            46.566656,
            1962.0
          ],
          [
            8.381479,
            46.566644,
            1962.0
          ],
          [
            8.381434,
            46.566625,
            1961.0
          ],
          [
            8.38139,
            46.566607,
            1961.0
          ],
          [
            8.38129,
            46.566546,
            1961.0
          ],
          [
            8.38121,
            46.566483,
            1960.0
          ],
          [
            8.381183,
            46.566452,
            1960.0
          ],
          [
            8.381164,
            46.566434,
            1960.0
          ],
          [
            8.381137,
            46.566428,
            1960.0
          ],
          [
            8.38112,
            46.566421,
            1960.0
          ],
          [
            8.381093,
            46.566428,
            1960.0
          ],
          [
            8.381074,
            46.566428,
            1960.0
          ],
          [
            8.381048,
            46.566428,
            1959.0
          ],
          [
            8.380994,
            46.566409,
            1959.0
          ],
          [
            8.380877,
            46.566366,
            1957.0
          ],
          [
            8.38085,
            46.566354,
            1957.0
          ],
          [
            8.380833,
            46.566335,
            1957.0
          ],
          [
            8.380814,
            46.566329,
            1956.0
          ],
          [
            8.380778,
            46.566317,
            1956.0
          ],
          [
            8.380761,
            46.566311,
            1956.0
          ],
          [
            8.380724,
            46.566304,
            1955.0
          ],
          [
            8.380671,
            46.566292,
            1955.0
          ],
          [
            8.380608,
            46.566292,
            1954.0
          ],
          [
            8.380598,
            46.566286,
            1954.0
          ],
          [
            8.38059,
            46.56628,
            1954.0
          ],
          [
            8.380571,
            46.566261,
            1954.0
          ],
          [
            8.380554,
            46.566248,
            1953.0
          ],
          [
            8.380537,
            46.566236,
            1953.0
          ],
          [
            8.380508,
            46.566236,
            1953.0
          ],
          [
            8.380474,
            46.566236,
            1952.0
          ],
          [
            8.380437,
            46.56623,
            1952.0
          ],
          [
            8.380419,
            46.56623,
            1952.0
          ],
          [
            8.380392,
            46.56623,
            1951.0
          ],
          [
            8.380357,
            46.56623,
            1951.0
          ],
          [
            8.380321,
            46.566236,
            1951.0
          ],
          [
            8.380284,
            46.56623,
            1950.0
          ],
          [
            8.380231,
            46.566212,
            1950.0
          ],
          [
            8.380168,
            46.566187,
            1949.0
          ],
          [
            8.380105,
            46.566163,
            1948.0
          ],
          [
            8.380051,
            46.566144,
            1948.0
          ],
          [
            8.380006,
            46.566131,
            1947.0
          ],
          [
            8.379997,
            46.566119,
            1947.0
          ],
          [
            8.379979,
            46.566107,
            1947.0
          ],
          [
            8.379979,
            46.5661,
            1947.0
          ],
          [
            8.379979,
            46.566094,
            1946.0
          ],
          [
            8.379997,
            46.566082,
            1946.0
          ],
          [
            8.380032,
            46.566069,
            1946.0
          ],
          [
            8.380051,
            46.566051,
            1945.0
          ],
          [
            8.38006,
            46.566033,
            1945.0
          ],
          [
            8.38006,
            46.566014,
            1945.0
          ],
          [
            8.380042,
            46.565996,
            1945.0
          ],
          [
            8.380032,
            46.565977,
            1944.0
          ],
          [
            8.380015,
            46.565965,
            1944.0
          ],
          [
            8.380006,
            46.565952,
            1944.0
          ],
          [
            8.379997,
            46.56594,
            1944.0
          ],
          [
            8.379988,
            46.565928,
            1943.0
          ],
          [
            8.379979,
            46.565921,
            1943.0
          ],
          [
            8.379971,
            46.565915,
            1943.0
          ],
          [
            8.379942,
            46.565909,
            1943.0
          ],
          [
            8.379916,
            46.565915,
            1942.0
          ],
          [
            8.379898,
            46.565921,
            1942.0
          ],
          [
            8.379881,
            46.56594,
            1942.0
          ],
          [
            8.379871,
            46.565946,
            1942.0
          ],
          [
            8.379862,
            46.565952,
            1942.0
          ],
          [
            8.379835,
            46.565952,
            1941.0
          ],
          [
            8.379818,
            46.565959,
            1941.0
          ],
          [
            8.379799,
            46.565959,
            1941.0
          ],
          [
            8.379791,
            46.565952,
            1941.0
          ],
          [
            8.379782,
            46.565946,
            1941.0
          ],
          [
            8.379764,
            46.565928,
            1940.0
          ],
          [
            8.379719,
            46.565903,
            1940.0
          ],
          [
            8.379682,
            46.565878,
            1939.0
          ],
          [
            8.379646,
            46.565866,
            1939.0
          ],
          [
            8.379602,
            46.565854,
            1938.0
          ],
          [
            8.379575,
            46.565847,
            1938.0
          ],
          [
            8.379548,
            46.565847,
            1938.0
          ],
          [
            8.379512,
            46.565835,
            1937.0
          ],
          [
            8.379495,
            46.565829,
            1937.0
          ],
          [
            8.379466,
            46.565817,
            1937.0
          ],
          [
            8.37944,
            46.565798,
            1936.0
          ],
          [
            8.379422,
            46.565779,
            1936.0
          ],
          [
            8.379405,
            46.565755,
            1936.0
          ],
          [
            8.379279,
            46.565569,
            1933.0
          ],
          [
            8.379269,
            46.565551,
            1932.0
          ],
          [
            8.379252,
            46.565544,
            1932.0
          ],
          [
            8.379233,
            46.565532,
            1932.0
          ],
          [
            8.379179,
            46.565514,
            1931.0
          ],
          [
            8.378919,
            46.565372,
            1928.0
          ],
          [
            8.378713,
            46.565279,
            1925.0
          ],
          [
            8.378686,
            46.565273,
            1925.0
          ],
          [
            8.37864,
            46.565273,
            1924.0
          ],
          [
            8.378596,
            46.565273,
            1924.0
          ],
          [
            8.37856,
            46.565261,
            1924.0
          ],
          [
            8.378514,
            46.565242,
            1923.0
          ],
          [
            8.378461,
            46.565211,
            1922.0
          ],
          [
            8.378434,
            46.565199,
            1922.0
          ],
          [
            8.378416,
            46.56518,
            1922.0
          ],
          [
            8.378389,
            46.565155,
            1921.0
          ],
          [
            8.378371,
            46.565143,
            1921.0
          ],
          [
            8.378344,
            46.565137,
            1921.0
          ],
          [
            8.378308,
            46.565131,
            1920.0
          ],
          [
            8.378281,
            46.565125,
            1920.0
          ],
          [
            8.378245,
            46.565113,
            1920.0
          ],
          [
            8.378218,
            46.5651,
            1919.0
          ],
          [
            8.378191,
            46.565088,
            1919.0
          ],
          [
            8.378174,
            46.565069,
            1919.0
          ],
          [
            8.378147,
            46.565057,
            1918.0
          ],
          [
            8.37812,
            46.565044,
            1918.0
          ],
          [
            8.378093,
            46.565038,
            1918.0
          ],
          [
            8.378074,
            46.565038,
            1917.0
          ],
          [
            8.378021,
            46.565032,
            1917.0
          ],
          [
            8.377994,
            46.565038,
            1917.0
          ],
          [
            8.377967,
            46.565044,
            1916.0
          ],
          [
            8.37794,
            46.565051,
            1916.0
          ],
          [
            8.377904,
            46.565044,
            1916.0
          ],
          [
            8.377877,
            46.565044,
            1915.0
          ],
          [
            8.37776,
            46.565007,
            1914.0
          ],
          [
            8.377644,
            46.564958,
            1913.0
          ],
          [
            8.377617,
            46.564946,
            1912.0
          ],
          [
            8.377571,
            46.564934,
            1912.0
          ],
          [
            8.3775,
            46.564921,
            1911.0
          ],
          [
            8.377455,
            46.564915,
            1911.0
          ],
          [
            8.377445,
            46.564909,
            1911.0
          ],
          [
            8.377428,
            46.564903,
            1910.0
          ],
          [
            8.37741,
            46.564896,
            1910.0
          ],
          [
            8.377392,
            46.56489,
            1910.0
          ],
          [
            8.377365,
            46.56489,
            1910.0
          ],
          [
            8.377321,
            46.564896,
            1909.0
          ],
          [
            8.377275,
            46.564909,
            1909.0
          ],
          [
            8.377231,
            46.564909,
            1908.0
          ],
          [
            8.377195,
            46.564909,
            1908.0
          ],
          [
            8.377158,
            46.564896,
            1907.0
          ],
          [
            8.377114,
            46.564878,
            1907.0
          ],
          [
            8.377059,
            46.564853,
            1906.0
          ],
          [
            8.377042,
            46.564847,
            1906.0
          ],
          [
            8.377005,
            46.56484,
            1906.0
          ],
          [
            8.376969,
            46.56484,
            1905.0
          ],
          [
            8.376916,
            46.564859,
            1905.0
          ],
          [
            8.376879,
            46.564872,
            1904.0
          ],
          [
            8.376853,
            46.564884,
            1904.0
          ],
          [
            8.376826,
            46.564896,
            1904.0
          ],
          [
            8.376799,
            46.564903,
            1903.0
          ],
          [
            8.376763,
            46.564903,
            1903.0
          ],
          [
            8.376718,
            46.564903,
            1903.0
          ],
          [
            8.376673,
            46.564896,
            1902.0
          ],
          [
            8.376539,
            46.564859,
            1901.0
          ],
          [
            8.376503,
            46.564853,
            1900.0
          ],
          [
            8.37644,
            46.564853,
            1900.0
          ],
          [
            8.376413,
            46.564847,
            1900.0
          ],
          [
            8.376376,
            46.56484,
            1899.0
          ],
          [
            8.37635,
            46.56484,
            1899.0
          ],
          [
            8.376279,
            46.56484,
            1899.0
          ],
          [
            8.376233,
            46.564834,
            1898.0
          ],
          [
            8.376206,
            46.56484,
            1898.0
          ],
          [
            8.376116,
            46.564834,
            1897.0
          ],
          [
            8.375973,
            46.564834,
            1896.0
          ],
          [
            8.375856,
            46.564828,
            1896.0
          ],
          [
            8.375748,
            46.564822,
            1895.0
          ],
          [
            8.375684,
            46.564816,
            1894.0
          ],
          [
            8.375623,
            46.564809,
            1894.0
          ],
          [
            8.375568,
            46.564816,
            1894.0
          ],
          [
            8.375506,
            46.564803,
            1893.0
          ],
          [
            8.374994,
            46.564717,
            1889.0
          ],
          [
            8.374463,
            46.56463,
            1883.0
          ],
          [
            8.374195,
            46.56452,
            1880.0
          ],
          [
            8.373655,
            46.564384,
            1875.0
          ],
          [
            8.373197,
            46.564297,
            1870.0
          ],
          [
            8.372541,
            46.564235,
            1862.0
          ],
          [
            8.371912,
            46.564118,
            1852.0
          ],
          [
            8.371086,
            46.563988,
            1839.0
          ],
          [
            8.37034,
            46.563853,
            1824.0
          ],
          [
            8.370287,
            46.563847,
            1823.0
          ],
          [
            8.369908,
            46.563803,
            1816.0
          ],
          [
            8.368984,
            46.563624,
            1800.0
          ],
          [
            8.368625,
            46.563593,
            1792.0
          ],
          [
            8.368067,
            46.563643,
            1778.0
          ],
          [
            8.367807,
            46.563624,
            1774.0
          ],
          [
            8.367457,
            46.563612,
            1770.0
          ],
          [
            8.367358,
            46.563655,
            1770.0
          ],
          [
            8.367044,
            46.563747,
            1769.0
          ],
          [
            8.366828,
            46.563766,
            1768.0
          ],
          [
            8.366738,
            46.563797,
            1768.0
          ],
          [
            8.366486,
            46.563828,
            1767.0
          ],
          [
            8.366423,
            46.563809,
            1767.0
          ],
          [
            8.366306,
            46.563791,
            1767.0
          ],
          [
            8.366226,
            46.563766,
            1766.0
          ],
          [
            8.366092,
            46.563667,
            1766.0
          ],
          [
            8.366029,
            46.563636,
            1766.0
          ],
          [
            8.365902,
            46.563612,
            1765.0
          ],
          [
            8.365507,
            46.563574,
            1764.0
          ],
          [
            8.364968,
            46.563543,
            1763.0
          ],
          [
            8.364671,
            46.563513,
            1762.0
          ],
          [
            8.364537,
            46.563476,
            1761.0
          ],
          [
            8.364447,
            46.563439,
            1761.0
          ],
          [
            8.364331,
            46.563346,
            1761.0
          ],
          [
            8.364115,
            46.563173,
            1760.0
          ],
          [
            8.363818,
            46.562876,
            1760.0
          ],
          [
            8.363719,
            46.562747,
            1760.0
          ],
          [
            8.363602,
            46.562636,
            1760.0
          ],
          [
            8.363468,
            46.562531,
            1760.0
          ],
          [
            8.363235,
            46.562444,
            1760.0
          ],
          [
            8.363136,
            46.562432,
            1760.0
          ],
          [
            8.362929,
            46.562444,
            1760.0
          ],
          [
            8.362857,
            46.56242,
            1760.0
          ],
          [
            8.362767,
            46.562345,
            1760.0
          ],
          [
            8.362713,
            46.562296,
            1760.0
          ],
          [
            8.362677,
            46.562314,
            1760.0
          ],
          [
            8.36265,
            46.562327,
            1760.0
          ],
          [
            8.362633,
            46.562333,
            1760.0
          ],
          [
            8.362489,
            46.562407,
            1759.0
          ],
          [
            8.362463,
            46.56242,
            1759.0
          ],
          [
            8.362426,
            46.562432,
            1759.0
          ],
          [
            8.362363,
            46.56245,
            1759.0
          ],
          [
            8.36231,
            46.562469,
            1759.0
          ],
          [
            8.362273,
            46.562475,
            1759.0
          ],
          [
            8.362255,
            46.562475,
            1759.0
          ],
          [
            8.362228,
            46.562475,
            1759.0
          ],
          [
            8.362193,
            46.562475,
            1759.0
          ],
          [
            8.362174,
            46.562469,
            1759.0
          ],
          [
            8.362138,
            46.562463,
            1759.0
          ],
          [
            8.361635,
            46.562302,
            1758.0
          ],
          [
            8.361599,
            46.562283,
            1758.0
          ],
          [
            8.361564,
            46.562271,
            1758.0
          ],
          [
            8.361537,
            46.562259,
            1758.0
          ],
          [
            8.361528,
            46.562253,
            1758.0
          ],
          [
            8.36151,
            46.562241,
            1758.0
          ],
          [
            8.361455,
            46.56221,
            1758.0
          ],
          [
            8.361294,
            46.562117,
            1758.0
          ],
          [
            8.361241,
            46.562086,
            1757.0
          ],
          [
            8.361079,
            46.561993,
            1757.0
          ],
          [
            8.360863,
            46.56187,
            1757.0
          ],
          [
            8.360099,
            46.561431,
            1755.0
          ],
          [
            8.35991,
            46.56132,
            1755.0
          ],
          [
            8.359866,
            46.561289,
            1755.0
          ],
          [
            8.35983,
            46.561258,
            1755.0
          ],
          [
            8.359784,
            46.561221,
            1755.0
          ],
          [
            8.359749,
            46.561178,
            1755.0
          ],
          [
            8.359633,
            46.561017,
            1754.0
          ],
          [
            8.359488,
            46.560937,
            1756.0
          ],
          [
            8.359147,
            46.560857,
            1758.0
          ],
          [
            8.359012,
            46.560826,
            1759.0
          ],
          [
            8.358985,
            46.560838,
            1759.0
          ],
          [
            8.358985,
            46.560869,
            1759.0
          ],
          [
            8.358994,
            46.560894,
            1760.0
          ],
          [
            8.358985,
            46.560894,
            1760.0
          ],
          [
            8.358949,
            46.560875,
            1760.0
          ],
          [
            8.358931,
            46.560875,
            1760.0
          ],
          [
            8.358931,
            46.560919,
            1761.0
          ],
          [
            8.358914,
            46.560919,
            1761.0
          ],
          [
            8.358887,
            46.560906,
            1761.0
          ],
          [
            8.358779,
            46.560881,
            1762.0
          ],
          [
            8.358707,
            46.560844,
            1762.0
          ],
          [
            8.358446,
            46.560777,
            1765.0
          ],
          [
            8.358402,
            46.560739,
            1765.0
          ],
          [
            8.358266,
            46.560702,
            1766.0
          ],
          [
            8.358195,
            46.560708,
            1767.0
          ],
          [
            8.358123,
            46.560696,
            1767.0
          ],
          [
            8.357899,
            46.560616,
            1769.0
          ],
          [
            8.357836,
            46.560579,
            1770.0
          ],
          [
            8.357755,
            46.560548,
            1770.0
          ],
          [
            8.357584,
            46.560517,
            1770.0
          ],
          [
            8.357404,
            46.56048,
            1770.0
          ],
          [
            8.357297,
            46.560492,
            1770.0
          ],
          [
            8.35718,
            46.560468,
            1770.0
          ],
          [
            8.356964,
            46.5604,
            1770.0
          ],
          [
            8.356784,
            46.560319,
            1770.0
          ],
          [
            8.356084,
            46.560116,
            1768.0
          ],
          [
            8.355968,
            46.560091,
            1767.0
          ],
          [
            8.355895,
            46.56011,
            1767.0
          ],
          [
            8.355823,
            46.560146,
            1766.0
          ],
          [
            8.355725,
            46.560183,
            1766.0
          ],
          [
            8.355616,
            46.560177,
            1765.0
          ],
          [
            8.355572,
            46.560165,
            1765.0
          ],
          [
            8.355186,
            46.559912,
            1762.0
          ],
          [
            8.355159,
            46.559875,
            1762.0
          ],
          [
            8.355069,
            46.559838,
            1761.0
          ],
          [
            8.355006,
            46.559782,
            1760.0
          ],
          [
            8.355023,
            46.559733,
            1760.0
          ],
          [
            8.355006,
            46.559677,
            1759.0
          ],
          [
            8.35496,
            46.559634,
            1758.0
          ],
          [
            8.354844,
            46.559548,
            1756.0
          ],
          [
            8.35479,
            46.559479,
            1755.0
          ],
          [
            8.354719,
            46.559412,
            1754.0
          ],
          [
            8.354584,
            46.559306,
            1751.0
          ],
          [
            8.354584,
            46.559239,
            1750.0
          ],
          [
            8.354557,
            46.559171,
            1750.0
          ],
          [
            8.354512,
            46.559152,
            1749.0
          ],
          [
            8.354484,
            46.559115,
            1749.0
          ],
          [
            8.354484,
            46.559016,
            1748.0
          ],
          [
            8.354423,
            46.558967,
            1747.0
          ],
          [
            8.354314,
            46.55885,
            1746.0
          ],
          [
            8.354251,
            46.558825,
            1745.0
          ],
          [
            8.354197,
            46.5588,
            1745.0
          ],
          [
            8.354188,
            46.558781,
            1745.0
          ],
          [
            8.35417,
            46.558732,
            1744.0
          ],
          [
            8.35418,
            46.558695,
            1744.0
          ],
          [
            8.354197,
            46.558658,
            1743.0
          ],
          [
            8.354215,
            46.558621,
            1743.0
          ],
          [
            8.354215,
            46.558596,
            1743.0
          ],
          [
            8.354215,
            46.558584,
            1743.0
          ],
          [
            8.354243,
            46.558577,
            1742.0
          ],
          [
            8.354251,
            46.558571,
            1742.0
          ],
          [
            8.354234,
            46.558546,
            1742.0
          ],
          [
            8.354243,
            46.558534,
            1742.0
          ],
          [
            8.354278,
            46.55851,
            1741.0
          ],
          [
            8.354323,
            46.558485,
            1741.0
          ],
          [
            8.354341,
            46.558491,
            1741.0
          ],
          [
            8.35436,
            46.558479,
            1741.0
          ],
          [
            8.35435,
            46.55846,
            1741.0
          ],
          [
            8.354368,
            46.558454,
            1740.0
          ],
          [
            8.354413,
            46.558473,
            1740.0
          ],
          [
            8.35444,
            46.558473,
            1740.0
          ],
          [
            8.35444,
            46.558467,
            1740.0
          ],
          [
            8.35444,
            46.558448,
            1739.0
          ],
          [
            8.354457,
            46.558429,
            1739.0
          ],
          [
            8.354484,
            46.558429,
            1738.0
          ],
          [
            8.354512,
            46.558429,
            1738.0
          ],
          [
            8.354539,
            46.558392,
            1737.0
          ],
          [
            8.354566,
            46.558373,
            1736.0
          ],
          [
            8.354584,
            46.558318,
            1735.0
          ],
          [
            8.354647,
            46.558287,
            1734.0
          ],
          [
            8.354664,
            46.55825,
            1733.0
          ],
          [
            8.3547,
            46.558225,
            1732.0
          ],
          [
            8.354754,
            46.558213,
            1732.0
          ],
          [
            8.35479,
            46.558176,
            1731.0
          ],
          [
            8.354799,
            46.558127,
            1730.0
          ],
          [
            8.354799,
            46.558027,
            1727.0
          ],
          [
            8.354754,
            46.558009,
            1727.0
          ],
          [
            8.354763,
            46.557966,
            1726.0
          ],
          [
            8.354799,
            46.557948,
            1725.0
          ],
          [
            8.354826,
            46.557942,
            1725.0
          ],
          [
            8.35497,
            46.557873,
            1722.0
          ],
          [
            8.35505,
            46.557879,
            1721.0
          ],
          [
            8.355132,
            46.557836,
            1719.0
          ],
          [
            8.355159,
            46.557824,
            1719.0
          ],
          [
            8.355176,
            46.557836,
            1718.0
          ],
          [
            8.355203,
            46.557824,
            1717.0
          ],
          [
            8.355213,
            46.557793,
            1717.0
          ],
          [
            8.355203,
            46.557769,
            1716.0
          ],
          [
            8.355195,
            46.557756,
            1715.0
          ],
          [
            8.355249,
            46.557738,
            1714.0
          ],
          [
            8.355293,
            46.557663,
            1712.0
          ],
          [
            8.35532,
            46.557688,
            1712.0
          ],
          [
            8.355419,
            46.557793,
            1713.0
          ],
          [
            8.355473,
            46.557848,
            1714.0
          ],
          [
            8.355518,
            46.557873,
            1714.0
          ],
          [
            8.355563,
            46.557892,
            1715.0
          ],
          [
            8.355608,
            46.557904,
            1715.0
          ],
          [
            8.355652,
            46.55791,
            1715.0
          ],
          [
            8.355706,
            46.55791,
            1716.0
          ],
          [
            8.355752,
            46.55791,
            1716.0
          ],
          [
            8.355796,
            46.557904,
            1716.0
          ],
          [
            8.355905,
            46.5578,
            1715.0
          ],
          [
            8.355931,
            46.557781,
            1715.0
          ],
          [
            8.355968,
            46.557769,
            1714.0
          ],
          [
            8.356075,
            46.557706,
            1713.0
          ],
          [
            8.356075,
            46.557688,
            1713.0
          ],
          [
            8.356111,
            46.557669,
            1713.0
          ],
          [
            8.356192,
            46.557602,
            1712.0
          ],
          [
            8.356272,
            46.557546,
            1711.0
          ],
          [
            8.356299,
            46.55749,
            1710.0
          ],
          [
            8.356327,
            46.557423,
            1709.0
          ],
          [
            8.356381,
            46.557342,
            1706.0
          ],
          [
            8.356417,
            46.557299,
            1705.0
          ],
          [
            8.356417,
            46.557293,
            1705.0
          ],
          [
            8.356398,
            46.557293,
            1704.0
          ],
          [
            8.356335,
            46.557317,
            1703.0
          ],
          [
            8.356291,
            46.557336,
            1702.0
          ],
          [
            8.356272,
            46.55733,
            1701.0
          ],
          [
            8.356299,
            46.557311,
            1700.0
          ],
          [
            8.356335,
            46.557256,
            1698.0
          ],
          [
            8.356327,
            46.557225,
            1697.0
          ],
          [
            8.356335,
            46.557175,
            1695.0
          ],
          [
            8.356354,
            46.557138,
            1694.0
          ],
          [
            8.356362,
            46.557126,
            1693.0
          ],
          [
            8.356354,
            46.557114,
            1693.0
          ],
          [
            8.356344,
            46.557114,
            1693.0
          ],
          [
            8.356318,
            46.557126,
            1692.0
          ],
          [
            8.356299,
            46.55712,
            1691.0
          ],
          [
            8.356264,
            46.557132,
            1690.0
          ],
          [
            8.356255,
            46.55712,
            1690.0
          ],
          [
            8.356245,
            46.557107,
            1689.0
          ],
          [
            8.356264,
            46.557089,
            1688.0
          ],
          [
            8.356255,
            46.557064,
            1687.0
          ],
          [
            8.356237,
            46.557058,
            1687.0
          ],
          [
            8.35621,
            46.557083,
            1685.0
          ],
          [
            8.356192,
            46.557077,
            1685.0
          ],
          [
            8.356218,
            46.557027,
            1683.0
          ],
          [
            8.35621,
            46.557021,
            1682.0
          ],
          [
            8.356155,
            46.557046,
            1681.0
          ],
          [
            8.356155,
            46.55704,
            1680.0
          ],
          [
            8.356165,
            46.557002,
            1679.0
          ],
          [
            8.356165,
            46.556996,
            1679.0
          ],
          [
            8.35612,
            46.557009,
            1679.0
          ],
          [
            8.356111,
            46.557002,
            1678.0
          ],
          [
            8.356084,
            46.557009,
            1678.0
          ],
          [
            8.356075,
            46.557002,
            1678.0
          ],
          [
            8.356092,
            46.556977,
            1677.0
          ],
          [
            8.356092,
            46.556959,
            1677.0
          ],
          [
            8.35612,
            46.556916,
            1676.0
          ],
          [
            8.356155,
            46.556885,
            1675.0
          ],
          [
            8.356182,
            46.556873,
            1674.0
          ],
          [
            8.356237,
            46.55686,
            1673.0
          ],
          [
            8.356354,
            46.556842,
            1671.0
          ],
          [
            8.356371,
            46.556817,
            1671.0
          ],
          [
            8.356407,
            46.556786,
            1670.0
          ],
          [
            8.356398,
            46.556768,
            1669.0
          ],
          [
            8.356354,
            46.556755,
            1669.0
          ],
          [
            8.356444,
            46.55665,
            1667.0
          ],
          [
            8.356507,
            46.556632,
            1666.0
          ],
          [
            8.356542,
            46.556588,
            1665.0
          ],
          [
            8.356597,
            46.556558,
            1664.0
          ],
          [
            8.356605,
            46.556515,
            1663.0
          ],
          [
            8.356668,
            46.556434,
            1661.0
          ],
          [
            8.356721,
            46.556391,
            1660.0
          ],
          [
            8.35674,
            46.556342,
            1659.0
          ],
          [
            8.356757,
            46.556311,
            1659.0
          ],
          [
            8.35683,
            46.556286,
            1658.0
          ],
          [
            8.356865,
            46.556249,
            1657.0
          ],
          [
            8.35692,
            46.556212,
            1656.0
          ],
          [
            8.356947,
            46.556187,
            1656.0
          ],
          [
            8.356973,
            46.556131,
            1655.0
          ],
          [
            8.357,
            46.556107,
            1654.0
          ],
          [
            8.35701,
            46.556088,
            1654.0
          ],
          [
            8.357054,
            46.55599,
            1652.0
          ],
          [
            8.357081,
            46.555971,
            1652.0
          ],
          [
            8.357117,
            46.555958,
            1651.0
          ],
          [
            8.357153,
            46.555915,
            1650.0
          ],
          [
            8.357189,
            46.555848,
            1649.0
          ],
          [
            8.357216,
            46.555798,
            1648.0
          ],
          [
            8.357224,
            46.555773,
            1648.0
          ],
          [
            8.357323,
            46.555644,
            1645.0
          ],
          [
            8.35735,
            46.555613,
            1644.0
          ],
          [
            8.35735,
            46.555575,
            1644.0
          ],
          [
            8.357396,
            46.55552,
            1642.0
          ],
          [
            8.357449,
            46.555427,
            1641.0
          ],
          [
            8.357476,
            46.555359,
            1640.0
          ],
          [
            8.357566,
            46.555267,
            1639.0
          ],
          [
            8.357639,
            46.555186,
            1638.0
          ],
          [
            8.357692,
            46.555137,
            1637.0
          ],
          [
            8.35771,
            46.555069,
            1636.0
          ],
          [
            8.35771,
            46.555007,
            1636.0
          ],
          [
            8.357719,
            46.554921,
            1635.0
          ],
          [
            8.357773,
            46.554865,
            1634.0
          ],
          [
            8.358015,
            46.554729,
            1632.0
          ],
          [
            8.358123,
            46.554624,
            1631.0
          ],
          [
            8.358105,
            46.554525,
            1630.0
          ],
          [
            8.358132,
            46.55447,
            1630.0
          ],
          [
            8.358186,
            46.554421,
            1630.0
          ],
          [
            8.358222,
            46.554327,
            1629.0
          ],
          [
            8.358266,
            46.554272,
            1628.0
          ],
          [
            8.358239,
            46.554142,
            1627.0
          ],
          [
            8.358276,
            46.554062,
            1626.0
          ],
          [
            8.358294,
            46.553969,
            1624.0
          ],
          [
            8.358329,
            46.553932,
            1624.0
          ],
          [
            8.358356,
            46.553914,
            1623.0
          ],
          [
            8.358348,
            46.553889,
            1623.0
          ],
          [
            8.358321,
            46.553858,
            1623.0
          ],
          [
            8.358329,
            46.553802,
            1622.0
          ],
          [
            8.358707,
            46.553629,
            1618.0
          ],
          [
            8.359067,
            46.55329,
            1614.0
          ],
          [
            8.359094,
            46.553129,
            1612.0
          ],
          [
            8.359067,
            46.553061,
            1611.0
          ],
          [
            8.359102,
            46.553025,
            1610.0
          ],
          [
            8.359111,
            46.55295,
            1610.0
          ],
          [
            8.359138,
            46.5529,
            1610.0
          ],
          [
            8.359237,
            46.552833,
            1610.0
          ],
          [
            8.359327,
            46.552827,
            1610.0
          ],
          [
            8.359471,
            46.552771,
            1610.0
          ],
          [
            8.359497,
            46.552758,
            1610.0
          ],
          [
            8.359524,
            46.552697,
            1610.0
          ],
          [
            8.359812,
            46.552357,
            1610.0
          ],
          [
            8.359983,
            46.552295,
            1610.0
          ],
          [
            8.360081,
            46.552091,
            1610.0
          ],
          [
            8.360073,
            46.552221,
            1615.0
          ],
          [
            8.360252,
            46.552085,
            1624.0
          ],
          [
            8.360289,
            46.552005,
            1628.0
          ],
          [
            8.360342,
            46.552054,
            1630.0
          ],
          [
            8.360719,
            46.551813,
            1630.0
          ],
          [
            8.361115,
            46.551375,
            1628.0
          ],
          [
            8.361752,
            46.551066,
            1624.0
          ],
          [
            8.362174,
            46.550596,
            1620.0
          ],
          [
            8.361977,
            46.550677,
            1617.0
          ],
          [
            8.361807,
            46.550683,
            1613.0
          ],
          [
            8.36186,
            46.550566,
            1610.0
          ],
          [
            8.361986,
            46.550294,
            1610.0
          ],
          [
            8.362283,
            46.550035,
            1610.0
          ],
          [
            8.36231,
            46.550003,
            1610.0
          ],
          [
            8.363558,
            46.549478,
            1604.0
          ],
          [
            8.363558,
            46.548984,
            1595.0
          ],
          [
            8.364484,
            46.548076,
            1576.0
          ],
          [
            8.36496,
            46.546846,
            1558.0
          ],
          [
            8.364761,
            46.546884,
            1555.0
          ],
          [
            8.363648,
            46.547093,
            1541.0
          ],
          [
            8.362677,
            46.546853,
            1520.0
          ],
          [
            8.362201,
            46.54689,
            1509.0
          ],
          [
            8.361834,
            46.546735,
            1503.0
          ],
          [
            8.36195,
            46.546673,
            1501.0
          ],
          [
            8.361851,
            46.54658,
            1500.0
          ],
          [
            8.361707,
            46.5465,
            1500.0
          ],
          [
            8.361599,
            46.546438,
            1500.0
          ],
          [
            8.361591,
            46.546086,
            1500.0
          ],
          [
            8.361591,
            46.546086,
            1500.0
          ],
          [
            8.361591,
            46.545969,
            1500.0
          ],
          [
            8.361384,
            46.545715,
            1500.0
          ],
          [
            8.361312,
            46.54529,
            1500.0
          ],
          [
            8.361312,
            46.545258,
            1500.0
          ],
          [
            8.361348,
            46.545054,
            1500.0
          ],
          [
            8.361195,
            46.544752,
            1500.0
          ],
          [
            8.360962,
            46.544097,
            1500.0
          ],
          [
            8.360952,
            46.544079,
            1499.0
          ],
          [
            8.360916,
            46.544004,
            1498.0
          ],
          [
            8.360836,
            46.543714,
            1494.0
          ],
          [
            8.360916,
            46.543584,
            1493.0
          ],
          [
            8.360935,
            46.543466,
            1491.0
          ],
          [
            8.360916,
            46.543424,
            1490.0
          ],
          [
            8.360944,
            46.543324,
            1490.0
          ],
          [
            8.361034,
            46.543287,
            1489.0
          ],
          [
            8.361115,
            46.543287,
            1489.0
          ],
          [
            8.361142,
            46.543269,
            1488.0
          ],
          [
            8.361151,
            46.543251,
            1488.0
          ],
          [
            8.361168,
            46.543108,
            1487.0
          ],
          [
            8.361151,
            46.54309,
            1487.0
          ],
          [
            8.361061,
            46.543059,
            1486.0
          ],
          [
            8.361025,
            46.542978,
            1486.0
          ],
          [
            8.360944,
            46.542898,
            1485.0
          ],
          [
            8.360495,
            46.542577,
            1482.0
          ],
          [
            8.360279,
            46.542466,
            1480.0
          ],
          [
            8.360333,
            46.542268,
            1476.0
          ],
          [
            8.360315,
            46.542151,
            1473.0
          ],
          [
            8.360226,
            46.542076,
            1471.0
          ],
          [
            8.360216,
            46.542046,
            1470.0
          ],
          [
            8.360226,
            46.542021,
            1469.0
          ],
          [
            8.360297,
            46.541953,
            1466.0
          ],
          [
            8.360342,
            46.541953,
            1465.0
          ],
          [
            8.36045,
            46.541978,
            1461.0
          ],
          [
            8.360585,
            46.542027,
            1459.0
          ],
          [
            8.360683,
            46.542076,
            1457.0
          ],
          [
            8.360728,
            46.542132,
            1455.0
          ],
          [
            8.360773,
            46.542163,
            1454.0
          ],
          [
            8.360855,
            46.542188,
            1453.0
          ],
          [
            8.360899,
            46.542194,
            1453.0
          ],
          [
            8.360926,
            46.542132,
            1451.0
          ],
          [
            8.360908,
            46.54212,
            1451.0
          ],
          [
            8.360916,
            46.542095,
            1450.0
          ],
          [
            8.360979,
            46.542089,
            1449.0
          ],
          [
            8.361159,
            46.54212,
            1447.0
          ],
          [
            8.361321,
            46.542144,
            1445.0
          ],
          [
            8.361384,
            46.542144,
            1444.0
          ],
          [
            8.361384,
            46.542113,
            1444.0
          ],
          [
            8.361348,
            46.542046,
            1443.0
          ],
          [
            8.361312,
            46.542015,
            1442.0
          ],
          [
            8.361276,
            46.54199,
            1441.0
          ],
          [
            8.361205,
            46.54194,
            1440.0
          ],
          [
            8.361142,
            46.541885,
            1439.0
          ],
          [
            8.361096,
            46.541867,
            1438.0
          ],
          [
            8.360998,
            46.541805,
            1437.0
          ],
          [
            8.360782,
            46.541657,
            1433.0
          ],
          [
            8.360845,
            46.541619,
            1432.0
          ],
          [
            8.360792,
            46.541582,
            1431.0
          ],
          [
            8.360639,
            46.54139,
            1426.0
          ],
          [
            8.360612,
            46.541354,
            1425.0
          ],
          [
            8.360629,
            46.541329,
            1425.0
          ],
          [
            8.360647,
            46.541267,
            1423.0
          ],
          [
            8.360629,
            46.541224,
            1422.0
          ],
          [
            8.360585,
            46.541168,
            1421.0
          ],
          [
            8.360557,
            46.541125,
            1420.0
          ],
          [
            8.360503,
            46.541082,
            1419.0
          ],
          [
            8.360369,
            46.541008,
            1417.0
          ],
          [
            8.360243,
            46.540909,
            1414.0
          ],
          [
            8.359991,
            46.540692,
            1408.0
          ],
          [
            8.35966,
            46.54039,
            1398.0
          ],
          [
            8.358742,
            46.53971,
            1388.0
          ],
          [
            8.358473,
            46.539506,
            1386.0
          ],
          [
            8.358231,
            46.539216,
            1383.0
          ],
          [
            8.357926,
            46.538895,
            1381.0
          ],
          [
            8.357826,
            46.53882,
            1380.0
          ],
          [
            8.357673,
            46.538801,
            1380.0
          ],
          [
            8.357503,
            46.538839,
            1380.0
          ],
          [
            8.357306,
            46.538752,
            1379.0
          ],
          [
            8.356937,
            46.53874,
            1379.0
          ],
          [
            8.356721,
            46.538666,
            1378.0
          ],
          [
            8.356587,
            46.538555,
            1378.0
          ],
          [
            8.356568,
            46.538505,
            1378.0
          ],
          [
            8.356507,
            46.538455,
            1378.0
          ],
          [
            8.356434,
            46.538437,
            1378.0
          ],
          [
            8.356128,
            46.538394,
            1377.0
          ],
          [
            8.355698,
            46.538233,
            1377.0
          ],
          [
            8.355285,
            46.538097,
            1376.0
          ],
          [
            8.354763,
            46.538011,
            1376.0
          ],
          [
            8.354476,
            46.537961,
            1375.0
          ],
          [
            8.353973,
            46.537832,
            1374.0
          ],
          [
            8.352526,
            46.537269,
            1372.0
          ],
          [
            8.35223,
            46.537115,
            1372.0
          ],
          [
            8.352203,
            46.53696,
            1371.0
          ],
          [
            8.352006,
            46.536862,
            1371.0
          ],
          [
            8.351889,
            46.536762,
            1371.0
          ],
          [
            8.351862,
            46.536695,
            1371.0
          ],
          [
            8.35187,
            46.536633,
            1371.0
          ],
          [
            8.351916,
            46.536312,
            1370.0
          ],
          [
            8.351924,
            46.5362,
            1370.0
          ],
          [
            8.35179,
            46.5362,
            1370.0
          ],
          [
            8.351736,
            46.536218,
            1370.0
          ],
          [
            8.351647,
            46.536231,
            1370.0
          ],
          [
            8.351494,
            46.536212,
            1370.0
          ],
          [
            8.35135,
            46.536182,
            1370.0
          ],
          [
            8.35126,
            46.536163,
            1370.0
          ],
          [
            8.351207,
            46.536145,
            1370.0
          ],
          [
            8.35117,
            46.53612,
            1370.0
          ],
          [
            8.351152,
            46.536095,
            1370.0
          ],
          [
            8.351134,
            46.536058,
            1370.0
          ],
          [
            8.351008,
            46.535799,
            1369.0
          ],
          [
            8.350828,
            46.535359,
            1369.0
          ],
          [
            8.350757,
            46.535224,
            1369.0
          ],
          [
            8.350855,
            46.534915,
            1369.0
          ],
          [
            8.350694,
            46.534439,
            1368.0
          ],
          [
            8.350551,
            46.534389,
            1368.0
          ],
          [
            8.350398,
            46.53434,
            1368.0
          ],
          [
            8.350236,
            46.534303,
            1368.0
          ],
          [
            8.350065,
            46.534297,
            1368.0
          ],
          [
            8.349813,
            46.534315,
            1368.0
          ],
          [
            8.349689,
            46.534285,
            1368.0
          ],
          [
            8.349599,
            46.534235,
            1368.0
          ],
          [
            8.349517,
            46.534118,
            1368.0
          ],
          [
            8.349301,
            46.534198,
            1369.0
          ],
          [
            8.349194,
            46.534235,
            1370.0
          ],
          [
            8.349167,
            46.534248,
            1370.0
          ],
          [
            8.348915,
            46.534334,
            1370.0
          ],
          [
            8.348844,
            46.534358,
            1370.0
          ],
          [
            8.348744,
            46.534452,
            1370.0
          ],
          [
            8.348718,
            46.534439,
            1370.0
          ],
          [
            8.348673,
            46.534427,
            1370.0
          ],
          [
            8.348646,
            46.534421,
            1370.0
          ],
          [
            8.34817,
            46.534352,
            1370.0
          ],
          [
            8.347792,
            46.534303,
            1370.0
          ],
          [
            8.347469,
            46.534254,
            1370.0
          ],
          [
            8.347299,
            46.534229,
            1370.0
          ],
          [
            8.347217,
            46.534204,
            1370.0
          ],
          [
            8.347182,
            46.534192,
            1370.0
          ],
          [
            8.3471,
            46.534148,
            1370.0
          ],
          [
            8.346696,
            46.533945,
            1370.0
          ],
          [
            8.346624,
            46.533901,
            1370.0
          ],
          [
            8.346507,
            46.533833,
            1370.0
          ],
          [
            8.346473,
            46.533802,
            1370.0
          ],
          [
            8.346436,
            46.533778,
            1370.0
          ],
          [
            8.346373,
            46.533728,
            1370.0
          ],
          [
            8.346337,
            46.533679,
            1370.0
          ],
          [
            8.34622,
            46.53358,
            1370.0
          ],
          [
            8.346113,
            46.533493,
            1370.0
          ],
          [
            8.345987,
            46.533395,
            1370.0
          ],
          [
            8.345878,
            46.533333,
            1370.0
          ],
          [
            8.345699,
            46.533234,
            1370.0
          ],
          [
            8.345601,
            46.533197,
            1370.0
          ],
          [
            8.345528,
            46.533166,
            1370.0
          ],
          [
            8.345421,
            46.533135,
            1370.0
          ],
          [
            8.345295,
            46.533104,
            1370.0
          ],
          [
            8.345215,
            46.533086,
            1370.0
          ],
          [
            8.345079,
            46.533067,
            1370.0
          ],
          [
            8.345106,
            46.532974,
            1370.0
          ],
          [
            8.345142,
            46.532826,
            1370.0
          ],
          [
            8.345161,
            46.532783,
            1370.0
          ],
          [
            8.345169,
            46.53274,
            1370.0
          ],
          [
            8.345142,
            46.532684,
            1370.0
          ],
          [
            8.345089,
            46.532591,
            1369.0
          ],
          [
            8.345043,
            46.532529,
            1369.0
          ],
          [
            8.344999,
            46.532486,
            1369.0
          ],
          [
            8.344954,
            46.532443,
            1369.0
          ],
          [
            8.34481,
            46.532338,
            1369.0
          ],
          [
            8.34446,
            46.532066,
            1368.0
          ],
          [
            8.344388,
            46.532017,
            1368.0
          ],
          [
            8.344343,
            46.531973,
            1368.0
          ],
          [
            8.344299,
            46.531918,
            1368.0
          ],
          [
            8.344217,
            46.531806,
            1368.0
          ],
          [
            8.344091,
            46.531627,
            1368.0
          ],
          [
            8.343741,
            46.531114,
            1367.0
          ],
          [
            8.343678,
            46.53104,
            1367.0
          ],
          [
            8.343364,
            46.530632,
            1366.0
          ],
          [
            8.343283,
            46.530607,
            1366.0
          ],
          [
            8.343148,
            46.530657,
            1366.0
          ],
          [
            8.343077,
            46.530688,
            1370.0
          ],
          [
            8.343139,
            46.530755,
            1370.0
          ]
        ]
      }
    }
  ]
}