{
  "type": "FeatureCollection",
  "features": [
    {
      "type": "Feature",
      "properties": {},
      "geometry": {
        "type": "LineString",
        "coordinates": [
          [
            8.051258,
            47.391423,
            385.0
          ],
          [
            8.051204,
            47.391484,
            385.0
          ],
          [
            8.05159,
            47.391582,
            385.0
          ],
          [
            8.051573,
            47.391594,
            386.0
          ],
          [
            8.051519,
            47.391655,
            388.0
          ],
          [
            8.051501,
            47.391673,
            389.0
          ],
          [
            8.051564,
            47.391691,
            389.0
          ],
          [
            8.051546,
            47.391727,
            389.0
          ],
          [
            8.051564,
            47.391733,
            385.0
          ],
          [
            8.051546,
            47.391764,
            387.0
          ],
          [
            8.05151,
            47.391824,
            387.0
          ],
          [
            8.051403,
            47.392007,
            388.0
          ],
          [
            8.051348,
            47.392105,
            388.0
          ],
          [
            8.051294,
            47.392093,
            388.0
          ],
          [
            8.051196,
            47.392062,
            389.0
          ],
          [
            8.051187,
            47.392068,
            389.0
          ],
          [
            8.051169,
            47.392111,
            389.0
          ],
          [
            8.051141,
            47.392159,
            383.0
          ],
          [
            8.051133,
            47.392171,
            383.0
          ],
          [
            8.051214,
            47.392202,
            383.0
          ],
          [
            8.05125,
            47.392208,
            383.0
          ],
          [
            8.051303,
            47.392208,
            388.0
          ],
          [
            8.051348,
            47.392214,
            387.0
          ],
          [
            8.051367,
            47.392214,
            387.0
          ],
          [
            8.051384,
            47.392226,
            387.0
          ],
          [
            8.051403,
            47.392244,
            387.0
          ],
          [
            8.051447,
            47.392275,
            386.0
          ],
          [
            8.051456,
            47.392281,
            386.0
          ],
          [
            8.051376,
            47.392311,
            386.0
          ],
          [
            8.051313,
            47.392402,
            386.0
          ],
          [
            8.051267,
            47.392506,
            385.0
          ],
          [
            8.05125,
            47.392652,
            384.0
          ],
          [
            8.05125,
            47.3927,
            384.0
          ],
          [
            8.05124,
            47.392725,
            384.0
          ],
          [
            8.051223,
            47.39343,
            381.0
          ],
          [
            8.051214,
            47.393503,
            381.0
          ],
          [
            8.051204,
            47.393783,
            381.0
          ],
          [
            8.051204,
            47.393947,
            381.0
          ],
          [
            8.05125,
            47.394032,
            382.0
          ],
          [
            8.05124,
            47.394045,
            382.0
          ],
          [
            8.051214,
            47.394063,
            380.0
          ],
          [
            8.051196,
            47.394087,
            380.0
          ],
          [
            8.051187,
            47.394105,
            380.0
          ],
          [
            8.051187,
            47.394118,
            380.0
          ],
          [
            8.051187,
            47.394142,
            380.0
          ],
          [
            8.051196,
            47.394184,
            380.0
          ],
          [
            8.051196,
            47.39419,
            380.0
          ],
          [
            8.051114,
            47.394196,
            380.0
          ],
          [
            8.050818,
            47.394215,
            380.0
          ],
          [
            8.050638,
            47.394221,
            380.0
          ],
          [
            8.050585,
            47.394245,
            380.0
          ],
          [
            8.050548,
            47.394263,
            380.0
          ],
          [
            8.050441,
            47.394263,
            381.0
          ],
          [
            8.050315,
            47.394263,
            380.0
          ],
          [
            8.050342,
            47.394275,
            380.0
          ],
          [
            8.050361,
            47.394427,
            380.0
          ],
          [
            8.050361,
            47.394507,
            380.0
          ],
          [
            8.050361,
            47.394628,
            380.0
          ],
          [
            8.050361,
            47.394689,
            379.0
          ],
          [
            8.050361,
            47.394774,
            378.0
          ],
          [
            8.050361,
            47.394823,
            378.0
          ],
          [
            8.050424,
            47.394969,
            376.0
          ],
          [
            8.050504,
            47.39506,
            375.0
          ],
          [
            8.050648,
            47.395163,
            373.0
          ],
          [
            8.050711,
            47.3952,
            372.0
          ],
          [
            8.050755,
            47.395267,
            371.0
          ],
          [
            8.050774,
            47.395309,
            371.0
          ],
          [
            8.050747,
            47.395339,
            370.0
          ],
          [
            8.050692,
            47.395376,
            370.0
          ],
          [
            8.050611,
            47.3954,
            370.0
          ],
          [
            8.050351,
            47.395394,
            370.0
          ],
          [
            8.050342,
            47.395394,
            370.0
          ],
          [
            8.050298,
            47.395412,
            370.0
          ],
          [
            8.050244,
            47.395431,
            370.0
          ],
          [
            8.050198,
            47.395449,
            370.0
          ],
          [
            8.050154,
            47.395467,
            370.0
          ],
          [
            8.050126,
            47.39548,
            370.0
          ],
          [
            8.050091,
            47.395492,
            370.0
          ],
          [
            8.049992,
            47.395535,
            370.0
          ],
          [
            8.049506,
            47.395747,
            370.0
          ],
          [
            8.049354,
            47.395868,
            370.0
          ],
          [
            8.049319,
            47.395905,
            370.0
          ],
          [
            8.049256,
            47.396009,
            370.0
          ],
          [
            8.048959,
            47.395948,
            370.0
          ],
          [
            8.048644,
            47.395905,
            370.0
          ],
          [
            8.04834,
            47.395838,
            370.0
          ],
          [
            8.047126,
            47.39562,
            370.0
          ],
          [
            8.046893,
            47.395583,
            370.0
          ],
          [
            8.045374,
            47.39537,
            370.0
          ],
          [
            8.044558,
            47.395267,
            370.0
          ],
          [
            8.044252,
            47.39523,
            370.0
          ],
          [
            8.043776,
            47.395194,
            370.0
          ],
          [
            8.04339,
            47.395145,
            370.0
          ],
          [
            8.043057,
            47.395097,
            370.0
          ],
          [
            8.042491,
            47.394975,
            370.0
          ],
          [
            8.042239,
            47.39492,
            370.0
          ],
          [
            8.042168,
            47.394902,
            370.0
          ],
          [
            8.042132,
            47.394889,
            370.0
          ],
          [
            8.041692,
            47.394762,
            370.0
          ],
          [
            8.041306,
            47.394653,
            370.0
          ],
          [
            8.04108,
            47.394592,
            370.0
          ],
          [
            8.040002,
            47.394269,
            370.0
          ],
          [
            8.03923,
            47.394032,
            370.0
          ],
          [
            8.03905,
            47.393984,
            370.0
          ],
          [
            8.039032,
            47.393984,
            370.0
          ],
          [
            8.038547,
            47.393825,
            370.0
          ],
          [
            8.03843,
            47.393789,
            370.0
          ],
          [
            8.038044,
            47.393655,
            370.0
          ],
          [
            8.037954,
            47.393619,
            370.0
          ],
          [
            8.03774,
            47.393607,
            370.0
          ],
          [
            8.037587,
            47.393595,
            370.0
          ],
          [
            8.03729,
            47.393522,
            370.0
          ],
          [
            8.036975,
            47.393448,
            370.0
          ],
          [
            8.036482,
            47.393333,
            370.0
          ],
          [
            8.035933,
            47.393217,
            370.0
          ],
          [
            8.03587,
            47.393321,
            370.0
          ],
          [
            8.035654,
            47.393752,
            370.0
          ],
          [
            8.03561,
            47.393862,
            370.0
          ],
          [
            8.035529,
            47.393837,
            370.0
          ],
          [
            8.035394,
            47.393795,
            370.0
          ],
          [
            8.035098,
            47.393734,
            370.0
          ],
          [
            8.034721,
            47.393704,
            370.0
          ],
          [
            8.034371,
            47.393655,
            370.0
          ],
          [
            8.034002,
            47.393637,
            370.0
          ],
          [
            8.032987,
            47.393595,
            370.0
          ],
          [
            8.031962,
            47.393589,
            370.0
          ],
          [
            8.030687,
            47.393564,
            370.0
          ],
          [
            8.029744,
            47.393552,
            370.0
          ],
          [
            8.029052,
            47.393619,
            370.0
          ],
          [
            8.028918,
            47.393625,
            370.0
          ],
          [
            8.028585,
            47.393643,
            370.0
          ],
          [
            8.028379,
            47.393752,
            370.0
          ],
          [
            8.028118,
            47.393752,
            370.0
          ],
          [
            8.02783,
            47.393734,
            370.0
          ],
          [
            8.027759,
            47.393746,
            370.0
          ],
          [
            8.027597,
            47.39371,
            370.0
          ],
          [
            8.027463,
            47.393704,
            370.0
          ],
          [
            8.027247,
            47.393667,
            370.0
          ],
          [
            8.027021,
            47.393674,
            370.0
          ],
          [
            8.026878,
            47.393631,
            370.0
          ],
          [
            8.02678,
            47.393601,
            370.0
          ],
          [
            8.026537,
            47.39357,
            370.0
          ],
          [
            8.026268,
            47.393522,
            370.0
          ],
          [
            8.026105,
            47.393479,
            370.0
          ],
          [
            8.025926,
            47.393454,
            370.0
          ],
          [
            8.025809,
            47.393424,
            370.0
          ],
          [
            8.025729,
            47.393393,
            370.0
          ],
          [
            8.025405,
            47.393284,
            370.0
          ],
          [
            8.025324,
            47.393242,
            370.0
          ],
          [
            8.025234,
            47.393205,
            370.0
          ],
          [
            8.02509,
            47.393132,
            370.0
          ],
          [
            8.024964,
            47.393017,
            370.0
          ],
          [
            8.024839,
            47.392944,
            370.0
          ],
          [
            8.024713,
            47.392895,
            370.0
          ],
          [
            8.02448,
            47.392785,
            370.0
          ],
          [
            8.02439,
            47.392749,
            370.0
          ],
          [
            8.024228,
            47.39267,
            370.0
          ],
          [
            8.024094,
            47.392585,
            370.0
          ],
          [
            8.023779,
            47.392433,
            370.0
          ],
          [
            8.023708,
            47.392341,
            370.0
          ],
          [
            8.023528,
            47.392153,
            370.0
          ],
          [
            8.023402,
            47.39208,
            370.0
          ],
          [
            8.023375,
            47.391977,
            370.0
          ],
          [
            8.023329,
            47.391873,
            370.0
          ],
          [
            8.023339,
            47.39174,
            370.0
          ],
          [
            8.023249,
            47.391661,
            370.0
          ],
          [
            8.023096,
            47.391326,
            370.0
          ],
          [
            8.02306,
            47.39115,
            370.0
          ],
          [
            8.02297,
            47.390998,
            370.0
          ],
          [
            8.022863,
            47.390724,
            370.0
          ],
          [
            8.02271,
            47.390438,
            370.0
          ],
          [
            8.02236,
            47.390043,
            370.0
          ],
          [
            8.022234,
            47.38983,
            370.0
          ],
          [
            8.022171,
            47.38972,
            370.0
          ],
          [
            8.021983,
            47.389276,
            370.0
          ],
          [
            8.021964,
            47.389155,
            370.0
          ],
          [
            8.021874,
            47.388997,
            370.0
          ],
          [
            8.021704,
            47.388784,
            370.0
          ],
          [
            8.02157,
            47.388559,
            370.0
          ],
          [
            8.021507,
            47.388437,
            370.0
          ],
          [
            8.021471,
            47.388243,
            370.0
          ],
          [
            8.021129,
            47.387464,
            370.0
          ],
          [
            8.020931,
            47.387081,
            370.0
          ],
          [
            8.020886,
            47.387027,
            370.0
          ],
          [
            8.020779,
            47.386819,
            370.0
          ],
          [
            8.020725,
            47.386734,
            370.0
          ],
          [
            8.020383,
            47.38612,
            370.0
          ],
          [
            8.01953,
            47.384818,
            370.0
          ],
          [
            8.019287,
            47.384618,
            370.0
          ],
          [
            8.019197,
            47.384599,
            370.0
          ],
          [
            8.01909,
            47.384551,
            370.0
          ],
          [
            8.018838,
            47.38446,
            370.0
          ],
          [
            8.018066,
            47.384442,
            370.0
          ],
          [
            8.017509,
            47.384387,
            370.0
          ],
          [
            8.01706,
            47.384399,
            370.0
          ],
          [
            8.016673,
            47.384442,
            370.0
          ],
          [
            8.016574,
            47.384448,
            370.0
          ],
          [
            8.016574,
            47.384448,
            370.0
          ],
          [
            8.016117,
            47.38449,
            370.0
          ],
          [
            8.015668,
            47.384527,
            370.0
          ],
          [
            8.015515,
            47.384551,
            370.0
          ],
          [
            8.014903,
            47.384654,
            370.0
          ],
          [
            8.014706,
            47.384715,
            370.0
          ],
          [
            8.01449,
            47.384788,
            370.0
          ],
          [
            8.014221,
            47.384892,
            370.0
          ],
          [
            8.014123,
            47.385007,
            370.0
          ],
          [
            8.013798,
            47.385068,
            370.0
          ],
          [
            8.013708,
            47.385056,
            370.0
          ],
          [
            8.013584,
            47.38508,
            370.0
          ],
          [
            8.013341,
            47.385153,
            370.0
          ],
          [
            8.013268,
            47.385335,
            370.0
          ],
          [
            8.013251,
            47.385384,
            371.0
          ],
          [
            8.013081,
            47.385791,
            376.0
          ],
          [
            8.012981,
            47.386078,
            379.0
          ],
          [
            8.012964,
            47.386126,
            380.0
          ],
          [
            8.012955,
            47.386181,
            380.0
          ],
          [
            8.012802,
            47.386169,
            380.0
          ],
          [
            8.012389,
            47.386053,
            380.0
          ],
          [
            8.012316,
            47.386017,
            380.0
          ],
          [
            8.012253,
            47.385999,
            380.0
          ],
          [
            8.012119,
            47.385974,
            380.0
          ],
          [
            8.011993,
            47.385962,
            380.0
          ],
          [
            8.011832,
            47.385987,
            380.0
          ],
          [
            8.011714,
            47.386017,
            380.0
          ],
          [
            8.011563,
            47.386102,
            380.0
          ],
          [
            8.011383,
            47.386193,
            380.0
          ],
          [
            8.011094,
            47.386333,
            380.0
          ],
          [
            8.01096,
            47.386394,
            380.0
          ],
          [
            8.010762,
            47.386442,
            380.0
          ],
          [
            8.010475,
            47.386516,
            380.0
          ],
          [
            8.010052,
            47.386667,
            380.0
          ],
          [
            8.009685,
            47.386789,
            380.0
          ],
          [
            8.009496,
            47.386856,
            380.0
          ],
          [
            8.00945,
            47.386868,
            380.0
          ],
          [
            8.009397,
            47.38688,
            380.0
          ],
          [
            8.009083,
            47.386917,
            380.0
          ],
          [
            8.008597,
            47.386862,
            380.0
          ],
          [
            8.008131,
            47.386783,
            380.0
          ],
          [
            8.007628,
            47.386686,
            380.0
          ],
          [
            8.007062,
            47.38654,
            380.0
          ],
          [
            8.006613,
            47.3864,
            380.0
          ],
          [
            8.006146,
            47.386254,
            380.0
          ],
          [
            8.005848,
            47.386114,
            380.0
          ],
          [
            8.005507,
            47.385987,
            380.0
          ],
          [
            8.005292,
            47.385907,
            380.0
          ],
          [
            8.005085,
            47.38584,
            380.0
          ],
          [
            8.004968,
            47.386041,
            380.0
          ],
          [
            8.004932,
            47.386284,
            381.0
          ],
          [
            8.005068,
            47.386455,
            382.0
          ],
          [
            8.005184,
            47.386607,
            383.0
          ],
          [
            8.005238,
            47.38668,
            383.0
          ],
          [
            8.005282,
            47.386758,
            384.0
          ],
          [
            8.005318,
            47.386831,
            384.0
          ],
          [
            8.005381,
            47.386941,
            385.0
          ],
          [
            8.005498,
            47.387136,
            386.0
          ],
          [
            8.005607,
            47.3873,
            387.0
          ],
          [
            8.005697,
            47.38744,
            388.0
          ],
          [
            8.005777,
            47.387592,
            388.0
          ],
          [
            8.005831,
            47.387689,
            389.0
          ],
          [
            8.005848,
            47.387744,
            389.0
          ],
          [
            8.00584,
            47.387774,
            389.0
          ],
          [
            8.005831,
            47.387811,
            390.0
          ],
          [
            8.005794,
            47.387835,
            390.0
          ],
          [
            8.005777,
            47.387853,
            390.0
          ],
          [
            8.005741,
            47.387871,
            390.0
          ],
          [
            8.005668,
            47.387823,
            390.0
          ],
          [
            8.005588,
            47.387774,
            390.0
          ],
          [
            8.005364,
            47.387671,
            390.0
          ],
          [
            8.005211,
            47.387616,
            390.0
          ],
          [
            8.005085,
            47.38758,
            390.0
          ],
          [
            8.004905,
            47.387543,
            390.0
          ],
          [
            8.004626,
            47.387507,
            390.0
          ],
          [
            8.00442,
            47.387476,
            390.0
          ],
          [
            8.004376,
            47.387476,
            391.0
          ],
          [
            8.004169,
            47.38744,
            391.0
          ],
          [
            8.004007,
            47.387397,
            392.0
          ],
          [
            8.003917,
            47.387367,
            392.0
          ],
          [
            8.003873,
            47.387385,
            393.0
          ],
          [
            8.003846,
            47.387403,
            393.0
          ],
          [
            8.003666,
            47.387495,
            394.0
          ],
          [
            8.003406,
            47.387641,
            395.0
          ],
          [
            8.00319,
            47.387829,
            396.0
          ],
          [
            8.003073,
            47.387926,
            397.0
          ],
          [
            8.002812,
            47.388121,
            398.0
          ],
          [
            8.002705,
            47.388212,
            399.0
          ],
          [
            8.002588,
            47.388327,
            399.0
          ],
          [
            8.002462,
            47.388474,
            400.0
          ],
          [
            8.002381,
            47.388614,
            400.0
          ],
          [
            8.002336,
            47.388838,
            400.0
          ],
          [
            8.002309,
            47.389009,
            400.0
          ],
          [
            8.002291,
            47.389082,
            400.0
          ],
          [
            8.002228,
            47.389167,
            400.0
          ],
          [
            8.002156,
            47.389131,
            400.0
          ],
          [
            8.001986,
            47.389064,
            400.0
          ],
          [
            8.001842,
            47.389034,
            400.0
          ],
          [
            8.001779,
            47.389046,
            400.0
          ],
          [
            8.001699,
            47.389125,
            400.0
          ],
          [
            8.001492,
            47.389398,
            401.0
          ],
          [
            8.001339,
            47.389617,
            401.0
          ],
          [
            8.001276,
            47.389678,
            401.0
          ],
          [
            8.00115,
            47.389769,
            401.0
          ],
          [
            8.001079,
            47.389824,
            401.0
          ],
          [
            8.000917,
            47.389897,
            401.0
          ],
          [
            8.000693,
            47.389933,
            401.0
          ],
          [
            8.000854,
            47.390116,
            401.0
          ],
          [
            8.001294,
            47.390791,
            401.0
          ],
          [
            8.001626,
            47.391496,
            402.0
          ],
          [
            8.001779,
            47.391831,
            402.0
          ],
          [
            8.001995,
            47.392202,
            402.0
          ],
          [
            8.002355,
            47.392876,
            402.0
          ],
          [
            8.002471,
            47.393102,
            402.0
          ],
          [
            8.002498,
            47.393145,
            402.0
          ],
          [
            8.002381,
            47.393138,
            403.0
          ],
          [
            8.002004,
            47.393132,
            404.0
          ],
          [
            8.001735,
            47.393114,
            405.0
          ],
          [
            8.001599,
            47.393114,
            406.0
          ],
          [
            8.001402,
            47.393102,
            407.0
          ],
          [
            8.001133,
            47.393072,
            408.0
          ],
          [
            8.00098,
            47.393047,
            408.0
          ],
          [
            8.000844,
            47.393023,
            409.0
          ],
          [
            8.000773,
            47.393005,
            409.0
          ],
          [
            8.000657,
            47.392974,
            410.0
          ],
          [
            8.000531,
            47.392956,
            411.0
          ],
          [
            8.000396,
            47.392944,
            411.0
          ],
          [
            8.0001,
            47.392937,
            413.0
          ],
          [
            7.999758,
            47.392944,
            415.0
          ],
          [
            7.999479,
            47.392962,
            417.0
          ],
          [
            7.99921,
            47.392992,
            418.0
          ],
          [
            7.99903,
            47.393017,
            419.0
          ],
          [
            7.998949,
            47.392998,
            420.0
          ],
          [
            7.998582,
            47.392931,
            422.0
          ],
          [
            7.998357,
            47.392901,
            424.0
          ],
          [
            7.998213,
            47.392883,
            425.0
          ],
          [
            7.997934,
            47.39284,
            427.0
          ],
          [
            7.99771,
            47.392816,
            428.0
          ],
          [
            7.997575,
            47.39281,
            429.0
          ],
          [
            7.997477,
            47.392816,
            430.0
          ],
          [
            7.997315,
            47.39287,
            431.0
          ],
          [
            7.997009,
            47.392937,
            432.0
          ],
          [
            7.996821,
            47.392968,
            433.0
          ],
          [
            7.996668,
            47.39298,
            434.0
          ],
          [
            7.996416,
            47.392992,
            435.0
          ],
          [
            7.99629,
            47.392992,
            436.0
          ],
          [
            7.995886,
            47.392962,
            438.0
          ],
          [
            7.995626,
            47.392937,
            439.0
          ],
          [
            7.995393,
            47.392913,
            440.0
          ],
          [
            7.995158,
            47.392889,
            441.0
          ],
          [
            7.994997,
            47.392876,
            442.0
          ],
          [
            7.994844,
            47.39287,
            443.0
          ],
          [
            7.994611,
            47.392864,
            444.0
          ],
          [
            7.994395,
            47.392858,
            445.0
          ],
          [
            7.994261,
            47.39284,
            446.0
          ],
          [
            7.994108,
            47.392816,
            447.0
          ],
          [
            7.993542,
            47.392707,
            450.0
          ],
          [
            7.993183,
            47.392652,
            452.0
          ],
          [
            7.992787,
            47.392609,
            454.0
          ],
          [
            7.992446,
            47.392567,
            456.0
          ],
          [
            7.992032,
            47.392524,
            458.0
          ],
          [
            7.991808,
            47.392506,
            459.0
          ],
          [
            7.991404,
            47.392524,
            461.0
          ],
          [
            7.991269,
            47.392518,
            462.0
          ],
          [
            7.991135,
            47.392512,
            462.0
          ],
          [
            7.991009,
            47.392481,
            463.0
          ],
          [
            7.990749,
            47.392408,
            464.0
          ],
          [
            7.990623,
            47.392366,
            465.0
          ],
          [
            7.990307,
            47.392275,
            467.0
          ],
          [
            7.989921,
            47.392171,
            469.0
          ],
          [
            7.989112,
            47.392238,
            474.0
          ],
          [
            7.988368,
            47.392354,
            478.0
          ],
          [
            7.988223,
            47.392293,
            479.0
          ],
          [
            7.988009,
            47.392147,
            481.0
          ],
          [
            7.98667,
            47.39177,
            488.0
          ],
          [
            7.98596,
            47.3916,
            491.0
          ],
          [
            7.98551,
            47.391557,
            494.0
          ],
          [
            7.985187,
            47.391515,
            495.0
          ],
          [
            7.984793,
            47.39146,
            498.0
          ],
          [
            7.984613,
            47.391423,
            499.0
          ],
          [
            7.984567,
            47.391417,
            499.0
          ],
          [
            7.984451,
            47.391411,
            499.0
          ],
          [
            7.984091,
            47.391441,
            500.0
          ],
          [
            7.983516,
            47.39146,
            498.0
          ],
          [
            7.983175,
            47.391454,
            497.0
          ],
          [
            7.982969,
            47.391417,
            497.0
          ],
          [
            7.982277,
            47.39118,
            495.0
          ],
          [
            7.982124,
            47.391156,
            495.0
          ],
          [
            7.981963,
            47.391156,
            494.0
          ],
          [
            7.981684,
            47.391168,
            493.0
          ],
          [
            7.981541,
            47.39115,
            493.0
          ],
          [
            7.981432,
            47.391126,
            493.0
          ],
          [
            7.980992,
            47.390998,
            492.0
          ],
          [
            7.980759,
            47.390918,
            491.0
          ],
          [
            7.980606,
            47.39087,
            491.0
          ],
          [
            7.980489,
            47.390833,
            490.0
          ],
          [
            7.979887,
            47.390706,
            488.0
          ],
          [
            7.97951,
            47.390627,
            487.0
          ],
          [
            7.979384,
            47.390603,
            487.0
          ],
          [
            7.979078,
            47.390542,
            486.0
          ],
          [
            7.978755,
            47.390481,
            485.0
          ],
          [
            7.978225,
            47.390389,
            483.0
          ],
          [
            7.977812,
            47.390316,
            482.0
          ],
          [
            7.97757,
            47.39028,
            481.0
          ],
          [
            7.977057,
            47.390201,
            479.0
          ],
          [
            7.976851,
            47.390171,
            478.0
          ],
          [
            7.976851,
            47.390171,
            478.0
          ],
          [
            7.976843,
            47.390171,
            478.0
          ],
          [
            7.976617,
            47.390128,
            477.0
          ],
          [
            7.976447,
            47.390098,
            476.0
          ],
          [
            7.975925,
            47.390031,
            473.0
          ],
          [
            7.975522,
            47.389982,
            471.0
          ],
          [
            7.975359,
            47.389958,
            470.0
          ],
          [
            7.975153,
            47.389915,
            469.0
          ],
          [
            7.975009,
            47.389878,
            468.0
          ],
          [
            7.974875,
            47.389836,
            468.0
          ],
          [
            7.974524,
            47.389714,
            466.0
          ],
          [
            7.974336,
            47.389654,
            465.0
          ],
          [
            7.97412,
            47.389599,
            464.0
          ],
          [
            7.973851,
            47.389544,
            463.0
          ],
          [
            7.973717,
            47.389526,
            462.0
          ],
          [
            7.973662,
            47.38952,
            462.0
          ],
          [
            7.973122,
            47.389544,
            462.0
          ],
          [
            7.972988,
            47.389551,
            462.0
          ],
          [
            7.972898,
            47.389551,
            462.0
          ],
          [
            7.972566,
            47.389593,
            462.0
          ],
          [
            7.972485,
            47.389629,
            463.0
          ],
          [
            7.972422,
            47.389587,
            462.0
          ],
          [
            7.972369,
            47.389557,
            462.0
          ],
          [
            7.971929,
            47.38938,
            460.0
          ],
          [
            7.97156,
            47.38924,
            460.0
          ],
          [
            7.971246,
            47.389119,
            460.0
          ],
          [
            7.971183,
            47.389204,
            460.0
          ],
          [
            7.971048,
            47.389435,
            461.0
          ],
          [
            7.970859,
            47.389727,
            462.0
          ],
          [
            7.970617,
            47.390098,
            463.0
          ],
          [
            7.970527,
            47.39028,
            463.0
          ],
          [
            7.970501,
            47.390365,
            464.0
          ],
          [
            7.970472,
            47.390487,
            464.0
          ],
          [
            7.970375,
            47.390499,
            464.0
          ],
          [
            7.970311,
            47.390505,
            465.0
          ],
          [
            7.970159,
            47.390505,
            465.0
          ],
          [
            7.96953,
            47.390462,
            468.0
          ],
          [
            7.969369,
            47.390462,
            468.0
          ],
          [
            7.969377,
            47.390523,
            468.0
          ],
          [
            7.969476,
            47.390839,
            470.0
          ],
          [
            7.969512,
            47.391047,
            471.0
          ],
          [
            7.96953,
            47.391174,
            472.0
          ],
          [
            7.969539,
            47.391344,
            473.0
          ],
          [
            7.96953,
            47.391539,
            474.0
          ],
          [
            7.969512,
            47.391673,
            474.0
          ],
          [
            7.969449,
            47.391837,
            475.0
          ],
          [
            7.969396,
            47.391885,
            475.0
          ],
          [
            7.96935,
            47.39191,
            476.0
          ],
          [
            7.969459,
            47.39208,
            475.0
          ],
          [
            7.969817,
            47.392457,
            474.0
          ],
          [
            7.969782,
            47.392494,
            475.0
          ],
          [
            7.969755,
            47.392543,
            476.0
          ],
          [
            7.969719,
            47.392731,
            479.0
          ],
          [
            7.969727,
            47.392828,
            480.0
          ],
          [
            7.969736,
            47.39287,
            480.0
          ],
          [
            7.969845,
            47.393217,
            483.0
          ],
          [
            7.969889,
            47.393497,
            484.0
          ],
          [
            7.969935,
            47.394087,
            488.0
          ],
          [
            7.969935,
            47.394093,
            488.0
          ],
          [
            7.969935,
            47.394093,
            488.0
          ],
          [
            7.969916,
            47.394221,
            489.0
          ],
          [
            7.969853,
            47.394251,
            490.0
          ],
          [
            7.969782,
            47.394257,
            490.0
          ],
          [
            7.969575,
            47.394239,
            491.0
          ],
          [
            7.969467,
            47.394257,
            492.0
          ],
          [
            7.969377,
            47.394294,
            493.0
          ],
          [
            7.968973,
            47.394184,
            494.0
          ],
          [
            7.965801,
            47.393314,
            503.0
          ],
          [
            7.965407,
            47.393649,
            505.0
          ],
          [
            7.965407,
            47.393649,
            505.0
          ],
          [
            7.964868,
            47.394105,
            508.0
          ],
          [
            7.964059,
            47.394877,
            517.0
          ],
          [
            7.964625,
            47.395333,
            520.0
          ],
          [
            7.964669,
            47.395412,
            520.0
          ],
          [
            7.964732,
            47.395644,
            520.0
          ],
          [
            7.964724,
            47.395765,
            520.0
          ],
          [
            7.964805,
            47.395808,
            520.0
          ],
          [
            7.965128,
            47.396009,
            520.0
          ],
          [
            7.965425,
            47.396227,
            520.0
          ],
          [
            7.965524,
            47.396343,
            519.0
          ],
          [
            7.965614,
            47.396501,
            517.0
          ],
          [
            7.96564,
            47.396562,
            516.0
          ],
          [
            7.965648,
            47.396623,
            516.0
          ],
          [
            7.965604,
            47.396768,
            514.0
          ],
          [
            7.965532,
            47.396829,
            513.0
          ],
          [
            7.965388,
            47.396878,
            512.0
          ],
          [
            7.965182,
            47.396945,
            511.0
          ],
          [
            7.965021,
            47.397012,
            509.0
          ],
          [
            7.964868,
            47.397085,
            507.0
          ],
          [
            7.964759,
            47.397194,
            506.0
          ],
          [
            7.96458,
            47.39745,
            502.0
          ],
          [
            7.964509,
            47.397584,
            500.0
          ],
          [
            7.96449,
            47.397675,
            500.0
          ],
          [
            7.96449,
            47.397766,
            500.0
          ],
          [
            7.964499,
            47.39782,
            499.0
          ],
          [
            7.964517,
            47.397869,
            499.0
          ],
          [
            7.964562,
            47.397949,
            499.0
          ],
          [
            7.96458,
            47.397979,
            499.0
          ],
          [
            7.964616,
            47.398003,
            499.0
          ],
          [
            7.964572,
            47.398052,
            499.0
          ],
          [
            7.96449,
            47.398179,
            500.0
          ],
          [
            7.964212,
            47.398581,
            502.0
          ],
          [
            7.963979,
            47.398897,
            504.0
          ],
          [
            7.963933,
            47.398964,
            505.0
          ],
          [
            7.963834,
            47.399158,
            506.0
          ],
          [
            7.963736,
            47.399353,
            507.0
          ],
          [
            7.963574,
            47.399778,
            510.0
          ],
          [
            7.963044,
            47.401287,
            516.0
          ],
          [
            7.962927,
            47.401603,
            518.0
          ],
          [
            7.962874,
            47.4017,
            518.0
          ],
          [
            7.962774,
            47.401871,
            519.0
          ],
          [
            7.962738,
            47.401925,
            519.0
          ],
          [
            7.962648,
            47.402046,
            520.0
          ],
          [
            7.962577,
            47.402125,
            520.0
          ],
          [
            7.962487,
            47.402229,
            521.0
          ],
          [
            7.962343,
            47.402375,
            521.0
          ],
          [
            7.962235,
            47.40246,
            522.0
          ],
          [
            7.962092,
            47.402557,
            523.0
          ],
          [
            7.961912,
            47.40263,
            523.0
          ],
          [
            7.961696,
            47.402685,
            524.0
          ],
          [
            7.961032,
            47.402831,
            526.0
          ],
          [
            7.96079,
            47.402886,
            527.0
          ],
          [
            7.960618,
            47.40294,
            527.0
          ],
          [
            7.960511,
            47.402977,
            528.0
          ],
          [
            7.960197,
            47.403098,
            529.0
          ],
          [
            7.959954,
            47.403184,
            530.0
          ],
          [
            7.959685,
            47.403263,
            530.0
          ],
          [
            7.959532,
            47.403305,
            531.0
          ],
          [
            7.959235,
            47.40336,
            532.0
          ],
          [
            7.959119,
            47.403378,
            532.0
          ],
          [
            7.959002,
            47.403402,
            533.0
          ],
          [
            7.958723,
            47.403566,
            540.0
          ],
          [
            7.958507,
            47.403633,
            542.0
          ],
          [
            7.958211,
            47.403743,
            545.0
          ],
          [
            7.957878,
            47.403846,
            548.0
          ],
          [
            7.95769,
            47.403895,
            550.0
          ],
          [
            7.957367,
            47.403992,
            553.0
          ],
          [
            7.956935,
            47.40415,
            556.0
          ],
          [
            7.956495,
            47.404333,
            559.0
          ],
          [
            7.956235,
            47.404478,
            562.0
          ],
          [
            7.956064,
            47.404716,
            564.0
          ],
          [
            7.955929,
            47.40519,
            569.0
          ],
          [
            7.95592,
            47.405664,
            578.0
          ],
          [
            7.956136,
            47.406886,
            588.0
          ],
          [
            7.956352,
            47.407275,
            591.0
          ],
          [
            7.95654,
            47.407501,
            597.0
          ],
          [
            7.956908,
            47.40767,
            607.0
          ],
          [
            7.957277,
            47.407786,
            618.0
          ],
          [
            7.957627,
            47.407847,
            627.0
          ],
          [
            7.95787,
            47.407908,
            631.0
          ],
          [
            7.957995,
            47.407926,
            633.0
          ],
          [
            7.958004,
            47.407944,
            633.0
          ],
          [
            7.958014,
            47.407969,
            632.0
          ],
          [
            7.95805,
            47.408048,
            632.0
          ],
          [
            7.958094,
            47.408048,
            632.0
          ],
          [
            7.95813,
            47.408054,
            633.0
          ],
          [
            7.958184,
            47.408066,
            633.0
          ],
          [
            7.958293,
            47.408102,
            634.0
          ],
          [
            7.95857,
            47.408193,
            637.0
          ],
          [
            7.95866,
            47.408217,
            637.0
          ],
          [
            7.958769,
            47.408248,
            638.0
          ],
          [
            7.958849,
            47.40826,
            639.0
          ],
          [
            7.958966,
            47.408284,
            640.0
          ],
          [
            7.959172,
            47.408321,
            643.0
          ],
          [
            7.959622,
            47.408406,
            649.0
          ],
          [
            7.960214,
            47.408516,
            656.0
          ],
          [
            7.960753,
            47.408613,
            663.0
          ],
          [
            7.961067,
            47.408673,
            666.0
          ],
          [
            7.961346,
            47.408722,
            670.0
          ],
          [
            7.961696,
            47.408783,
            673.0
          ],
          [
            7.961903,
            47.408826,
            675.0
          ],
          [
            7.962172,
            47.408887,
            678.0
          ],
          [
            7.962577,
            47.408978,
            682.0
          ],
          [
            7.962784,
            47.409032,
            684.0
          ],
          [
            7.962972,
            47.409087,
            685.0
          ],
          [
            7.96361,
            47.409263,
            692.0
          ],
          [
            7.96378,
            47.409312,
            694.0
          ],
          [
            7.963834,
            47.409324,
            695.0
          ],
          [
            7.964975,
            47.409646,
            708.0
          ],
          [
            7.965667,
            47.409859,
            717.0
          ],
          [
            7.965901,
            47.409944,
            720.0
          ],
          [
            7.965946,
            47.409969,
            721.0
          ],
          [
            7.966,
            47.410017,
            722.0
          ],
          [
            7.966035,
            47.410078,
            723.0
          ],
          [
            7.966071,
            47.41023,
            725.0
          ],
          [
            7.96609,
            47.4104,
            728.0
          ],
          [
            7.966107,
            47.410503,
            730.0
          ],
          [
            7.966107,
            47.410558,
            730.0
          ],
          [
            7.966134,
            47.410619,
            730.0
          ],
          [
            7.966071,
            47.410668,
            731.0
          ],
          [
            7.965927,
            47.410753,
            731.0
          ],
          [
            7.965864,
            47.410814,
            731.0
          ],
          [
            7.965801,
            47.410887,
            732.0
          ],
          [
            7.965721,
            47.410947,
            732.0
          ],
          [
            7.965559,
            47.410984,
            732.0
          ],
          [
            7.965352,
            47.411002,
            733.0
          ],
          [
            7.965164,
            47.41102,
            733.0
          ],
          [
            7.965021,
            47.411038,
            734.0
          ],
          [
            7.964876,
            47.411069,
            734.0
          ],
          [
            7.964786,
            47.411111,
            734.0
          ],
          [
            7.964652,
            47.411178,
            735.0
          ],
          [
            7.964616,
            47.411209,
            735.0
          ],
          [
            7.964545,
            47.411324,
            736.0
          ],
          [
            7.964436,
            47.411537,
            736.0
          ],
          [
            7.964356,
            47.411707,
            737.0
          ],
          [
            7.964338,
            47.411811,
            737.0
          ],
          [
            7.964329,
            47.411889,
            738.0
          ],
          [
            7.964346,
            47.411956,
            738.0
          ],
          [
            7.964382,
            47.412109,
            738.0
          ],
          [
            7.964419,
            47.412218,
            739.0
          ],
          [
            7.964526,
            47.412412,
            740.0
          ],
          [
            7.964759,
            47.412686,
            743.0
          ],
          [
            7.965002,
            47.412929,
            747.0
          ],
          [
            7.965281,
            47.413166,
            751.0
          ],
          [
            7.965488,
            47.413312,
            753.0
          ],
          [
            7.965748,
            47.41347,
            756.0
          ],
          [
            7.966277,
            47.413786,
            760.0
          ],
          [
            7.966332,
            47.413871,
            760.0
          ],
          [
            7.96635,
            47.413951,
            760.0
          ],
          [
            7.96635,
            47.413951,
            760.0
          ],
          [
            7.966359,
            47.413999,
            760.0
          ],
          [
            7.966367,
            47.414102,
            760.0
          ],
          [
            7.966323,
            47.414157,
            760.0
          ],
          [
            7.965784,
            47.414479,
            761.0
          ],
          [
            7.965451,
            47.414722,
            764.0
          ],
          [
            7.965254,
            47.414899,
            766.0
          ],
          [
            7.965182,
            47.41499,
            767.0
          ],
          [
            7.965182,
            47.415032,
            768.0
          ],
          [
            7.965172,
            47.415069,
            768.0
          ],
          [
            7.965083,
            47.415251,
            770.0
          ],
          [
            7.964895,
            47.415318,
            770.0
          ],
          [
            7.964841,
            47.415343,
            770.0
          ],
          [
            7.964769,
            47.415367,
            770.0
          ],
          [
            7.964293,
            47.415482,
            770.0
          ],
          [
            7.96404,
            47.415555,
            771.0
          ],
          [
            7.963889,
            47.415597,
            773.0
          ],
          [
            7.96369,
            47.415634,
            776.0
          ],
          [
            7.963601,
            47.415634,
            777.0
          ],
          [
            7.963323,
            47.415671,
            780.0
          ],
          [
            7.963151,
            47.415695,
            782.0
          ],
          [
            7.96299,
            47.415732,
            783.0
          ],
          [
            7.962784,
            47.415774,
            785.0
          ],
          [
            7.962675,
            47.415786,
            786.0
          ],
          [
            7.962612,
            47.415792,
            787.0
          ],
          [
            7.962496,
            47.415805,
            788.0
          ],
          [
            7.962379,
            47.415799,
            789.0
          ],
          [
            7.962281,
            47.415786,
            790.0
          ],
          [
            7.961985,
            47.415762,
            789.0
          ],
          [
            7.961876,
            47.415756,
            789.0
          ],
          [
            7.961759,
            47.415756,
            789.0
          ],
          [
            7.961643,
            47.415762,
            788.0
          ],
          [
            7.961463,
            47.415774,
            788.0
          ],
          [
            7.961419,
            47.415762,
            788.0
          ],
          [
            7.96139,
            47.415756,
            788.0
          ],
          [
            7.961356,
            47.415738,
            788.0
          ],
          [
            7.961256,
            47.415664,
            787.0
          ],
          [
            7.961176,
            47.415628,
            787.0
          ],
          [
            7.961094,
            47.415603,
            787.0
          ],
          [
            7.961004,
            47.415585,
            787.0
          ],
          [
            7.96079,
            47.415549,
            786.0
          ],
          [
            7.960664,
            47.415537,
            786.0
          ],
          [
            7.960564,
            47.415525,
            785.0
          ],
          [
            7.960484,
            47.415525,
            785.0
          ],
          [
            7.960394,
            47.415543,
            785.0
          ],
          [
            7.960268,
            47.415573,
            785.0
          ],
          [
            7.960214,
            47.415585,
            785.0
          ],
          [
            7.960151,
            47.415603,
            784.0
          ],
          [
            7.960098,
            47.41561,
            784.0
          ],
          [
            7.960044,
            47.415603,
            784.0
          ],
          [
            7.95999,
            47.415585,
            784.0
          ],
          [
            7.959782,
            47.415506,
            783.0
          ],
          [
            7.959693,
            47.41547,
            783.0
          ],
          [
            7.959639,
            47.415446,
            783.0
          ],
          [
            7.959568,
            47.41544,
            783.0
          ],
          [
            7.959495,
            47.415434,
            783.0
          ],
          [
            7.959442,
            47.41544,
            782.0
          ],
          [
            7.959343,
            47.415464,
            782.0
          ],
          [
            7.959199,
            47.4155,
            782.0
          ],
          [
            7.958993,
            47.415573,
            781.0
          ],
          [
            7.95866,
            47.415707,
            780.0
          ],
          [
            7.958633,
            47.415719,
            780.0
          ],
          [
            7.958606,
            47.415732,
            780.0
          ],
          [
            7.95849,
            47.41578,
            780.0
          ],
          [
            7.958507,
            47.415799,
            780.0
          ],
          [
            7.958516,
            47.415829,
            780.0
          ],
          [
            7.958516,
            47.415865,
            781.0
          ],
          [
            7.958471,
            47.415932,
            782.0
          ],
          [
            7.958382,
            47.416011,
            783.0
          ],
          [
            7.958229,
            47.416096,
            785.0
          ],
          [
            7.958113,
            47.416157,
            787.0
          ],
          [
            7.957995,
            47.416212,
            788.0
          ],
          [
            7.957851,
            47.416279,
            790.0
          ],
          [
            7.957564,
            47.416382,
            792.0
          ],
          [
            7.957474,
            47.416406,
            793.0
          ],
          [
            7.957429,
            47.416412,
            794.0
          ],
          [
            7.957358,
            47.416418,
            794.0
          ],
          [
            7.957241,
            47.416406,
            795.0
          ],
          [
            7.957043,
            47.416406,
            797.0
          ],
          [
            7.957016,
            47.416406,
            797.0
          ],
          [
            7.956836,
            47.416424,
            799.0
          ],
          [
            7.956532,
            47.416503,
            801.0
          ],
          [
            7.955983,
            47.41665,
            805.0
          ],
          [
            7.955767,
            47.416722,
            806.0
          ],
          [
            7.955696,
            47.416735,
            807.0
          ],
          [
            7.955507,
            47.416777,
            808.0
          ],
          [
            7.955121,
            47.416795,
            810.0
          ],
          [
            7.954842,
            47.416801,
            810.0
          ],
          [
            7.954869,
            47.416856,
            811.0
          ],
          [
            7.955031,
            47.416923,
            814.0
          ],
          [
            7.955031,
            47.416983,
            815.0
          ],
          [
            7.954995,
            47.41702,
            816.0
          ],
          [
            7.954043,
            47.4173,
            824.0
          ],
          [
            7.953477,
            47.417421,
            828.0
          ],
          [
            7.953423,
            47.417433,
            828.0
          ],
          [
            7.953333,
            47.417482,
            829.0
          ],
          [
            7.95327,
            47.417543,
            829.0
          ],
          [
            7.953216,
            47.417658,
            830.0
          ],
          [
            7.953207,
            47.41784,
            832.0
          ],
          [
            7.95319,
            47.418035,
            834.0
          ],
          [
            7.953019,
            47.418145,
            835.0
          ],
          [
            7.952929,
            47.418211,
            836.0
          ],
          [
            7.952794,
            47.418248,
            836.0
          ],
          [
            7.952687,
            47.418302,
            837.0
          ],
          [
            7.952551,
            47.418394,
            838.0
          ],
          [
            7.952471,
            47.418449,
            839.0
          ],
          [
            7.952408,
            47.418485,
            839.0
          ],
          [
            7.952398,
            47.418667,
            837.0
          ],
          [
            7.952363,
            47.41877,
            837.0
          ],
          [
            7.952318,
            47.418844,
            836.0
          ],
          [
            7.952282,
            47.418893,
            836.0
          ],
          [
            7.952085,
            47.419184,
            833.0
          ],
          [
            7.951968,
            47.419367,
            832.0
          ],
          [
            7.951895,
            47.419476,
            831.0
          ],
          [
            7.951832,
            47.419567,
            830.0
          ],
          [
            7.951618,
            47.419774,
            829.0
          ],
          [
            7.951321,
            47.420029,
            828.0
          ],
          [
            7.951123,
            47.420205,
            827.0
          ],
          [
            7.951033,
            47.420266,
            827.0
          ],
          [
            7.950926,
            47.420303,
            826.0
          ],
          [
            7.950836,
            47.420333,
            826.0
          ],
          [
            7.950701,
            47.420363,
            826.0
          ],
          [
            7.950557,
            47.420387,
            825.0
          ],
          [
            7.950674,
            47.420436,
            825.0
          ],
          [
            7.950989,
            47.420545,
            824.0
          ],
          [
            7.952174,
            47.420934,
            821.0
          ],
          [
            7.952687,
            47.421111,
            821.0
          ],
          [
            7.953046,
            47.421269,
            823.0
          ],
          [
            7.953683,
            47.421579,
            826.0
          ],
          [
            7.953863,
            47.421658,
            827.0
          ],
          [
            7.954249,
            47.421925,
            830.0
          ],
          [
            7.954492,
            47.422059,
            831.0
          ],
          [
            7.954735,
            47.422223,
            833.0
          ],
          [
            7.955148,
            47.422527,
            835.0
          ],
          [
            7.955327,
            47.422648,
            837.0
          ],
          [
            7.955417,
            47.422685,
            837.0
          ],
          [
            7.955534,
            47.422727,
            838.0
          ],
          [
            7.955624,
            47.422788,
            838.0
          ],
          [
            7.95566,
            47.422868,
            839.0
          ],
          [
            7.955704,
            47.422952,
            840.0
          ],
          [
            7.955857,
            47.423116,
            840.0
          ],
          [
            7.956046,
            47.423299,
            840.0
          ],
          [
            7.956216,
            47.423408,
            840.0
          ],
          [
            7.956486,
            47.423505,
            840.0
          ],
          [
            7.956782,
            47.423572,
            840.0
          ],
          [
            7.957035,
            47.423615,
            839.0
          ],
          [
            7.957322,
            47.423639,
            837.0
          ],
          [
            7.957601,
            47.423645,
            836.0
          ],
          [
            7.957788,
            47.423664,
            835.0
          ],
          [
            7.958203,
            47.4237,
            833.0
          ],
          [
            7.958364,
            47.423725,
            832.0
          ],
          [
            7.958436,
            47.423749,
            832.0
          ],
          [
            7.95849,
            47.423791,
            831.0
          ],
          [
            7.958499,
            47.423834,
            831.0
          ],
          [
            7.958499,
            47.423882,
            831.0
          ],
          [
            7.958759,
            47.424004,
            829.0
          ],
          [
            7.958893,
            47.424052,
            828.0
          ],
          [
            7.958983,
            47.424077,
            828.0
          ],
          [
            7.959092,
            47.424089,
            827.0
          ],
          [
            7.95919,
            47.424095,
            827.0
          ],
          [
            7.959306,
            47.424089,
            826.0
          ],
          [
            7.959352,
            47.424095,
            826.0
          ],
          [
            7.959396,
            47.424113,
            826.0
          ],
          [
            7.959432,
            47.424138,
            826.0
          ],
          [
            7.959469,
            47.424174,
            825.0
          ],
          [
            7.959495,
            47.424223,
            825.0
          ],
          [
            7.959495,
            47.424247,
            825.0
          ],
          [
            7.959486,
            47.424277,
            825.0
          ],
          [
            7.959361,
            47.424393,
            824.0
          ],
          [
            7.959272,
            47.424472,
            823.0
          ],
          [
            7.959119,
            47.424618,
            822.0
          ],
          [
            7.958948,
            47.42483,
            819.0
          ],
          [
            7.95883,
            47.425001,
            815.0
          ],
          [
            7.95875,
            47.425086,
            813.0
          ],
          [
            7.95858,
            47.425256,
            809.0
          ],
          [
            7.958543,
            47.425286,
            809.0
          ],
          [
            7.958543,
            47.425286,
            809.0
          ],
          [
            7.958444,
            47.425371,
            807.0
          ],
          [
            7.958364,
            47.425444,
            806.0
          ],
          [
            7.958327,
            47.425499,
            805.0
          ],
          [
            7.95831,
            47.425548,
            805.0
          ],
          [
            7.958301,
            47.425602,
            804.0
          ],
          [
            7.958293,
            47.42573,
            803.0
          ],
          [
            7.958373,
            47.425833,
            801.0
          ],
          [
            7.958293,
            47.425833,
            800.0
          ],
          [
            7.95822,
            47.425845,
            800.0
          ],
          [
            7.958166,
            47.425876,
            800.0
          ],
          [
            7.958113,
            47.425912,
            800.0
          ],
          [
            7.95804,
            47.425967,
            800.0
          ],
          [
            7.957951,
            47.42604,
            800.0
          ],
          [
            7.957888,
            47.426094,
            800.0
          ],
          [
            7.957816,
            47.426137,
            800.0
          ],
          [
            7.957735,
            47.426179,
            800.0
          ],
          [
            7.957664,
            47.426216,
            800.0
          ],
          [
            7.957591,
            47.426265,
            800.0
          ],
          [
            7.957537,
            47.426314,
            800.0
          ],
          [
            7.957484,
            47.426399,
            800.0
          ],
          [
            7.957465,
            47.426453,
            800.0
          ],
          [
            7.957457,
            47.426508,
            800.0
          ],
          [
            7.957457,
            47.426568,
            800.0
          ],
          [
            7.957474,
            47.426641,
            800.0
          ],
          [
            7.957474,
            47.42669,
            800.0
          ],
          [
            7.957448,
            47.426745,
            800.0
          ],
          [
            7.957429,
            47.4268,
            800.0
          ],
          [
            7.957375,
            47.426891,
            800.0
          ],
          [
            7.957348,
            47.426957,
            800.0
          ],
          [
            7.95734,
            47.427006,
            800.0
          ],
          [
            7.957331,
            47.427079,
            800.0
          ],
          [
            7.957322,
            47.427146,
            800.0
          ],
          [
            7.957331,
            47.427292,
            800.0
          ],
          [
            7.95734,
            47.42748,
            803.0
          ],
          [
            7.957367,
            47.427657,
            806.0
          ],
          [
            7.957394,
            47.427826,
            809.0
          ],
          [
            7.957411,
            47.427917,
            810.0
          ],
          [
            7.957411,
            47.428064,
            813.0
          ],
          [
            7.957438,
            47.428167,
            815.0
          ],
          [
            7.957474,
            47.428234,
            816.0
          ],
          [
            7.957511,
            47.428288,
            817.0
          ],
          [
            7.957547,
            47.428331,
            818.0
          ],
          [
            7.95769,
            47.428434,
            820.0
          ],
          [
            7.957861,
            47.428568,
            822.0
          ],
          [
            7.957995,
            47.428689,
            823.0
          ],
          [
            7.95813,
            47.428829,
            824.0
          ],
          [
            7.958193,
            47.428884,
            824.0
          ],
          [
            7.9584,
            47.429054,
            826.0
          ],
          [
            7.958507,
            47.429127,
            826.0
          ],
          [
            7.958714,
            47.429249,
            828.0
          ],
          [
            7.95892,
            47.42937,
            829.0
          ],
          [
            7.959029,
            47.429431,
            829.0
          ],
          [
            7.959163,
            47.429522,
            830.0
          ],
          [
            7.959208,
            47.42957,
            830.0
          ],
          [
            7.959245,
            47.429601,
            830.0
          ],
          [
            7.959262,
            47.429637,
            830.0
          ],
          [
            7.959262,
            47.429674,
            830.0
          ],
          [
            7.959235,
            47.429723,
            830.0
          ],
          [
            7.959208,
            47.429759,
            830.0
          ],
          [
            7.959208,
            47.429802,
            830.0
          ],
          [
            7.959208,
            47.429869,
            830.0
          ],
          [
            7.959217,
            47.429984,
            830.0
          ],
          [
            7.959235,
            47.430106,
            829.0
          ],
          [
            7.959262,
            47.430179,
            828.0
          ],
          [
            7.959325,
            47.430306,
            827.0
          ],
          [
            7.959343,
            47.430403,
            825.0
          ],
          [
            7.959352,
            47.430476,
            824.0
          ],
          [
            7.959306,
            47.430531,
            824.0
          ],
          [
            7.959235,
            47.430574,
            823.0
          ],
          [
            7.959155,
            47.430622,
            822.0
          ],
          [
            7.959046,
            47.430653,
            821.0
          ],
          [
            7.958822,
            47.430701,
            820.0
          ],
          [
            7.95875,
            47.430677,
            820.0
          ],
          [
            7.958543,
            47.430689,
            820.0
          ],
          [
            7.958417,
            47.430701,
            820.0
          ],
          [
            7.95814,
            47.430731,
            820.0
          ],
          [
            7.95787,
            47.430756,
            821.0
          ],
          [
            7.957681,
            47.43078,
            822.0
          ],
          [
            7.957358,
            47.430822,
            825.0
          ],
          [
            7.957214,
            47.430847,
            826.0
          ],
          [
            7.957016,
            47.430847,
            828.0
          ],
          [
            7.956918,
            47.430853,
            829.0
          ],
          [
            7.956719,
            47.430859,
            830.0
          ],
          [
            7.956253,
            47.430938,
            832.0
          ],
          [
            7.955884,
            47.430999,
            834.0
          ],
          [
            7.95575,
            47.431023,
            835.0
          ],
          [
            7.955633,
            47.431036,
            836.0
          ],
          [
            7.95549,
            47.431036,
            836.0
          ],
          [
            7.955364,
            47.431036,
            837.0
          ],
          [
            7.95522,
            47.43106,
            838.0
          ],
          [
            7.955121,
            47.43109,
            838.0
          ],
          [
            7.954987,
            47.431133,
            839.0
          ],
          [
            7.954815,
            47.431145,
            840.0
          ],
          [
            7.954635,
            47.431145,
            841.0
          ],
          [
            7.954456,
            47.431151,
            842.0
          ],
          [
            7.954339,
            47.431169,
            842.0
          ],
          [
            7.954232,
            47.431193,
            843.0
          ],
          [
            7.954159,
            47.431217,
            844.0
          ],
          [
            7.954052,
            47.431254,
            844.0
          ],
          [
            7.954016,
            47.431278,
            845.0
          ],
          [
            7.954052,
            47.431418,
            846.0
          ],
          [
            7.954052,
            47.431509,
            846.0
          ],
          [
            7.953989,
            47.431558,
            847.0
          ],
          [
            7.953782,
            47.431612,
            848.0
          ],
          [
            7.953495,
            47.431655,
            850.0
          ],
          [
            7.952947,
            47.431667,
            850.0
          ],
          [
            7.952372,
            47.431625,
            850.0
          ],
          [
            7.952102,
            47.431594,
            850.0
          ],
          [
            7.952022,
            47.431594,
            850.0
          ],
          [
            7.951869,
            47.431655,
            850.0
          ],
          [
            7.951716,
            47.431807,
            850.0
          ],
          [
            7.951671,
            47.432008,
            850.0
          ],
          [
            7.951681,
            47.432202,
            850.0
          ],
          [
            7.951708,
            47.432293,
            850.0
          ],
          [
            7.951779,
            47.43239,
            850.0
          ],
          [
            7.951887,
            47.432494,
            848.0
          ],
          [
            7.951995,
            47.432579,
            847.0
          ],
          [
            7.952157,
            47.432682,
            844.0
          ],
          [
            7.952219,
            47.432743,
            843.0
          ],
          [
            7.952274,
            47.432798,
            842.0
          ],
          [
            7.952282,
            47.432828,
            842.0
          ],
          [
            7.952282,
            47.43287,
            841.0
          ],
          [
            7.952264,
            47.432925,
            840.0
          ],
          [
            7.952211,
            47.432967,
            840.0
          ],
          [
            7.952148,
            47.432992,
            839.0
          ],
          [
            7.952085,
            47.43301,
            838.0
          ],
          [
            7.951708,
            47.433095,
            835.0
          ],
          [
            7.951419,
            47.433144,
            832.0
          ],
          [
            7.951249,
            47.433181,
            831.0
          ],
          [
            7.950916,
            47.433144,
            829.0
          ],
          [
            7.950674,
            47.43312,
            828.0
          ],
          [
            7.950459,
            47.433089,
            827.0
          ],
          [
            7.950234,
            47.433059,
            827.0
          ],
          [
            7.950054,
            47.433016,
            826.0
          ],
          [
            7.94983,
            47.432919,
            825.0
          ],
          [
            7.949624,
            47.432822,
            824.0
          ],
          [
            7.949435,
            47.432707,
            823.0
          ],
          [
            7.949318,
            47.432621,
            823.0
          ],
          [
            7.949138,
            47.432475,
            822.0
          ],
          [
            7.948968,
            47.432354,
            821.0
          ],
          [
            7.948815,
            47.432269,
            820.0
          ],
          [
            7.948626,
            47.432202,
            819.0
          ],
          [
            7.948159,
            47.432092,
            817.0
          ],
          [
            7.948006,
            47.43205,
            816.0
          ],
          [
            7.94788,
            47.432008,
            815.0
          ],
          [
            7.9478,
            47.431953,
            815.0
          ],
          [
            7.947746,
            47.431886,
            814.0
          ],
          [
            7.947719,
            47.431807,
            814.0
          ],
          [
            7.947754,
            47.431734,
            813.0
          ],
          [
            7.9478,
            47.431679,
            813.0
          ],
          [
            7.947863,
            47.431649,
            812.0
          ],
          [
            7.947934,
            47.431612,
            812.0
          ],
          [
            7.947979,
            47.431582,
            812.0
          ],
          [
            7.947997,
            47.431528,
            811.0
          ],
          [
            7.947997,
            47.431485,
            811.0
          ],
          [
            7.94797,
            47.431455,
            811.0
          ],
          [
            7.947907,
            47.431443,
            811.0
          ],
          [
            7.947844,
            47.431449,
            810.0
          ],
          [
            7.947773,
            47.431467,
            810.0
          ],
          [
            7.947674,
            47.431528,
            809.0
          ],
          [
            7.947485,
            47.431667,
            808.0
          ],
          [
            7.947413,
            47.431728,
            808.0
          ],
          [
            7.947153,
            47.431868,
            806.0
          ],
          [
            7.94709,
            47.431941,
            806.0
          ],
          [
            7.947081,
            47.431983,
            805.0
          ],
          [
            7.947071,
            47.432008,
            805.0
          ],
          [
            7.94709,
            47.432068,
            805.0
          ],
          [
            7.947117,
            47.432129,
            804.0
          ],
          [
            7.947161,
            47.432165,
            804.0
          ],
          [
            7.94727,
            47.432208,
            803.0
          ],
          [
            7.947719,
            47.432324,
            801.0
          ],
          [
            7.947871,
            47.432384,
            800.0
          ],
          [
            7.947961,
            47.432445,
            800.0
          ],
          [
            7.948024,
            47.4325,
            799.0
          ],
          [
            7.94806,
            47.432566,
            798.0
          ],
          [
            7.948087,
            47.432864,
            796.0
          ],
          [
            7.948132,
            47.433077,
            794.0
          ],
          [
            7.948203,
            47.433496,
            790.0
          ],
          [
            7.948213,
            47.433563,
            789.0
          ],
          [
            7.948195,
            47.433618,
            788.0
          ],
          [
            7.948159,
            47.433685,
            788.0
          ],
          [
            7.948079,
            47.433782,
            787.0
          ],
          [
            7.947997,
            47.43391,
            785.0
          ],
          [
            7.947961,
            47.433971,
            784.0
          ],
          [
            7.947943,
            47.43411,
            783.0
          ],
          [
            7.947926,
            47.434183,
            782.0
          ],
          [
            7.94789,
            47.434262,
            781.0
          ],
          [
            7.947827,
            47.434341,
            780.0
          ],
          [
            7.9477,
            47.434457,
            779.0
          ],
          [
            7.947603,
            47.434529,
            777.0
          ],
          [
            7.947458,
            47.434626,
            776.0
          ],
          [
            7.947395,
            47.434602,
            775.0
          ],
          [
            7.947305,
            47.434584,
            774.0
          ],
          [
            7.94718,
            47.434572,
            773.0
          ],
          [
            7.947108,
            47.434578,
            773.0
          ],
          [
            7.947063,
            47.434596,
            772.0
          ],
          [
            7.947027,
            47.434632,
            771.0
          ],
          [
            7.947018,
            47.434687,
            771.0
          ],
          [
            7.947018,
            47.434803,
            769.0
          ],
          [
            7.947071,
            47.435021,
            765.0
          ],
          [
            7.947171,
            47.435672,
            756.0
          ],
          [
            7.94718,
            47.435811,
            754.0
          ],
          [
            7.947171,
            47.43589,
            753.0
          ],
          [
            7.947161,
            47.435976,
            752.0
          ],
          [
            7.947098,
            47.436091,
            750.0
          ],
          [
            7.947054,
            47.436194,
            749.0
          ],
          [
            7.947037,
            47.436273,
            748.0
          ],
          [
            7.947027,
            47.436364,
            746.0
          ],
          [
            7.947037,
            47.436444,
            745.0
          ],
          [
            7.947054,
            47.436541,
            744.0
          ],
          [
            7.947126,
            47.436704,
            742.0
          ],
          [
            7.947278,
            47.43696,
            738.0
          ],
          [
            7.947513,
            47.437476,
            731.0
          ],
          [
            7.947611,
            47.437671,
            728.0
          ],
          [
            7.947664,
            47.437847,
            726.0
          ],
          [
            7.94771,
            47.438029,
            723.0
          ],
          [
            7.947754,
            47.438193,
            721.0
          ],
          [
            7.947809,
            47.438467,
            718.0
          ],
          [
            7.947844,
            47.438588,
            717.0
          ],
          [
            7.947899,
            47.438698,
            716.0
          ],
          [
            7.947943,
            47.438807,
            716.0
          ],
          [
            7.948087,
            47.439008,
            714.0
          ],
          [
            7.94823,
            47.43922,
            712.0
          ],
          [
            7.948276,
            47.439281,
            711.0
          ],
          [
            7.948329,
            47.439348,
            711.0
          ],
          [
            7.948356,
            47.439403,
            710.0
          ],
          [
            7.948366,
            47.439457,
            710.0
          ],
          [
            7.948347,
            47.439536,
            709.0
          ],
          [
            7.948285,
            47.439621,
            708.0
          ],
          [
            7.94824,
            47.439676,
            707.0
          ],
          [
            7.94815,
            47.439749,
            706.0
          ],
          [
            7.94806,
            47.439798,
            706.0
          ],
          [
            7.947997,
            47.439816,
            705.0
          ],
          [
            7.947907,
            47.439834,
            704.0
          ],
          [
            7.947844,
            47.439846,
            704.0
          ],
          [
            7.947781,
            47.439846,
            703.0
          ],
          [
            7.9477,
            47.43984,
            703.0
          ],
          [
            7.947574,
            47.43981,
            702.0
          ],
          [
            7.947584,
            47.43987,
            702.0
          ],
          [
            7.947603,
            47.439895,
            702.0
          ],
          [
            7.947629,
            47.439931,
            702.0
          ],
          [
            7.947674,
            47.439955,
            702.0
          ],
          [
            7.947719,
            47.439979,
            701.0
          ],
          [
            7.947773,
            47.439998,
            701.0
          ],
          [
            7.947979,
            47.440065,
            701.0
          ],
          [
            7.948087,
            47.440101,
            701.0
          ],
          [
            7.948446,
            47.440223,
            701.0
          ],
          [
            7.948895,
            47.440356,
            700.0
          ],
          [
            7.949148,
            47.440429,
            700.0
          ],
          [
            7.949272,
            47.440466,
            700.0
          ],
          [
            7.949354,
            47.44049,
            699.0
          ],
          [
            7.949398,
            47.440563,
            698.0
          ],
          [
            7.949471,
            47.440636,
            697.0
          ],
          [
            7.949614,
            47.440769,
            695.0
          ],
          [
            7.949722,
            47.440879,
            693.0
          ],
          [
            7.949777,
            47.440934,
            692.0
          ],
          [
            7.949803,
            47.440995,
            691.0
          ],
          [
            7.949884,
            47.441134,
            690.0
          ],
          [
            7.949937,
            47.441231,
            689.0
          ],
          [
            7.949964,
            47.441316,
            688.0
          ],
          [
            7.949964,
            47.441402,
            688.0
          ],
          [
            7.949964,
            47.44148,
            687.0
          ],
          [
            7.949955,
            47.441547,
            686.0
          ],
          [
            7.949947,
            47.441626,
            686.0
          ],
          [
            7.949937,
            47.441681,
            685.0
          ],
          [
            7.949901,
            47.441723,
            685.0
          ],
          [
            7.949857,
            47.44176,
            685.0
          ],
          [
            7.949767,
            47.441827,
            684.0
          ],
          [
            7.949704,
            47.441869,
            684.0
          ],
          [
            7.949658,
            47.441924,
            683.0
          ],
          [
            7.949587,
            47.442021,
            682.0
          ],
          [
            7.949498,
            47.442112,
            682.0
          ],
          [
            7.949398,
            47.44221,
            681.0
          ],
          [
            7.949398,
            47.442216,
            681.0
          ],
          [
            7.949398,
            47.442216,
            681.0
          ],
          [
            7.949308,
            47.442289,
            680.0
          ],
          [
            7.949237,
            47.442379,
            679.0
          ],
          [
            7.949111,
            47.442538,
            678.0
          ],
          [
            7.948913,
            47.44269,
            677.0
          ],
          [
            7.948779,
            47.442793,
            676.0
          ],
          [
            7.948698,
            47.442871,
            675.0
          ],
          [
            7.948608,
            47.442987,
            674.0
          ],
          [
            7.948527,
            47.443097,
            673.0
          ],
          [
            7.948456,
            47.443212,
            673.0
          ],
          [
            7.948419,
            47.443297,
            672.0
          ],
          [
            7.948356,
            47.443364,
            671.0
          ],
          [
            7.94823,
            47.443309,
            671.0
          ],
          [
            7.948132,
            47.443248,
            670.0
          ],
          [
            7.948033,
            47.443169,
            669.0
          ],
          [
            7.948016,
            47.443157,
            669.0
          ],
          [
            7.947989,
            47.443151,
            669.0
          ],
          [
            7.947961,
            47.443151,
            669.0
          ],
          [
            7.947926,
            47.443151,
            669.0
          ],
          [
            7.947899,
            47.443157,
            668.0
          ],
          [
            7.947871,
            47.443169,
            668.0
          ],
          [
            7.947836,
            47.443194,
            668.0
          ],
          [
            7.947719,
            47.443285,
            667.0
          ],
          [
            7.947637,
            47.443358,
            666.0
          ],
          [
            7.947503,
            47.443504,
            665.0
          ],
          [
            7.947458,
            47.443576,
            664.0
          ],
          [
            7.94744,
            47.443661,
            663.0
          ],
          [
            7.94744,
            47.443789,
            662.0
          ],
          [
            7.947431,
            47.443838,
            662.0
          ],
          [
            7.947404,
            47.443935,
            661.0
          ],
          [
            7.94736,
            47.444044,
            660.0
          ],
          [
            7.947297,
            47.444142,
            659.0
          ],
          [
            7.947117,
            47.444409,
            656.0
          ],
          [
            7.947071,
            47.444494,
            655.0
          ],
          [
            7.946982,
            47.444791,
            652.0
          ],
          [
            7.946955,
            47.444889,
            651.0
          ],
          [
            7.946937,
            47.445005,
            650.0
          ],
          [
            7.946919,
            47.445095,
            649.0
          ],
          [
            7.946901,
            47.445132,
            649.0
          ],
          [
            7.946874,
            47.445174,
            648.0
          ],
          [
            7.946838,
            47.445211,
            648.0
          ],
          [
            7.946794,
            47.445259,
            647.0
          ],
          [
            7.946739,
            47.445308,
            647.0
          ],
          [
            7.946677,
            47.445338,
            646.0
          ],
          [
            7.946587,
            47.445363,
            646.0
          ],
          [
            7.946524,
            47.445381,
            645.0
          ],
          [
            7.946471,
            47.445393,
            645.0
          ],
          [
            7.946416,
            47.445399,
            644.0
          ],
          [
            7.946263,
            47.445418,
            643.0
          ],
          [
            7.946129,
            47.44543,
            642.0
          ],
          [
            7.946029,
            47.445454,
            642.0
          ],
          [
            7.94594,
            47.445472,
            641.0
          ],
          [
            7.945886,
            47.445496,
            641.0
          ],
          [
            7.94585,
            47.445521,
            640.0
          ],
          [
            7.945815,
            47.445551,
            640.0
          ],
          [
            7.945787,
            47.445575,
            640.0
          ],
          [
            7.945779,
            47.445605,
            639.0
          ],
          [
            7.94576,
            47.445648,
            639.0
          ],
          [
            7.94576,
            47.445684,
            639.0
          ],
          [
            7.945769,
            47.445727,
            638.0
          ],
          [
            7.945779,
            47.445782,
            638.0
          ],
          [
            7.945796,
            47.445837,
            637.0
          ],
          [
            7.945805,
            47.445891,
            637.0
          ],
          [
            7.945805,
            47.445928,
            636.0
          ],
          [
            7.945787,
            47.445976,
            636.0
          ],
          [
            7.94576,
            47.446019,
            636.0
          ],
          [
            7.945643,
            47.446146,
            634.0
          ],
          [
            7.94549,
            47.446256,
            633.0
          ],
          [
            7.945177,
            47.44642,
            630.0
          ],
          [
            7.944781,
            47.446645,
            627.0
          ],
          [
            7.944358,
            47.446875,
            624.0
          ],
          [
            7.944134,
            47.447009,
            622.0
          ],
          [
            7.943945,
            47.447124,
            620.0
          ],
          [
            7.943829,
            47.447203,
            619.0
          ],
          [
            7.943712,
            47.447319,
            618.0
          ],
          [
            7.943578,
            47.447447,
            616.0
          ],
          [
            7.943316,
            47.447714,
            613.0
          ],
          [
            7.943137,
            47.447902,
            611.0
          ],
          [
            7.943039,
            47.447957,
            610.0
          ],
          [
            7.94294,
            47.448048,
            609.0
          ],
          [
            7.942859,
            47.44809,
            608.0
          ],
          [
            7.94275,
            47.448133,
            607.0
          ],
          [
            7.942517,
            47.448182,
            605.0
          ],
          [
            7.942347,
            47.448194,
            604.0
          ],
          [
            7.942221,
            47.448194,
            603.0
          ],
          [
            7.942131,
            47.4482,
            602.0
          ],
          [
            7.94205,
            47.448206,
            602.0
          ],
          [
            7.941978,
            47.44823,
            601.0
          ],
          [
            7.941915,
            47.448261,
            600.0
          ],
          [
            7.941853,
            47.448297,
            600.0
          ],
          [
            7.941781,
            47.448345,
            599.0
          ],
          [
            7.941718,
            47.448412,
            597.0
          ],
          [
            7.941592,
            47.448583,
            595.0
          ],
          [
            7.941475,
            47.448777,
            591.0
          ],
          [
            7.941349,
            47.449117,
            586.0
          ],
          [
            7.941251,
            47.449293,
            583.0
          ],
          [
            7.941108,
            47.449518,
            580.0
          ],
          [
            7.941269,
            47.449615,
            580.0
          ],
          [
            7.941322,
            47.449664,
            580.0
          ],
          [
            7.941404,
            47.449737,
            580.0
          ],
          [
            7.941412,
            47.449858,
            581.0
          ],
          [
            7.941395,
            47.450022,
            583.0
          ],
          [
            7.941421,
            47.450119,
            584.0
          ],
          [
            7.941475,
            47.450229,
            586.0
          ],
          [
            7.941467,
            47.450259,
            586.0
          ],
          [
            7.941484,
            47.45032,
            587.0
          ],
          [
            7.941431,
            47.450417,
            588.0
          ],
          [
            7.941395,
            47.450478,
            588.0
          ],
          [
            7.941341,
            47.450563,
            590.0
          ],
          [
            7.941305,
            47.450599,
            590.0
          ],
          [
            7.94126,
            47.450587,
            590.0
          ],
          [
            7.941206,
            47.450569,
            590.0
          ],
          [
            7.941161,
            47.450563,
            590.0
          ],
          [
            7.941116,
            47.450557,
            590.0
          ],
          [
            7.941053,
            47.450551,
            590.0
          ],
          [
            7.940991,
            47.450551,
            590.0
          ],
          [
            7.940928,
            47.450563,
            590.0
          ],
          [
            7.940865,
            47.450575,
            590.0
          ],
          [
            7.940838,
            47.450575,
            590.0
          ],
          [
            7.940783,
            47.450575,
            590.0
          ],
          [
            7.940739,
            47.450654,
            591.0
          ],
          [
            7.940695,
            47.450702,
            591.0
          ],
          [
            7.94055,
            47.450824,
            593.0
          ],
          [
            7.940416,
            47.450927,
            594.0
          ],
          [
            7.940263,
            47.451067,
            596.0
          ],
          [
            7.939733,
            47.451687,
            602.0
          ],
          [
            7.939624,
            47.451869,
            603.0
          ],
          [
            7.939167,
            47.452525,
            607.0
          ],
          [
            7.93914,
            47.452568,
            607.0
          ],
          [
            7.938727,
            47.452622,
            608.0
          ],
          [
            7.938448,
            47.452671,
            608.0
          ],
          [
            7.938305,
            47.452713,
            608.0
          ],
          [
            7.938098,
            47.452816,
            608.0
          ],
          [
            7.937999,
            47.452835,
            607.0
          ],
          [
            7.937316,
            47.453065,
            600.0
          ],
          [
            7.937163,
            47.453102,
            599.0
          ],
          [
            7.937056,
            47.453114,
            600.0
          ],
          [
            7.93693,
            47.45312,
            600.0
          ],
          [
            7.936804,
            47.453102,
            600.0
          ],
          [
            7.936697,
            47.453071,
            600.0
          ],
          [
            7.936615,
            47.453041,
            600.0
          ],
          [
            7.936498,
            47.452975,
            600.0
          ],
          [
            7.936427,
            47.452926,
            600.0
          ],
          [
            7.936364,
            47.452865,
            600.0
          ],
          [
            7.936265,
            47.452774,
            600.0
          ],
          [
            7.936121,
            47.452665,
            600.0
          ],
          [
            7.936005,
            47.452586,
            600.0
          ],
          [
            7.935888,
            47.452549,
            600.0
          ],
          [
            7.935781,
            47.452525,
            600.0
          ],
          [
            7.935645,
            47.452525,
            600.0
          ],
          [
            7.935492,
            47.452531,
            600.0
          ],
          [
            7.935232,
            47.452555,
            600.0
          ],
          [
            7.935097,
            47.452574,
            600.0
          ],
          [
            7.934999,
            47.452598,
            600.0
          ],
          [
            7.934953,
            47.452628,
            600.0
          ],
          [
            7.934909,
            47.452665,
            600.0
          ],
          [
            7.934863,
            47.452731,
            600.0
          ],
          [
            7.934837,
            47.452792,
            600.0
          ],
          [
            7.934774,
            47.452968,
            600.0
          ],
          [
            7.934676,
            47.453266,
            600.0
          ],
          [
            7.934603,
            47.453424,
            600.0
          ],
          [
            7.93455,
            47.453503,
            600.0
          ],
          [
            7.934523,
            47.453533,
            600.0
          ],
          [
            7.934477,
            47.453563,
            600.0
          ],
          [
            7.934379,
            47.453588,
            600.0
          ],
          [
            7.934263,
            47.4536,
            600.0
          ],
          [
            7.934091,
            47.453594,
            600.0
          ],
          [
            7.933777,
            47.453582,
            601.0
          ],
          [
            7.933579,
            47.453563,
            602.0
          ],
          [
            7.933418,
            47.453539,
            602.0
          ],
          [
            7.933301,
            47.453515,
            602.0
          ],
          [
            7.933166,
            47.453478,
            603.0
          ],
          [
            7.933085,
            47.453436,
            603.0
          ],
          [
            7.933013,
            47.4534,
            603.0
          ],
          [
            7.932869,
            47.453284,
            604.0
          ],
          [
            7.932743,
            47.453187,
            604.0
          ],
          [
            7.932537,
            47.452993,
            605.0
          ],
          [
            7.93242,
            47.452902,
            606.0
          ],
          [
            7.932295,
            47.452829,
            606.0
          ],
          [
            7.932187,
            47.452786,
            606.0
          ],
          [
            7.932097,
            47.452761,
            606.0
          ],
          [
            7.931999,
            47.452743,
            607.0
          ],
          [
            7.93189,
            47.452725,
            607.0
          ],
          [
            7.931783,
            47.452725,
            607.0
          ],
          [
            7.931674,
            47.452737,
            607.0
          ],
          [
            7.931531,
            47.452761,
            608.0
          ],
          [
            7.931343,
            47.452798,
            608.0
          ],
          [
            7.93119,
            47.452835,
            609.0
          ],
          [
            7.931073,
            47.452871,
            609.0
          ],
          [
            7.930974,
            47.45292,
            609.0
          ],
          [
            7.930884,
            47.452968,
            610.0
          ],
          [
            7.930768,
            47.453047,
            610.0
          ],
          [
            7.930571,
            47.453193,
            612.0
          ],
          [
            7.930355,
            47.453375,
            614.0
          ],
          [
            7.930202,
            47.453472,
            615.0
          ],
          [
            7.930039,
            47.453563,
            615.0
          ],
          [
            7.930039,
            47.453563,
            615.0
          ],
          [
            7.930039,
            47.453563,
            616.0
          ],
          [
            7.929879,
            47.453624,
            618.0
          ],
          [
            7.929672,
            47.453704,
            619.0
          ],
          [
            7.929294,
            47.453819,
            620.0
          ],
          [
            7.929007,
            47.453873,
            619.0
          ],
          [
            7.928845,
            47.453891,
            618.0
          ],
          [
            7.928621,
            47.453928,
            616.0
          ],
          [
            7.928458,
            47.45405,
            615.0
          ],
          [
            7.928261,
            47.45425,
            613.0
          ],
          [
            7.928081,
            47.454481,
            611.0
          ],
          [
            7.927955,
            47.454815,
            608.0
          ],
          [
            7.927731,
            47.45572,
            603.0
          ],
          [
            7.927713,
            47.455871,
            602.0
          ],
          [
            7.927686,
            47.455969,
            601.0
          ],
          [
            7.927678,
            47.456181,
            600.0
          ],
          [
            7.927668,
            47.456272,
            600.0
          ],
          [
            7.927579,
            47.456394,
            600.0
          ],
          [
            7.927462,
            47.456419,
            600.0
          ],
          [
            7.9273,
            47.456413,
            600.0
          ],
          [
            7.927057,
            47.456352,
            600.0
          ],
          [
            7.926905,
            47.456297,
            600.0
          ],
          [
            7.926636,
            47.456321,
            600.0
          ],
          [
            7.92624,
            47.456394,
            600.0
          ],
          [
            7.926015,
            47.456376,
            600.0
          ],
          [
            7.925791,
            47.456382,
            600.0
          ],
          [
            7.925629,
            47.456419,
            600.0
          ],
          [
            7.925449,
            47.456473,
            600.0
          ],
          [
            7.925252,
            47.45657,
            600.0
          ],
          [
            7.924982,
            47.456765,
            600.0
          ],
          [
            7.924713,
            47.456995,
            600.0
          ],
          [
            7.924435,
            47.457317,
            600.0
          ],
          [
            7.924255,
            47.457524,
            600.0
          ],
          [
            7.924129,
            47.457664,
            595.0
          ],
          [
            7.924003,
            47.4577,
            592.0
          ],
          [
            7.923833,
            47.45773,
            588.0
          ],
          [
            7.923751,
            47.457748,
            586.0
          ],
          [
            7.92359,
            47.457827,
            581.0
          ],
          [
            7.923185,
            47.457955,
            569.0
          ],
          [
            7.923007,
            47.458052,
            563.0
          ],
          [
            7.923051,
            47.458216,
            558.0
          ],
          [
            7.922053,
            47.458581,
            541.0
          ],
          [
            7.921399,
            47.45883,
            531.0
          ],
          [
            7.920877,
            47.459012,
            525.0
          ],
          [
            7.920518,
            47.459115,
            520.0
          ],
          [
            7.919997,
            47.459328,
            514.0
          ],
          [
            7.919852,
            47.45937,
            512.0
          ],
          [
            7.919575,
            47.459419,
            510.0
          ],
          [
            7.919439,
            47.459443,
            508.0
          ],
          [
            7.919332,
            47.459553,
            506.0
          ],
          [
            7.919215,
            47.459637,
            504.0
          ],
          [
            7.919063,
            47.459722,
            502.0
          ],
          [
            7.9189,
            47.459771,
            500.0
          ],
          [
            7.918623,
            47.459905,
            497.0
          ],
          [
            7.918299,
            47.460074,
            493.0
          ],
          [
            7.91803,
            47.460251,
            489.0
          ],
          [
            7.917921,
            47.460324,
            488.0
          ],
          [
            7.917795,
            47.460397,
            487.0
          ],
          [
            7.917571,
            47.4605,
            484.0
          ],
          [
            7.917437,
            47.460555,
            483.0
          ],
          [
            7.917374,
            47.460573,
            482.0
          ],
          [
            7.917185,
            47.46061,
            481.0
          ],
          [
            7.917051,
            47.460634,
            480.0
          ],
          [
            7.916808,
            47.460652,
            479.0
          ],
          [
            7.916709,
            47.460658,
            478.0
          ],
          [
            7.916699,
            47.460694,
            477.0
          ],
          [
            7.916673,
            47.460743,
            476.0
          ],
          [
            7.916636,
            47.460785,
            474.0
          ],
          [
            7.916602,
            47.46087,
            471.0
          ],
          [
            7.916493,
            47.460901,
            471.0
          ],
          [
            7.916449,
            47.460913,
            471.0
          ],
          [
            7.91634,
            47.460968,
            470.0
          ],
          [
            7.915954,
            47.461216,
            470.0
          ],
          [
            7.91591,
            47.461247,
            470.0
          ],
          [
            7.915847,
            47.46129,
            470.0
          ],
          [
            7.915657,
            47.461326,
            470.0
          ],
          [
            7.915505,
            47.461338,
            470.0
          ],
          [
            7.91537,
            47.461344,
            470.0
          ],
          [
            7.915218,
            47.461332,
            470.0
          ],
          [
            7.915137,
            47.461326,
            470.0
          ],
          [
            7.914967,
            47.46132,
            470.0
          ],
          [
            7.914831,
            47.461308,
            470.0
          ],
          [
            7.914697,
            47.461302,
            470.0
          ],
          [
            7.914552,
            47.461296,
            469.0
          ],
          [
            7.914472,
            47.46129,
            469.0
          ],
          [
            7.914401,
            47.461284,
            469.0
          ],
          [
            7.914302,
            47.461277,
            469.0
          ],
          [
            7.914103,
            47.461271,
            469.0
          ],
          [
            7.913933,
            47.461284,
            469.0
          ],
          [
            7.913745,
            47.461296,
            469.0
          ],
          [
            7.913655,
            47.461326,
            469.0
          ],
          [
            7.913573,
            47.461277,
            469.0
          ],
          [
            7.913475,
            47.461247,
            469.0
          ],
          [
            7.913349,
            47.461192,
            469.0
          ],
          [
            7.913313,
            47.461174,
            469.0
          ],
          [
            7.913277,
            47.461162,
            469.0
          ],
          [
            7.913214,
            47.461156,
            469.0
          ],
          [
            7.91317,
            47.46115,
            469.0
          ],
          [
            7.913179,
            47.461113,
            469.0
          ],
          [
            7.913206,
            47.461053,
            469.0
          ],
          [
            7.913206,
            47.460986,
            469.0
          ],
          [
            7.913197,
            47.460834,
            470.0
          ],
          [
            7.913214,
            47.460785,
            470.0
          ],
          [
            7.913233,
            47.460749,
            470.0
          ],
          [
            7.913277,
            47.460713,
            470.0
          ],
          [
            7.913214,
            47.460688,
            470.0
          ],
          [
            7.913143,
            47.460664,
            470.0
          ],
          [
            7.913097,
            47.460652,
            470.0
          ],
          [
            7.912999,
            47.460646,
            470.0
          ],
          [
            7.912847,
            47.460646,
            470.0
          ],
          [
            7.91264,
            47.460676,
            470.0
          ],
          [
            7.912405,
            47.460731,
            470.0
          ],
          [
            7.912227,
            47.460785,
            470.0
          ],
          [
            7.912028,
            47.460858,
            470.0
          ],
          [
            7.911876,
            47.460919,
            470.0
          ],
          [
            7.911849,
            47.460938,
            470.0
          ],
          [
            7.911786,
            47.460974,
            470.0
          ],
          [
            7.911732,
            47.461016,
            470.0
          ],
          [
            7.911193,
            47.461314,
            476.0
          ],
          [
            7.911076,
            47.461369,
            478.0
          ],
          [
            7.910887,
            47.461441,
            480.0
          ],
          [
            7.910699,
            47.461502,
            481.0
          ],
          [
            7.910583,
            47.461526,
            482.0
          ],
          [
            7.910493,
            47.461532,
            482.0
          ],
          [
            7.910394,
            47.461532,
            483.0
          ],
          [
            7.910268,
            47.46152,
            484.0
          ],
          [
            7.910097,
            47.461454,
            485.0
          ],
          [
            7.909873,
            47.461332,
            487.0
          ],
          [
            7.90972,
            47.46129,
            488.0
          ],
          [
            7.909594,
            47.461302,
            489.0
          ],
          [
            7.909487,
            47.46132,
            489.0
          ],
          [
            7.909271,
            47.461357,
            490.0
          ],
          [
            7.909154,
            47.461351,
            490.0
          ],
          [
            7.909091,
            47.461375,
            490.0
          ],
          [
            7.908812,
            47.461417,
            490.0
          ],
          [
            7.908489,
            47.46146,
            490.0
          ],
          [
            7.90822,
            47.461484,
            490.0
          ],
          [
            7.908202,
            47.461484,
            490.0
          ],
          [
            7.908202,
            47.461484,
            490.0
          ],
          [
            7.908023,
            47.46149,
            490.0
          ],
          [
            7.907726,
            47.461484,
            490.0
          ],
          [
            7.90743,
            47.461466,
            490.0
          ],
          [
            7.906252,
            47.461387,
            491.0
          ],
          [
            7.90601,
            47.461363,
            492.0
          ],
          [
            7.905866,
            47.461357,
            492.0
          ],
          [
            7.905543,
            47.461363,
            493.0
          ],
          [
            7.905111,
            47.461405,
            494.0
          ],
          [
            7.904887,
            47.461417,
            495.0
          ],
          [
            7.904671,
            47.461429,
            495.0
          ],
          [
            7.904411,
            47.461447,
            496.0
          ],
          [
            7.904249,
            47.461466,
            496.0
          ],
          [
            7.903979,
            47.46152,
            496.0
          ],
          [
            7.903765,
            47.461581,
            497.0
          ],
          [
            7.903575,
            47.461636,
            495.0
          ],
          [
            7.90327,
            47.461715,
            493.0
          ],
          [
            7.903235,
            47.461727,
            492.0
          ],
          [
            7.903235,
            47.461727,
            492.0
          ],
          [
            7.902839,
            47.46183,
            489.0
          ],
          [
            7.902309,
            47.461976,
            487.0
          ],
          [
            7.901671,
            47.462188,
            484.0
          ],
          [
            7.901509,
            47.462249,
            483.0
          ],
          [
            7.901302,
            47.462322,
            485.0
          ],
          [
            7.901033,
            47.46245,
            489.0
          ],
          [
            7.900889,
            47.462529,
            490.0
          ],
          [
            7.900755,
            47.462626,
            491.0
          ],
          [
            7.900476,
            47.462845,
            493.0
          ],
          [
            7.900216,
            47.463081,
            495.0
          ],
          [
            7.900081,
            47.463191,
            496.0
          ],
          [
            7.899956,
            47.463288,
            497.0
          ],
          [
            7.899776,
            47.463415,
            498.0
          ],
          [
            7.89974,
            47.463433,
            498.0
          ],
          [
            7.899614,
            47.463518,
            498.0
          ],
          [
            7.898805,
            47.46395,
            498.0
          ],
          [
            7.898589,
            47.464083,
            498.0
          ],
          [
            7.898473,
            47.464162,
            498.0
          ],
          [
            7.898222,
            47.464363,
            498.0
          ],
          [
            7.898023,
            47.464502,
            498.0
          ],
          [
            7.89788,
            47.464575,
            498.0
          ],
          [
            7.8977,
            47.464648,
            498.0
          ],
          [
            7.897557,
            47.464703,
            498.0
          ],
          [
            7.897314,
            47.464782,
            498.0
          ],
          [
            7.896901,
            47.464951,
            498.0
          ],
          [
            7.896452,
            47.465128,
            498.0
          ],
          [
            7.896029,
            47.465298,
            498.0
          ],
          [
            7.895922,
            47.465334,
            498.0
          ],
          [
            7.895662,
            47.465413,
            498.0
          ],
          [
            7.895149,
            47.465553,
            497.0
          ],
          [
            7.89497,
            47.465601,
            497.0
          ],
          [
            7.894826,
            47.465626,
            497.0
          ],
          [
            7.894754,
            47.465638,
            497.0
          ],
          [
            7.894691,
            47.465644,
            497.0
          ],
          [
            7.89462,
            47.46565,
            497.0
          ],
          [
            7.894449,
            47.465656,
            497.0
          ],
          [
            7.894296,
            47.465662,
            497.0
          ],
          [
            7.894117,
            47.46568,
            497.0
          ],
          [
            7.893991,
            47.465692,
            497.0
          ],
          [
            7.893901,
            47.465692,
            497.0
          ],
          [
            7.893847,
            47.465686,
            497.0
          ],
          [
            7.893765,
            47.465674,
            497.0
          ],
          [
            7.893738,
            47.465674,
            497.0
          ],
          [
            7.893559,
            47.465662,
            497.0
          ],
          [
            7.893227,
            47.46565,
            497.0
          ],
          [
            7.892993,
            47.465638,
            497.0
          ],
          [
            7.892841,
            47.465632,
            497.0
          ],
          [
            7.892841,
            47.465632,
            497.0
          ],
          [
            7.89267,
            47.465626,
            496.0
          ],
          [
            7.892059,
            47.465577,
            496.0
          ],
          [
            7.891763,
            47.465577,
            496.0
          ],
          [
            7.891448,
            47.465559,
            496.0
          ],
          [
            7.891251,
            47.465541,
            496.0
          ],
          [
            7.890964,
            47.465504,
            496.0
          ],
          [
            7.890379,
            47.465432,
            496.0
          ],
          [
            7.889742,
            47.465352,
            495.0
          ],
          [
            7.889696,
            47.465401,
            495.0
          ],
          [
            7.889625,
            47.465498,
            495.0
          ],
          [
            7.88958,
            47.465553,
            494.0
          ],
          [
            7.889499,
            47.46565,
            493.0
          ],
          [
            7.889463,
            47.46568,
            493.0
          ],
          [
            7.88932,
            47.46568,
            491.0
          ],
          [
            7.888897,
            47.465644,
            488.0
          ],
          [
            7.888897,
            47.465644,
            488.0
          ],
          [
            7.888637,
            47.465626,
            486.0
          ],
          [
            7.88843,
            47.465607,
            484.0
          ],
          [
            7.888314,
            47.465601,
            483.0
          ],
          [
            7.888142,
            47.46562,
            482.0
          ],
          [
            7.888025,
            47.46565,
            481.0
          ],
          [
            7.887989,
            47.465686,
            480.0
          ],
          [
            7.887962,
            47.465741,
            479.0
          ],
          [
            7.887962,
            47.46602,
            475.0
          ],
          [
            7.887954,
            47.466221,
            472.0
          ],
          [
            7.887935,
            47.466342,
            471.0
          ],
          [
            7.887909,
            47.466391,
            470.0
          ],
          [
            7.887855,
            47.466445,
            469.0
          ],
          [
            7.887559,
            47.46661,
            465.0
          ],
          [
            7.887333,
            47.466767,
            461.0
          ],
          [
            7.887235,
            47.466846,
            460.0
          ],
          [
            7.887127,
            47.46695,
            458.0
          ],
          [
            7.887046,
            47.466998,
            457.0
          ],
          [
            7.887002,
            47.467023,
            456.0
          ],
          [
            7.88693,
            47.467047,
            455.0
          ],
          [
            7.886624,
            47.467126,
            452.0
          ],
          [
            7.88657,
            47.46715,
            451.0
          ],
          [
            7.886517,
            47.467192,
            451.0
          ],
          [
            7.886463,
            47.467247,
            449.0
          ],
          [
            7.886364,
            47.467375,
            447.0
          ],
          [
            7.88631,
            47.467441,
            446.0
          ],
          [
            7.886247,
            47.467502,
            444.0
          ],
          [
            7.886167,
            47.467563,
            443.0
          ],
          [
            7.886094,
            47.467618,
            441.0
          ],
          [
            7.885878,
            47.467745,
            438.0
          ],
          [
            7.885717,
            47.46783,
            435.0
          ],
          [
            7.885699,
            47.467885,
            434.0
          ],
          [
            7.885564,
            47.467866,
            434.0
          ],
          [
            7.885277,
            47.467885,
            433.0
          ],
          [
            7.885151,
            47.467891,
            433.0
          ],
          [
            7.885035,
            47.467958,
            433.0
          ],
          [
            7.884846,
            47.468037,
            432.0
          ],
          [
            7.884675,
            47.468092,
            432.0
          ],
          [
            7.884603,
            47.468098,
            432.0
          ],
          [
            7.884442,
            47.46811,
            432.0
          ],
          [
            7.884163,
            47.468104,
            431.0
          ],
          [
            7.883938,
            47.468079,
            431.0
          ],
          [
            7.883687,
            47.468049,
            430.0
          ],
          [
            7.883525,
            47.468019,
            430.0
          ],
          [
            7.882959,
            47.467872,
            429.0
          ],
          [
            7.882555,
            47.467776,
            429.0
          ],
          [
            7.882268,
            47.467727,
            428.0
          ],
          [
            7.882213,
            47.467733,
            428.0
          ],
          [
            7.882186,
            47.467788,
            428.0
          ],
          [
            7.881899,
            47.467757,
            428.0
          ],
          [
            7.880821,
            47.467715,
            427.0
          ],
          [
            7.880471,
            47.467703,
            426.0
          ],
          [
            7.879949,
            47.467697,
            426.0
          ],
          [
            7.879689,
            47.467703,
            426.0
          ],
          [
            7.879536,
            47.467709,
            425.0
          ],
          [
            7.879312,
            47.467757,
            425.0
          ],
          [
            7.879132,
            47.467818,
            425.0
          ],
          [
            7.878817,
            47.467909,
            425.0
          ],
          [
            7.878683,
            47.467958,
            424.0
          ],
          [
            7.878584,
            47.467994,
            424.0
          ],
          [
            7.878423,
            47.468055,
            424.0
          ],
          [
            7.878341,
            47.468098,
            424.0
          ],
          [
            7.878251,
            47.46814,
            424.0
          ],
          [
            7.87818,
            47.468182,
            424.0
          ],
          [
            7.878072,
            47.468261,
            424.0
          ],
          [
            7.877991,
            47.468304,
            423.0
          ],
          [
            7.877983,
            47.46831,
            423.0
          ],
          [
            7.877938,
            47.468334,
            423.0
          ],
          [
            7.877821,
            47.468383,
            423.0
          ],
          [
            7.877767,
            47.468401,
            423.0
          ],
          [
            7.877722,
            47.468413,
            423.0
          ],
          [
            7.877479,
            47.468462,
            423.0
          ],
          [
            7.877408,
            47.468474,
            423.0
          ],
          [
            7.877345,
            47.468486,
            423.0
          ],
          [
            7.876913,
            47.468559,
            422.0
          ],
          [
            7.876519,
            47.468625,
            422.0
          ],
          [
            7.876375,
            47.468656,
            422.0
          ],
          [
            7.87614,
            47.468705,
            421.0
          ],
          [
            7.875727,
            47.468808,
            421.0
          ],
          [
            7.875207,
            47.468929,
            420.0
          ],
          [
            7.874974,
            47.468984,
            420.0
          ],
          [
            7.874739,
            47.469051,
            420.0
          ],
          [
            7.874685,
            47.469069,
            420.0
          ],
          [
            7.874605,
            47.469099,
            420.0
          ],
          [
            7.874515,
            47.469136,
            420.0
          ],
          [
            7.874435,
            47.469172,
            419.0
          ],
          [
            7.874353,
            47.469215,
            419.0
          ],
          [
            7.874326,
            47.469221,
            419.0
          ],
          [
            7.874102,
            47.469348,
            419.0
          ],
          [
            7.873967,
            47.469421,
            419.0
          ],
          [
            7.873806,
            47.469488,
            419.0
          ],
          [
            7.873653,
            47.469561,
            419.0
          ],
          [
            7.873473,
            47.469628,
            418.0
          ],
          [
            7.87333,
            47.469682,
            418.0
          ],
          [
            7.873266,
            47.469706,
            418.0
          ],
          [
            7.873266,
            47.469706,
            418.0
          ],
          [
            7.873248,
            47.469712,
            418.0
          ],
          [
            7.873033,
            47.469773,
            418.0
          ],
          [
            7.872701,
            47.469865,
            418.0
          ],
          [
            7.872278,
            47.469968,
            417.0
          ],
          [
            7.871488,
            47.470156,
            416.0
          ],
          [
            7.871219,
            47.470217,
            416.0
          ],
          [
            7.871083,
            47.470247,
            416.0
          ],
          [
            7.87093,
            47.470278,
            416.0
          ],
          [
            7.870806,
            47.470308,
            416.0
          ],
          [
            7.870751,
            47.470314,
            416.0
          ],
          [
            7.87067,
            47.470332,
            416.0
          ],
          [
            7.870571,
            47.47035,
            416.0
          ],
          [
            7.870464,
            47.470362,
            416.0
          ],
          [
            7.870464,
            47.470362,
            416.0
          ],
          [
            7.870338,
            47.470381,
            415.0
          ],
          [
            7.87015,
            47.470399,
            415.0
          ],
          [
            7.86997,
            47.470399,
            415.0
          ],
          [
            7.869772,
            47.470393,
            415.0
          ],
          [
            7.869628,
            47.470381,
            415.0
          ],
          [
            7.869439,
            47.470356,
            415.0
          ],
          [
            7.869198,
            47.470308,
            414.0
          ],
          [
            7.868882,
            47.470235,
            414.0
          ],
          [
            7.868487,
            47.470125,
            414.0
          ],
          [
            7.868272,
            47.470077,
            413.0
          ],
          [
            7.867913,
            47.469992,
            413.0
          ],
          [
            7.86749,
            47.469913,
            413.0
          ],
          [
            7.867005,
            47.469852,
            412.0
          ],
          [
            7.866691,
            47.46981,
            412.0
          ],
          [
            7.866448,
            47.469767,
            412.0
          ],
          [
            7.866206,
            47.469706,
            412.0
          ],
          [
            7.865919,
            47.469628,
            411.0
          ],
          [
            7.865729,
            47.469579,
            411.0
          ],
          [
            7.865729,
            47.469579,
            411.0
          ],
          [
            7.864687,
            47.469306,
            410.0
          ],
          [
            7.863969,
            47.469154,
            409.0
          ],
          [
            7.863699,
            47.469093,
            409.0
          ],
          [
            7.863565,
            47.469057,
            409.0
          ],
          [
            7.863511,
            47.469044,
            409.0
          ],
          [
            7.863403,
            47.469008,
            409.0
          ],
          [
            7.863322,
            47.468984,
            408.0
          ],
          [
            7.863196,
            47.468941,
            408.0
          ],
          [
            7.86298,
            47.468857,
            408.0
          ],
          [
            7.862945,
            47.468881,
            408.0
          ],
          [
            7.862945,
            47.468881,
            408.0
          ],
          [
            7.862936,
            47.468887,
            408.0
          ],
          [
            7.862846,
            47.468923,
            407.0
          ],
          [
            7.862064,
            47.468735,
            407.0
          ],
          [
            7.861848,
            47.468668,
            407.0
          ],
          [
            7.861498,
            47.468522,
            407.0
          ],
          [
            7.861606,
            47.468444,
            407.0
          ],
          [
            7.861758,
            47.468273,
            406.0
          ],
          [
            7.861804,
            47.468225,
            406.0
          ],
          [
            7.861301,
            47.467945,
            406.0
          ],
          [
            7.860771,
            47.467648,
            405.0
          ],
          [
            7.860771,
            47.467648,
            405.0
          ],
          [
            7.860106,
            47.467266,
            404.0
          ],
          [
            7.859684,
            47.467047,
            403.0
          ],
          [
            7.859397,
            47.466919,
            403.0
          ],
          [
            7.859135,
            47.466822,
            403.0
          ],
          [
            7.858624,
            47.46667,
            402.0
          ],
          [
            7.858238,
            47.466579,
            402.0
          ],
          [
            7.858022,
            47.466519,
            401.0
          ],
          [
            7.857456,
            47.466403,
            401.0
          ],
          [
            7.857456,
            47.466403,
            401.0
          ],
          [
            7.857411,
            47.466397,
            401.0
          ],
          [
            7.857213,
            47.466367,
            400.0
          ],
          [
            7.856971,
            47.466348,
            400.0
          ],
          [
            7.856944,
            47.466342,
            400.0
          ],
          [
            7.856657,
            47.466324,
            400.0
          ],
          [
            7.856567,
            47.466312,
            400.0
          ],
          [
            7.85654,
            47.466312,
            400.0
          ],
          [
            7.856521,
            47.466336,
            400.0
          ],
          [
            7.856495,
            47.466354,
            400.0
          ],
          [
            7.856458,
            47.46636,
            400.0
          ],
          [
            7.856424,
            47.46636,
            400.0
          ],
          [
            7.856387,
            47.466342,
            400.0
          ],
          [
            7.856361,
            47.466324,
            400.0
          ],
          [
            7.856351,
            47.4663,
            400.0
          ],
          [
            7.856324,
            47.4663,
            400.0
          ],
          [
            7.856234,
            47.466294,
            400.0
          ],
          [
            7.855892,
            47.4663,
            400.0
          ],
          [
            7.855363,
            47.466318,
            400.0
          ],
          [
            7.855363,
            47.466318,
            400.0
          ],
          [
            7.855066,
            47.466324,
            400.0
          ],
          [
            7.854779,
            47.46633,
            400.0
          ],
          [
            7.854626,
            47.466336,
            400.0
          ],
          [
            7.854518,
            47.466336,
            400.0
          ],
          [
            7.85416,
            47.46633,
            400.0
          ],
          [
            7.85416,
            47.46633,
            400.0
          ],
          [
            7.853934,
            47.46633,
            400.0
          ],
          [
            7.853288,
            47.466257,
            400.0
          ],
          [
            7.85274,
            47.466142,
            400.0
          ],
          [
            7.85274,
            47.466142,
            400.0
          ],
          [
            7.852642,
            47.466118,
            400.0
          ],
          [
            7.851778,
            47.465905,
            400.0
          ],
          [
            7.85168,
            47.465887,
            400.0
          ],
          [
            7.851617,
            47.465869,
            400.0
          ],
          [
            7.8516,
            47.465899,
            400.0
          ],
          [
            7.851571,
            47.465917,
            400.0
          ],
          [
            7.851537,
            47.465929,
            400.0
          ],
          [
            7.8515,
            47.465929,
            400.0
          ],
          [
            7.851455,
            47.465923,
            400.0
          ],
          [
            7.851428,
            47.465911,
            400.0
          ],
          [
            7.851401,
            47.465899,
            400.0
          ],
          [
            7.851384,
            47.465875,
            400.0
          ],
          [
            7.851384,
            47.465851,
            400.0
          ],
          [
            7.851384,
            47.465833,
            400.0
          ],
          [
            7.851321,
            47.465814,
            400.0
          ],
          [
            7.850916,
            47.465717,
            400.0
          ],
          [
            7.850584,
            47.46562,
            400.0
          ],
          [
            7.850405,
            47.465559,
            400.0
          ],
          [
            7.850332,
            47.465638,
            400.0
          ],
          [
            7.850288,
            47.465668,
            400.0
          ],
          [
            7.850225,
            47.465686,
            400.0
          ],
          [
            7.85017,
            47.465692,
            400.0
          ],
          [
            7.850081,
            47.465686,
            400.0
          ],
          [
            7.849856,
            47.465668,
            400.0
          ],
          [
            7.849416,
            47.465632,
            400.0
          ],
          [
            7.849263,
            47.46562,
            400.0
          ],
          [
            7.849039,
            47.465626,
            400.0
          ],
          [
            7.848688,
            47.465668,
            400.0
          ],
          [
            7.848266,
            47.465729,
            400.0
          ],
          [
            7.848231,
            47.465735,
            400.0
          ],
          [
            7.848204,
            47.465753,
            400.0
          ],
          [
            7.848158,
            47.465808,
            400.0
          ],
          [
            7.847916,
            47.465778,
            400.0
          ],
          [
            7.847835,
            47.465772,
            400.0
          ],
          [
            7.847808,
            47.465833,
            400.0
          ],
          [
            7.847781,
            47.465899,
            400.0
          ],
          [
            7.847799,
            47.465905,
            400.0
          ],
          [
            7.847709,
            47.466093,
            400.0
          ],
          [
            7.847709,
            47.466093,
            400.0
          ]
        ]
      }
    }
  ]
}