{
  "type": "FeatureCollection",
  "features": [
    {
      "type": "Feature",
      "properties": {},
      "geometry": {
        "type": "LineString",
        "coordinates": [
          [
            8.631489,
            46.875954,
            446.0
          ],
          [
            8.63166,
            46.875978,
            447.0
          ],
          [
            8.631687,
            46.875985,
            447.0
          ],
          [
            8.631713,
            46.875905,
            448.0
          ],
          [
            8.631732,
            46.875905,
            448.0
          ],
          [
            8.631742,
            46.875905,
            448.0
          ],
          [
            8.631795,
            46.875917,
            449.0
          ],
          [
            8.631813,
            46.875868,
            449.0
          ],
          [
            8.631858,
            46.875732,
            449.0
          ],
          [
            8.631866,
            46.875708,
            449.0
          ],
          [
            8.631902,
            46.875592,
            449.0
          ],
          [
            8.631929,
            46.875511,
            449.0
          ],
          [
            8.632128,
            46.875487,
            449.0
          ],
          [
            8.632208,
            46.875487,
            448.0
          ],
          [
            8.632262,
            46.875481,
            448.0
          ],
          [
            8.632334,
            46.875481,
            449.0
          ],
          [
            8.632415,
            46.875487,
            449.0
          ],
          [
            8.632522,
            46.875499,
            450.0
          ],
          [
            8.632621,
            46.875511,
            450.0
          ],
          [
            8.632711,
            46.875511,
            450.0
          ],
          [
            8.632818,
            46.875511,
            450.0
          ],
          [
            8.632927,
            46.875505,
            451.0
          ],
          [
            8.633097,
            46.875487,
            451.0
          ],
          [
            8.633205,
            46.875468,
            451.0
          ],
          [
            8.633313,
            46.87545,
            451.0
          ],
          [
            8.633438,
            46.875413,
            451.0
          ],
          [
            8.633556,
            46.87537,
            452.0
          ],
          [
            8.633673,
            46.875315,
            452.0
          ],
          [
            8.63378,
            46.87526,
            452.0
          ],
          [
            8.633906,
            46.875186,
            452.0
          ],
          [
            8.634193,
            46.874989,
            453.0
          ],
          [
            8.63431,
            46.874916,
            453.0
          ],
          [
            8.634489,
            46.874799,
            454.0
          ],
          [
            8.634579,
            46.874756,
            454.0
          ],
          [
            8.634669,
            46.874713,
            454.0
          ],
          [
            8.634742,
            46.874688,
            454.0
          ],
          [
            8.634813,
            46.874664,
            454.0
          ],
          [
            8.634958,
            46.874633,
            454.0
          ],
          [
            8.635109,
            46.874609,
            455.0
          ],
          [
            8.635604,
            46.874566,
            455.0
          ],
          [
            8.63591,
            46.874542,
            456.0
          ],
          [
            8.63635,
            46.874492,
            457.0
          ],
          [
            8.6366,
            46.874461,
            457.0
          ],
          [
            8.636807,
            46.874431,
            457.0
          ],
          [
            8.636969,
            46.874394,
            458.0
          ],
          [
            8.63713,
            46.874363,
            458.0
          ],
          [
            8.637283,
            46.874326,
            458.0
          ],
          [
            8.637338,
            46.874314,
            458.0
          ],
          [
            8.637545,
            46.874265,
            459.0
          ],
          [
            8.637832,
            46.874179,
            459.0
          ],
          [
            8.638101,
            46.874093,
            460.0
          ],
          [
            8.638711,
            46.873884,
            460.0
          ],
          [
            8.638891,
            46.873829,
            460.0
          ],
          [
            8.639017,
            46.873792,
            460.0
          ],
          [
            8.639197,
            46.873755,
            460.0
          ],
          [
            8.639332,
            46.873731,
            460.0
          ],
          [
            8.639457,
            46.873712,
            460.0
          ],
          [
            8.639646,
            46.873688,
            460.0
          ],
          [
            8.639835,
            46.873675,
            460.0
          ],
          [
            8.640015,
            46.873669,
            460.0
          ],
          [
            8.640365,
            46.873663,
            460.0
          ],
          [
            8.640562,
            46.873651,
            460.0
          ],
          [
            8.64076,
            46.873632,
            460.0
          ],
          [
            8.64094,
            46.873608,
            460.0
          ],
          [
            8.641147,
            46.873571,
            460.0
          ],
          [
            8.641478,
            46.873498,
            460.0
          ],
          [
            8.641568,
            46.873479,
            460.0
          ],
          [
            8.64165,
            46.873448,
            460.0
          ],
          [
            8.641721,
            46.873405,
            460.0
          ],
          [
            8.641866,
            46.873288,
            460.0
          ],
          [
            8.641946,
            46.873129,
            461.0
          ],
          [
            8.641954,
            46.873111,
            461.0
          ],
          [
            8.64208,
            46.872846,
            462.0
          ],
          [
            8.64226,
            46.872435,
            463.0
          ],
          [
            8.642313,
            46.872244,
            464.0
          ],
          [
            8.642342,
            46.872073,
            465.0
          ],
          [
            8.642377,
            46.871759,
            466.0
          ],
          [
            8.642503,
            46.871557,
            467.0
          ],
          [
            8.642682,
            46.871415,
            468.0
          ],
          [
            8.642682,
            46.87136,
            468.0
          ],
          [
            8.642673,
            46.871324,
            467.0
          ],
          [
            8.642655,
            46.871293,
            467.0
          ],
          [
            8.642629,
            46.871268,
            467.0
          ],
          [
            8.642583,
            46.871237,
            467.0
          ],
          [
            8.642422,
            46.871133,
            467.0
          ],
          [
            8.642332,
            46.871071,
            467.0
          ],
          [
            8.642242,
            46.870992,
            466.0
          ],
          [
            8.642179,
            46.870937,
            466.0
          ],
          [
            8.642134,
            46.870924,
            466.0
          ],
          [
            8.64209,
            46.870912,
            466.0
          ],
          [
            8.641982,
            46.870906,
            466.0
          ],
          [
            8.641856,
            46.870894,
            466.0
          ],
          [
            8.641713,
            46.870869,
            466.0
          ],
          [
            8.641577,
            46.87085,
            465.0
          ],
          [
            8.641424,
            46.87082,
            465.0
          ],
          [
            8.64138,
            46.870807,
            465.0
          ],
          [
            8.641344,
            46.870807,
            465.0
          ],
          [
            8.6412,
            46.870801,
            465.0
          ],
          [
            8.641137,
            46.870795,
            465.0
          ],
          [
            8.641084,
            46.870783,
            465.0
          ],
          [
            8.640644,
            46.870414,
            464.0
          ],
          [
            8.640589,
            46.870347,
            463.0
          ],
          [
            8.640508,
            46.870286,
            463.0
          ],
          [
            8.640428,
            46.870224,
            463.0
          ],
          [
            8.640284,
            46.870157,
            463.0
          ],
          [
            8.640122,
            46.870052,
            462.0
          ],
          [
            8.639718,
            46.869911,
            462.0
          ],
          [
            8.63952,
            46.869806,
            461.0
          ],
          [
            8.63917,
            46.869653,
            461.0
          ],
          [
            8.638973,
            46.869592,
            460.0
          ],
          [
            8.638883,
            46.869524,
            460.0
          ],
          [
            8.638684,
            46.869315,
            460.0
          ],
          [
            8.638541,
            46.869174,
            459.0
          ],
          [
            8.638497,
            46.869113,
            459.0
          ],
          [
            8.638451,
            46.86902,
            459.0
          ],
          [
            8.63829,
            46.868843,
            458.0
          ],
          [
            8.638155,
            46.868676,
            458.0
          ],
          [
            8.638119,
            46.868578,
            458.0
          ],
          [
            8.638038,
            46.868505,
            457.0
          ],
          [
            8.637994,
            46.868443,
            457.0
          ],
          [
            8.637895,
            46.868332,
            457.0
          ],
          [
            8.637742,
            46.868173,
            457.0
          ],
          [
            8.637634,
            46.868038,
            456.0
          ],
          [
            8.637535,
            46.867921,
            456.0
          ],
          [
            8.637365,
            46.867749,
            455.0
          ],
          [
            8.63731,
            46.867669,
            455.0
          ],
          [
            8.637239,
            46.867608,
            455.0
          ],
          [
            8.637176,
            46.86754,
            455.0
          ],
          [
            8.63713,
            46.867497,
            455.0
          ],
          [
            8.637113,
            46.867454,
            455.0
          ],
          [
            8.637076,
            46.867418,
            455.0
          ],
          [
            8.636726,
            46.867111,
            454.0
          ],
          [
            8.63669,
            46.86708,
            454.0
          ],
          [
            8.636663,
            46.867043,
            453.0
          ],
          [
            8.636654,
            46.867006,
            453.0
          ],
          [
            8.636654,
            46.866969,
            453.0
          ],
          [
            8.636663,
            46.866926,
            453.0
          ],
          [
            8.635711,
            46.866508,
            451.0
          ],
          [
            8.635604,
            46.866465,
            451.0
          ],
          [
            8.635254,
            46.866355,
            451.0
          ],
          [
            8.635226,
            46.866349,
            451.0
          ],
          [
            8.635199,
            46.866343,
            451.0
          ],
          [
            8.635136,
            46.866343,
            450.0
          ],
          [
            8.635145,
            46.866287,
            450.0
          ],
          [
            8.635128,
            46.866257,
            450.0
          ],
          [
            8.635101,
            46.86622,
            450.0
          ],
          [
            8.635082,
            46.86617,
            450.0
          ],
          [
            8.635092,
            46.866146,
            450.0
          ],
          [
            8.635128,
            46.866066,
            450.0
          ],
          [
            8.635046,
            46.866048,
            450.0
          ],
          [
            8.634975,
            46.866036,
            450.0
          ],
          [
            8.634975,
            46.866011,
            450.0
          ],
          [
            8.634975,
            46.865987,
            450.0
          ],
          [
            8.634975,
            46.865962,
            450.0
          ],
          [
            8.634966,
            46.865937,
            450.0
          ],
          [
            8.634948,
            46.865919,
            450.0
          ],
          [
            8.634921,
            46.865894,
            450.0
          ],
          [
            8.634903,
            46.865876,
            450.0
          ],
          [
            8.634868,
            46.865857,
            450.0
          ],
          [
            8.634831,
            46.865851,
            450.0
          ],
          [
            8.634795,
            46.865839,
            450.0
          ],
          [
            8.634543,
            46.865802,
            450.0
          ],
          [
            8.634392,
            46.865777,
            450.0
          ],
          [
            8.634274,
            46.865759,
            450.0
          ],
          [
            8.634176,
            46.865735,
            450.0
          ],
          [
            8.634086,
            46.865716,
            450.0
          ],
          [
            8.633996,
            46.865686,
            450.0
          ],
          [
            8.633914,
            46.865673,
            450.0
          ],
          [
            8.633834,
            46.865661,
            450.0
          ],
          [
            8.63386,
            46.865606,
            450.0
          ],
          [
            8.633897,
            46.865556,
            450.0
          ],
          [
            8.633924,
            46.865532,
            450.0
          ],
          [
            8.633887,
            46.865501,
            450.0
          ],
          [
            8.63386,
            46.865476,
            450.0
          ],
          [
            8.633816,
            46.865409,
            450.0
          ],
          [
            8.633789,
            46.865385,
            450.0
          ],
          [
            8.633763,
            46.865366,
            450.0
          ],
          [
            8.633717,
            46.865342,
            450.0
          ],
          [
            8.633681,
            46.865317,
            450.0
          ],
          [
            8.633637,
            46.865293,
            450.0
          ],
          [
            8.633618,
            46.865268,
            450.0
          ],
          [
            8.6336,
            46.865237,
            450.0
          ],
          [
            8.633574,
            46.865175,
            450.0
          ],
          [
            8.633564,
            46.865139,
            450.0
          ],
          [
            8.633528,
            46.865041,
            450.0
          ],
          [
            8.633501,
            46.864936,
            450.0
          ],
          [
            8.633484,
            46.864788,
            450.0
          ],
          [
            8.633474,
            46.864642,
            450.0
          ],
          [
            8.633457,
            46.864401,
            450.0
          ],
          [
            8.633438,
            46.864273,
            450.0
          ],
          [
            8.63343,
            46.864181,
            450.0
          ],
          [
            8.633411,
            46.864113,
            450.0
          ],
          [
            8.633384,
            46.864076,
            450.0
          ],
          [
            8.63335,
            46.864039,
            450.0
          ],
          [
            8.633295,
            46.864015,
            450.0
          ],
          [
            8.63316,
            46.863935,
            450.0
          ],
          [
            8.633088,
            46.863898,
            450.0
          ],
          [
            8.632962,
            46.863837,
            450.0
          ],
          [
            8.632864,
            46.863775,
            450.0
          ],
          [
            8.632361,
            46.863499,
            450.0
          ],
          [
            8.632342,
            46.863487,
            450.0
          ],
          [
            8.632379,
            46.863456,
            450.0
          ],
          [
            8.632468,
            46.863394,
            450.0
          ],
          [
            8.632558,
            46.863321,
            450.0
          ],
          [
            8.632881,
            46.863032,
            450.0
          ],
          [
            8.633052,
            46.862903,
            451.0
          ],
          [
            8.633232,
            46.862786,
            451.0
          ],
          [
            8.633466,
            46.862651,
            451.0
          ],
          [
            8.633501,
            46.862614,
            451.0
          ],
          [
            8.63352,
            46.862584,
            451.0
          ],
          [
            8.633556,
            46.862572,
            451.0
          ],
          [
            8.633637,
            46.862522,
            451.0
          ],
          [
            8.633797,
            46.862387,
            451.0
          ],
          [
            8.63386,
            46.862332,
            451.0
          ],
          [
            8.633969,
            46.862258,
            451.0
          ],
          [
            8.63405,
            46.862197,
            451.0
          ],
          [
            8.634103,
            46.862129,
            451.0
          ],
          [
            8.634256,
            46.861957,
            451.0
          ],
          [
            8.634355,
            46.861847,
            452.0
          ],
          [
            8.634436,
            46.861724,
            452.0
          ],
          [
            8.634516,
            46.861607,
            452.0
          ],
          [
            8.63457,
            46.861491,
            452.0
          ],
          [
            8.634598,
            46.861367,
            452.0
          ],
          [
            8.634633,
            46.861128,
            452.0
          ],
          [
            8.634642,
            46.861054,
            452.0
          ],
          [
            8.634633,
            46.86098,
            452.0
          ],
          [
            8.634382,
            46.859869,
            453.0
          ],
          [
            8.634302,
            46.859567,
            453.0
          ],
          [
            8.634139,
            46.859144,
            453.0
          ],
          [
            8.63413,
            46.858978,
            453.0
          ],
          [
            8.634103,
            46.858916,
            454.0
          ],
          [
            8.633942,
            46.858782,
            454.0
          ],
          [
            8.633826,
            46.858542,
            454.0
          ],
          [
            8.633574,
            46.85821,
            454.0
          ],
          [
            8.633564,
            46.858088,
            454.0
          ],
          [
            8.633528,
            46.857964,
            454.0
          ],
          [
            8.633438,
            46.857774,
            454.0
          ],
          [
            8.633411,
            46.857313,
            455.0
          ],
          [
            8.633367,
            46.857153,
            455.0
          ],
          [
            8.633384,
            46.857025,
            455.0
          ],
          [
            8.633376,
            46.856951,
            455.0
          ],
          [
            8.633268,
            46.856834,
            455.0
          ],
          [
            8.633187,
            46.856632,
            455.0
          ],
          [
            8.633034,
            46.856115,
            456.0
          ],
          [
            8.632971,
            46.855931,
            456.0
          ],
          [
            8.632927,
            46.855735,
            456.0
          ],
          [
            8.632891,
            46.85547,
            456.0
          ],
          [
            8.632855,
            46.855268,
            456.0
          ],
          [
            8.632702,
            46.85477,
            456.0
          ],
          [
            8.632514,
            46.854186,
            457.0
          ],
          [
            8.632415,
            46.853849,
            457.0
          ],
          [
            8.632325,
            46.853578,
            457.0
          ],
          [
            8.632226,
            46.853376,
            457.0
          ],
          [
            8.632046,
            46.852743,
            458.0
          ],
          [
            8.63175,
            46.851699,
            459.0
          ],
          [
            8.631705,
            46.851391,
            459.0
          ],
          [
            8.631652,
            46.851121,
            459.0
          ],
          [
            8.63157,
            46.850888,
            459.0
          ],
          [
            8.631516,
            46.850758,
            459.0
          ],
          [
            8.631373,
            46.850408,
            459.0
          ],
          [
            8.631337,
            46.85023,
            460.0
          ],
          [
            8.631319,
            46.849917,
            460.0
          ],
          [
            8.631274,
            46.84972,
            460.0
          ],
          [
            8.631237,
            46.849604,
            460.0
          ],
          [
            8.631157,
            46.849505,
            461.0
          ],
          [
            8.631113,
            46.849431,
            462.0
          ],
          [
            8.631094,
            46.849327,
            464.0
          ],
          [
            8.631103,
            46.849217,
            465.0
          ],
          [
            8.631023,
            46.848811,
            470.0
          ],
          [
            8.630996,
            46.848719,
            470.0
          ],
          [
            8.630878,
            46.848504,
            471.0
          ],
          [
            8.630824,
            46.848203,
            478.0
          ],
          [
            8.630807,
            46.848153,
            479.0
          ],
          [
            8.630726,
            46.848049,
            480.0
          ],
          [
            8.630645,
            46.847809,
            480.0
          ],
          [
            8.630555,
            46.847392,
            480.0
          ],
          [
            8.630564,
            46.847312,
            479.0
          ],
          [
            8.630591,
            46.847251,
            474.0
          ],
          [
            8.630654,
            46.847183,
            470.0
          ],
          [
            8.63069,
            46.847152,
            469.0
          ],
          [
            8.630708,
            46.847036,
            468.0
          ],
          [
            8.630708,
            46.846869,
            467.0
          ],
          [
            8.630734,
            46.846832,
            467.0
          ],
          [
            8.63078,
            46.846802,
            466.0
          ],
          [
            8.630816,
            46.846771,
            466.0
          ],
          [
            8.630843,
            46.846722,
            465.0
          ],
          [
            8.630914,
            46.846679,
            465.0
          ],
          [
            8.630996,
            46.846587,
            464.0
          ],
          [
            8.630996,
            46.846562,
            464.0
          ],
          [
            8.630987,
            46.846544,
            463.0
          ],
          [
            8.630968,
            46.846532,
            463.0
          ],
          [
            8.630816,
            46.846427,
            462.0
          ],
          [
            8.63078,
            46.846378,
            461.0
          ],
          [
            8.630753,
            46.846335,
            461.0
          ],
          [
            8.630761,
            46.846298,
            461.0
          ],
          [
            8.630771,
            46.846274,
            460.0
          ],
          [
            8.630851,
            46.846274,
            460.0
          ],
          [
            8.630887,
            46.846231,
            460.0
          ],
          [
            8.630941,
            46.846187,
            460.0
          ],
          [
            8.631004,
            46.846138,
            460.0
          ],
          [
            8.631202,
            46.846004,
            460.0
          ],
          [
            8.631363,
            46.845886,
            460.0
          ],
          [
            8.631516,
            46.845757,
            460.0
          ],
          [
            8.631615,
            46.845653,
            460.0
          ],
          [
            8.631713,
            46.845548,
            460.0
          ],
          [
            8.631893,
            46.845328,
            460.0
          ],
          [
            8.632109,
            46.84502,
            461.0
          ],
          [
            8.632369,
            46.844639,
            461.0
          ],
          [
            8.632531,
            46.844436,
            461.0
          ],
          [
            8.632702,
            46.844252,
            461.0
          ],
          [
            8.633017,
            46.84397,
            461.0
          ],
          [
            8.63334,
            46.843699,
            461.0
          ],
          [
            8.63352,
            46.843514,
            461.0
          ],
          [
            8.63386,
            46.843121,
            461.0
          ],
          [
            8.634202,
            46.842722,
            461.0
          ],
          [
            8.634732,
            46.842046,
            462.0
          ],
          [
            8.634742,
            46.842016,
            462.0
          ],
          [
            8.634742,
            46.841991,
            462.0
          ],
          [
            8.634742,
            46.841954,
            462.0
          ],
          [
            8.634715,
            46.841917,
            462.0
          ],
          [
            8.634472,
            46.841647,
            462.0
          ],
          [
            8.634489,
            46.841641,
            462.0
          ],
          [
            8.634723,
            46.841512,
            462.0
          ],
          [
            8.63475,
            46.841512,
            462.0
          ],
          [
            8.634921,
            46.841573,
            462.0
          ],
          [
            8.634958,
            46.841573,
            462.0
          ],
          [
            8.634992,
            46.841567,
            462.0
          ],
          [
            8.635019,
            46.841554,
            462.0
          ],
          [
            8.635181,
            46.841321,
            462.0
          ],
          [
            8.635316,
            46.841069,
            462.0
          ],
          [
            8.635424,
            46.840842,
            462.0
          ],
          [
            8.635514,
            46.840614,
            462.0
          ],
          [
            8.635631,
            46.840301,
            462.0
          ],
          [
            8.635721,
            46.839975,
            462.0
          ],
          [
            8.635774,
            46.839742,
            463.0
          ],
          [
            8.635847,
            46.839367,
            463.0
          ],
          [
            8.635873,
            46.839152,
            463.0
          ],
          [
            8.635882,
            46.838839,
            463.0
          ],
          [
            8.635837,
            46.838144,
            463.0
          ],
          [
            8.635721,
            46.837456,
            463.0
          ],
          [
            8.635434,
            46.835858,
            464.0
          ],
          [
            8.635379,
            46.835637,
            464.0
          ],
          [
            8.635379,
            46.835465,
            464.0
          ],
          [
            8.635352,
            46.835293,
            464.0
          ],
          [
            8.635352,
            46.835035,
            464.0
          ],
          [
            8.635388,
            46.834611,
            464.0
          ],
          [
            8.635434,
            46.834217,
            464.0
          ],
          [
            8.635478,
            46.834021,
            464.0
          ],
          [
            8.635424,
            46.833947,
            464.0
          ],
          [
            8.635434,
            46.833904,
            465.0
          ],
          [
            8.635478,
            46.833793,
            465.0
          ],
          [
            8.635522,
            46.833683,
            465.0
          ],
          [
            8.635694,
            46.833302,
            465.0
          ],
          [
            8.635765,
            46.833148,
            465.0
          ],
          [
            8.635873,
            46.832988,
            465.0
          ],
          [
            8.63617,
            46.832582,
            465.0
          ],
          [
            8.63634,
            46.832349,
            465.0
          ],
          [
            8.63687,
            46.831655,
            465.0
          ],
          [
            8.637229,
            46.8312,
            466.0
          ],
          [
            8.637248,
            46.831188,
            466.0
          ],
          [
            8.637445,
            46.830936,
            466.0
          ],
          [
            8.637634,
            46.830683,
            466.0
          ],
          [
            8.637759,
            46.830506,
            466.0
          ],
          [
            8.637858,
            46.830333,
            466.0
          ],
          [
            8.637921,
            46.830241,
            466.0
          ],
          [
            8.638055,
            46.829989,
            466.0
          ],
          [
            8.638164,
            46.829768,
            466.0
          ],
          [
            8.638245,
            46.829584,
            466.0
          ],
          [
            8.638308,
            46.829375,
            466.0
          ],
          [
            8.638388,
            46.829147,
            466.0
          ],
          [
            8.638415,
            46.829006,
            466.0
          ],
          [
            8.638434,
            46.828908,
            466.0
          ],
          [
            8.638442,
            46.82879,
            466.0
          ],
          [
            8.638434,
            46.828693,
            466.0
          ],
          [
            8.638407,
            46.828588,
            466.0
          ],
          [
            8.638352,
            46.828434,
            466.0
          ],
          [
            8.638271,
            46.828231,
            467.0
          ],
          [
            8.638218,
            46.828066,
            467.0
          ],
          [
            8.6382,
            46.827986,
            467.0
          ],
          [
            8.638191,
            46.827961,
            467.0
          ],
          [
            8.638191,
            46.827906,
            467.0
          ],
          [
            8.6382,
            46.827856,
            467.0
          ],
          [
            8.638218,
            46.827813,
            467.0
          ],
          [
            8.638344,
            46.827611,
            467.0
          ],
          [
            8.638415,
            46.827506,
            467.0
          ],
          [
            8.638524,
            46.827396,
            467.0
          ],
          [
            8.638621,
            46.827309,
            467.0
          ],
          [
            8.638757,
            46.827217,
            467.0
          ],
          [
            8.638963,
            46.827095,
            467.0
          ],
          [
            8.639304,
            46.826904,
            467.0
          ],
          [
            8.639512,
            46.826763,
            467.0
          ],
          [
            8.639539,
            46.826744,
            467.0
          ],
          [
            8.639646,
            46.826701,
            467.0
          ],
          [
            8.640015,
            46.826566,
            467.0
          ],
          [
            8.640392,
            46.826412,
            467.0
          ],
          [
            8.640472,
            46.826412,
            467.0
          ],
          [
            8.640912,
            46.82624,
            467.0
          ],
          [
            8.64138,
            46.825988,
            468.0
          ],
          [
            8.64156,
            46.825847,
            468.0
          ],
          [
            8.641757,
            46.825748,
            468.0
          ],
          [
            8.641883,
            46.825644,
            468.0
          ],
          [
            8.642053,
            46.825496,
            468.0
          ],
          [
            8.642197,
            46.8253,
            468.0
          ],
          [
            8.64252,
            46.825041,
            468.0
          ],
          [
            8.642988,
            46.824734,
            468.0
          ],
          [
            8.643248,
            46.824605,
            468.0
          ],
          [
            8.643554,
            46.82447,
            468.0
          ],
          [
            8.64385,
            46.824347,
            468.0
          ],
          [
            8.644039,
            46.824236,
            468.0
          ],
          [
            8.644308,
            46.823991,
            469.0
          ],
          [
            8.644542,
            46.823751,
            469.0
          ],
          [
            8.644757,
            46.823517,
            469.0
          ],
          [
            8.645036,
            46.823136,
            469.0
          ],
          [
            8.645162,
            46.822964,
            469.0
          ],
          [
            8.645342,
            46.82265,
            469.0
          ],
          [
            8.645432,
            46.822448,
            469.0
          ],
          [
            8.645566,
            46.822079,
            469.0
          ],
          [
            8.645808,
            46.821274,
            470.0
          ],
          [
            8.645889,
            46.820874,
            470.0
          ],
          [
            8.645898,
            46.820671,
            470.0
          ],
          [
            8.645854,
            46.820161,
            470.0
          ],
          [
            8.645854,
            46.82013,
            470.0
          ],
          [
            8.645826,
            46.820093,
            470.0
          ],
          [
            8.645791,
            46.820075,
            470.0
          ],
          [
            8.645755,
            46.820069,
            470.0
          ],
          [
            8.645782,
            46.81989,
            470.0
          ],
          [
            8.645808,
            46.819768,
            470.0
          ],
          [
            8.645889,
            46.819761,
            470.0
          ],
          [
            8.646608,
            46.819725,
            470.0
          ],
          [
            8.646661,
            46.819725,
            470.0
          ],
          [
            8.646653,
            46.819694,
            470.0
          ],
          [
            8.646617,
            46.819626,
            470.0
          ],
          [
            8.646491,
            46.819183,
            470.0
          ],
          [
            8.646357,
            46.818618,
            470.0
          ],
          [
            8.646348,
            46.818563,
            470.0
          ],
          [
            8.64633,
            46.818502,
            470.0
          ],
          [
            8.64633,
            46.818409,
            471.0
          ],
          [
            8.646357,
            46.818274,
            471.0
          ],
          [
            8.646411,
            46.818132,
            471.0
          ],
          [
            8.646474,
            46.817991,
            471.0
          ],
          [
            8.646571,
            46.817831,
            471.0
          ],
          [
            8.646626,
            46.81777,
            471.0
          ],
          [
            8.646698,
            46.817714,
            471.0
          ],
          [
            8.646806,
            46.817641,
            471.0
          ],
          [
            8.646923,
            46.817573,
            471.0
          ],
          [
            8.647057,
            46.817512,
            471.0
          ],
          [
            8.647227,
            46.817438,
            471.0
          ],
          [
            8.647426,
            46.81737,
            471.0
          ],
          [
            8.647605,
            46.817333,
            471.0
          ],
          [
            8.647766,
            46.817297,
            472.0
          ],
          [
            8.647946,
            46.817278,
            472.0
          ],
          [
            8.648126,
            46.81726,
            472.0
          ],
          [
            8.648351,
            46.81726,
            472.0
          ],
          [
            8.6488,
            46.817241,
            472.0
          ],
          [
            8.649124,
            46.817223,
            472.0
          ],
          [
            8.649914,
            46.817179,
            472.0
          ],
          [
            8.650758,
            46.81713,
            473.0
          ],
          [
            8.650795,
            46.81713,
            473.0
          ],
          [
            8.650821,
            46.817136,
            473.0
          ],
          [
            8.650839,
            46.817149,
            473.0
          ],
          [
            8.650866,
            46.817173,
            473.0
          ],
          [
            8.650911,
            46.817155,
            473.0
          ],
          [
            8.650956,
            46.817142,
            473.0
          ],
          [
            8.651009,
            46.81713,
            473.0
          ],
          [
            8.651135,
            46.817105,
            473.0
          ],
          [
            8.651198,
            46.817093,
            473.0
          ],
          [
            8.651271,
            46.817075,
            473.0
          ],
          [
            8.651342,
            46.817056,
            473.0
          ],
          [
            8.651424,
            46.817026,
            473.0
          ],
          [
            8.651495,
            46.816995,
            473.0
          ],
          [
            8.652376,
            46.81662,
            474.0
          ],
          [
            8.65242,
            46.816559,
            474.0
          ],
          [
            8.652447,
            46.816528,
            474.0
          ],
          [
            8.652483,
            46.816497,
            474.0
          ],
          [
            8.652743,
            46.816325,
            474.0
          ],
          [
            8.652806,
            46.816288,
            474.0
          ],
          [
            8.653408,
            46.815931,
            474.0
          ],
          [
            8.654055,
            46.815587,
            475.0
          ],
          [
            8.65445,
            46.815372,
            475.0
          ],
          [
            8.654791,
            46.815163,
            476.0
          ],
          [
            8.655277,
            46.814838,
            476.0
          ],
          [
            8.655995,
            46.814339,
            477.0
          ],
          [
            8.656408,
            46.81402,
            477.0
          ],
          [
            8.656867,
            46.813571,
            478.0
          ],
          [
            8.657307,
            46.813128,
            478.0
          ],
          [
            8.65754,
            46.812821,
            479.0
          ],
          [
            8.657846,
            46.812489,
            479.0
          ],
          [
            8.65808,
            46.812261,
            479.0
          ],
          [
            8.658179,
            46.812237,
            479.0
          ],
          [
            8.65834,
            46.812126,
            479.0
          ],
          [
            8.658448,
            46.812089,
            480.0
          ],
          [
            8.658511,
            46.812028,
            480.0
          ],
          [
            8.6586,
            46.811948,
            480.0
          ],
          [
            8.65869,
            46.81188,
            480.0
          ],
          [
            8.659104,
            46.811567,
            480.0
          ],
          [
            8.659319,
            46.811425,
            480.0
          ],
          [
            8.659651,
            46.811222,
            480.0
          ],
          [
            8.660047,
            46.810971,
            480.0
          ],
          [
            8.660424,
            46.810712,
            480.0
          ],
          [
            8.66054,
            46.810614,
            480.0
          ],
          [
            8.660657,
            46.810509,
            480.0
          ],
          [
            8.660739,
            46.810429,
            480.0
          ],
          [
            8.660927,
            46.810226,
            480.0
          ],
          [
            8.660982,
            46.810177,
            480.0
          ],
          [
            8.661026,
            46.81014,
            480.0
          ],
          [
            8.66108,
            46.810097,
            480.0
          ],
          [
            8.661152,
            46.810061,
            480.0
          ],
          [
            8.661232,
            46.810017,
            480.0
          ],
          [
            8.661322,
            46.80998,
            480.0
          ],
          [
            8.661646,
            46.809857,
            480.0
          ],
          [
            8.662005,
            46.809722,
            480.0
          ],
          [
            8.662059,
            46.809698,
            480.0
          ],
          [
            8.662114,
            46.809667,
            480.0
          ],
          [
            8.662077,
            46.809636,
            480.0
          ],
          [
            8.662051,
            46.809611,
            480.0
          ],
          [
            8.662041,
            46.809574,
            480.0
          ],
          [
            8.662041,
            46.80955,
            480.0
          ],
          [
            8.662068,
            46.809477,
            480.0
          ],
          [
            8.662068,
            46.809427,
            480.0
          ],
          [
            8.662077,
            46.809378,
            480.0
          ],
          [
            8.662068,
            46.80923,
            480.0
          ],
          [
            8.662085,
            46.809157,
            480.0
          ],
          [
            8.662122,
            46.809089,
            480.0
          ],
          [
            8.662185,
            46.809002,
            480.0
          ],
          [
            8.662338,
            46.808818,
            480.0
          ],
          [
            8.662427,
            46.808683,
            480.0
          ],
          [
            8.6625,
            46.808542,
            480.0
          ],
          [
            8.662561,
            46.808406,
            480.0
          ],
          [
            8.662598,
            46.808265,
            480.0
          ],
          [
            8.662643,
            46.808074,
            480.0
          ],
          [
            8.662651,
            46.807933,
            480.0
          ],
          [
            8.662634,
            46.807736,
            480.0
          ],
          [
            8.662607,
            46.807533,
            480.0
          ],
          [
            8.662553,
            46.807361,
            480.0
          ],
          [
            8.662508,
            46.807232,
            480.0
          ],
          [
            8.66267,
            46.807177,
            480.0
          ],
          [
            8.662823,
            46.807158,
            480.0
          ],
          [
            8.66294,
            46.807146,
            480.0
          ],
          [
            8.662976,
            46.807189,
            480.0
          ],
          [
            8.663038,
            46.807219,
            480.0
          ],
          [
            8.663119,
            46.807238,
            480.0
          ],
          [
            8.663595,
            46.807306,
            480.0
          ],
          [
            8.663667,
            46.807306,
            480.0
          ],
          [
            8.66373,
            46.807287,
            480.0
          ],
          [
            8.663783,
            46.807269,
            480.0
          ],
          [
            8.663945,
            46.807201,
            480.0
          ],
          [
            8.663999,
            46.807183,
            480.0
          ],
          [
            8.664062,
            46.807177,
            480.0
          ],
          [
            8.664125,
            46.807183,
            480.0
          ],
          [
            8.664179,
            46.807189,
            480.0
          ],
          [
            8.664574,
            46.807287,
            485.0
          ],
          [
            8.664628,
            46.8073,
            486.0
          ],
          [
            8.664691,
            46.807171,
            486.0
          ],
          [
            8.664727,
            46.807091,
            487.0
          ],
          [
            8.664754,
            46.807023,
            487.0
          ],
          [
            8.664781,
            46.806949,
            487.0
          ],
          [
            8.664798,
            46.806863,
            487.0
          ],
          [
            8.664808,
            46.806802,
            487.0
          ],
          [
            8.664825,
            46.806722,
            487.0
          ],
          [
            8.664835,
            46.806586,
            488.0
          ],
          [
            8.664853,
            46.80639,
            488.0
          ],
          [
            8.664853,
            46.806255,
            488.0
          ],
          [
            8.664844,
            46.806113,
            489.0
          ],
          [
            8.664825,
            46.805959,
            489.0
          ],
          [
            8.66488,
            46.805953,
            489.0
          ],
          [
            8.664915,
            46.805953,
            489.0
          ],
          [
            8.664888,
            46.805805,
            490.0
          ],
          [
            8.664898,
            46.805744,
            491.0
          ],
          [
            8.664861,
            46.805677,
            492.0
          ],
          [
            8.664871,
            46.805473,
            496.0
          ],
          [
            8.664844,
            46.805314,
            499.0
          ],
          [
            8.664871,
            46.805221,
            500.0
          ],
          [
            8.664871,
            46.805117,
            502.0
          ],
          [
            8.664825,
            46.804945,
            505.0
          ],
          [
            8.664817,
            46.804791,
            507.0
          ],
          [
            8.664764,
            46.804662,
            509.0
          ],
          [
            8.66479,
            46.804619,
            510.0
          ],
          [
            8.664871,
            46.80465,
            511.0
          ],
          [
            8.665051,
            46.804724,
            512.0
          ],
          [
            8.665077,
            46.80473,
            512.0
          ],
          [
            8.665114,
            46.804736,
            512.0
          ],
          [
            8.66515,
            46.804736,
            513.0
          ],
          [
            8.665185,
            46.804736,
            513.0
          ],
          [
            8.665194,
            46.80473,
            513.0
          ],
          [
            8.66558,
            46.804606,
            516.0
          ],
          [
            8.665617,
            46.804582,
            516.0
          ],
          [
            8.665733,
            46.804496,
            517.0
          ],
          [
            8.665787,
            46.804459,
            518.0
          ],
          [
            8.66585,
            46.804435,
            518.0
          ],
          [
            8.666074,
            46.804398,
            520.0
          ],
          [
            8.666389,
            46.804361,
            524.0
          ],
          [
            8.666523,
            46.804373,
            525.0
          ],
          [
            8.666775,
            46.804447,
            529.0
          ],
          [
            8.666999,
            46.804441,
            531.0
          ],
          [
            8.667332,
            46.804379,
            535.0
          ],
          [
            8.667961,
            46.804146,
            544.0
          ],
          [
            8.668123,
            46.804121,
            546.0
          ],
          [
            8.668221,
            46.804121,
            548.0
          ],
          [
            8.668383,
            46.804139,
            550.0
          ],
          [
            8.668509,
            46.804133,
            551.0
          ],
          [
            8.668716,
            46.804115,
            552.0
          ],
          [
            8.669048,
            46.804078,
            555.0
          ],
          [
            8.66903,
            46.804059,
            555.0
          ],
          [
            8.669012,
            46.804035,
            555.0
          ],
          [
            8.668993,
            46.803998,
            555.0
          ],
          [
            8.668985,
            46.803924,
            556.0
          ],
          [
            8.668985,
            46.803832,
            557.0
          ],
          [
            8.669012,
            46.803752,
            558.0
          ],
          [
            8.669093,
            46.803617,
            560.0
          ],
          [
            8.669119,
            46.803457,
            560.0
          ],
          [
            8.669111,
            46.803235,
            560.0
          ],
          [
            8.669056,
            46.802885,
            560.0
          ],
          [
            8.669022,
            46.802657,
            560.0
          ],
          [
            8.669075,
            46.802491,
            558.0
          ],
          [
            8.66894,
            46.802282,
            555.0
          ],
          [
            8.668896,
            46.802159,
            554.0
          ],
          [
            8.66894,
            46.801673,
            548.0
          ],
          [
            8.66894,
            46.80163,
            548.0
          ],
          [
            8.66894,
            46.801581,
            547.0
          ],
          [
            8.668922,
            46.801545,
            547.0
          ],
          [
            8.668949,
            46.801501,
            547.0
          ],
          [
            8.668976,
            46.801464,
            546.0
          ],
          [
            8.669022,
            46.80144,
            546.0
          ],
          [
            8.669165,
            46.801403,
            548.0
          ],
          [
            8.669559,
            46.801353,
            551.0
          ],
          [
            8.669704,
            46.801323,
            552.0
          ],
          [
            8.669856,
            46.801292,
            552.0
          ],
          [
            8.669938,
            46.801262,
            553.0
          ],
          [
            8.670027,
            46.801212,
            553.0
          ],
          [
            8.670117,
            46.801145,
            554.0
          ],
          [
            8.670188,
            46.801064,
            554.0
          ],
          [
            8.670243,
            46.800862,
            556.0
          ],
          [
            8.670395,
            46.800843,
            556.0
          ],
          [
            8.670701,
            46.800616,
            558.0
          ],
          [
            8.670917,
            46.800505,
            559.0
          ],
          [
            8.671006,
            46.800456,
            560.0
          ],
          [
            8.67168,
            46.800056,
            560.0
          ],
          [
            8.672039,
            46.799817,
            560.0
          ],
          [
            8.671698,
            46.799767,
            560.0
          ],
          [
            8.671366,
            46.799706,
            556.0
          ],
          [
            8.671204,
            46.799669,
            554.0
          ],
          [
            8.67089,
            46.799607,
            549.0
          ],
          [
            8.670907,
            46.799515,
            550.0
          ],
          [
            8.670809,
            46.799398,
            548.0
          ],
          [
            8.670503,
            46.799097,
            542.0
          ],
          [
            8.670144,
            46.798894,
            537.0
          ],
          [
            8.670072,
            46.798839,
            537.0
          ],
          [
            8.670027,
            46.798789,
            536.0
          ],
          [
            8.670001,
            46.798746,
            535.0
          ],
          [
            8.669982,
            46.798697,
            534.0
          ],
          [
            8.669974,
            46.798605,
            533.0
          ],
          [
            8.669982,
            46.798556,
            533.0
          ],
          [
            8.670018,
            46.798457,
            531.0
          ],
          [
            8.670018,
            46.798427,
            531.0
          ],
          [
            8.670009,
            46.798396,
            531.0
          ],
          [
            8.670234,
            46.798168,
            532.0
          ],
          [
            8.670278,
            46.79815,
            533.0
          ],
          [
            8.670333,
            46.798131,
            533.0
          ],
          [
            8.670593,
            46.798083,
            534.0
          ],
          [
            8.670773,
            46.798021,
            535.0
          ],
          [
            8.67089,
            46.797965,
            536.0
          ],
          [
            8.671132,
            46.797824,
            537.0
          ],
          [
            8.671257,
            46.797695,
            539.0
          ],
          [
            8.671339,
            46.797639,
            539.0
          ],
          [
            8.671492,
            46.797504,
            540.0
          ],
          [
            8.671617,
            46.797437,
            542.0
          ],
          [
            8.671743,
            46.797369,
            543.0
          ],
          [
            8.671706,
            46.797283,
            544.0
          ],
          [
            8.671698,
            46.797209,
            544.0
          ],
          [
            8.671706,
            46.797185,
            545.0
          ],
          [
            8.671995,
            46.796926,
            548.0
          ],
          [
            8.672066,
            46.796858,
            549.0
          ],
          [
            8.672085,
            46.79684,
            549.0
          ],
          [
            8.672085,
            46.796821,
            549.0
          ],
          [
            8.672085,
            46.796803,
            549.0
          ],
          [
            8.672066,
            46.796778,
            550.0
          ],
          [
            8.671905,
            46.796662,
            550.0
          ],
          [
            8.671886,
            46.796637,
            550.0
          ],
          [
            8.671896,
            46.796588,
            550.0
          ],
          [
            8.671985,
            46.796563,
            551.0
          ],
          [
            8.672085,
            46.796539,
            551.0
          ],
          [
            8.672192,
            46.796532,
            552.0
          ],
          [
            8.672309,
            46.796336,
            555.0
          ],
          [
            8.672309,
            46.796287,
            555.0
          ],
          [
            8.672372,
            46.796268,
            556.0
          ],
          [
            8.672444,
            46.796225,
            557.0
          ],
          [
            8.672515,
            46.796194,
            557.0
          ],
          [
            8.672534,
            46.796139,
            558.0
          ],
          [
            8.672578,
            46.796078,
            559.0
          ],
          [
            8.672605,
            46.796004,
            560.0
          ],
          [
            8.672624,
            46.795899,
            560.0
          ],
          [
            8.672614,
            46.795838,
            560.0
          ],
          [
            8.672632,
            46.795789,
            560.0
          ],
          [
            8.672677,
            46.795721,
            560.0
          ],
          [
            8.672677,
            46.795696,
            560.0
          ],
          [
            8.672668,
            46.795684,
            560.0
          ],
          [
            8.672588,
            46.795622,
            560.0
          ],
          [
            8.672561,
            46.795604,
            560.0
          ],
          [
            8.672479,
            46.795512,
            560.0
          ],
          [
            8.672444,
            46.79545,
            560.0
          ],
          [
            8.672444,
            46.795389,
            560.0
          ],
          [
            8.672417,
            46.795241,
            560.0
          ],
          [
            8.672381,
            46.795143,
            560.0
          ],
          [
            8.672327,
            46.795087,
            560.0
          ],
          [
            8.672309,
            46.795044,
            560.0
          ],
          [
            8.672264,
            46.794958,
            560.0
          ],
          [
            8.672238,
            46.794884,
            560.0
          ],
          [
            8.672228,
            46.794847,
            560.0
          ],
          [
            8.672255,
            46.794773,
            560.0
          ],
          [
            8.672272,
            46.794688,
            560.0
          ],
          [
            8.672264,
            46.794663,
            560.0
          ],
          [
            8.672264,
            46.794663,
            560.0
          ],
          [
            8.672228,
            46.794466,
            560.0
          ],
          [
            8.672238,
            46.794325,
            560.0
          ],
          [
            8.672238,
            46.794116,
            560.0
          ],
          [
            8.672085,
            46.794005,
            560.0
          ],
          [
            8.672039,
            46.793968,
            560.0
          ],
          [
            8.672012,
            46.793925,
            560.0
          ],
          [
            8.671995,
            46.793875,
            560.0
          ],
          [
            8.671985,
            46.793839,
            560.0
          ],
          [
            8.671985,
            46.793802,
            560.0
          ],
          [
            8.672003,
            46.793765,
            560.0
          ],
          [
            8.672183,
            46.793562,
            560.0
          ],
          [
            8.672209,
            46.793507,
            560.0
          ],
          [
            8.672219,
            46.793451,
            560.0
          ],
          [
            8.672209,
            46.793365,
            560.0
          ],
          [
            8.672219,
            46.793322,
            560.0
          ],
          [
            8.672228,
            46.793285,
            560.0
          ],
          [
            8.672255,
            46.793255,
            560.0
          ],
          [
            8.672291,
            46.793212,
            560.0
          ],
          [
            8.672425,
            46.793125,
            559.0
          ],
          [
            8.672498,
            46.79307,
            559.0
          ],
          [
            8.672569,
            46.792984,
            558.0
          ],
          [
            8.672614,
            46.792923,
            557.0
          ],
          [
            8.672677,
            46.792781,
            556.0
          ],
          [
            8.672749,
            46.792658,
            555.0
          ],
          [
            8.672838,
            46.792535,
            554.0
          ],
          [
            8.672848,
            46.792498,
            554.0
          ],
          [
            8.672848,
            46.792455,
            553.0
          ],
          [
            8.672838,
            46.792388,
            553.0
          ],
          [
            8.672838,
            46.792338,
            552.0
          ],
          [
            8.672884,
            46.792209,
            551.0
          ],
          [
            8.672785,
            46.792184,
            551.0
          ],
          [
            8.67274,
            46.792166,
            550.0
          ],
          [
            8.672695,
            46.792147,
            550.0
          ],
          [
            8.672659,
            46.792123,
            550.0
          ],
          [
            8.672542,
            46.792012,
            549.0
          ],
          [
            8.672498,
            46.791975,
            549.0
          ],
          [
            8.672345,
            46.791889,
            548.0
          ],
          [
            8.672282,
            46.791852,
            548.0
          ],
          [
            8.672209,
            46.791834,
            548.0
          ],
          [
            8.672255,
            46.791779,
            547.0
          ],
          [
            8.672354,
            46.791631,
            547.0
          ],
          [
            8.672425,
            46.791557,
            546.0
          ],
          [
            8.672506,
            46.791465,
            546.0
          ],
          [
            8.672569,
            46.791385,
            545.0
          ],
          [
            8.672659,
            46.791268,
            545.0
          ],
          [
            8.672677,
            46.791231,
            544.0
          ],
          [
            8.672722,
            46.791157,
            544.0
          ],
          [
            8.672865,
            46.790881,
            543.0
          ],
          [
            8.672901,
            46.790807,
            542.0
          ],
          [
            8.672938,
            46.790757,
            542.0
          ],
          [
            8.672974,
            46.790708,
            542.0
          ],
          [
            8.67301,
            46.790678,
            542.0
          ],
          [
            8.673045,
            46.790653,
            541.0
          ],
          [
            8.673081,
            46.790622,
            541.0
          ],
          [
            8.673108,
            46.790592,
            541.0
          ],
          [
            8.673117,
            46.790561,
            541.0
          ],
          [
            8.673467,
            46.790517,
            547.0
          ],
          [
            8.67353,
            46.790517,
            548.0
          ],
          [
            8.673638,
            46.79053,
            550.0
          ],
          [
            8.67398,
            46.790419,
            550.0
          ],
          [
            8.674169,
            46.790284,
            550.0
          ],
          [
            8.67424,
            46.790204,
            550.0
          ],
          [
            8.674259,
            46.790112,
            550.0
          ],
          [
            8.674259,
            46.790044,
            550.0
          ],
          [
            8.674276,
            46.789976,
            550.0
          ],
          [
            8.674411,
            46.789786,
            550.0
          ],
          [
            8.674528,
            46.789509,
            550.0
          ],
          [
            8.674743,
            46.789078,
            550.0
          ],
          [
            8.674878,
            46.788925,
            553.0
          ],
          [
            8.674959,
            46.788801,
            555.0
          ],
          [
            8.674968,
            46.78863,
            557.0
          ],
          [
            8.674959,
            46.788605,
            558.0
          ],
          [
            8.674922,
            46.788347,
            562.0
          ],
          [
            8.674932,
            46.788101,
            566.0
          ],
          [
            8.674995,
            46.78802,
            568.0
          ],
          [
            8.675112,
            46.787971,
            569.0
          ],
          [
            8.675121,
            46.787879,
            571.0
          ],
          [
            8.674995,
            46.787781,
            573.0
          ],
          [
            8.674949,
            46.787498,
            577.0
          ],
          [
            8.674941,
            46.787455,
            578.0
          ],
          [
            8.674977,
            46.787283,
            581.0
          ],
          [
            8.674949,
            46.787165,
            582.0
          ],
          [
            8.674914,
            46.78711,
            583.0
          ],
          [
            8.674842,
            46.787037,
            584.0
          ],
          [
            8.674672,
            46.786919,
            586.0
          ],
          [
            8.674626,
            46.786864,
            587.0
          ],
          [
            8.674591,
            46.786692,
            589.0
          ],
          [
            8.674555,
            46.786366,
            592.0
          ],
          [
            8.674509,
            46.786145,
            593.0
          ],
          [
            8.674411,
            46.786015,
            594.0
          ],
          [
            8.674339,
            46.785893,
            595.0
          ],
          [
            8.674285,
            46.785714,
            596.0
          ],
          [
            8.674267,
            46.785646,
            597.0
          ],
          [
            8.674276,
            46.785554,
            597.0
          ],
          [
            8.674222,
            46.785492,
            598.0
          ],
          [
            8.674222,
            46.785418,
            598.0
          ],
          [
            8.674293,
            46.785339,
            599.0
          ],
          [
            8.674383,
            46.785265,
            599.0
          ],
          [
            8.674501,
            46.785074,
            600.0
          ],
          [
            8.674483,
            46.78473,
            600.0
          ],
          [
            8.674483,
            46.784699,
            600.0
          ],
          [
            8.674536,
            46.784619,
            600.0
          ],
          [
            8.674582,
            46.7846,
            600.0
          ],
          [
            8.674645,
            46.78457,
            600.0
          ],
          [
            8.674626,
            46.784472,
            600.0
          ],
          [
            8.674635,
            46.78417,
            600.0
          ],
          [
            8.674582,
            46.784102,
            599.0
          ],
          [
            8.674501,
            46.784047,
            598.0
          ],
          [
            8.674465,
            46.783967,
            597.0
          ],
          [
            8.674456,
            46.783875,
            596.0
          ],
          [
            8.674492,
            46.783832,
            596.0
          ],
          [
            8.674438,
            46.783703,
            594.0
          ],
          [
            8.674322,
            46.783586,
            592.0
          ],
          [
            8.674267,
            46.783512,
            591.0
          ],
          [
            8.674276,
            46.78345,
            590.0
          ],
          [
            8.674348,
            46.783432,
            591.0
          ],
          [
            8.674402,
            46.783414,
            592.0
          ],
          [
            8.674528,
            46.783321,
            593.0
          ],
          [
            8.674591,
            46.78329,
            594.0
          ],
          [
            8.674662,
            46.783259,
            595.0
          ],
          [
            8.674788,
            46.783229,
            596.0
          ],
          [
            8.674851,
            46.783198,
            596.0
          ],
          [
            8.674922,
            46.783149,
            597.0
          ],
          [
            8.675112,
            46.783063,
            599.0
          ],
          [
            8.675228,
            46.783026,
            600.0
          ],
          [
            8.675425,
            46.783026,
            602.0
          ],
          [
            8.675515,
            46.783038,
            603.0
          ],
          [
            8.675614,
            46.783038,
            604.0
          ],
          [
            8.675758,
            46.783057,
            606.0
          ],
          [
            8.675812,
            46.783063,
            606.0
          ],
          [
            8.676091,
            46.782983,
            609.0
          ],
          [
            8.676217,
            46.782964,
            610.0
          ],
          [
            8.676306,
            46.782927,
            610.0
          ],
          [
            8.676467,
            46.782921,
            610.0
          ],
          [
            8.67653,
            46.782909,
            610.0
          ],
          [
            8.676603,
            46.782866,
            610.0
          ],
          [
            8.676693,
            46.782761,
            609.0
          ],
          [
            8.676792,
            46.782595,
            607.0
          ],
          [
            8.676899,
            46.782478,
            605.0
          ],
          [
            8.677007,
            46.782448,
            604.0
          ],
          [
            8.676943,
            46.782245,
            601.0
          ],
          [
            8.676702,
            46.781869,
            594.0
          ],
          [
            8.676073,
            46.781223,
            582.0
          ],
          [
            8.675875,
            46.78102,
            578.0
          ],
          [
            8.675668,
            46.78078,
            575.0
          ],
          [
            8.675399,
            46.780541,
            571.0
          ],
          [
            8.674878,
            46.780043,
            560.0
          ],
          [
            8.674689,
            46.77979,
            556.0
          ],
          [
            8.674563,
            46.77971,
            555.0
          ],
          [
            8.674456,
            46.779716,
            554.0
          ],
          [
            8.674402,
            46.779778,
            553.0
          ],
          [
            8.67424,
            46.779907,
            552.0
          ],
          [
            8.674177,
            46.779925,
            551.0
          ],
          [
            8.674123,
            46.779919,
            551.0
          ],
          [
            8.674016,
            46.779888,
            550.0
          ],
          [
            8.67397,
            46.779882,
            549.0
          ],
          [
            8.673935,
            46.779888,
            549.0
          ],
          [
            8.673907,
            46.779839,
            548.0
          ],
          [
            8.673854,
            46.779803,
            548.0
          ],
          [
            8.673647,
            46.779716,
            546.0
          ],
          [
            8.67354,
            46.779667,
            545.0
          ],
          [
            8.673396,
            46.779563,
            543.0
          ],
          [
            8.67336,
            46.779544,
            543.0
          ],
          [
            8.673144,
            46.779483,
            541.0
          ],
          [
            8.67309,
            46.77947,
            541.0
          ],
          [
            8.673045,
            46.779464,
            540.0
          ],
          [
            8.672991,
            46.779477,
            540.0
          ],
          [
            8.672955,
            46.779489,
            540.0
          ],
          [
            8.672821,
            46.779611,
            538.0
          ],
          [
            8.672659,
            46.779778,
            536.0
          ],
          [
            8.672462,
            46.779723,
            534.0
          ],
          [
            8.672389,
            46.779692,
            533.0
          ],
          [
            8.672327,
            46.779648,
            533.0
          ],
          [
            8.672129,
            46.779526,
            530.0
          ],
          [
            8.671932,
            46.779384,
            525.0
          ],
          [
            8.671976,
            46.779341,
            526.0
          ],
          [
            8.672066,
            46.779249,
            526.0
          ],
          [
            8.672138,
            46.77915,
            527.0
          ],
          [
            8.672201,
            46.77907,
            527.0
          ],
          [
            8.672272,
            46.778985,
            526.0
          ],
          [
            8.672452,
            46.778744,
            526.0
          ],
          [
            8.672812,
            46.778351,
            527.0
          ],
          [
            8.672865,
            46.778277,
            526.0
          ],
          [
            8.672893,
            46.778209,
            525.0
          ],
          [
            8.672901,
            46.778129,
            523.0
          ],
          [
            8.672893,
            46.777797,
            520.0
          ],
          [
            8.672812,
            46.777489,
            520.0
          ],
          [
            8.672803,
            46.777428,
            520.0
          ],
          [
            8.672803,
            46.777366,
            520.0
          ],
          [
            8.672812,
            46.777256,
            520.0
          ],
          [
            8.672803,
            46.777237,
            520.0
          ],
          [
            8.672794,
            46.777225,
            520.0
          ],
          [
            8.672785,
            46.777219,
            520.0
          ],
          [
            8.672767,
            46.777206,
            520.0
          ],
          [
            8.672749,
            46.7772,
            520.0
          ],
          [
            8.672714,
            46.777194,
            520.0
          ],
          [
            8.672695,
            46.777194,
            520.0
          ],
          [
            8.672695,
            46.777151,
            520.0
          ],
          [
            8.672685,
            46.777065,
            520.0
          ],
          [
            8.672695,
            46.777028,
            520.0
          ],
          [
            8.672714,
            46.776966,
            520.0
          ],
          [
            8.672704,
            46.776837,
            520.0
          ],
          [
            8.672651,
            46.776702,
            520.0
          ],
          [
            8.672569,
            46.776579,
            520.0
          ],
          [
            8.672488,
            46.776487,
            520.0
          ],
          [
            8.672452,
            46.7764,
            520.0
          ],
          [
            8.672488,
            46.776308,
            520.0
          ],
          [
            8.672417,
            46.776019,
            520.0
          ],
          [
            8.672318,
            46.775853,
            520.0
          ],
          [
            8.672309,
            46.775742,
            520.0
          ],
          [
            8.672272,
            46.775638,
            520.0
          ],
          [
            8.672282,
            46.775527,
            522.0
          ],
          [
            8.672201,
            46.775441,
            524.0
          ],
          [
            8.672192,
            46.775355,
            526.0
          ],
          [
            8.67203,
            46.775207,
            529.0
          ],
          [
            8.672022,
            46.775127,
            532.0
          ],
          [
            8.671949,
            46.775004,
            539.0
          ],
          [
            8.671913,
            46.774948,
            541.0
          ],
          [
            8.671905,
            46.7749,
            541.0
          ],
          [
            8.671643,
            46.774826,
            543.0
          ],
          [
            8.671536,
            46.774745,
            545.0
          ],
          [
            8.671456,
            46.774659,
            546.0
          ],
          [
            8.671366,
            46.774512,
            548.0
          ],
          [
            8.67124,
            46.774241,
            551.0
          ],
          [
            8.671186,
            46.774167,
            551.0
          ],
          [
            8.671024,
            46.773681,
            556.0
          ],
          [
            8.670917,
            46.773269,
            559.0
          ],
          [
            8.67097,
            46.773146,
            560.0
          ],
          [
            8.671033,
            46.773133,
            560.0
          ],
          [
            8.671016,
            46.773115,
            560.0
          ],
          [
            8.67115,
            46.773066,
            560.0
          ],
          [
            8.671213,
            46.772722,
            554.0
          ],
          [
            8.67115,
            46.772764,
            552.0
          ],
          [
            8.671106,
            46.772807,
            551.0
          ],
          [
            8.67106,
            46.772807,
            550.0
          ],
          [
            8.671077,
            46.772722,
            548.0
          ],
          [
            8.671033,
            46.772734,
            547.0
          ],
          [
            8.670997,
            46.772789,
            546.0
          ],
          [
            8.670953,
            46.77285,
            544.0
          ],
          [
            8.670907,
            46.772894,
            543.0
          ],
          [
            8.670907,
            46.772685,
            538.0
          ],
          [
            8.670926,
            46.772561,
            535.0
          ],
          [
            8.670907,
            46.772536,
            534.0
          ],
          [
            8.67088,
            46.772549,
            534.0
          ],
          [
            8.670827,
            46.772604,
            532.0
          ],
          [
            8.670746,
            46.772666,
            530.0
          ],
          [
            8.67063,
            46.772691,
            528.0
          ],
          [
            8.670567,
            46.772697,
            527.0
          ],
          [
            8.670503,
            46.772697,
            525.0
          ],
          [
            8.670458,
            46.772691,
            525.0
          ],
          [
            8.670431,
            46.772672,
            524.0
          ],
          [
            8.670414,
            46.772648,
            523.0
          ],
          [
            8.670404,
            46.772611,
            522.0
          ],
          [
            8.670404,
            46.77258,
            521.0
          ],
          [
            8.670387,
            46.772549,
            520.0
          ],
          [
            8.670333,
            46.77253,
            520.0
          ],
          [
            8.670243,
            46.772488,
            520.0
          ],
          [
            8.670234,
            46.772457,
            520.0
          ],
          [
            8.670215,
            46.772414,
            520.0
          ],
          [
            8.670054,
            46.772328,
            520.0
          ],
          [
            8.670009,
            46.772297,
            520.0
          ],
          [
            8.67009,
            46.772205,
            520.0
          ],
          [
            8.670125,
            46.772162,
            520.0
          ],
          [
            8.670243,
            46.772001,
            520.0
          ],
          [
            8.670368,
            46.771842,
            520.0
          ],
          [
            8.670404,
            46.771792,
            520.0
          ],
          [
            8.67045,
            46.771811,
            520.0
          ],
          [
            8.670601,
            46.77186,
            520.0
          ],
          [
            8.670664,
            46.77186,
            520.0
          ],
          [
            8.670701,
            46.771811,
            520.0
          ],
          [
            8.670854,
            46.77173,
            520.0
          ],
          [
            8.670961,
            46.771663,
            520.0
          ],
          [
            8.671016,
            46.771589,
            520.0
          ],
          [
            8.671016,
            46.771491,
            520.0
          ],
          [
            8.671024,
            46.771454,
            520.0
          ],
          [
            8.671167,
            46.771306,
            520.0
          ],
          [
            8.671204,
            46.771251,
            520.0
          ],
          [
            8.671204,
            46.771128,
            520.0
          ],
          [
            8.671186,
            46.771054,
            520.0
          ],
          [
            8.671106,
            46.770937,
            520.0
          ],
          [
            8.671077,
            46.770888,
            520.0
          ],
          [
            8.671077,
            46.770771,
            520.0
          ],
          [
            8.671069,
            46.770691,
            520.0
          ],
          [
            8.671051,
            46.770574,
            520.0
          ],
          [
            8.67106,
            46.770513,
            520.0
          ],
          [
            8.671016,
            46.770463,
            520.0
          ],
          [
            8.67098,
            46.770426,
            520.0
          ],
          [
            8.670926,
            46.770389,
            520.0
          ],
          [
            8.670926,
            46.770285,
            520.0
          ],
          [
            8.67088,
            46.769934,
            521.0
          ],
          [
            8.67088,
            46.769891,
            521.0
          ],
          [
            8.67088,
            46.769848,
            521.0
          ],
          [
            8.67089,
            46.769811,
            521.0
          ],
          [
            8.670898,
            46.769781,
            521.0
          ],
          [
            8.670917,
            46.76975,
            521.0
          ],
          [
            8.670934,
            46.769725,
            521.0
          ],
          [
            8.670961,
            46.769701,
            521.0
          ],
          [
            8.671006,
            46.769676,
            521.0
          ],
          [
            8.671033,
            46.769663,
            522.0
          ],
          [
            8.671159,
            46.769608,
            522.0
          ],
          [
            8.67133,
            46.769534,
            522.0
          ],
          [
            8.671419,
            46.769492,
            522.0
          ],
          [
            8.671554,
            46.769436,
            522.0
          ],
          [
            8.671706,
            46.769374,
            523.0
          ],
          [
            8.671752,
            46.76935,
            523.0
          ],
          [
            8.671796,
            46.769312,
            523.0
          ],
          [
            8.671823,
            46.769276,
            523.0
          ],
          [
            8.671842,
            46.769245,
            523.0
          ],
          [
            8.671859,
            46.769208,
            523.0
          ],
          [
            8.671859,
            46.769171,
            523.0
          ],
          [
            8.671869,
            46.769036,
            524.0
          ],
          [
            8.671869,
            46.768975,
            524.0
          ],
          [
            8.671869,
            46.768932,
            524.0
          ],
          [
            8.671859,
            46.768894,
            524.0
          ],
          [
            8.671851,
            46.768857,
            524.0
          ],
          [
            8.671833,
            46.768808,
            524.0
          ],
          [
            8.671806,
            46.768747,
            524.0
          ],
          [
            8.671779,
            46.768686,
            524.0
          ],
          [
            8.671733,
            46.768624,
            525.0
          ],
          [
            8.671698,
            46.768574,
            525.0
          ],
          [
            8.671643,
            46.768513,
            525.0
          ],
          [
            8.671016,
            46.767922,
            526.0
          ],
          [
            8.670836,
            46.76775,
            527.0
          ],
          [
            8.670781,
            46.7677,
            527.0
          ],
          [
            8.670727,
            46.767658,
            527.0
          ],
          [
            8.670683,
            46.767627,
            527.0
          ],
          [
            8.670691,
            46.767609,
            527.0
          ],
          [
            8.670701,
            46.767596,
            527.0
          ],
          [
            8.670691,
            46.767565,
            528.0
          ],
          [
            8.670674,
            46.767541,
            528.0
          ],
          [
            8.670171,
            46.766975,
            529.0
          ],
          [
            8.669946,
            46.766691,
            532.0
          ],
          [
            8.669731,
            46.766458,
            537.0
          ],
          [
            8.669649,
            46.76639,
            539.0
          ],
          [
            8.669588,
            46.766365,
            540.0
          ],
          [
            8.669524,
            46.766353,
            540.0
          ],
          [
            8.669408,
            46.766371,
            542.0
          ],
          [
            8.669318,
            46.766384,
            543.0
          ],
          [
            8.669255,
            46.766371,
            544.0
          ],
          [
            8.669129,
            46.76631,
            545.0
          ],
          [
            8.668814,
            46.766125,
            550.0
          ],
          [
            8.668716,
            46.766076,
            552.0
          ],
          [
            8.668635,
            46.766064,
            553.0
          ],
          [
            8.668473,
            46.766064,
            554.0
          ],
          [
            8.668311,
            46.76607,
            556.0
          ],
          [
            8.668248,
            46.766064,
            557.0
          ],
          [
            8.668204,
            46.766046,
            558.0
          ],
          [
            8.668131,
            46.765947,
            560.0
          ],
          [
            8.668033,
            46.765799,
            561.0
          ],
          [
            8.667907,
            46.765584,
            563.0
          ],
          [
            8.667853,
            46.765516,
            564.0
          ],
          [
            8.667772,
            46.765461,
            564.0
          ],
          [
            8.66771,
            46.765436,
            565.0
          ],
          [
            8.66762,
            46.765443,
            565.0
          ],
          [
            8.667584,
            46.765474,
            566.0
          ],
          [
            8.667503,
            46.76567,
            567.0
          ],
          [
            8.667467,
            46.765732,
            568.0
          ],
          [
            8.667422,
            46.765769,
            568.0
          ],
          [
            8.667368,
            46.765799,
            569.0
          ],
          [
            8.667314,
            46.765812,
            569.0
          ],
          [
            8.667251,
            46.765805,
            569.0
          ],
          [
            8.667188,
            46.765787,
            570.0
          ],
          [
            8.667108,
            46.765732,
            571.0
          ],
          [
            8.666972,
            46.765596,
            573.0
          ],
          [
            8.666901,
            46.765541,
            574.0
          ],
          [
            8.666775,
            46.765467,
            575.0
          ],
          [
            8.666605,
            46.765319,
            577.0
          ],
          [
            8.666479,
            46.765252,
            579.0
          ],
          [
            8.666398,
            46.765209,
            579.0
          ],
          [
            8.666245,
            46.765079,
            582.0
          ],
          [
            8.666146,
            46.765018,
            583.0
          ],
          [
            8.66602,
            46.764969,
            585.0
          ],
          [
            8.665895,
            46.764944,
            586.0
          ],
          [
            8.66576,
            46.76492,
            588.0
          ],
          [
            8.665634,
            46.764864,
            590.0
          ],
          [
            8.665383,
            46.764753,
            593.0
          ],
          [
            8.665266,
            46.764704,
            595.0
          ],
          [
            8.665131,
            46.764612,
            597.0
          ],
          [
            8.665095,
            46.764587,
            598.0
          ],
          [
            8.665032,
            46.764569,
            599.0
          ],
          [
            8.664961,
            46.764569,
            600.0
          ],
          [
            8.664871,
            46.764587,
            601.0
          ],
          [
            8.664701,
            46.764735,
            604.0
          ],
          [
            8.664628,
            46.764747,
            605.0
          ],
          [
            8.664232,
            46.764661,
            610.0
          ],
          [
            8.663819,
            46.76463,
            616.0
          ],
          [
            8.663676,
            46.764581,
            618.0
          ],
          [
            8.663011,
            46.764347,
            628.0
          ],
          [
            8.662976,
            46.764322,
            628.0
          ],
          [
            8.662966,
            46.764273,
            629.0
          ],
          [
            8.663011,
            46.76407,
            631.0
          ],
          [
            8.663011,
            46.764027,
            631.0
          ],
          [
            8.662984,
            46.763965,
            631.0
          ],
          [
            8.662957,
            46.763923,
            631.0
          ],
          [
            8.662921,
            46.763861,
            632.0
          ],
          [
            8.662697,
            46.763652,
            633.0
          ],
          [
            8.6625,
            46.763455,
            634.0
          ],
          [
            8.662167,
            46.763061,
            636.0
          ],
          [
            8.661961,
            46.762766,
            638.0
          ],
          [
            8.661835,
            46.762612,
            638.0
          ],
          [
            8.661691,
            46.762402,
            639.0
          ],
          [
            8.661619,
            46.762304,
            640.0
          ],
          [
            8.661502,
            46.762156,
            642.0
          ],
          [
            8.661368,
            46.762064,
            643.0
          ],
          [
            8.661278,
            46.762015,
            644.0
          ],
          [
            8.66108,
            46.761935,
            646.0
          ],
          [
            8.660945,
            46.761885,
            648.0
          ],
          [
            8.660829,
            46.76183,
            649.0
          ],
          [
            8.660756,
            46.761769,
            650.0
          ],
          [
            8.66064,
            46.761627,
            652.0
          ],
          [
            8.66054,
            46.76143,
            655.0
          ],
          [
            8.660506,
            46.761375,
            655.0
          ],
          [
            8.660443,
            46.761307,
            656.0
          ],
          [
            8.66019,
            46.761129,
            660.0
          ],
          [
            8.660091,
            46.761043,
            661.0
          ],
          [
            8.659966,
            46.760907,
            664.0
          ],
          [
            8.659814,
            46.760717,
            668.0
          ],
          [
            8.659705,
            46.760562,
            670.0
          ],
          [
            8.659651,
            46.760458,
            670.0
          ],
          [
            8.659588,
            46.760359,
            671.0
          ],
          [
            8.659544,
            46.76031,
            671.0
          ],
          [
            8.659435,
            46.760249,
            671.0
          ],
          [
            8.659418,
            46.760218,
            671.0
          ],
          [
            8.659409,
            46.760187,
            671.0
          ],
          [
            8.6594,
            46.76012,
            672.0
          ],
          [
            8.659374,
            46.760052,
            672.0
          ],
          [
            8.659374,
            46.760003,
            672.0
          ],
          [
            8.659391,
            46.759954,
            672.0
          ],
          [
            8.659445,
            46.759886,
            672.0
          ],
          [
            8.659464,
            46.759843,
            673.0
          ],
          [
            8.659472,
            46.759787,
            673.0
          ],
          [
            8.659472,
            46.759701,
            673.0
          ],
          [
            8.659481,
            46.759634,
            673.0
          ],
          [
            8.659525,
            46.759559,
            674.0
          ],
          [
            8.659642,
            46.759443,
            674.0
          ],
          [
            8.659714,
            46.759363,
            674.0
          ],
          [
            8.659768,
            46.759233,
            675.0
          ],
          [
            8.659777,
            46.759197,
            675.0
          ],
          [
            8.659768,
            46.759154,
            675.0
          ],
          [
            8.659741,
            46.759129,
            675.0
          ],
          [
            8.659697,
            46.759129,
            675.0
          ],
          [
            8.659642,
            46.759135,
            675.0
          ],
          [
            8.659481,
            46.75919,
            676.0
          ],
          [
            8.659382,
            46.759221,
            676.0
          ],
          [
            8.659049,
            46.759282,
            677.0
          ],
          [
            8.658942,
            46.759301,
            677.0
          ],
          [
            8.658852,
            46.759301,
            677.0
          ],
          [
            8.658672,
            46.75927,
            677.0
          ],
          [
            8.658565,
            46.759233,
            678.0
          ],
          [
            8.658439,
            46.759166,
            678.0
          ],
          [
            8.658295,
            46.759055,
            679.0
          ],
          [
            8.658097,
            46.758901,
            679.0
          ],
          [
            8.657864,
            46.758759,
            680.0
          ],
          [
            8.657577,
            46.7586,
            680.0
          ],
          [
            8.657451,
            46.758556,
            680.0
          ],
          [
            8.6572,
            46.758501,
            680.0
          ],
          [
            8.657028,
            46.758452,
            680.0
          ],
          [
            8.656695,
            46.758323,
            680.0
          ],
          [
            8.656544,
            46.758292,
            680.0
          ],
          [
            8.656472,
            46.758279,
            680.0
          ],
          [
            8.656399,
            46.758267,
            680.0
          ],
          [
            8.656229,
            46.758211,
            680.0
          ],
          [
            8.656005,
            46.75815,
            680.0
          ],
          [
            8.655923,
            46.758138,
            680.0
          ],
          [
            8.65578,
            46.758126,
            680.0
          ],
          [
            8.655474,
            46.758144,
            680.0
          ],
          [
            8.65534,
            46.758156,
            680.0
          ],
          [
            8.65516,
            46.758169,
            680.0
          ],
          [
            8.655079,
            46.758163,
            680.0
          ],
          [
            8.654854,
            46.758101,
            680.0
          ],
          [
            8.654701,
            46.75807,
            680.0
          ],
          [
            8.654611,
            46.758046,
            680.0
          ],
          [
            8.654504,
            46.758027,
            680.0
          ],
          [
            8.654351,
            46.758027,
            680.0
          ],
          [
            8.654298,
            46.758015,
            680.0
          ],
          [
            8.654261,
            46.757996,
            680.0
          ],
          [
            8.654118,
            46.75788,
            680.0
          ],
          [
            8.654045,
            46.75783,
            680.0
          ],
          [
            8.653929,
            46.757787,
            680.0
          ],
          [
            8.653309,
            46.757578,
            680.0
          ],
          [
            8.653049,
            46.757492,
            680.0
          ],
          [
            8.652914,
            46.757436,
            680.0
          ],
          [
            8.652824,
            46.757393,
            679.0
          ],
          [
            8.652707,
            46.757295,
            678.0
          ],
          [
            8.652636,
            46.757258,
            677.0
          ],
          [
            8.652501,
            46.757196,
            675.0
          ],
          [
            8.652168,
            46.757055,
            671.0
          ],
          [
            8.651755,
            46.756919,
            666.0
          ],
          [
            8.651585,
            46.756852,
            663.0
          ],
          [
            8.651485,
            46.756809,
            661.0
          ],
          [
            8.651324,
            46.75671,
            660.0
          ],
          [
            8.651145,
            46.756593,
            660.0
          ],
          [
            8.651009,
            46.75647,
            660.0
          ],
          [
            8.650642,
            46.756292,
            660.0
          ],
          [
            8.650516,
            46.756212,
            660.0
          ],
          [
            8.650363,
            46.756089,
            660.0
          ],
          [
            8.650309,
            46.756027,
            660.0
          ],
          [
            8.650202,
            46.755854,
            660.0
          ],
          [
            8.650166,
            46.755806,
            660.0
          ],
          [
            8.65004,
            46.755713,
            660.0
          ],
          [
            8.649905,
            46.755639,
            660.0
          ],
          [
            8.64977,
            46.755584,
            660.0
          ],
          [
            8.649707,
            46.755541,
            660.0
          ],
          [
            8.649464,
            46.755289,
            660.0
          ],
          [
            8.649267,
            46.755159,
            660.0
          ],
          [
            8.649015,
            46.755042,
            660.0
          ],
          [
            8.648512,
            46.754876,
            660.0
          ],
          [
            8.648324,
            46.754704,
            660.0
          ],
          [
            8.648162,
            46.754501,
            662.0
          ],
          [
            8.648,
            46.754408,
            663.0
          ],
          [
            8.647659,
            46.754316,
            665.0
          ],
          [
            8.647516,
            46.754162,
            666.0
          ],
          [
            8.6472,
            46.754002,
            668.0
          ],
          [
            8.647111,
            46.753935,
            668.0
          ],
          [
            8.646967,
            46.753768,
            669.0
          ],
          [
            8.646904,
            46.753602,
            670.0
          ],
          [
            8.646841,
            46.753374,
            670.0
          ],
          [
            8.646841,
            46.753116,
            670.0
          ],
          [
            8.646806,
            46.753011,
            670.0
          ],
          [
            8.646751,
            46.752907,
            670.0
          ],
          [
            8.646698,
            46.75263,
            670.0
          ],
          [
            8.646518,
            46.752488,
            669.0
          ],
          [
            8.646428,
            46.75234,
            668.0
          ],
          [
            8.64624,
            46.751965,
            666.0
          ],
          [
            8.64624,
            46.751934,
            666.0
          ],
          [
            8.646258,
            46.751885,
            666.0
          ],
          [
            8.646294,
            46.751848,
            666.0
          ],
          [
            8.646464,
            46.75167,
            665.0
          ],
          [
            8.646581,
            46.751503,
            664.0
          ],
          [
            8.6465,
            46.751343,
            663.0
          ],
          [
            8.646168,
            46.751232,
            661.0
          ],
          [
            8.645826,
            46.751079,
            660.0
          ],
          [
            8.645719,
            46.750986,
            661.0
          ],
          [
            8.645638,
            46.750888,
            662.0
          ],
          [
            8.645369,
            46.750346,
            666.0
          ],
          [
            8.645053,
            46.750063,
            669.0
          ],
          [
            8.64482,
            46.749614,
            672.0
          ],
          [
            8.644569,
            46.749491,
            672.0
          ],
          [
            8.6442,
            46.749213,
            674.0
          ],
          [
            8.644183,
            46.749176,
            674.0
          ],
          [
            8.644164,
            46.749134,
            674.0
          ],
          [
            8.644147,
            46.748961,
            675.0
          ],
          [
            8.644218,
            46.748936,
            675.0
          ],
          [
            8.644308,
            46.748881,
            675.0
          ],
          [
            8.644363,
            46.748851,
            676.0
          ],
          [
            8.64456,
            46.748777,
            676.0
          ],
          [
            8.644686,
            46.748672,
            677.0
          ],
          [
            8.644757,
            46.748561,
            677.0
          ],
          [
            8.644766,
            46.748512,
            678.0
          ],
          [
            8.644749,
            46.748463,
            678.0
          ],
          [
            8.644632,
            46.748328,
            678.0
          ],
          [
            8.644587,
            46.748204,
            679.0
          ],
          [
            8.64455,
            46.748094,
            679.0
          ],
          [
            8.644533,
            46.747989,
            680.0
          ],
          [
            8.644596,
            46.747755,
            681.0
          ],
          [
            8.644667,
            46.747441,
            683.0
          ],
          [
            8.644722,
            46.746702,
            687.0
          ],
          [
            8.644784,
            46.746431,
            688.0
          ],
          [
            8.644713,
            46.746105,
            690.0
          ],
          [
            8.644587,
            46.745755,
            690.0
          ],
          [
            8.64456,
            46.745508,
            690.0
          ],
          [
            8.644407,
            46.745132,
            690.0
          ],
          [
            8.644084,
            46.744733,
            690.0
          ],
          [
            8.643994,
            46.744566,
            690.0
          ],
          [
            8.643805,
            46.744351,
            691.0
          ],
          [
            8.64359,
            46.744013,
            694.0
          ],
          [
            8.643518,
            46.743951,
            695.0
          ],
          [
            8.643518,
            46.74392,
            695.0
          ],
          [
            8.643474,
            46.743797,
            696.0
          ],
          [
            8.6435,
            46.743785,
            697.0
          ],
          [
            8.643581,
            46.743883,
            698.0
          ],
          [
            8.643625,
            46.743895,
            698.0
          ],
          [
            8.643671,
            46.743895,
            698.0
          ],
          [
            8.643707,
            46.743883,
            698.0
          ],
          [
            8.643742,
            46.743858,
            699.0
          ],
          [
            8.643742,
            46.743833,
            699.0
          ],
          [
            8.643742,
            46.743779,
            699.0
          ],
          [
            8.643715,
            46.743711,
            700.0
          ],
          [
            8.643518,
            46.743421,
            705.0
          ],
          [
            8.643258,
            46.743218,
            709.0
          ],
          [
            8.642979,
            46.743015,
            714.0
          ],
          [
            8.642485,
            46.742781,
            721.0
          ],
          [
            8.642134,
            46.742609,
            724.0
          ],
          [
            8.6419,
            46.742147,
            729.0
          ],
          [
            8.641721,
            46.742085,
            730.0
          ],
          [
            8.641623,
            46.742006,
            730.0
          ],
          [
            8.641506,
            46.741759,
            730.0
          ],
          [
            8.641334,
            46.741562,
            730.0
          ],
          [
            8.641047,
            46.741464,
            730.0
          ],
          [
            8.640652,
            46.741408,
            728.0
          ],
          [
            8.640482,
            46.741334,
            726.0
          ],
          [
            8.640455,
            46.741242,
            724.0
          ],
          [
            8.640535,
            46.741162,
            723.0
          ],
          [
            8.640661,
            46.741119,
            721.0
          ],
          [
            8.640734,
            46.741094,
            721.0
          ],
          [
            8.64085,
            46.741027,
            716.0
          ],
          [
            8.640895,
            46.740941,
            712.0
          ],
          [
            8.640805,
            46.740953,
            709.0
          ],
          [
            8.640841,
            46.740866,
            706.0
          ],
          [
            8.640724,
            46.74091,
            702.0
          ],
          [
            8.640787,
            46.740836,
            699.0
          ],
          [
            8.640581,
            46.740848,
            693.0
          ],
          [
            8.640571,
            46.740836,
            692.0
          ],
          [
            8.640545,
            46.740817,
            691.0
          ],
          [
            8.640724,
            46.740756,
            688.0
          ],
          [
            8.640581,
            46.740756,
            685.0
          ],
          [
            8.640374,
            46.740762,
            682.0
          ],
          [
            8.640275,
            46.74075,
            681.0
          ],
          [
            8.64014,
            46.740725,
            680.0
          ],
          [
            8.640168,
            46.740602,
            680.0
          ],
          [
            8.640095,
            46.740589,
            680.0
          ],
          [
            8.640042,
            46.740485,
            680.0
          ],
          [
            8.639952,
            46.740417,
            680.0
          ],
          [
            8.63987,
            46.740374,
            680.0
          ],
          [
            8.639843,
            46.740362,
            680.0
          ],
          [
            8.639808,
            46.740362,
            680.0
          ],
          [
            8.63979,
            46.740294,
            680.0
          ],
          [
            8.639781,
            46.740294,
            680.0
          ],
          [
            8.63925,
            46.740386,
            680.0
          ],
          [
            8.639152,
            46.740343,
            680.0
          ],
          [
            8.638946,
            46.740196,
            680.0
          ],
          [
            8.638721,
            46.740072,
            680.0
          ],
          [
            8.638604,
            46.740023,
            680.0
          ],
          [
            8.638084,
            46.739968,
            680.0
          ],
          [
            8.637822,
            46.739937,
            680.0
          ],
          [
            8.637392,
            46.739888,
            680.0
          ],
          [
            8.637158,
            46.739795,
            680.0
          ],
          [
            8.637042,
            46.73974,
            680.0
          ],
          [
            8.636952,
            46.73966,
            680.0
          ],
          [
            8.636933,
            46.739635,
            680.0
          ],
          [
            8.636924,
            46.739598,
            680.0
          ],
          [
            8.637059,
            46.739395,
            680.0
          ],
          [
            8.637292,
            46.739438,
            685.0
          ],
          [
            8.637795,
            46.739309,
            698.0
          ],
          [
            8.637338,
            46.739272,
            698.0
          ],
          [
            8.637229,
            46.73926,
            699.0
          ],
          [
            8.63713,
            46.739242,
            699.0
          ],
          [
            8.637059,
            46.739223,
            699.0
          ],
          [
            8.636969,
            46.739192,
            699.0
          ],
          [
            8.636889,
            46.739161,
            699.0
          ],
          [
            8.636799,
            46.739124,
            699.0
          ],
          [
            8.636726,
            46.739081,
            700.0
          ],
          [
            8.635873,
            46.738533,
            700.0
          ],
          [
            8.635757,
            46.738453,
            700.0
          ],
          [
            8.635658,
            46.738373,
            700.0
          ],
          [
            8.635558,
            46.738293,
            700.0
          ],
          [
            8.635235,
            46.737967,
            700.0
          ],
          [
            8.635082,
            46.737819,
            700.0
          ],
          [
            8.634885,
            46.737641,
            700.0
          ],
          [
            8.634589,
            46.737394,
            700.0
          ],
          [
            8.634202,
            46.737092,
            700.0
          ],
          [
            8.634086,
            46.737001,
            700.0
          ],
          [
            8.633977,
            46.736902,
            700.0
          ],
          [
            8.633879,
            46.736809,
            701.0
          ],
          [
            8.633797,
            46.736705,
            701.0
          ],
          [
            8.633736,
            46.736618,
            701.0
          ],
          [
            8.633673,
            46.736514,
            702.0
          ],
          [
            8.633438,
            46.736064,
            703.0
          ],
          [
            8.63335,
            46.735911,
            704.0
          ],
          [
            8.633232,
            46.735732,
            704.0
          ],
          [
            8.633124,
            46.735566,
            705.0
          ],
          [
            8.632998,
            46.735412,
            705.0
          ],
          [
            8.632837,
            46.73524,
            706.0
          ],
          [
            8.632702,
            46.73511,
            706.0
          ],
          [
            8.632658,
            46.735116,
            706.0
          ],
          [
            8.632612,
            46.735092,
            706.0
          ],
          [
            8.632505,
            46.735024,
            705.0
          ],
          [
            8.632396,
            46.734956,
            704.0
          ],
          [
            8.632334,
            46.734926,
            703.0
          ],
          [
            8.631992,
            46.734839,
            701.0
          ],
          [
            8.631902,
            46.734845,
            700.0
          ],
          [
            8.631669,
            46.734698,
            700.0
          ],
          [
            8.631579,
            46.734661,
            700.0
          ],
          [
            8.631274,
            46.734452,
            700.0
          ],
          [
            8.631184,
            46.734359,
            701.0
          ],
          [
            8.63105,
            46.73407,
            705.0
          ],
          [
            8.630564,
            46.733386,
            713.0
          ],
          [
            8.63052,
            46.733313,
            714.0
          ],
          [
            8.63051,
            46.733282,
            714.0
          ],
          [
            8.630411,
            46.733183,
            715.0
          ],
          [
            8.630312,
            46.733109,
            716.0
          ],
          [
            8.630168,
            46.732999,
            718.0
          ],
          [
            8.630195,
            46.732955,
            718.0
          ],
          [
            8.629855,
            46.732721,
            720.0
          ],
          [
            8.629738,
            46.732783,
            720.0
          ],
          [
            8.629513,
            46.73266,
            720.0
          ],
          [
            8.629342,
            46.732666,
            720.0
          ],
          [
            8.628992,
            46.732918,
            720.0
          ],
          [
            8.628974,
            46.732931,
            720.0
          ],
          [
            8.628669,
            46.732647,
            720.0
          ],
          [
            8.628336,
            46.732525,
            720.0
          ],
          [
            8.62822,
            46.732444,
            720.0
          ],
          [
            8.628048,
            46.732401,
            720.0
          ],
          [
            8.627807,
            46.732334,
            720.0
          ],
          [
            8.627132,
            46.731952,
            720.0
          ],
          [
            8.626352,
            46.73141,
            720.0
          ],
          [
            8.625983,
            46.731312,
            720.0
          ],
          [
            8.62583,
            46.731379,
            721.0
          ],
          [
            8.625749,
            46.731355,
            721.0
          ],
          [
            8.62566,
            46.73133,
            721.0
          ],
          [
            8.625516,
            46.731213,
            721.0
          ],
          [
            8.625444,
            46.731213,
            721.0
          ],
          [
            8.625255,
            46.731256,
            722.0
          ],
          [
            8.625084,
            46.731127,
            722.0
          ],
          [
            8.624941,
            46.731096,
            722.0
          ],
          [
            8.623863,
            46.730129,
            725.0
          ],
          [
            8.623656,
            46.729901,
            726.0
          ],
          [
            8.623576,
            46.729716,
            726.0
          ],
          [
            8.623459,
            46.729575,
            726.0
          ],
          [
            8.623287,
            46.729366,
            727.0
          ],
          [
            8.623054,
            46.729033,
            728.0
          ],
          [
            8.62292,
            46.728861,
            728.0
          ],
          [
            8.62291,
            46.728855,
            728.0
          ],
          [
            8.622748,
            46.728528,
            729.0
          ],
          [
            8.622623,
            46.728356,
            729.0
          ],
          [
            8.622515,
            46.728276,
            730.0
          ],
          [
            8.622381,
            46.728202,
            730.0
          ],
          [
            8.622084,
            46.728079,
            731.0
          ],
          [
            8.622004,
            46.728054,
            731.0
          ],
          [
            8.621931,
            46.728042,
            731.0
          ],
          [
            8.621832,
            46.728036,
            732.0
          ],
          [
            8.621725,
            46.728042,
            732.0
          ],
          [
            8.621419,
            46.727943,
            733.0
          ],
          [
            8.621455,
            46.727857,
            733.0
          ],
          [
            8.621249,
            46.727783,
            734.0
          ],
          [
            8.62114,
            46.727746,
            734.0
          ],
          [
            8.621086,
            46.727734,
            734.0
          ],
          [
            8.62105,
            46.727728,
            735.0
          ],
          [
            8.621023,
            46.727734,
            735.0
          ],
          [
            8.620817,
            46.727592,
            736.0
          ],
          [
            8.6207,
            46.727487,
            736.0
          ],
          [
            8.620574,
            46.727334,
            737.0
          ],
          [
            8.620171,
            46.726785,
            739.0
          ],
          [
            8.620126,
            46.726718,
            740.0
          ],
          [
            8.620054,
            46.726619,
            740.0
          ],
          [
            8.620008,
            46.726533,
            740.0
          ],
          [
            8.61991,
            46.726207,
            742.0
          ],
          [
            8.619748,
            46.725893,
            744.0
          ],
          [
            8.619731,
            46.725868,
            744.0
          ],
          [
            8.619668,
            46.725837,
            745.0
          ],
          [
            8.619614,
            46.725812,
            745.0
          ],
          [
            8.61956,
            46.725794,
            745.0
          ],
          [
            8.619488,
            46.725782,
            746.0
          ],
          [
            8.619335,
            46.725769,
            746.0
          ],
          [
            8.619138,
            46.725745,
            747.0
          ],
          [
            8.619102,
            46.725733,
            747.0
          ],
          [
            8.61885,
            46.725523,
            749.0
          ],
          [
            8.618805,
            46.725499,
            749.0
          ],
          [
            8.618733,
            46.725456,
            750.0
          ],
          [
            8.618689,
            46.725431,
            750.0
          ],
          [
            8.618635,
            46.725419,
            750.0
          ],
          [
            8.61858,
            46.725419,
            751.0
          ],
          [
            8.618526,
            46.725419,
            752.0
          ],
          [
            8.618482,
            46.725413,
            753.0
          ],
          [
            8.618428,
            46.725394,
            754.0
          ],
          [
            8.618392,
            46.725369,
            755.0
          ],
          [
            8.618365,
            46.725332,
            755.0
          ],
          [
            8.618347,
            46.725283,
            757.0
          ],
          [
            8.618339,
            46.725228,
            758.0
          ],
          [
            8.618312,
            46.725185,
            759.0
          ],
          [
            8.618284,
            46.725148,
            760.0
          ],
          [
            8.618249,
            46.725117,
            761.0
          ],
          [
            8.618212,
            46.72508,
            762.0
          ],
          [
            8.618159,
            46.725049,
            762.0
          ],
          [
            8.618104,
            46.725025,
            763.0
          ],
          [
            8.617754,
            46.72492,
            768.0
          ],
          [
            8.61771,
            46.724901,
            769.0
          ],
          [
            8.617664,
            46.724883,
            770.0
          ],
          [
            8.617601,
            46.724846,
            770.0
          ],
          [
            8.617557,
            46.724815,
            770.0
          ],
          [
            8.61753,
            46.724766,
            770.0
          ],
          [
            8.617511,
            46.724729,
            770.0
          ],
          [
            8.617511,
            46.724686,
            770.0
          ],
          [
            8.617503,
            46.724526,
            770.0
          ],
          [
            8.617494,
            46.72444,
            770.0
          ],
          [
            8.617341,
            46.723959,
            770.0
          ],
          [
            8.617297,
            46.72383,
            770.0
          ],
          [
            8.617278,
            46.723762,
            770.0
          ],
          [
            8.61727,
            46.723694,
            770.0
          ],
          [
            8.617242,
            46.723479,
            770.0
          ],
          [
            8.617233,
            46.723399,
            770.0
          ],
          [
            8.617144,
            46.723066,
            770.0
          ],
          [
            8.617134,
            46.723011,
            770.0
          ],
          [
            8.617134,
            46.722961,
            770.0
          ],
          [
            8.617152,
            46.722918,
            770.0
          ],
          [
            8.61717,
            46.722869,
            770.0
          ],
          [
            8.617215,
            46.722796,
            770.0
          ],
          [
            8.617278,
            46.722721,
            770.0
          ],
          [
            8.617305,
            46.722678,
            770.0
          ],
          [
            8.617323,
            46.722635,
            770.0
          ],
          [
            8.617323,
            46.722586,
            770.0
          ],
          [
            8.617314,
            46.722549,
            770.0
          ],
          [
            8.617297,
            46.722487,
            770.0
          ],
          [
            8.61726,
            46.722413,
            770.0
          ],
          [
            8.617125,
            46.722272,
            770.0
          ],
          [
            8.617062,
            46.722216,
            770.0
          ],
          [
            8.617,
            46.722167,
            770.0
          ],
          [
            8.616371,
            46.721792,
            774.0
          ],
          [
            8.616316,
            46.721754,
            775.0
          ],
          [
            8.616263,
            46.721717,
            776.0
          ],
          [
            8.61611,
            46.721564,
            779.0
          ],
          [
            8.616065,
            46.721527,
            780.0
          ],
          [
            8.616012,
            46.72149,
            780.0
          ],
          [
            8.615849,
            46.721397,
            783.0
          ],
          [
            8.615796,
            46.721361,
            784.0
          ],
          [
            8.61575,
            46.721324,
            784.0
          ],
          [
            8.615715,
            46.72128,
            785.0
          ],
          [
            8.61567,
            46.721206,
            786.0
          ],
          [
            8.615499,
            46.721028,
            790.0
          ],
          [
            8.615446,
            46.720972,
            791.0
          ],
          [
            8.614978,
            46.720622,
            798.0
          ],
          [
            8.614907,
            46.720566,
            800.0
          ],
          [
            8.614826,
            46.72048,
            801.0
          ],
          [
            8.614744,
            46.7204,
            802.0
          ],
          [
            8.614718,
            46.720369,
            803.0
          ],
          [
            8.614673,
            46.720344,
            803.0
          ],
          [
            8.614618,
            46.720326,
            804.0
          ],
          [
            8.614557,
            46.72032,
            804.0
          ],
          [
            8.613945,
            46.720307,
            809.0
          ],
          [
            8.613901,
            46.720307,
            810.0
          ],
          [
            8.613855,
            46.720313,
            810.0
          ],
          [
            8.613792,
            46.720332,
            811.0
          ],
          [
            8.613739,
            46.72035,
            812.0
          ],
          [
            8.613712,
            46.720369,
            812.0
          ],
          [
            8.613676,
            46.720388,
            813.0
          ],
          [
            8.613649,
            46.720418,
            813.0
          ],
          [
            8.613631,
            46.720449,
            814.0
          ],
          [
            8.613622,
            46.720535,
            815.0
          ],
          [
            8.613604,
            46.72056,
            816.0
          ],
          [
            8.613576,
            46.720584,
            816.0
          ],
          [
            8.613523,
            46.720603,
            817.0
          ],
          [
            8.613496,
            46.720609,
            817.0
          ],
          [
            8.61346,
            46.720609,
            818.0
          ],
          [
            8.613415,
            46.720603,
            818.0
          ],
          [
            8.61337,
            46.720578,
            819.0
          ],
          [
            8.613308,
            46.720541,
            820.0
          ],
          [
            8.613272,
            46.720504,
            821.0
          ],
          [
            8.613245,
            46.720461,
            821.0
          ],
          [
            8.613236,
            46.720406,
            822.0
          ],
          [
            8.613236,
            46.720357,
            822.0
          ],
          [
            8.613262,
            46.720258,
            823.0
          ],
          [
            8.613272,
            46.720221,
            824.0
          ],
          [
            8.613262,
            46.720166,
            825.0
          ],
          [
            8.613253,
            46.720116,
            825.0
          ],
          [
            8.613236,
            46.720086,
            826.0
          ],
          [
            8.613209,
            46.720061,
            826.0
          ],
          [
            8.613173,
            46.720048,
            826.0
          ],
          [
            8.612966,
            46.719999,
            828.0
          ],
          [
            8.612832,
            46.719956,
            829.0
          ],
          [
            8.612742,
            46.719938,
            830.0
          ],
          [
            8.612679,
            46.71992,
            831.0
          ],
          [
            8.612624,
            46.719895,
            832.0
          ],
          [
            8.612544,
            46.719839,
            833.0
          ],
          [
            8.612328,
            46.719636,
            838.0
          ],
          [
            8.61222,
            46.719537,
            840.0
          ],
          [
            8.612176,
            46.719507,
            840.0
          ],
          [
            8.611996,
            46.719433,
            840.0
          ],
          [
            8.611978,
            46.719408,
            840.0
          ],
          [
            8.611924,
            46.719224,
            840.0
          ],
          [
            8.61179,
            46.718984,
            840.0
          ],
          [
            8.611762,
            46.718965,
            840.0
          ],
          [
            8.611591,
            46.718916,
            840.0
          ],
          [
            8.611528,
            46.718847,
            840.0
          ],
          [
            8.611448,
            46.718682,
            840.0
          ],
          [
            8.611431,
            46.718355,
            840.0
          ],
          [
            8.611215,
            46.718053,
            840.0
          ],
          [
            8.611079,
            46.717783,
            840.0
          ],
          [
            8.611071,
            46.717776,
            840.0
          ],
          [
            8.610972,
            46.717677,
            840.0
          ],
          [
            8.610505,
            46.717394,
            840.0
          ],
          [
            8.610891,
            46.717259,
            837.0
          ],
          [
            8.610802,
            46.717105,
            835.0
          ],
          [
            8.61072,
            46.716963,
            833.0
          ],
          [
            8.61063,
            46.716859,
            832.0
          ],
          [
            8.610505,
            46.716692,
            828.0
          ],
          [
            8.610496,
            46.716673,
            828.0
          ],
          [
            8.610496,
            46.716655,
            827.0
          ],
          [
            8.610568,
            46.716575,
            825.0
          ],
          [
            8.610685,
            46.716421,
            820.0
          ],
          [
            8.610658,
            46.716415,
            820.0
          ],
          [
            8.61063,
            46.716403,
            820.0
          ],
          [
            8.610586,
            46.716378,
            820.0
          ],
          [
            8.610559,
            46.716354,
            820.0
          ],
          [
            8.610236,
            46.716045,
            820.0
          ],
          [
            8.610182,
            46.716002,
            820.0
          ],
          [
            8.610136,
            46.715971,
            820.0
          ],
          [
            8.610056,
            46.715916,
            820.0
          ],
          [
            8.610047,
            46.71591,
            820.0
          ],
          [
            8.61002,
            46.715892,
            820.0
          ],
          [
            8.609983,
            46.715873,
            820.0
          ],
          [
            8.609957,
            46.715842,
            820.0
          ],
          [
            8.609867,
            46.715713,
            820.0
          ],
          [
            8.609823,
            46.715658,
            820.0
          ],
          [
            8.609768,
            46.715608,
            820.0
          ],
          [
            8.609696,
            46.715565,
            820.0
          ],
          [
            8.609624,
            46.715528,
            820.0
          ],
          [
            8.609498,
            46.715479,
            820.0
          ],
          [
            8.609427,
            46.715442,
            820.0
          ],
          [
            8.609364,
            46.715399,
            819.0
          ],
          [
            8.609301,
            46.715331,
            819.0
          ],
          [
            8.609131,
            46.715153,
            817.0
          ],
          [
            8.609112,
            46.715122,
            817.0
          ],
          [
            8.609112,
            46.715085,
            817.0
          ],
          [
            8.609121,
            46.715047,
            817.0
          ],
          [
            8.609131,
            46.715029,
            816.0
          ],
          [
            8.60914,
            46.715017,
            816.0
          ],
          [
            8.609157,
            46.714998,
            816.0
          ],
          [
            8.609643,
            46.715251,
            813.0
          ],
          [
            8.609706,
            46.715282,
            813.0
          ],
          [
            8.609768,
            46.715306,
            813.0
          ],
          [
            8.60984,
            46.715325,
            812.0
          ],
          [
            8.609912,
            46.715343,
            812.0
          ],
          [
            8.610002,
            46.715362,
            812.0
          ],
          [
            8.610083,
            46.715374,
            811.0
          ],
          [
            8.610163,
            46.71538,
            811.0
          ],
          [
            8.610244,
            46.715387,
            810.0
          ],
          [
            8.610299,
            46.71538,
            810.0
          ],
          [
            8.61036,
            46.71538,
            809.0
          ],
          [
            8.610595,
            46.715368,
            801.0
          ],
          [
            8.610685,
            46.715368,
            808.0
          ],
          [
            8.610756,
            46.715374,
            810.0
          ],
          [
            8.610838,
            46.71538,
            810.0
          ],
          [
            8.610918,
            46.715393,
            810.0
          ],
          [
            8.611016,
            46.715418,
            810.0
          ],
          [
            8.611035,
            46.71538,
            810.0
          ],
          [
            8.611089,
            46.715275,
            810.0
          ],
          [
            8.611134,
            46.715196,
            810.0
          ],
          [
            8.611106,
            46.715146,
            810.0
          ],
          [
            8.611125,
            46.715004,
            810.0
          ],
          [
            8.611115,
            46.7149,
            810.0
          ],
          [
            8.611125,
            46.714875,
            810.0
          ],
          [
            8.611134,
            46.714851,
            810.0
          ],
          [
            8.611152,
            46.714832,
            810.0
          ],
          [
            8.611178,
            46.714813,
            810.0
          ],
          [
            8.611215,
            46.714795,
            810.0
          ],
          [
            8.611232,
            46.714776,
            810.0
          ],
          [
            8.611259,
            46.714752,
            810.0
          ],
          [
            8.611268,
            46.714734,
            810.0
          ],
          [
            8.611314,
            46.714647,
            810.0
          ],
          [
            8.611341,
            46.714623,
            810.0
          ],
          [
            8.611439,
            46.714573,
            810.0
          ],
          [
            8.611475,
            46.714548,
            810.0
          ],
          [
            8.611511,
            46.714518,
            810.0
          ],
          [
            8.611528,
            46.714493,
            810.0
          ],
          [
            8.611547,
            46.714463,
            810.0
          ],
          [
            8.611555,
            46.714432,
            810.0
          ],
          [
            8.611555,
            46.714401,
            810.0
          ],
          [
            8.611555,
            46.714358,
            810.0
          ],
          [
            8.611547,
            46.714302,
            810.0
          ],
          [
            8.61152,
            46.714241,
            810.0
          ],
          [
            8.611502,
            46.71421,
            810.0
          ],
          [
            8.611448,
            46.714142,
            810.0
          ],
          [
            8.611376,
            46.714038,
            810.0
          ],
          [
            8.611304,
            46.713952,
            810.0
          ],
          [
            8.611232,
            46.713871,
            810.0
          ],
          [
            8.611071,
            46.71373,
            810.0
          ],
          [
            8.611008,
            46.713668,
            810.0
          ],
          [
            8.610926,
            46.713612,
            810.0
          ],
          [
            8.610802,
            46.713539,
            810.0
          ],
          [
            8.610765,
            46.713514,
            810.0
          ],
          [
            8.610748,
            46.71349,
            810.0
          ],
          [
            8.610693,
            46.713354,
            810.0
          ],
          [
            8.610658,
            46.713317,
            810.0
          ],
          [
            8.610244,
            46.713034,
            810.0
          ],
          [
            8.610163,
            46.712991,
            811.0
          ],
          [
            8.610064,
            46.712947,
            812.0
          ],
          [
            8.60993,
            46.712904,
            813.0
          ],
          [
            8.609714,
            46.712855,
            814.0
          ],
          [
            8.609561,
            46.712818,
            815.0
          ],
          [
            8.609427,
            46.7128,
            816.0
          ],
          [
            8.609354,
            46.712775,
            816.0
          ],
          [
            8.609291,
            46.71275,
            816.0
          ],
          [
            8.609247,
            46.712713,
            817.0
          ],
          [
            8.609211,
            46.71267,
            817.0
          ],
          [
            8.609148,
            46.71259,
            818.0
          ],
          [
            8.608968,
            46.712288,
            820.0
          ],
          [
            8.608762,
            46.711882,
            820.0
          ],
          [
            8.608699,
            46.711783,
            820.0
          ],
          [
            8.608636,
            46.711703,
            820.0
          ],
          [
            8.608519,
            46.711592,
            820.0
          ],
          [
            8.608456,
            46.711512,
            820.0
          ],
          [
            8.608394,
            46.711432,
            820.0
          ],
          [
            8.608331,
            46.711297,
            820.0
          ],
          [
            8.608223,
            46.711192,
            820.0
          ],
          [
            8.608178,
            46.711235,
            820.0
          ],
          [
            8.608115,
            46.711161,
            820.0
          ],
          [
            8.607999,
            46.711093,
            820.0
          ],
          [
            8.607945,
            46.711081,
            820.0
          ],
          [
            8.607863,
            46.711001,
            820.0
          ],
          [
            8.60771,
            46.710958,
            820.0
          ],
          [
            8.607639,
            46.710934,
            820.0
          ],
          [
            8.607622,
            46.710828,
            820.0
          ],
          [
            8.60763,
            46.710767,
            820.0
          ],
          [
            8.607532,
            46.710687,
            820.0
          ],
          [
            8.607513,
            46.710638,
            820.0
          ],
          [
            8.607316,
            46.710526,
            820.0
          ],
          [
            8.607083,
            46.710397,
            820.0
          ],
          [
            8.606741,
            46.710157,
            820.0
          ],
          [
            8.606607,
            46.710151,
            820.0
          ],
          [
            8.606481,
            46.710077,
            820.0
          ],
          [
            8.606417,
            46.710003,
            820.0
          ],
          [
            8.606364,
            46.709923,
            820.0
          ],
          [
            8.60631,
            46.709935,
            821.0
          ],
          [
            8.606282,
            46.709898,
            821.0
          ],
          [
            8.606238,
            46.709867,
            821.0
          ],
          [
            8.606184,
            46.70983,
            821.0
          ],
          [
            8.606014,
            46.709745,
            822.0
          ],
          [
            8.605905,
            46.709677,
            823.0
          ],
          [
            8.605788,
            46.70959,
            823.0
          ],
          [
            8.604999,
            46.708931,
            828.0
          ],
          [
            8.604962,
            46.708888,
            829.0
          ],
          [
            8.604926,
            46.708833,
            829.0
          ],
          [
            8.604926,
            46.708784,
            829.0
          ],
          [
            8.604926,
            46.708728,
            830.0
          ],
          [
            8.604944,
            46.708617,
            830.0
          ],
          [
            8.60497,
            46.708537,
            831.0
          ],
          [
            8.604989,
            46.708494,
            831.0
          ],
          [
            8.605025,
            46.708463,
            831.0
          ],
          [
            8.605088,
            46.708432,
            832.0
          ],
          [
            8.605142,
            46.70842,
            832.0
          ],
          [
            8.605186,
            46.708426,
            832.0
          ],
          [
            8.605223,
            46.708322,
            833.0
          ],
          [
            8.605213,
            46.708303,
            833.0
          ],
          [
            8.605186,
            46.708291,
            833.0
          ],
          [
            8.605106,
            46.708272,
            834.0
          ],
          [
            8.604494,
            46.708125,
            836.0
          ],
          [
            8.604414,
            46.7081,
            837.0
          ],
          [
            8.604387,
            46.708112,
            837.0
          ],
          [
            8.604351,
            46.708149,
            837.0
          ],
          [
            8.604028,
            46.708777,
            843.0
          ],
          [
            8.604001,
            46.708802,
            844.0
          ],
          [
            8.603965,
            46.708815,
            844.0
          ],
          [
            8.603928,
            46.708815,
            844.0
          ],
          [
            8.603894,
            46.708802,
            845.0
          ],
          [
            8.603867,
            46.708777,
            845.0
          ],
          [
            8.603821,
            46.708747,
            846.0
          ],
          [
            8.603875,
            46.708691,
            847.0
          ],
          [
            8.603894,
            46.708636,
            847.0
          ],
          [
            8.603957,
            46.708161,
            856.0
          ],
          [
            8.603974,
            46.708007,
            859.0
          ],
          [
            8.603983,
            46.707903,
            861.0
          ],
          [
            8.603938,
            46.707835,
            863.0
          ],
          [
            8.60375,
            46.707964,
            867.0
          ],
          [
            8.603651,
            46.708057,
            869.0
          ],
          [
            8.603211,
            46.708359,
            878.0
          ],
          [
            8.603049,
            46.708365,
            880.0
          ],
          [
            8.602798,
            46.708353,
            882.0
          ],
          [
            8.602725,
            46.708334,
            883.0
          ],
          [
            8.602249,
            46.708229,
            888.0
          ],
          [
            8.602043,
            46.708149,
            890.0
          ],
          [
            8.602016,
            46.708131,
            890.0
          ],
          [
            8.601737,
            46.708001,
            893.0
          ],
          [
            8.60163,
            46.707952,
            894.0
          ],
          [
            8.60154,
            46.707915,
            895.0
          ],
          [
            8.60145,
            46.707891,
            896.0
          ],
          [
            8.601333,
            46.70786,
            897.0
          ],
          [
            8.601162,
            46.707829,
            899.0
          ],
          [
            8.601028,
            46.707798,
            900.0
          ],
          [
            8.600911,
            46.707767,
            901.0
          ],
          [
            8.600802,
            46.707724,
            901.0
          ],
          [
            8.600812,
            46.707687,
            902.0
          ],
          [
            8.600749,
            46.707657,
            902.0
          ],
          [
            8.600695,
            46.707626,
            903.0
          ],
          [
            8.600641,
            46.707589,
            903.0
          ],
          [
            8.600605,
            46.707564,
            903.0
          ],
          [
            8.600183,
            46.707219,
            908.0
          ],
          [
            8.600085,
            46.707145,
            909.0
          ],
          [
            8.600022,
            46.707089,
            909.0
          ],
          [
            8.599968,
            46.70704,
            910.0
          ],
          [
            8.599923,
            46.706991,
            910.0
          ],
          [
            8.599869,
            46.70693,
            910.0
          ],
          [
            8.599823,
            46.70688,
            910.0
          ],
          [
            8.599779,
            46.706824,
            911.0
          ],
          [
            8.599743,
            46.706763,
            911.0
          ],
          [
            8.599689,
            46.706658,
            911.0
          ],
          [
            8.599653,
            46.70659,
            911.0
          ],
          [
            8.599636,
            46.706553,
            911.0
          ],
          [
            8.599563,
            46.706418,
            912.0
          ],
          [
            8.599546,
            46.706393,
            912.0
          ],
          [
            8.599456,
            46.706234,
            912.0
          ],
          [
            8.599437,
            46.706196,
            912.0
          ],
          [
            8.59941,
            46.706135,
            912.0
          ],
          [
            8.599347,
            46.70603,
            913.0
          ],
          [
            8.59933,
            46.705999,
            913.0
          ],
          [
            8.599312,
            46.705956,
            913.0
          ],
          [
            8.59924,
            46.705827,
            913.0
          ],
          [
            8.599213,
            46.705784,
            913.0
          ],
          [
            8.599186,
            46.705734,
            914.0
          ],
          [
            8.599104,
            46.705635,
            914.0
          ],
          [
            8.599033,
            46.705544,
            914.0
          ],
          [
            8.598988,
            46.705488,
            914.0
          ],
          [
            8.598934,
            46.705401,
            914.0
          ],
          [
            8.59889,
            46.705328,
            915.0
          ],
          [
            8.598863,
            46.705272,
            915.0
          ],
          [
            8.598836,
            46.705211,
            915.0
          ],
          [
            8.598817,
            46.705155,
            915.0
          ],
          [
            8.5988,
            46.7051,
            915.0
          ],
          [
            8.598764,
            46.705007,
            915.0
          ],
          [
            8.598746,
            46.704909,
            916.0
          ],
          [
            8.598728,
            46.704835,
            916.0
          ],
          [
            8.5988,
            46.704773,
            916.0
          ],
          [
            8.5988,
            46.704724,
            916.0
          ],
          [
            8.598781,
            46.70457,
            917.0
          ],
          [
            8.598781,
            46.704558,
            917.0
          ],
          [
            8.598773,
            46.704539,
            917.0
          ]
        ]
      }
    }
  ]
}