{
  "type": "FeatureCollection",
  "features": [
    {
      "type": "Feature",
      "properties": {},
      "geometry": {
        "type": "LineString",
        "coordinates": [
          [
            8.544937,
            47.386831,
            473.0
          ],
          [
            8.544972,
            47.386777,
            472.0
          ],
          [
            8.545018,
            47.386722,
            472.0
          ],
          [
            8.545098,
            47.386752,
            472.0
          ],
          [
            8.545467,
            47.386302,
            469.0
          ],
          [
            8.54562,
            47.386114,
            468.0
          ],
          [
            8.545637,
            47.38609,
            468.0
          ],
          [
            8.545664,
            47.386084,
            468.0
          ],
          [
            8.545683,
            47.386078,
            468.0
          ],
          [
            8.545737,
            47.386084,
            468.0
          ],
          [
            8.546131,
            47.386144,
            471.0
          ],
          [
            8.54614,
            47.386102,
            470.0
          ],
          [
            8.546159,
            47.386059,
            470.0
          ],
          [
            8.546203,
            47.386053,
            470.0
          ],
          [
            8.546257,
            47.386041,
            471.0
          ],
          [
            8.546311,
            47.386029,
            471.0
          ],
          [
            8.546365,
            47.386005,
            471.0
          ],
          [
            8.546455,
            47.385938,
            472.0
          ],
          [
            8.546832,
            47.385639,
            475.0
          ],
          [
            8.547228,
            47.385323,
            478.0
          ],
          [
            8.547255,
            47.385299,
            478.0
          ],
          [
            8.547263,
            47.38528,
            479.0
          ],
          [
            8.547263,
            47.385262,
            479.0
          ],
          [
            8.547236,
            47.385244,
            479.0
          ],
          [
            8.547263,
            47.38522,
            479.0
          ],
          [
            8.547308,
            47.385189,
            479.0
          ],
          [
            8.547318,
            47.385189,
            479.0
          ],
          [
            8.547335,
            47.385183,
            479.0
          ],
          [
            8.547641,
            47.384946,
            481.0
          ],
          [
            8.547731,
            47.385001,
            482.0
          ],
          [
            8.547811,
            47.384934,
            483.0
          ],
          [
            8.547811,
            47.384837,
            483.0
          ],
          [
            8.547874,
            47.384837,
            483.0
          ],
          [
            8.54791,
            47.384776,
            484.0
          ],
          [
            8.547884,
            47.384527,
            484.0
          ],
          [
            8.547874,
            47.384502,
            484.0
          ],
          [
            8.547874,
            47.384442,
            483.0
          ],
          [
            8.547874,
            47.384307,
            483.0
          ],
          [
            8.547982,
            47.384301,
            484.0
          ],
          [
            8.548098,
            47.384295,
            486.0
          ],
          [
            8.548188,
            47.384277,
            486.0
          ],
          [
            8.548207,
            47.384277,
            486.0
          ],
          [
            8.548234,
            47.384277,
            486.0
          ],
          [
            8.548251,
            47.384277,
            486.0
          ],
          [
            8.548278,
            47.384271,
            486.0
          ],
          [
            8.548297,
            47.384271,
            486.0
          ],
          [
            8.548314,
            47.384271,
            486.0
          ],
          [
            8.548333,
            47.384271,
            486.0
          ],
          [
            8.54835,
            47.384271,
            486.0
          ],
          [
            8.548377,
            47.384271,
            486.0
          ],
          [
            8.548395,
            47.384271,
            486.0
          ],
          [
            8.548423,
            47.384271,
            487.0
          ],
          [
            8.548458,
            47.384265,
            487.0
          ],
          [
            8.548476,
            47.384271,
            487.0
          ],
          [
            8.548521,
            47.384289,
            487.0
          ],
          [
            8.548602,
            47.384313,
            487.0
          ],
          [
            8.548763,
            47.384076,
            488.0
          ],
          [
            8.548817,
            47.383997,
            488.0
          ],
          [
            8.54897,
            47.383803,
            489.0
          ],
          [
            8.549042,
            47.383748,
            489.0
          ],
          [
            8.549087,
            47.383711,
            490.0
          ],
          [
            8.549123,
            47.383693,
            490.0
          ],
          [
            8.549276,
            47.38362,
            491.0
          ],
          [
            8.549419,
            47.383553,
            492.0
          ],
          [
            8.549518,
            47.383499,
            493.0
          ],
          [
            8.549572,
            47.383468,
            493.0
          ],
          [
            8.549616,
            47.383444,
            493.0
          ],
          [
            8.549662,
            47.383426,
            494.0
          ],
          [
            8.550928,
            47.382799,
            502.0
          ],
          [
            8.550964,
            47.382781,
            502.0
          ],
          [
            8.551018,
            47.382756,
            502.0
          ],
          [
            8.551666,
            47.382434,
            505.0
          ],
          [
            8.55171,
            47.382422,
            506.0
          ],
          [
            8.551755,
            47.382416,
            506.0
          ],
          [
            8.5518,
            47.382416,
            506.0
          ],
          [
            8.551853,
            47.38238,
            506.0
          ],
          [
            8.551953,
            47.382294,
            506.0
          ],
          [
            8.551989,
            47.382264,
            506.0
          ],
          [
            8.552231,
            47.38241,
            508.0
          ],
          [
            8.552285,
            47.382434,
            509.0
          ],
          [
            8.552348,
            47.382446,
            509.0
          ],
          [
            8.552429,
            47.382452,
            509.0
          ],
          [
            8.552492,
            47.382452,
            510.0
          ],
          [
            8.552545,
            47.38244,
            510.0
          ],
          [
            8.552662,
            47.382386,
            510.0
          ],
          [
            8.55286,
            47.3823,
            511.0
          ],
          [
            8.553184,
            47.38216,
            512.0
          ],
          [
            8.553633,
            47.381954,
            514.0
          ],
          [
            8.553937,
            47.38182,
            514.0
          ],
          [
            8.554316,
            47.381649,
            516.0
          ],
          [
            8.554872,
            47.381412,
            519.0
          ],
          [
            8.555205,
            47.381267,
            520.0
          ],
          [
            8.555312,
            47.381212,
            521.0
          ],
          [
            8.555474,
            47.381138,
            521.0
          ],
          [
            8.555528,
            47.381114,
            521.0
          ],
          [
            8.555555,
            47.381102,
            522.0
          ],
          [
            8.555564,
            47.381084,
            522.0
          ],
          [
            8.555564,
            47.381071,
            522.0
          ],
          [
            8.555627,
            47.381053,
            522.0
          ],
          [
            8.555689,
            47.381029,
            522.0
          ],
          [
            8.555708,
            47.381029,
            522.0
          ],
          [
            8.555734,
            47.381023,
            522.0
          ],
          [
            8.555752,
            47.381017,
            522.0
          ],
          [
            8.556094,
            47.380865,
            524.0
          ],
          [
            8.55639,
            47.380719,
            524.0
          ],
          [
            8.556444,
            47.380695,
            524.0
          ],
          [
            8.556463,
            47.380719,
            524.0
          ],
          [
            8.556463,
            47.380719,
            524.0
          ],
          [
            8.556489,
            47.380737,
            524.0
          ],
          [
            8.556543,
            47.380792,
            525.0
          ],
          [
            8.556606,
            47.380762,
            525.0
          ],
          [
            8.55684,
            47.380634,
            525.0
          ],
          [
            8.556884,
            47.380609,
            525.0
          ],
          [
            8.556974,
            47.38056,
            525.0
          ],
          [
            8.557306,
            47.380372,
            525.0
          ],
          [
            8.557415,
            47.380457,
            528.0
          ],
          [
            8.557469,
            47.380451,
            528.0
          ],
          [
            8.55754,
            47.380463,
            529.0
          ],
          [
            8.557576,
            47.380488,
            529.0
          ],
          [
            8.557629,
            47.380457,
            529.0
          ],
          [
            8.557945,
            47.380129,
            528.0
          ],
          [
            8.557953,
            47.38011,
            528.0
          ],
          [
            8.557953,
            47.380098,
            528.0
          ],
          [
            8.557953,
            47.38008,
            528.0
          ],
          [
            8.557899,
            47.380043,
            527.0
          ],
          [
            8.557981,
            47.379995,
            527.0
          ],
          [
            8.558375,
            47.379788,
            529.0
          ],
          [
            8.558402,
            47.379788,
            529.0
          ],
          [
            8.558457,
            47.379764,
            529.0
          ],
          [
            8.558501,
            47.37974,
            530.0
          ],
          [
            8.558501,
            47.379722,
            530.0
          ],
          [
            8.558501,
            47.379703,
            530.0
          ],
          [
            8.558519,
            47.379697,
            530.0
          ],
          [
            8.559337,
            47.379247,
            533.0
          ],
          [
            8.559354,
            47.379241,
            533.0
          ],
          [
            8.559381,
            47.379235,
            533.0
          ],
          [
            8.559417,
            47.379241,
            533.0
          ],
          [
            8.559436,
            47.379241,
            533.0
          ],
          [
            8.559453,
            47.379247,
            533.0
          ],
          [
            8.559616,
            47.379387,
            535.0
          ],
          [
            8.559642,
            47.379374,
            535.0
          ],
          [
            8.559679,
            47.37935,
            534.0
          ],
          [
            8.559687,
            47.379344,
            534.0
          ],
          [
            8.559696,
            47.379338,
            534.0
          ],
          [
            8.559705,
            47.379332,
            534.0
          ],
          [
            8.559723,
            47.37932,
            534.0
          ],
          [
            8.55974,
            47.379308,
            534.0
          ],
          [
            8.559759,
            47.379296,
            534.0
          ],
          [
            8.559759,
            47.379296,
            534.0
          ],
          [
            8.559786,
            47.379277,
            534.0
          ],
          [
            8.55983,
            47.379247,
            534.0
          ],
          [
            8.559849,
            47.379235,
            534.0
          ],
          [
            8.559893,
            47.379265,
            535.0
          ],
          [
            8.559947,
            47.379289,
            535.0
          ],
          [
            8.559992,
            47.379296,
            535.0
          ],
          [
            8.560055,
            47.379296,
            536.0
          ],
          [
            8.560127,
            47.379296,
            536.0
          ],
          [
            8.560235,
            47.379283,
            537.0
          ],
          [
            8.560432,
            47.379259,
            538.0
          ],
          [
            8.561717,
            47.379076,
            543.0
          ],
          [
            8.561735,
            47.379113,
            544.0
          ],
          [
            8.561942,
            47.379083,
            545.0
          ],
          [
            8.561942,
            47.379083,
            545.0
          ],
          [
            8.561735,
            47.379113,
            544.0
          ],
          [
            8.561717,
            47.379076,
            543.0
          ],
          [
            8.561834,
            47.379058,
            544.0
          ],
          [
            8.562409,
            47.378979,
            546.0
          ],
          [
            8.562813,
            47.378918,
            548.0
          ],
          [
            8.562948,
            47.3789,
            549.0
          ],
          [
            8.562993,
            47.378876,
            549.0
          ],
          [
            8.563711,
            47.378772,
            551.0
          ],
          [
            8.563765,
            47.37876,
            552.0
          ],
          [
            8.563837,
            47.378754,
            552.0
          ],
          [
            8.563891,
            47.378742,
            552.0
          ],
          [
            8.564583,
            47.378645,
            556.0
          ],
          [
            8.564843,
            47.378602,
            557.0
          ],
          [
            8.56514,
            47.378559,
            559.0
          ],
          [
            8.565283,
            47.378535,
            559.0
          ],
          [
            8.565939,
            47.378444,
            563.0
          ],
          [
            8.566128,
            47.378419,
            564.0
          ],
          [
            8.566524,
            47.378371,
            567.0
          ],
          [
            8.566677,
            47.378359,
            567.0
          ],
          [
            8.566927,
            47.378365,
            568.0
          ],
          [
            8.56717,
            47.378383,
            570.0
          ],
          [
            8.567206,
            47.378389,
            570.0
          ],
          [
            8.567394,
            47.378407,
            571.0
          ],
          [
            8.567511,
            47.378425,
            572.0
          ],
          [
            8.568059,
            47.37848,
            575.0
          ],
          [
            8.568158,
            47.378492,
            576.0
          ],
          [
            8.568293,
            47.378504,
            577.0
          ],
          [
            8.568572,
            47.378529,
            578.0
          ],
          [
            8.569092,
            47.378584,
            581.0
          ],
          [
            8.569074,
            47.378645,
            581.0
          ],
          [
            8.569434,
            47.378681,
            583.0
          ],
          [
            8.569595,
            47.378706,
            584.0
          ],
          [
            8.56973,
            47.378742,
            585.0
          ],
          [
            8.569927,
            47.378815,
            586.0
          ],
          [
            8.569927,
            47.378815,
            586.0
          ],
          [
            8.569927,
            47.378815,
            586.0
          ],
          [
            8.570027,
            47.37887,
            587.0
          ],
          [
            8.570107,
            47.378918,
            588.0
          ],
          [
            8.570216,
            47.378997,
            589.0
          ],
          [
            8.570287,
            47.379058,
            589.0
          ],
          [
            8.570377,
            47.379168,
            591.0
          ],
          [
            8.570422,
            47.379247,
            591.0
          ],
          [
            8.570503,
            47.379229,
            591.0
          ],
          [
            8.570539,
            47.379283,
            592.0
          ],
          [
            8.570593,
            47.379399,
            593.0
          ],
          [
            8.570665,
            47.37952,
            594.0
          ],
          [
            8.570772,
            47.379752,
            596.0
          ],
          [
            8.570935,
            47.380074,
            599.0
          ],
          [
            8.570952,
            47.380117,
            599.0
          ],
          [
            8.571176,
            47.38056,
            604.0
          ],
          [
            8.571545,
            47.381279,
            609.0
          ],
          [
            8.571562,
            47.381297,
            609.0
          ],
          [
            8.571608,
            47.381303,
            609.0
          ],
          [
            8.57256,
            47.380475,
            608.0
          ],
          [
            8.573143,
            47.37997,
            604.0
          ],
          [
            8.573872,
            47.379338,
            606.0
          ],
          [
            8.573935,
            47.379271,
            606.0
          ],
          [
            8.573988,
            47.379211,
            607.0
          ],
          [
            8.574132,
            47.379046,
            607.0
          ],
          [
            8.574311,
            47.3789,
            608.0
          ],
          [
            8.574491,
            47.378778,
            608.0
          ],
          [
            8.574707,
            47.378675,
            608.0
          ],
          [
            8.574877,
            47.378621,
            608.0
          ],
          [
            8.574958,
            47.378584,
            608.0
          ],
          [
            8.57503,
            47.378553,
            608.0
          ],
          [
            8.57504,
            47.378535,
            607.0
          ],
          [
            8.57504,
            47.378523,
            607.0
          ],
          [
            8.57503,
            47.378504,
            607.0
          ],
          [
            8.575021,
            47.378492,
            607.0
          ],
          [
            8.575066,
            47.378456,
            607.0
          ],
          [
            8.57512,
            47.378401,
            607.0
          ],
          [
            8.575219,
            47.378407,
            607.0
          ],
          [
            8.575317,
            47.378425,
            607.0
          ],
          [
            8.575587,
            47.378437,
            608.0
          ],
          [
            8.575856,
            47.378462,
            608.0
          ],
          [
            8.576055,
            47.378468,
            608.0
          ],
          [
            8.576279,
            47.378462,
            609.0
          ],
          [
            8.576396,
            47.37845,
            609.0
          ],
          [
            8.576531,
            47.378425,
            609.0
          ],
          [
            8.576692,
            47.378401,
            609.0
          ],
          [
            8.576872,
            47.37828,
            609.0
          ],
          [
            8.577518,
            47.377866,
            607.0
          ],
          [
            8.57768,
            47.377756,
            608.0
          ],
          [
            8.577734,
            47.377708,
            608.0
          ],
          [
            8.57777,
            47.377659,
            608.0
          ],
          [
            8.577753,
            47.377617,
            608.0
          ],
          [
            8.577653,
            47.377337,
            609.0
          ],
          [
            8.577608,
            47.37716,
            610.0
          ],
          [
            8.577608,
            47.377033,
            611.0
          ],
          [
            8.577707,
            47.376832,
            613.0
          ],
          [
            8.577753,
            47.376753,
            613.0
          ],
          [
            8.57804,
            47.37671,
            615.0
          ],
          [
            8.578229,
            47.376698,
            616.0
          ],
          [
            8.578489,
            47.376668,
            617.0
          ],
          [
            8.578678,
            47.376662,
            617.0
          ],
          [
            8.579216,
            47.376668,
            620.0
          ],
          [
            8.579451,
            47.376655,
            621.0
          ],
          [
            8.579594,
            47.376643,
            621.0
          ],
          [
            8.579728,
            47.376649,
            622.0
          ],
          [
            8.579953,
            47.37668,
            623.0
          ],
          [
            8.580286,
            47.376722,
            623.0
          ],
          [
            8.580438,
            47.376728,
            624.0
          ],
          [
            8.5813,
            47.37668,
            627.0
          ],
          [
            8.581506,
            47.376674,
            627.0
          ],
          [
            8.582145,
            47.376704,
            627.0
          ],
          [
            8.582307,
            47.376716,
            627.0
          ],
          [
            8.582459,
            47.376728,
            627.0
          ],
          [
            8.582667,
            47.376777,
            627.0
          ],
          [
            8.582801,
            47.376801,
            626.0
          ],
          [
            8.582873,
            47.376807,
            626.0
          ],
          [
            8.583034,
            47.376783,
            626.0
          ],
          [
            8.583133,
            47.376759,
            626.0
          ],
          [
            8.58334,
            47.376722,
            624.0
          ],
          [
            8.583474,
            47.376668,
            622.0
          ],
          [
            8.583915,
            47.376498,
            622.0
          ],
          [
            8.584122,
            47.376479,
            624.0
          ],
          [
            8.584462,
            47.376461,
            627.0
          ],
          [
            8.584785,
            47.376437,
            630.0
          ],
          [
            8.584992,
            47.376418,
            631.0
          ],
          [
            8.585487,
            47.376382,
            634.0
          ],
          [
            8.58607,
            47.376278,
            637.0
          ],
          [
            8.586646,
            47.376169,
            640.0
          ],
          [
            8.586718,
            47.37615,
            640.0
          ],
          [
            8.58687,
            47.376132,
            640.0
          ],
          [
            8.587292,
            47.375993,
            642.0
          ],
          [
            8.587714,
            47.375889,
            642.0
          ],
          [
            8.588118,
            47.375712,
            643.0
          ],
          [
            8.588414,
            47.375597,
            644.0
          ],
          [
            8.588693,
            47.375463,
            645.0
          ],
          [
            8.589026,
            47.375311,
            646.0
          ],
          [
            8.591119,
            47.374308,
            654.0
          ],
          [
            8.591146,
            47.374234,
            655.0
          ],
          [
            8.591128,
            47.374216,
            655.0
          ],
          [
            8.591209,
            47.374027,
            656.0
          ],
          [
            8.591209,
            47.373973,
            656.0
          ],
          [
            8.591227,
            47.373924,
            656.0
          ],
          [
            8.591236,
            47.373863,
            657.0
          ],
          [
            8.591227,
            47.373815,
            657.0
          ],
          [
            8.591217,
            47.373766,
            657.0
          ],
          [
            8.5912,
            47.373723,
            658.0
          ],
          [
            8.591128,
            47.373607,
            658.0
          ],
          [
            8.591093,
            47.373559,
            658.0
          ],
          [
            8.590976,
            47.373425,
            660.0
          ],
          [
            8.59094,
            47.373377,
            661.0
          ],
          [
            8.590894,
            47.373292,
            662.0
          ],
          [
            8.590877,
            47.373206,
            663.0
          ],
          [
            8.590787,
            47.373036,
            664.0
          ],
          [
            8.590706,
            47.372878,
            666.0
          ],
          [
            8.590688,
            47.37275,
            668.0
          ],
          [
            8.590634,
            47.372604,
            669.0
          ],
          [
            8.59058,
            47.37247,
            671.0
          ],
          [
            8.590301,
            47.372482,
            671.0
          ],
          [
            8.590391,
            47.372409,
            672.0
          ],
          [
            8.590535,
            47.372348,
            673.0
          ],
          [
            8.590634,
            47.372288,
            674.0
          ],
          [
            8.590651,
            47.372263,
            674.0
          ],
          [
            8.590661,
            47.372233,
            675.0
          ],
          [
            8.59067,
            47.372203,
            675.0
          ],
          [
            8.590661,
            47.372178,
            675.0
          ],
          [
            8.590831,
            47.37191,
            680.0
          ],
          [
            8.59111,
            47.371691,
            684.0
          ],
          [
            8.591433,
            47.371515,
            687.0
          ],
          [
            8.591748,
            47.371423,
            689.0
          ],
          [
            8.593104,
            47.371284,
            690.0
          ],
          [
            8.593571,
            47.371223,
            690.0
          ],
          [
            8.593706,
            47.371217,
            690.0
          ],
          [
            8.593841,
            47.371217,
            690.0
          ],
          [
            8.593976,
            47.371223,
            690.0
          ],
          [
            8.594649,
            47.371259,
            690.0
          ],
          [
            8.595422,
            47.371253,
            691.0
          ],
          [
            8.59624,
            47.371186,
            691.0
          ],
          [
            8.596464,
            47.371168,
            691.0
          ],
          [
            8.596544,
            47.371162,
            691.0
          ],
          [
            8.596653,
            47.371144,
            691.0
          ],
          [
            8.596787,
            47.371107,
            691.0
          ],
          [
            8.597326,
            47.370967,
            691.0
          ],
          [
            8.598062,
            47.370779,
            692.0
          ],
          [
            8.598162,
            47.370748,
            692.0
          ],
          [
            8.598261,
            47.370706,
            692.0
          ],
          [
            8.598332,
            47.370657,
            692.0
          ],
          [
            8.598378,
            47.370608,
            692.0
          ],
          [
            8.598575,
            47.370359,
            693.0
          ],
          [
            8.598718,
            47.37014,
            694.0
          ],
          [
            8.598817,
            47.369976,
            694.0
          ],
          [
            8.598817,
            47.36997,
            694.0
          ],
          [
            8.598817,
            47.36997,
            694.0
          ],
          [
            8.598854,
            47.369879,
            694.0
          ],
          [
            8.598863,
            47.369836,
            694.0
          ],
          [
            8.598863,
            47.369787,
            694.0
          ],
          [
            8.598844,
            47.369738,
            694.0
          ],
          [
            8.598817,
            47.369683,
            694.0
          ],
          [
            8.598764,
            47.369617,
            693.0
          ],
          [
            8.598628,
            47.369519,
            693.0
          ],
          [
            8.59888,
            47.36958,
            692.0
          ],
          [
            8.599123,
            47.369647,
            692.0
          ],
          [
            8.599186,
            47.369665,
            692.0
          ],
          [
            8.599393,
            47.369744,
            691.0
          ],
          [
            8.599492,
            47.369781,
            690.0
          ],
          [
            8.599707,
            47.369854,
            688.0
          ],
          [
            8.599869,
            47.36986,
            686.0
          ],
          [
            8.600534,
            47.369879,
            678.0
          ],
          [
            8.600722,
            47.369891,
            676.0
          ],
          [
            8.600812,
            47.369891,
            675.0
          ],
          [
            8.600911,
            47.36986,
            673.0
          ],
          [
            8.601037,
            47.369793,
            671.0
          ],
          [
            8.601072,
            47.369769,
            670.0
          ],
          [
            8.601117,
            47.369732,
            669.0
          ],
          [
            8.601154,
            47.369629,
            666.0
          ],
          [
            8.601171,
            47.369604,
            665.0
          ],
          [
            8.601217,
            47.369598,
            664.0
          ],
          [
            8.601261,
            47.369611,
            663.0
          ],
          [
            8.601378,
            47.369635,
            661.0
          ],
          [
            8.601557,
            47.369665,
            658.0
          ],
          [
            8.60162,
            47.369671,
            658.0
          ],
          [
            8.60171,
            47.369671,
            656.0
          ],
          [
            8.601854,
            47.369665,
            654.0
          ],
          [
            8.602024,
            47.369647,
            652.0
          ],
          [
            8.602213,
            47.369617,
            649.0
          ],
          [
            8.602303,
            47.369592,
            648.0
          ],
          [
            8.602689,
            47.36944,
            645.0
          ],
          [
            8.602869,
            47.369355,
            645.0
          ],
          [
            8.603012,
            47.369276,
            644.0
          ],
          [
            8.603408,
            47.368996,
            643.0
          ],
          [
            8.603489,
            47.368954,
            642.0
          ],
          [
            8.603552,
            47.368923,
            642.0
          ],
          [
            8.603632,
            47.368905,
            642.0
          ],
          [
            8.603731,
            47.368887,
            642.0
          ],
          [
            8.60383,
            47.368875,
            642.0
          ],
          [
            8.60445,
            47.368863,
            641.0
          ],
          [
            8.604674,
            47.368844,
            641.0
          ],
          [
            8.605358,
            47.368753,
            640.0
          ],
          [
            8.605672,
            47.368729,
            639.0
          ],
          [
            8.606075,
            47.368667,
            638.0
          ],
          [
            8.606417,
            47.368619,
            636.0
          ],
          [
            8.60657,
            47.368576,
            635.0
          ],
          [
            8.606723,
            47.368515,
            634.0
          ],
          [
            8.606983,
            47.368376,
            632.0
          ],
          [
            8.60754,
            47.368096,
            628.0
          ],
          [
            8.607773,
            47.367956,
            626.0
          ],
          [
            8.607882,
            47.367846,
            625.0
          ],
          [
            8.607962,
            47.367682,
            624.0
          ],
          [
            8.608016,
            47.367646,
            624.0
          ],
          [
            8.608088,
            47.367603,
            624.0
          ],
          [
            8.608152,
            47.367572,
            624.0
          ],
          [
            8.608511,
            47.367585,
            622.0
          ],
          [
            8.608861,
            47.367554,
            621.0
          ],
          [
            8.609616,
            47.367426,
            619.0
          ],
          [
            8.61028,
            47.367353,
            618.0
          ],
          [
            8.610622,
            47.36728,
            618.0
          ],
          [
            8.610693,
            47.367262,
            618.0
          ],
          [
            8.610891,
            47.36722,
            618.0
          ],
          [
            8.611591,
            47.366994,
            617.0
          ],
          [
            8.611844,
            47.366903,
            617.0
          ],
          [
            8.61196,
            47.366836,
            617.0
          ],
          [
            8.612014,
            47.366787,
            617.0
          ],
          [
            8.61205,
            47.366733,
            617.0
          ],
          [
            8.612094,
            47.366611,
            617.0
          ],
          [
            8.612148,
            47.366441,
            618.0
          ],
          [
            8.612203,
            47.366216,
            619.0
          ],
          [
            8.612211,
            47.366112,
            620.0
          ],
          [
            8.61222,
            47.365881,
            622.0
          ],
          [
            8.612211,
            47.365638,
            626.0
          ],
          [
            8.612184,
            47.36537,
            628.0
          ],
          [
            8.612121,
            47.365029,
            629.0
          ],
          [
            8.612068,
            47.364743,
            630.0
          ],
          [
            8.612023,
            47.364554,
            629.0
          ],
          [
            8.611968,
            47.364396,
            628.0
          ],
          [
            8.611915,
            47.364281,
            627.0
          ],
          [
            8.611888,
            47.364208,
            627.0
          ],
          [
            8.61187,
            47.364165,
            627.0
          ],
          [
            8.611852,
            47.36408,
            626.0
          ],
          [
            8.611861,
            47.36394,
            626.0
          ],
          [
            8.611888,
            47.3638,
            627.0
          ],
          [
            8.61196,
            47.363618,
            627.0
          ],
          [
            8.612121,
            47.363289,
            628.0
          ],
          [
            8.612257,
            47.363101,
            629.0
          ],
          [
            8.612383,
            47.362881,
            629.0
          ],
          [
            8.61241,
            47.362778,
            629.0
          ],
          [
            8.612446,
            47.362675,
            630.0
          ],
          [
            8.612481,
            47.362431,
            631.0
          ],
          [
            8.61249,
            47.362358,
            632.0
          ],
          [
            8.612517,
            47.3622,
            633.0
          ],
          [
            8.612526,
            47.362145,
            634.0
          ],
          [
            8.612562,
            47.362072,
            634.0
          ],
          [
            8.61258,
            47.362036,
            634.0
          ],
          [
            8.612616,
            47.361987,
            635.0
          ],
          [
            8.612706,
            47.361951,
            635.0
          ],
          [
            8.612886,
            47.361902,
            636.0
          ],
          [
            8.613136,
            47.361816,
            637.0
          ],
          [
            8.613649,
            47.361609,
            639.0
          ],
          [
            8.613846,
            47.361555,
            639.0
          ],
          [
            8.613991,
            47.361524,
            640.0
          ],
          [
            8.614807,
            47.361488,
            641.0
          ],
          [
            8.615257,
            47.361421,
            642.0
          ],
          [
            8.615849,
            47.361391,
            642.0
          ],
          [
            8.616452,
            47.361373,
            642.0
          ],
          [
            8.616685,
            47.36136,
            642.0
          ],
          [
            8.617377,
            47.361342,
            641.0
          ],
          [
            8.617593,
            47.361336,
            641.0
          ],
          [
            8.618113,
            47.361336,
            642.0
          ],
          [
            8.618608,
            47.361287,
            643.0
          ],
          [
            8.619128,
            47.361214,
            642.0
          ],
          [
            8.619228,
            47.361196,
            642.0
          ],
          [
            8.619775,
            47.361056,
            641.0
          ],
          [
            8.619884,
            47.361031,
            641.0
          ],
          [
            8.619981,
            47.361013,
            641.0
          ],
          [
            8.620134,
            47.361001,
            640.0
          ],
          [
            8.620161,
            47.360965,
            640.0
          ],
          [
            8.620216,
            47.360928,
            641.0
          ],
          [
            8.620889,
            47.360587,
            642.0
          ],
          [
            8.62123,
            47.360411,
            642.0
          ],
          [
            8.621616,
            47.360186,
            643.0
          ],
          [
            8.621734,
            47.360125,
            643.0
          ],
          [
            8.621851,
            47.360064,
            643.0
          ],
          [
            8.621796,
            47.36004,
            643.0
          ],
          [
            8.621725,
            47.360015,
            644.0
          ],
          [
            8.621679,
            47.360003,
            644.0
          ],
          [
            8.621599,
            47.359997,
            644.0
          ],
          [
            8.621491,
            47.359985,
            645.0
          ],
          [
            8.621419,
            47.359972,
            645.0
          ],
          [
            8.621356,
            47.35996,
            645.0
          ],
          [
            8.621293,
            47.359942,
            645.0
          ],
          [
            8.621113,
            47.359875,
            646.0
          ],
          [
            8.620916,
            47.359802,
            647.0
          ],
          [
            8.620826,
            47.359784,
            648.0
          ],
          [
            8.620746,
            47.359772,
            649.0
          ],
          [
            8.620449,
            47.359729,
            651.0
          ],
          [
            8.620341,
            47.359717,
            652.0
          ],
          [
            8.62026,
            47.359705,
            652.0
          ],
          [
            8.620188,
            47.359687,
            653.0
          ],
          [
            8.620107,
            47.359669,
            653.0
          ],
          [
            8.620036,
            47.359638,
            654.0
          ],
          [
            8.619964,
            47.359602,
            655.0
          ],
          [
            8.619784,
            47.359492,
            657.0
          ],
          [
            8.619704,
            47.359443,
            657.0
          ],
          [
            8.619442,
            47.359224,
            659.0
          ],
          [
            8.619381,
            47.359157,
            660.0
          ],
          [
            8.618698,
            47.358464,
            662.0
          ],
          [
            8.618572,
            47.358299,
            663.0
          ],
          [
            8.618176,
            47.357733,
            665.0
          ],
          [
            8.618365,
            47.357721,
            665.0
          ],
          [
            8.618518,
            47.357678,
            665.0
          ],
          [
            8.618689,
            47.357605,
            665.0
          ],
          [
            8.618886,
            47.357526,
            665.0
          ],
          [
            8.619021,
            47.357478,
            665.0
          ],
          [
            8.619119,
            47.357453,
            664.0
          ],
          [
            8.619228,
            47.357429,
            664.0
          ],
          [
            8.619354,
            47.357405,
            664.0
          ],
          [
            8.619497,
            47.357393,
            664.0
          ],
          [
            8.619874,
            47.357338,
            663.0
          ],
          [
            8.619947,
            47.357326,
            663.0
          ],
          [
            8.620027,
            47.357308,
            663.0
          ],
          [
            8.62009,
            47.357283,
            664.0
          ],
          [
            8.62018,
            47.357253,
            664.0
          ],
          [
            8.620234,
            47.357223,
            664.0
          ],
          [
            8.620278,
            47.357198,
            664.0
          ],
          [
            8.620333,
            47.357155,
            664.0
          ],
          [
            8.620404,
            47.3571,
            664.0
          ],
          [
            8.620431,
            47.357058,
            665.0
          ],
          [
            8.620458,
            47.357009,
            665.0
          ],
          [
            8.620467,
            47.356966,
            665.0
          ],
          [
            8.620476,
            47.356906,
            666.0
          ],
          [
            8.620476,
            47.356857,
            666.0
          ],
          [
            8.620476,
            47.356802,
            666.0
          ],
          [
            8.620467,
            47.356735,
            667.0
          ],
          [
            8.620458,
            47.35665,
            668.0
          ],
          [
            8.620458,
            47.356583,
            668.0
          ],
          [
            8.620458,
            47.356535,
            669.0
          ],
          [
            8.620476,
            47.356461,
            669.0
          ],
          [
            8.620503,
            47.356406,
            670.0
          ],
          [
            8.62053,
            47.356358,
            670.0
          ],
          [
            8.620557,
            47.356315,
            670.0
          ],
          [
            8.62061,
            47.356261,
            670.0
          ],
          [
            8.620673,
            47.356188,
            671.0
          ],
          [
            8.620736,
            47.356121,
            671.0
          ],
          [
            8.620907,
            47.355963,
            671.0
          ],
          [
            8.621078,
            47.355828,
            672.0
          ],
          [
            8.621249,
            47.355689,
            672.0
          ],
          [
            8.621438,
            47.355555,
            672.0
          ],
          [
            8.621528,
            47.355512,
            672.0
          ],
          [
            8.621769,
            47.355415,
            672.0
          ],
          [
            8.621878,
            47.355366,
            672.0
          ],
          [
            8.62212,
            47.355226,
            671.0
          ],
          [
            8.622245,
            47.355171,
            671.0
          ],
          [
            8.622371,
            47.355123,
            671.0
          ],
          [
            8.622578,
            47.35505,
            670.0
          ],
          [
            8.622937,
            47.354916,
            669.0
          ],
          [
            8.62318,
            47.354825,
            669.0
          ],
          [
            8.62362,
            47.354642,
            669.0
          ],
          [
            8.623809,
            47.354544,
            669.0
          ],
          [
            8.62415,
            47.354356,
            669.0
          ],
          [
            8.624258,
            47.354307,
            669.0
          ],
          [
            8.624384,
            47.354283,
            669.0
          ],
          [
            8.624482,
            47.354265,
            669.0
          ],
          [
            8.624572,
            47.354241,
            669.0
          ],
          [
            8.624644,
            47.35421,
            669.0
          ],
          [
            8.624725,
            47.35418,
            668.0
          ],
          [
            8.624868,
            47.354125,
            668.0
          ],
          [
            8.624968,
            47.35407,
            668.0
          ],
          [
            8.625121,
            47.353972,
            667.0
          ],
          [
            8.625192,
            47.353905,
            666.0
          ],
          [
            8.625453,
            47.35365,
            664.0
          ],
          [
            8.625587,
            47.35351,
            664.0
          ],
          [
            8.625633,
            47.353467,
            663.0
          ],
          [
            8.625696,
            47.353418,
            663.0
          ],
          [
            8.625821,
            47.353388,
            663.0
          ],
          [
            8.626027,
            47.353333,
            662.0
          ],
          [
            8.62618,
            47.353254,
            662.0
          ],
          [
            8.626279,
            47.353151,
            662.0
          ],
          [
            8.626342,
            47.353048,
            661.0
          ],
          [
            8.626405,
            47.35295,
            662.0
          ],
          [
            8.627042,
            47.35155,
            667.0
          ],
          [
            8.627214,
            47.351428,
            668.0
          ],
          [
            8.627339,
            47.351258,
            670.0
          ],
          [
            8.627654,
            47.350704,
            675.0
          ],
          [
            8.627824,
            47.350443,
            678.0
          ],
          [
            8.628004,
            47.350248,
            680.0
          ],
          [
            8.628327,
            47.350029,
            683.0
          ],
          [
            8.628597,
            47.349852,
            684.0
          ],
          [
            8.628983,
            47.349633,
            685.0
          ],
          [
            8.62927,
            47.349487,
            685.0
          ],
          [
            8.629692,
            47.349414,
            684.0
          ],
          [
            8.630178,
            47.349426,
            683.0
          ],
          [
            8.630797,
            47.349426,
            683.0
          ],
          [
            8.630897,
            47.34942,
            683.0
          ],
          [
            8.631113,
            47.349384,
            683.0
          ],
          [
            8.631948,
            47.349219,
            683.0
          ],
          [
            8.632235,
            47.34914,
            683.0
          ],
          [
            8.632541,
            47.349,
            684.0
          ],
          [
            8.633061,
            47.348672,
            685.0
          ],
          [
            8.63316,
            47.348568,
            684.0
          ],
          [
            8.633197,
            47.348507,
            684.0
          ],
          [
            8.633178,
            47.34844,
            683.0
          ],
          [
            8.633142,
            47.348373,
            683.0
          ],
          [
            8.632755,
            47.348021,
            683.0
          ],
          [
            8.632684,
            47.347898,
            683.0
          ],
          [
            8.633187,
            47.34757,
            678.0
          ],
          [
            8.633438,
            47.347394,
            674.0
          ],
          [
            8.633474,
            47.347351,
            674.0
          ],
          [
            8.63351,
            47.347308,
            673.0
          ],
          [
            8.633574,
            47.347278,
            673.0
          ],
          [
            8.633834,
            47.347253,
            672.0
          ],
          [
            8.633969,
            47.347217,
            671.0
          ],
          [
            8.634094,
            47.347168,
            671.0
          ],
          [
            8.634382,
            47.347028,
            668.0
          ],
          [
            8.635155,
            47.346687,
            663.0
          ],
          [
            8.63546,
            47.346547,
            663.0
          ],
          [
            8.635604,
            47.346498,
            663.0
          ],
          [
            8.635971,
            47.346401,
            663.0
          ],
          [
            8.636214,
            47.346328,
            662.0
          ],
          [
            8.636862,
            47.346115,
            661.0
          ],
          [
            8.636916,
            47.346097,
            661.0
          ],
          [
            8.637455,
            47.345914,
            661.0
          ],
          [
            8.637786,
            47.34578,
            662.0
          ],
          [
            8.638074,
            47.345622,
            662.0
          ],
          [
            8.638595,
            47.345299,
            663.0
          ],
          [
            8.638721,
            47.345214,
            663.0
          ],
          [
            8.638847,
            47.345141,
            663.0
          ],
          [
            8.639206,
            47.344989,
            663.0
          ],
          [
            8.639287,
            47.34491,
            663.0
          ],
          [
            8.639753,
            47.344837,
            664.0
          ],
          [
            8.639969,
            47.344794,
            664.0
          ],
          [
            8.640418,
            47.344697,
            663.0
          ],
          [
            8.640554,
            47.344685,
            663.0
          ],
          [
            8.640778,
            47.344526,
            662.0
          ],
          [
            8.640868,
            47.344441,
            662.0
          ],
          [
            8.640921,
            47.344344,
            662.0
          ],
          [
            8.640931,
            47.343911,
            662.0
          ],
          [
            8.640948,
            47.343735,
            662.0
          ],
          [
            8.641002,
            47.34348,
            663.0
          ],
          [
            8.641002,
            47.343394,
            663.0
          ],
          [
            8.641002,
            47.343327,
            663.0
          ],
          [
            8.640984,
            47.34326,
            663.0
          ],
          [
            8.640958,
            47.343187,
            664.0
          ],
          [
            8.640868,
            47.343017,
            666.0
          ],
          [
            8.640904,
            47.342895,
            666.0
          ],
          [
            8.640967,
            47.342773,
            668.0
          ],
          [
            8.641038,
            47.342688,
            669.0
          ],
          [
            8.641092,
            47.342585,
            670.0
          ],
          [
            8.641263,
            47.342329,
            674.0
          ],
          [
            8.641451,
            47.342037,
            679.0
          ],
          [
            8.641497,
            47.341897,
            681.0
          ],
          [
            8.64147,
            47.341781,
            683.0
          ],
          [
            8.641424,
            47.34169,
            685.0
          ],
          [
            8.641389,
            47.341587,
            687.0
          ],
          [
            8.641353,
            47.341471,
            689.0
          ],
          [
            8.641424,
            47.341166,
            693.0
          ],
          [
            8.64147,
            47.341093,
            694.0
          ],
          [
            8.641389,
            47.340509,
            699.0
          ],
          [
            8.641568,
            47.340375,
            699.0
          ],
          [
            8.641829,
            47.340235,
            700.0
          ],
          [
            8.64209,
            47.34015,
            699.0
          ],
          [
            8.642368,
            47.340101,
            698.0
          ],
          [
            8.642619,
            47.340095,
            698.0
          ],
          [
            8.643078,
            47.340076,
            698.0
          ],
          [
            8.643356,
            47.340046,
            698.0
          ],
          [
            8.643491,
            47.340004,
            699.0
          ],
          [
            8.64359,
            47.339973,
            699.0
          ],
          [
            8.643904,
            47.339888,
            699.0
          ],
          [
            8.644308,
            47.339748,
            700.0
          ],
          [
            8.644694,
            47.339584,
            701.0
          ],
          [
            8.644866,
            47.339468,
            701.0
          ],
          [
            8.645018,
            47.339328,
            701.0
          ],
          [
            8.645162,
            47.339188,
            701.0
          ],
          [
            8.645269,
            47.339042,
            702.0
          ],
          [
            8.645422,
            47.338689,
            703.0
          ],
          [
            8.64544,
            47.33864,
            703.0
          ],
          [
            8.645558,
            47.33836,
            705.0
          ],
          [
            8.645611,
            47.338214,
            706.0
          ],
          [
            8.645647,
            47.33808,
            707.0
          ],
          [
            8.645656,
            47.337891,
            710.0
          ],
          [
            8.645629,
            47.337764,
            711.0
          ],
          [
            8.645512,
            47.337703,
            712.0
          ],
          [
            8.645386,
            47.337587,
            713.0
          ],
          [
            8.645359,
            47.337428,
            714.0
          ],
          [
            8.645369,
            47.337282,
            715.0
          ],
          [
            8.645413,
            47.33707,
            717.0
          ],
          [
            8.645422,
            47.336838,
            718.0
          ],
          [
            8.64535,
            47.336747,
            719.0
          ],
          [
            8.64509,
            47.336455,
            722.0
          ],
          [
            8.644407,
            47.335931,
            725.0
          ],
          [
            8.643824,
            47.335572,
            725.0
          ],
          [
            8.64377,
            47.335529,
            725.0
          ],
          [
            8.64359,
            47.335383,
            725.0
          ],
          [
            8.643428,
            47.335292,
            725.0
          ],
          [
            8.643275,
            47.335225,
            725.0
          ],
          [
            8.642898,
            47.335067,
            724.0
          ],
          [
            8.642619,
            47.334939,
            723.0
          ],
          [
            8.642485,
            47.33486,
            723.0
          ],
          [
            8.642386,
            47.334762,
            723.0
          ],
          [
            8.642216,
            47.334531,
            723.0
          ],
          [
            8.642116,
            47.334427,
            723.0
          ],
          [
            8.641847,
            47.334196,
            725.0
          ],
          [
            8.641596,
            47.334037,
            726.0
          ],
          [
            8.641317,
            47.33394,
            727.0
          ],
          [
            8.641182,
            47.333861,
            727.0
          ],
          [
            8.640734,
            47.333521,
            728.0
          ],
          [
            8.640958,
            47.333557,
            727.0
          ],
          [
            8.641227,
            47.333581,
            727.0
          ],
          [
            8.641461,
            47.333557,
            726.0
          ],
          [
            8.641793,
            47.33349,
            725.0
          ],
          [
            8.64199,
            47.333423,
            725.0
          ],
          [
            8.642189,
            47.333331,
            725.0
          ],
          [
            8.642332,
            47.333264,
            725.0
          ],
          [
            8.642431,
            47.333173,
            726.0
          ],
          [
            8.642466,
            47.333155,
            726.0
          ],
          [
            8.642646,
            47.333003,
            726.0
          ],
          [
            8.642988,
            47.332893,
            728.0
          ],
          [
            8.643814,
            47.332479,
            731.0
          ],
          [
            8.644084,
            47.332321,
            733.0
          ],
          [
            8.644336,
            47.332071,
            734.0
          ],
          [
            8.644703,
            47.331688,
            736.0
          ],
          [
            8.644883,
            47.331451,
            736.0
          ],
          [
            8.644937,
            47.331261,
            736.0
          ],
          [
            8.64491,
            47.331091,
            736.0
          ],
          [
            8.644784,
            47.330927,
            737.0
          ],
          [
            8.644111,
            47.330044,
            734.0
          ],
          [
            8.644021,
            47.329873,
            733.0
          ],
          [
            8.644039,
            47.329703,
            732.0
          ],
          [
            8.644174,
            47.329514,
            731.0
          ],
          [
            8.644218,
            47.329447,
            731.0
          ],
          [
            8.644416,
            47.329258,
            730.0
          ],
          [
            8.644479,
            47.329185,
            730.0
          ],
          [
            8.64455,
            47.329136,
            730.0
          ],
          [
            8.644856,
            47.329027,
            729.0
          ],
          [
            8.645432,
            47.328893,
            728.0
          ],
          [
            8.645709,
            47.328778,
            729.0
          ],
          [
            8.645898,
            47.328638,
            729.0
          ],
          [
            8.646132,
            47.328454,
            728.0
          ],
          [
            8.646321,
            47.328296,
            725.0
          ],
          [
            8.646537,
            47.328059,
            720.0
          ],
          [
            8.646661,
            47.328017,
            719.0
          ],
          [
            8.646967,
            47.327968,
            718.0
          ],
          [
            8.647344,
            47.327901,
            715.0
          ],
          [
            8.647938,
            47.327681,
            709.0
          ],
          [
            8.648711,
            47.327304,
            706.0
          ],
          [
            8.649042,
            47.327103,
            705.0
          ],
          [
            8.64924,
            47.326932,
            704.0
          ],
          [
            8.649366,
            47.326798,
            703.0
          ],
          [
            8.649581,
            47.326573,
            701.0
          ],
          [
            8.64968,
            47.326494,
            700.0
          ],
          [
            8.650183,
            47.326189,
            693.0
          ],
          [
            8.650282,
            47.326104,
            692.0
          ],
          [
            8.650309,
            47.326043,
            692.0
          ],
          [
            8.650292,
            47.325989,
            692.0
          ],
          [
            8.650264,
            47.325946,
            691.0
          ],
          [
            8.650093,
            47.325977,
            691.0
          ],
          [
            8.649842,
            47.325995,
            691.0
          ],
          [
            8.649429,
            47.326056,
            688.0
          ],
          [
            8.649267,
            47.32608,
            687.0
          ],
          [
            8.649213,
            47.326074,
            687.0
          ],
          [
            8.649168,
            47.326062,
            686.0
          ],
          [
            8.64915,
            47.326013,
            686.0
          ],
          [
            8.649132,
            47.325952,
            686.0
          ],
          [
            8.649042,
            47.325885,
            686.0
          ],
          [
            8.648952,
            47.325837,
            685.0
          ],
          [
            8.648835,
            47.3258,
            685.0
          ],
          [
            8.648558,
            47.325751,
            684.0
          ],
          [
            8.648306,
            47.325709,
            683.0
          ],
          [
            8.648288,
            47.325684,
            683.0
          ],
          [
            8.648208,
            47.325599,
            683.0
          ],
          [
            8.648179,
            47.325459,
            680.0
          ],
          [
            8.648208,
            47.32538,
            677.0
          ],
          [
            8.648208,
            47.325374,
            677.0
          ],
          [
            8.648252,
            47.325258,
            676.0
          ],
          [
            8.648261,
            47.325222,
            676.0
          ],
          [
            8.648324,
            47.325228,
            676.0
          ],
          [
            8.648324,
            47.325246,
            676.0
          ],
          [
            8.648261,
            47.325234,
            676.0
          ],
          [
            8.648279,
            47.325161,
            676.0
          ],
          [
            8.648288,
            47.325136,
            676.0
          ],
          [
            8.648306,
            47.325082,
            675.0
          ],
          [
            8.648324,
            47.325039,
            675.0
          ],
          [
            8.648621,
            47.325082,
            673.0
          ],
          [
            8.648845,
            47.325118,
            672.0
          ],
          [
            8.648998,
            47.325124,
            672.0
          ],
          [
            8.649168,
            47.3251,
            671.0
          ],
          [
            8.649303,
            47.32507,
            670.0
          ],
          [
            8.649411,
            47.325033,
            669.0
          ],
          [
            8.64951,
            47.324984,
            668.0
          ],
          [
            8.649627,
            47.324923,
            668.0
          ],
          [
            8.649887,
            47.324685,
            667.0
          ],
          [
            8.650103,
            47.324485,
            667.0
          ],
          [
            8.650166,
            47.324412,
            667.0
          ],
          [
            8.650219,
            47.324345,
            667.0
          ],
          [
            8.650309,
            47.324162,
            667.0
          ],
          [
            8.650353,
            47.323894,
            669.0
          ],
          [
            8.650399,
            47.323778,
            670.0
          ],
          [
            8.650462,
            47.323693,
            671.0
          ],
          [
            8.65056,
            47.323608,
            673.0
          ],
          [
            8.650678,
            47.323547,
            674.0
          ],
          [
            8.650768,
            47.323517,
            674.0
          ],
          [
            8.651244,
            47.323352,
            679.0
          ],
          [
            8.651198,
            47.323273,
            679.0
          ],
          [
            8.651154,
            47.323163,
            679.0
          ],
          [
            8.651135,
            47.323072,
            679.0
          ],
          [
            8.651135,
            47.322981,
            680.0
          ],
          [
            8.651171,
            47.322847,
            680.0
          ],
          [
            8.651216,
            47.322524,
            681.0
          ],
          [
            8.651244,
            47.322463,
            681.0
          ],
          [
            8.651279,
            47.322414,
            681.0
          ],
          [
            8.651369,
            47.322347,
            682.0
          ],
          [
            8.651468,
            47.322311,
            683.0
          ],
          [
            8.651575,
            47.322293,
            683.0
          ],
          [
            8.652079,
            47.322299,
            685.0
          ],
          [
            8.652456,
            47.322305,
            687.0
          ],
          [
            8.652519,
            47.322299,
            688.0
          ],
          [
            8.652762,
            47.322274,
            690.0
          ],
          [
            8.65295,
            47.322232,
            691.0
          ],
          [
            8.653229,
            47.322159,
            694.0
          ],
          [
            8.653894,
            47.321957,
            701.0
          ],
          [
            8.654118,
            47.321884,
            702.0
          ],
          [
            8.654288,
            47.321811,
            703.0
          ],
          [
            8.654424,
            47.32175,
            704.0
          ],
          [
            8.65455,
            47.321677,
            704.0
          ],
          [
            8.654908,
            47.32141,
            705.0
          ],
          [
            8.654936,
            47.321355,
            705.0
          ],
          [
            8.65498,
            47.3213,
            705.0
          ],
          [
            8.655026,
            47.321251,
            706.0
          ],
          [
            8.655097,
            47.32119,
            706.0
          ],
          [
            8.655206,
            47.321123,
            707.0
          ],
          [
            8.65525,
            47.321093,
            707.0
          ],
          [
            8.655322,
            47.321056,
            708.0
          ],
          [
            8.655376,
            47.321014,
            709.0
          ],
          [
            8.655456,
            47.320959,
            710.0
          ],
          [
            8.65551,
            47.32091,
            710.0
          ],
          [
            8.655529,
            47.320886,
            711.0
          ],
          [
            8.655564,
            47.320837,
            711.0
          ],
          [
            8.655582,
            47.320764,
            712.0
          ],
          [
            8.6556,
            47.320728,
            713.0
          ],
          [
            8.655636,
            47.320667,
            713.0
          ],
          [
            8.655653,
            47.320606,
            714.0
          ],
          [
            8.65569,
            47.320484,
            715.0
          ],
          [
            8.655726,
            47.320362,
            716.0
          ],
          [
            8.655735,
            47.320331,
            716.0
          ],
          [
            8.655753,
            47.320307,
            716.0
          ],
          [
            8.65578,
            47.320185,
            717.0
          ],
          [
            8.655833,
            47.320027,
            719.0
          ],
          [
            8.655888,
            47.319863,
            721.0
          ],
          [
            8.65595,
            47.319588,
            728.0
          ],
          [
            8.655923,
            47.31912,
            738.0
          ],
          [
            8.655869,
            47.318943,
            740.0
          ],
          [
            8.655869,
            47.318815,
            742.0
          ],
          [
            8.655896,
            47.318687,
            743.0
          ],
          [
            8.656013,
            47.318444,
            747.0
          ],
          [
            8.656121,
            47.318304,
            749.0
          ],
          [
            8.656292,
            47.318127,
            753.0
          ],
          [
            8.656552,
            47.317987,
            756.0
          ],
          [
            8.656651,
            47.317871,
            757.0
          ],
          [
            8.656695,
            47.317634,
            759.0
          ],
          [
            8.656732,
            47.3175,
            760.0
          ],
          [
            8.656858,
            47.317226,
            762.0
          ],
          [
            8.657047,
            47.316836,
            763.0
          ],
          [
            8.657164,
            47.316434,
            764.0
          ],
          [
            8.657424,
            47.315923,
            766.0
          ],
          [
            8.65754,
            47.315661,
            768.0
          ],
          [
            8.657648,
            47.315539,
            769.0
          ],
          [
            8.657693,
            47.315484,
            769.0
          ],
          [
            8.65798,
            47.315094,
            772.0
          ],
          [
            8.658116,
            47.314729,
            775.0
          ],
          [
            8.658385,
            47.314059,
            773.0
          ],
          [
            8.658483,
            47.313882,
            772.0
          ],
          [
            8.658538,
            47.313809,
            772.0
          ],
          [
            8.658565,
            47.313736,
            772.0
          ],
          [
            8.658628,
            47.313645,
            771.0
          ],
          [
            8.658726,
            47.31359,
            769.0
          ],
          [
            8.658915,
            47.31337,
            766.0
          ],
          [
            8.659194,
            47.313152,
            764.0
          ],
          [
            8.659427,
            47.312951,
            763.0
          ],
          [
            8.659418,
            47.312926,
            763.0
          ],
          [
            8.659508,
            47.312835,
            763.0
          ],
          [
            8.659561,
            47.312829,
            763.0
          ],
          [
            8.659634,
            47.312494,
            763.0
          ],
          [
            8.659885,
            47.312177,
            764.0
          ],
          [
            8.659911,
            47.312116,
            764.0
          ],
          [
            8.659768,
            47.311769,
            763.0
          ],
          [
            8.659804,
            47.311428,
            762.0
          ],
          [
            8.659984,
            47.311215,
            761.0
          ],
          [
            8.660217,
            47.31105,
            760.0
          ],
          [
            8.660532,
            47.31077,
            758.0
          ],
          [
            8.660856,
            47.310521,
            755.0
          ],
          [
            8.66099,
            47.310441,
            754.0
          ],
          [
            8.661072,
            47.310399,
            754.0
          ],
          [
            8.66125,
            47.310209,
            753.0
          ],
          [
            8.661395,
            47.309984,
            752.0
          ],
          [
            8.661403,
            47.30993,
            752.0
          ],
          [
            8.661403,
            47.309869,
            751.0
          ],
          [
            8.661295,
            47.309717,
            750.0
          ],
          [
            8.661278,
            47.309558,
            752.0
          ],
          [
            8.661242,
            47.309472,
            753.0
          ],
          [
            8.66125,
            47.309399,
            754.0
          ],
          [
            8.661295,
            47.309332,
            754.0
          ],
          [
            8.661403,
            47.308919,
            758.0
          ],
          [
            8.661485,
            47.308699,
            760.0
          ],
          [
            8.661519,
            47.308644,
            761.0
          ],
          [
            8.661511,
            47.308534,
            763.0
          ],
          [
            8.661582,
            47.308309,
            765.0
          ],
          [
            8.661664,
            47.308176,
            767.0
          ],
          [
            8.661718,
            47.307621,
            771.0
          ],
          [
            8.661619,
            47.307463,
            772.0
          ],
          [
            8.661601,
            47.307274,
            774.0
          ],
          [
            8.661565,
            47.307177,
            774.0
          ],
          [
            8.661502,
            47.307085,
            775.0
          ],
          [
            8.661422,
            47.307006,
            776.0
          ],
          [
            8.661269,
            47.306914,
            776.0
          ],
          [
            8.660856,
            47.306701,
            778.0
          ],
          [
            8.66063,
            47.306549,
            779.0
          ],
          [
            8.6609,
            47.305946,
            783.0
          ],
          [
            8.661098,
            47.305428,
            788.0
          ],
          [
            8.661232,
            47.305093,
            792.0
          ],
          [
            8.661376,
            47.304734,
            794.0
          ],
          [
            8.661385,
            47.304685,
            794.0
          ],
          [
            8.661458,
            47.304716,
            794.0
          ],
          [
            8.661808,
            47.304984,
            791.0
          ],
          [
            8.662265,
            47.305196,
            788.0
          ],
          [
            8.662948,
            47.305404,
            783.0
          ],
          [
            8.663443,
            47.305495,
            781.0
          ],
          [
            8.663693,
            47.305501,
            781.0
          ],
          [
            8.664485,
            47.305422,
            778.0
          ],
          [
            8.665122,
            47.305318,
            777.0
          ],
          [
            8.665724,
            47.305154,
            777.0
          ],
          [
            8.666488,
            47.30488,
            772.0
          ],
          [
            8.667242,
            47.304691,
            769.0
          ],
          [
            8.66753,
            47.304618,
            767.0
          ],
          [
            8.667628,
            47.304575,
            766.0
          ],
          [
            8.667871,
            47.30438,
            764.0
          ],
          [
            8.668041,
            47.304167,
            762.0
          ],
          [
            8.668213,
            47.3039,
            758.0
          ],
          [
            8.668366,
            47.303558,
            754.0
          ],
          [
            8.66849,
            47.303387,
            751.0
          ],
          [
            8.668662,
            47.303211,
            746.0
          ],
          [
            8.668814,
            47.303022,
            745.0
          ],
          [
            8.668932,
            47.302943,
            743.0
          ],
          [
            8.669102,
            47.302894,
            741.0
          ],
          [
            8.669299,
            47.302845,
            739.0
          ],
          [
            8.669416,
            47.302766,
            738.0
          ],
          [
            8.669461,
            47.302687,
            737.0
          ],
          [
            8.669498,
            47.302632,
            737.0
          ],
          [
            8.669668,
            47.302279,
            732.0
          ],
          [
            8.669722,
            47.302096,
            731.0
          ],
          [
            8.669704,
            47.301907,
            730.0
          ],
          [
            8.669685,
            47.301773,
            730.0
          ],
          [
            8.669712,
            47.301676,
            729.0
          ],
          [
            8.669821,
            47.301597,
            728.0
          ],
          [
            8.669901,
            47.301572,
            727.0
          ],
          [
            8.669991,
            47.30156,
            727.0
          ],
          [
            8.670054,
            47.301597,
            726.0
          ],
          [
            8.670098,
            47.301645,
            726.0
          ],
          [
            8.670125,
            47.301724,
            725.0
          ],
          [
            8.670125,
            47.30184,
            724.0
          ],
          [
            8.670117,
            47.301968,
            722.0
          ],
          [
            8.670162,
            47.302102,
            721.0
          ],
          [
            8.670288,
            47.302309,
            719.0
          ],
          [
            8.670404,
            47.302474,
            717.0
          ],
          [
            8.67053,
            47.302577,
            716.0
          ],
          [
            8.67063,
            47.302498,
            713.0
          ],
          [
            8.670674,
            47.302419,
            712.0
          ],
          [
            8.670691,
            47.302316,
            711.0
          ],
          [
            8.670754,
            47.302212,
            708.0
          ],
          [
            8.6708,
            47.30209,
            705.0
          ],
          [
            8.670854,
            47.302029,
            704.0
          ],
          [
            8.670898,
            47.301992,
            703.0
          ],
          [
            8.670961,
            47.301931,
            701.0
          ],
          [
            8.671016,
            47.301907,
            701.0
          ],
          [
            8.671069,
            47.301901,
            701.0
          ],
          [
            8.671293,
            47.301925,
            700.0
          ],
          [
            8.671473,
            47.301944,
            699.0
          ],
          [
            8.671599,
            47.301931,
            698.0
          ],
          [
            8.671733,
            47.301931,
            697.0
          ],
          [
            8.671823,
            47.301974,
            696.0
          ],
          [
            8.671932,
            47.302017,
            696.0
          ],
          [
            8.67203,
            47.302084,
            694.0
          ],
          [
            8.672138,
            47.302121,
            694.0
          ],
          [
            8.672272,
            47.302102,
            695.0
          ],
          [
            8.672335,
            47.302053,
            695.0
          ],
          [
            8.672417,
            47.301999,
            695.0
          ],
          [
            8.672479,
            47.301931,
            695.0
          ],
          [
            8.672534,
            47.30184,
            694.0
          ],
          [
            8.672651,
            47.301761,
            691.0
          ],
          [
            8.672821,
            47.301688,
            688.0
          ],
          [
            8.673037,
            47.301609,
            686.0
          ],
          [
            8.673494,
            47.301493,
            683.0
          ],
          [
            8.673997,
            47.301353,
            676.0
          ],
          [
            8.674033,
            47.301341,
            675.0
          ],
          [
            8.674087,
            47.301304,
            674.0
          ],
          [
            8.674456,
            47.301176,
            672.0
          ],
          [
            8.674662,
            47.301079,
            670.0
          ],
          [
            8.674833,
            47.300914,
            667.0
          ],
          [
            8.674941,
            47.300853,
            666.0
          ],
          [
            8.675121,
            47.300817,
            664.0
          ],
          [
            8.675731,
            47.300768,
            658.0
          ],
          [
            8.675875,
            47.300725,
            657.0
          ],
          [
            8.675947,
            47.300671,
            656.0
          ],
          [
            8.676064,
            47.300683,
            655.0
          ],
          [
            8.676207,
            47.300658,
            654.0
          ],
          [
            8.676297,
            47.300628,
            653.0
          ],
          [
            8.676369,
            47.300555,
            653.0
          ],
          [
            8.676387,
            47.300488,
            653.0
          ],
          [
            8.676406,
            47.30033,
            653.0
          ],
          [
            8.676406,
            47.300189,
            652.0
          ],
          [
            8.676423,
            47.300055,
            651.0
          ],
          [
            8.676477,
            47.299933,
            650.0
          ],
          [
            8.676612,
            47.299726,
            649.0
          ],
          [
            8.676702,
            47.29958,
            649.0
          ],
          [
            8.676792,
            47.299489,
            648.0
          ],
          [
            8.676998,
            47.299428,
            645.0
          ],
          [
            8.677205,
            47.299379,
            642.0
          ],
          [
            8.67742,
            47.299294,
            641.0
          ],
          [
            8.677509,
            47.299263,
            640.0
          ],
          [
            8.677599,
            47.299202,
            639.0
          ],
          [
            8.677878,
            47.299056,
            636.0
          ],
          [
            8.678104,
            47.299013,
            634.0
          ],
          [
            8.678264,
            47.299026,
            632.0
          ],
          [
            8.678381,
            47.29905,
            630.0
          ],
          [
            8.678507,
            47.299056,
            628.0
          ],
          [
            8.678678,
            47.299038,
            628.0
          ],
          [
            8.678794,
            47.299099,
            627.0
          ],
          [
            8.678794,
            47.299099,
            627.0
          ],
          [
            8.67883,
            47.299117,
            627.0
          ],
          [
            8.678974,
            47.299135,
            626.0
          ],
          [
            8.679136,
            47.299093,
            624.0
          ],
          [
            8.679756,
            47.298867,
            621.0
          ],
          [
            8.680664,
            47.298575,
            615.0
          ],
          [
            8.681427,
            47.298319,
            610.0
          ],
          [
            8.681696,
            47.298246,
            608.0
          ],
          [
            8.68183,
            47.298227,
            607.0
          ],
          [
            8.681957,
            47.298227,
            606.0
          ],
          [
            8.682056,
            47.298234,
            606.0
          ],
          [
            8.682154,
            47.298246,
            605.0
          ],
          [
            8.682226,
            47.298264,
            605.0
          ],
          [
            8.682226,
            47.298264,
            605.0
          ],
          [
            8.682262,
            47.29827,
            605.0
          ],
          [
            8.682352,
            47.298307,
            604.0
          ],
          [
            8.682433,
            47.298355,
            603.0
          ],
          [
            8.682496,
            47.298422,
            603.0
          ],
          [
            8.682568,
            47.298502,
            602.0
          ],
          [
            8.682631,
            47.298636,
            601.0
          ],
          [
            8.682649,
            47.298679,
            600.0
          ],
          [
            8.682675,
            47.298776,
            600.0
          ],
          [
            8.682693,
            47.298861,
            599.0
          ],
          [
            8.682685,
            47.298989,
            598.0
          ],
          [
            8.682658,
            47.299111,
            597.0
          ],
          [
            8.682612,
            47.2993,
            596.0
          ],
          [
            8.682307,
            47.300348,
            586.0
          ],
          [
            8.682379,
            47.30036,
            586.0
          ],
          [
            8.682469,
            47.300433,
            584.0
          ],
          [
            8.682549,
            47.300573,
            583.0
          ],
          [
            8.682675,
            47.300628,
            582.0
          ],
          [
            8.682738,
            47.30064,
            582.0
          ],
          [
            8.682954,
            47.30064,
            580.0
          ],
          [
            8.683349,
            47.300519,
            577.0
          ],
          [
            8.683349,
            47.300519,
            577.0
          ],
          [
            8.683358,
            47.300512,
            577.0
          ],
          [
            8.683691,
            47.300336,
            576.0
          ],
          [
            8.68378,
            47.30036,
            575.0
          ],
          [
            8.683861,
            47.300445,
            575.0
          ],
          [
            8.68396,
            47.300403,
            574.0
          ],
          [
            8.684023,
            47.300458,
            574.0
          ],
          [
            8.684257,
            47.300628,
            571.0
          ],
          [
            8.684346,
            47.300671,
            570.0
          ],
          [
            8.684562,
            47.300695,
            568.0
          ],
          [
            8.684912,
            47.300652,
            565.0
          ],
          [
            8.685172,
            47.300561,
            563.0
          ],
          [
            8.685299,
            47.3005,
            563.0
          ],
          [
            8.685595,
            47.30033,
            562.0
          ],
          [
            8.686008,
            47.300311,
            560.0
          ],
          [
            8.686421,
            47.30036,
            558.0
          ],
          [
            8.68696,
            47.300488,
            555.0
          ],
          [
            8.68714,
            47.30047,
            554.0
          ],
          [
            8.687544,
            47.300232,
            553.0
          ],
          [
            8.687589,
            47.300152,
            553.0
          ],
          [
            8.687958,
            47.300232,
            552.0
          ],
          [
            8.688029,
            47.300262,
            551.0
          ],
          [
            8.688065,
            47.300293,
            552.0
          ],
          [
            8.688165,
            47.300299,
            551.0
          ],
          [
            8.688371,
            47.300366,
            550.0
          ],
          [
            8.688721,
            47.300494,
            549.0
          ],
          [
            8.689161,
            47.300665,
            548.0
          ],
          [
            8.689323,
            47.300725,
            547.0
          ],
          [
            8.689826,
            47.300914,
            546.0
          ],
          [
            8.68988,
            47.300932,
            546.0
          ],
          [
            8.689718,
            47.30117,
            545.0
          ],
          [
            8.689629,
            47.301268,
            545.0
          ],
          [
            8.689566,
            47.301353,
            545.0
          ],
          [
            8.689637,
            47.301377,
            545.0
          ],
          [
            8.689656,
            47.301347,
            545.0
          ],
          [
            8.689664,
            47.301347,
            545.0
          ],
          [
            8.689691,
            47.301359,
            545.0
          ],
          [
            8.689727,
            47.301371,
            545.0
          ],
          [
            8.689754,
            47.301377,
            545.0
          ],
          [
            8.689772,
            47.301384,
            545.0
          ],
          [
            8.689736,
            47.301451,
            545.0
          ],
          [
            8.689629,
            47.301603,
            545.0
          ],
          [
            8.689224,
            47.30217,
            545.0
          ],
          [
            8.689296,
            47.302127,
            545.0
          ],
          [
            8.689421,
            47.301956,
            545.0
          ],
          [
            8.689656,
            47.302023,
            545.0
          ],
          [
            8.689718,
            47.302047,
            545.0
          ],
          [
            8.689763,
            47.302066,
            545.0
          ],
          [
            8.690015,
            47.302145,
            544.0
          ],
          [
            8.690006,
            47.302163,
            545.0
          ],
          [
            8.690086,
            47.302176,
            544.0
          ],
          [
            8.690132,
            47.302182,
            544.0
          ],
          [
            8.690159,
            47.302115,
            543.0
          ],
          [
            8.69023,
            47.302127,
            542.0
          ],
          [
            8.690312,
            47.302151,
            542.0
          ],
          [
            8.690581,
            47.302291,
            542.0
          ],
          [
            8.690635,
            47.302322,
            542.0
          ],
          [
            8.690975,
            47.30251,
            541.0
          ],
          [
            8.690975,
            47.30251,
            541.0
          ],
          [
            8.690635,
            47.302322,
            542.0
          ],
          [
            8.690581,
            47.302291,
            542.0
          ],
          [
            8.690312,
            47.302151,
            542.0
          ],
          [
            8.69023,
            47.302127,
            542.0
          ],
          [
            8.690159,
            47.302115,
            543.0
          ],
          [
            8.690132,
            47.302182,
            544.0
          ],
          [
            8.690086,
            47.302176,
            544.0
          ],
          [
            8.690006,
            47.302163,
            545.0
          ],
          [
            8.690015,
            47.302145,
            544.0
          ],
          [
            8.689763,
            47.302066,
            545.0
          ],
          [
            8.689718,
            47.302047,
            545.0
          ],
          [
            8.689656,
            47.302023,
            545.0
          ],
          [
            8.689421,
            47.301956,
            545.0
          ],
          [
            8.689296,
            47.302127,
            545.0
          ],
          [
            8.689224,
            47.30217,
            545.0
          ],
          [
            8.689629,
            47.301603,
            545.0
          ],
          [
            8.689656,
            47.301566,
            545.0
          ]
        ]
      }
    }
  ]
}