{
  "type": "FeatureCollection",
  "features": [
    {
      "type": "Feature",
      "properties": {},
      "geometry": {
        "type": "LineString",
        "coordinates": [
          [
            7.350689,
            47.361829,
            416.0
          ],
          [
            7.350681,
            47.361829,
            416.0
          ],
          [
            7.350905,
            47.361257,
            418.0
          ],
          [
            7.350932,
            47.361257,
            416.0
          ],
          [
            7.350951,
            47.361257,
            415.0
          ],
          [
            7.350959,
            47.361251,
            414.0
          ],
          [
            7.350977,
            47.361238,
            412.0
          ],
          [
            7.350985,
            47.361226,
            411.0
          ],
          [
            7.350985,
            47.361214,
            410.0
          ],
          [
            7.350977,
            47.361202,
            413.0
          ],
          [
            7.350968,
            47.361189,
            415.0
          ],
          [
            7.350959,
            47.361183,
            415.0
          ],
          [
            7.350941,
            47.361177,
            415.0
          ],
          [
            7.350941,
            47.361165,
            415.0
          ],
          [
            7.350951,
            47.361147,
            415.0
          ],
          [
            7.350951,
            47.361135,
            415.0
          ],
          [
            7.350959,
            47.361129,
            415.0
          ],
          [
            7.350914,
            47.361123,
            416.0
          ],
          [
            7.350977,
            47.360959,
            419.0
          ],
          [
            7.350995,
            47.360898,
            420.0
          ],
          [
            7.350922,
            47.36088,
            420.0
          ],
          [
            7.350941,
            47.360843,
            420.0
          ],
          [
            7.350618,
            47.360782,
            420.0
          ],
          [
            7.350213,
            47.360703,
            420.0
          ],
          [
            7.349064,
            47.360478,
            420.0
          ],
          [
            7.349027,
            47.360465,
            420.0
          ],
          [
            7.349018,
            47.360447,
            420.0
          ],
          [
            7.349027,
            47.360435,
            420.0
          ],
          [
            7.348983,
            47.360417,
            420.0
          ],
          [
            7.348947,
            47.360399,
            420.0
          ],
          [
            7.348928,
            47.360423,
            420.0
          ],
          [
            7.348884,
            47.360435,
            420.0
          ],
          [
            7.348848,
            47.360435,
            420.0
          ],
          [
            7.348121,
            47.360301,
            420.0
          ],
          [
            7.347195,
            47.360125,
            420.0
          ],
          [
            7.346575,
            47.360021,
            420.0
          ],
          [
            7.346144,
            47.359948,
            420.0
          ],
          [
            7.346027,
            47.35993,
            420.0
          ],
          [
            7.345848,
            47.359887,
            420.0
          ],
          [
            7.345767,
            47.359863,
            420.0
          ],
          [
            7.345578,
            47.359827,
            420.0
          ],
          [
            7.345569,
            47.359802,
            420.0
          ],
          [
            7.345569,
            47.35951,
            420.0
          ],
          [
            7.345532,
            47.359048,
            420.0
          ],
          [
            7.345506,
            47.358932,
            420.0
          ],
          [
            7.345452,
            47.358749,
            420.0
          ],
          [
            7.345326,
            47.358543,
            420.0
          ],
          [
            7.345209,
            47.358379,
            420.0
          ],
          [
            7.345119,
            47.358263,
            420.0
          ],
          [
            7.345056,
            47.358177,
            420.0
          ],
          [
            7.34503,
            47.358147,
            420.0
          ],
          [
            7.344985,
            47.35808,
            420.0
          ],
          [
            7.344886,
            47.357965,
            420.0
          ],
          [
            7.344823,
            47.357861,
            420.0
          ],
          [
            7.344787,
            47.357758,
            420.0
          ],
          [
            7.344787,
            47.357642,
            420.0
          ],
          [
            7.344815,
            47.357538,
            420.0
          ],
          [
            7.344949,
            47.357295,
            420.0
          ],
          [
            7.345003,
            47.357277,
            420.0
          ],
          [
            7.345066,
            47.357161,
            420.0
          ],
          [
            7.345085,
            47.357082,
            420.0
          ],
          [
            7.345146,
            47.356972,
            420.0
          ],
          [
            7.345093,
            47.35696,
            420.0
          ],
          [
            7.345022,
            47.356942,
            420.0
          ],
          [
            7.345219,
            47.356608,
            420.0
          ],
          [
            7.345335,
            47.356419,
            420.0
          ],
          [
            7.345506,
            47.356127,
            420.0
          ],
          [
            7.345596,
            47.355975,
            420.0
          ],
          [
            7.345659,
            47.355847,
            420.0
          ],
          [
            7.345677,
            47.355822,
            420.0
          ],
          [
            7.345695,
            47.355768,
            420.0
          ],
          [
            7.345775,
            47.355573,
            420.0
          ],
          [
            7.345838,
            47.355409,
            420.0
          ],
          [
            7.346001,
            47.354898,
            420.0
          ],
          [
            7.346064,
            47.354721,
            420.0
          ],
          [
            7.346198,
            47.354301,
            422.0
          ],
          [
            7.346234,
            47.354186,
            423.0
          ],
          [
            7.346494,
            47.35337,
            426.0
          ],
          [
            7.346494,
            47.353321,
            426.0
          ],
          [
            7.346485,
            47.353272,
            427.0
          ],
          [
            7.346467,
            47.35323,
            427.0
          ],
          [
            7.346423,
            47.353181,
            427.0
          ],
          [
            7.34636,
            47.353151,
            427.0
          ],
          [
            7.346314,
            47.353133,
            428.0
          ],
          [
            7.346341,
            47.353102,
            427.0
          ],
          [
            7.34636,
            47.353066,
            429.0
          ],
          [
            7.346395,
            47.353066,
            429.0
          ],
          [
            7.34645,
            47.35306,
            429.0
          ],
          [
            7.346503,
            47.353042,
            429.0
          ],
          [
            7.346557,
            47.352999,
            429.0
          ],
          [
            7.346593,
            47.35295,
            429.0
          ],
          [
            7.346593,
            47.352932,
            429.0
          ],
          [
            7.346593,
            47.352853,
            429.0
          ],
          [
            7.346575,
            47.352761,
            429.0
          ],
          [
            7.34654,
            47.35267,
            429.0
          ],
          [
            7.346485,
            47.352579,
            430.0
          ],
          [
            7.346414,
            47.352494,
            430.0
          ],
          [
            7.346341,
            47.352421,
            430.0
          ],
          [
            7.345811,
            47.351964,
            432.0
          ],
          [
            7.345722,
            47.351891,
            432.0
          ],
          [
            7.345659,
            47.351824,
            433.0
          ],
          [
            7.345605,
            47.351745,
            433.0
          ],
          [
            7.345578,
            47.351672,
            433.0
          ],
          [
            7.345561,
            47.351593,
            433.0
          ],
          [
            7.345641,
            47.351593,
            434.0
          ],
          [
            7.345704,
            47.351593,
            433.0
          ],
          [
            7.345704,
            47.35155,
            433.0
          ],
          [
            7.345685,
            47.351489,
            433.0
          ],
          [
            7.34565,
            47.351428,
            434.0
          ],
          [
            7.345587,
            47.351337,
            434.0
          ],
          [
            7.345524,
            47.35124,
            435.0
          ],
          [
            7.345452,
            47.351118,
            435.0
          ],
          [
            7.345398,
            47.351009,
            436.0
          ],
          [
            7.345219,
            47.350583,
            438.0
          ],
          [
            7.345146,
            47.350443,
            438.0
          ],
          [
            7.345138,
            47.350406,
            439.0
          ],
          [
            7.345146,
            47.350357,
            439.0
          ],
          [
            7.345192,
            47.350296,
            439.0
          ],
          [
            7.345165,
            47.350272,
            439.0
          ],
          [
            7.345146,
            47.35029,
            439.0
          ],
          [
            7.345129,
            47.350308,
            439.0
          ],
          [
            7.345075,
            47.350345,
            439.0
          ],
          [
            7.345039,
            47.350369,
            439.0
          ],
          [
            7.344976,
            47.35029,
            439.0
          ],
          [
            7.344787,
            47.350132,
            440.0
          ],
          [
            7.344114,
            47.3497,
            442.0
          ],
          [
            7.344024,
            47.349627,
            443.0
          ],
          [
            7.343953,
            47.349505,
            443.0
          ],
          [
            7.343907,
            47.349359,
            444.0
          ],
          [
            7.343871,
            47.349042,
            445.0
          ],
          [
            7.343844,
            47.348793,
            446.0
          ],
          [
            7.34379,
            47.348288,
            448.0
          ],
          [
            7.343764,
            47.347984,
            449.0
          ],
          [
            7.343664,
            47.347089,
            451.0
          ],
          [
            7.343637,
            47.346967,
            452.0
          ],
          [
            7.343601,
            47.346846,
            452.0
          ],
          [
            7.343511,
            47.346755,
            452.0
          ],
          [
            7.343387,
            47.346681,
            453.0
          ],
          [
            7.343161,
            47.346571,
            453.0
          ],
          [
            7.343135,
            47.346559,
            453.0
          ],
          [
            7.343081,
            47.346504,
            453.0
          ],
          [
            7.342937,
            47.346395,
            454.0
          ],
          [
            7.342712,
            47.346286,
            454.0
          ],
          [
            7.342551,
            47.346194,
            454.0
          ],
          [
            7.342435,
            47.346085,
            455.0
          ],
          [
            7.342371,
            47.345969,
            455.0
          ],
          [
            7.342371,
            47.345853,
            455.0
          ],
          [
            7.342443,
            47.345738,
            455.0
          ],
          [
            7.342532,
            47.345677,
            456.0
          ],
          [
            7.342722,
            47.345531,
            456.0
          ],
          [
            7.342937,
            47.345311,
            457.0
          ],
          [
            7.343135,
            47.345093,
            457.0
          ],
          [
            7.343287,
            47.34491,
            458.0
          ],
          [
            7.343368,
            47.344764,
            458.0
          ],
          [
            7.343574,
            47.344387,
            459.0
          ],
          [
            7.343727,
            47.344088,
            460.0
          ],
          [
            7.3438,
            47.343954,
            460.0
          ],
          [
            7.344033,
            47.343535,
            463.0
          ],
          [
            7.344123,
            47.343339,
            464.0
          ],
          [
            7.344167,
            47.343218,
            464.0
          ],
          [
            7.344347,
            47.342572,
            467.0
          ],
          [
            7.344393,
            47.342475,
            468.0
          ],
          [
            7.344429,
            47.342408,
            468.0
          ],
          [
            7.344553,
            47.342262,
            469.0
          ],
          [
            7.34468,
            47.342128,
            470.0
          ],
          [
            7.344806,
            47.341976,
            471.0
          ],
          [
            7.344886,
            47.341866,
            473.0
          ],
          [
            7.344949,
            47.341757,
            474.0
          ],
          [
            7.344976,
            47.34166,
            475.0
          ],
          [
            7.344985,
            47.341562,
            476.0
          ],
          [
            7.344985,
            47.341446,
            477.0
          ],
          [
            7.344967,
            47.341367,
            478.0
          ],
          [
            7.344932,
            47.341288,
            479.0
          ],
          [
            7.344823,
            47.341112,
            481.0
          ],
          [
            7.344769,
            47.341027,
            482.0
          ],
          [
            7.344725,
            47.340929,
            483.0
          ],
          [
            7.344716,
            47.340868,
            483.0
          ],
          [
            7.344706,
            47.340807,
            484.0
          ],
          [
            7.344725,
            47.340716,
            485.0
          ],
          [
            7.344779,
            47.340631,
            486.0
          ],
          [
            7.344823,
            47.340564,
            486.0
          ],
          [
            7.34494,
            47.340436,
            488.0
          ],
          [
            7.345056,
            47.340266,
            490.0
          ],
          [
            7.345146,
            47.340089,
            491.0
          ],
          [
            7.345156,
            47.340016,
            492.0
          ],
          [
            7.345165,
            47.339949,
            492.0
          ],
          [
            7.345165,
            47.339742,
            494.0
          ],
          [
            7.345156,
            47.339596,
            495.0
          ],
          [
            7.345119,
            47.339401,
            497.0
          ],
          [
            7.345085,
            47.339285,
            497.0
          ],
          [
            7.345039,
            47.339152,
            498.0
          ],
          [
            7.344985,
            47.339048,
            499.0
          ],
          [
            7.344832,
            47.338829,
            501.0
          ],
          [
            7.344725,
            47.338664,
            503.0
          ],
          [
            7.34467,
            47.338561,
            504.0
          ],
          [
            7.344617,
            47.338409,
            505.0
          ],
          [
            7.344599,
            47.338123,
            508.0
          ],
          [
            7.344617,
            47.337733,
            510.0
          ],
          [
            7.344617,
            47.33724,
            510.0
          ],
          [
            7.344572,
            47.336728,
            510.0
          ],
          [
            7.34459,
            47.336643,
            510.0
          ],
          [
            7.344626,
            47.336552,
            510.0
          ],
          [
            7.344456,
            47.336516,
            510.0
          ],
          [
            7.344374,
            47.336449,
            509.0
          ],
          [
            7.344339,
            47.33637,
            508.0
          ],
          [
            7.34433,
            47.336303,
            507.0
          ],
          [
            7.344374,
            47.33623,
            506.0
          ],
          [
            7.3445,
            47.336138,
            504.0
          ],
          [
            7.344563,
            47.336059,
            503.0
          ],
          [
            7.344599,
            47.335974,
            501.0
          ],
          [
            7.344572,
            47.335876,
            500.0
          ],
          [
            7.3445,
            47.335797,
            499.0
          ],
          [
            7.344374,
            47.335736,
            498.0
          ],
          [
            7.344069,
            47.335694,
            495.0
          ],
          [
            7.343324,
            47.335603,
            490.0
          ],
          [
            7.343054,
            47.33556,
            490.0
          ],
          [
            7.342964,
            47.335536,
            490.0
          ],
          [
            7.342838,
            47.335481,
            490.0
          ],
          [
            7.342766,
            47.335426,
            490.0
          ],
          [
            7.342658,
            47.33531,
            490.0
          ],
          [
            7.342622,
            47.335158,
            490.0
          ],
          [
            7.342641,
            47.334994,
            490.0
          ],
          [
            7.342739,
            47.334787,
            490.0
          ],
          [
            7.342892,
            47.334622,
            490.0
          ],
          [
            7.343054,
            47.334482,
            490.0
          ],
          [
            7.344069,
            47.333721,
            494.0
          ],
          [
            7.345165,
            47.332887,
            497.0
          ],
          [
            7.345309,
            47.332765,
            498.0
          ],
          [
            7.345452,
            47.332576,
            499.0
          ],
          [
            7.345506,
            47.332449,
            499.0
          ],
          [
            7.345551,
            47.33201,
            501.0
          ],
          [
            7.345578,
            47.331438,
            505.0
          ],
          [
            7.345596,
            47.331359,
            506.0
          ],
          [
            7.34565,
            47.331273,
            507.0
          ],
          [
            7.345685,
            47.331243,
            507.0
          ],
          [
            7.345748,
            47.331206,
            507.0
          ],
          [
            7.345731,
            47.331194,
            507.0
          ],
          [
            7.345712,
            47.331188,
            507.0
          ],
          [
            7.345695,
            47.33117,
            507.0
          ],
          [
            7.345695,
            47.331146,
            507.0
          ],
          [
            7.345695,
            47.331127,
            507.0
          ],
          [
            7.345704,
            47.331109,
            507.0
          ],
          [
            7.345722,
            47.331097,
            508.0
          ],
          [
            7.345739,
            47.331085,
            508.0
          ],
          [
            7.345767,
            47.331079,
            508.0
          ],
          [
            7.345695,
            47.330969,
            508.0
          ],
          [
            7.34565,
            47.330909,
            508.0
          ],
          [
            7.345622,
            47.330848,
            508.0
          ],
          [
            7.345614,
            47.330708,
            509.0
          ],
          [
            7.345605,
            47.330585,
            509.0
          ],
          [
            7.345596,
            47.33047,
            509.0
          ],
          [
            7.345659,
            47.33047,
            509.0
          ],
          [
            7.345712,
            47.33047,
            509.0
          ],
          [
            7.345739,
            47.330044,
            510.0
          ],
          [
            7.345739,
            47.33002,
            510.0
          ],
          [
            7.345739,
            47.330007,
            510.0
          ],
          [
            7.345452,
            47.32991,
            511.0
          ],
          [
            7.345389,
            47.329867,
            511.0
          ],
          [
            7.345255,
            47.329794,
            511.0
          ],
          [
            7.345075,
            47.329721,
            512.0
          ],
          [
            7.343431,
            47.329088,
            517.0
          ],
          [
            7.343341,
            47.329045,
            517.0
          ],
          [
            7.343287,
            47.32899,
            518.0
          ],
          [
            7.343198,
            47.328796,
            518.0
          ],
          [
            7.343161,
            47.328686,
            519.0
          ],
          [
            7.343117,
            47.328503,
            520.0
          ],
          [
            7.343098,
            47.3284,
            520.0
          ],
          [
            7.343027,
            47.32826,
            521.0
          ],
          [
            7.342937,
            47.328175,
            521.0
          ],
          [
            7.342829,
            47.32812,
            522.0
          ],
          [
            7.342766,
            47.328065,
            522.0
          ],
          [
            7.342722,
            47.327974,
            523.0
          ],
          [
            7.342695,
            47.327882,
            523.0
          ],
          [
            7.342685,
            47.327815,
            524.0
          ],
          [
            7.342668,
            47.327742,
            524.0
          ],
          [
            7.342649,
            47.327493,
            526.0
          ],
          [
            7.342605,
            47.327493,
            525.0
          ],
          [
            7.342532,
            47.327255,
            527.0
          ],
          [
            7.342506,
            47.327158,
            527.0
          ],
          [
            7.342506,
            47.327085,
            528.0
          ],
          [
            7.342559,
            47.326884,
            529.0
          ],
          [
            7.342569,
            47.326762,
            529.0
          ],
          [
            7.342569,
            47.326622,
            531.0
          ],
          [
            7.342578,
            47.326439,
            533.0
          ],
          [
            7.342622,
            47.326268,
            535.0
          ],
          [
            7.342775,
            47.325958,
            540.0
          ],
          [
            7.342766,
            47.325806,
            540.0
          ],
          [
            7.342739,
            47.325684,
            540.0
          ],
          [
            7.342722,
            47.325623,
            541.0
          ],
          [
            7.342632,
            47.325398,
            544.0
          ],
          [
            7.342613,
            47.325325,
            545.0
          ],
          [
            7.342586,
            47.325203,
            546.0
          ],
          [
            7.342443,
            47.324917,
            547.0
          ],
          [
            7.342371,
            47.324825,
            548.0
          ],
          [
            7.34229,
            47.324746,
            548.0
          ],
          [
            7.342093,
            47.32457,
            549.0
          ],
          [
            7.342003,
            47.324479,
            549.0
          ],
          [
            7.341985,
            47.324412,
            549.0
          ],
          [
            7.341966,
            47.324363,
            549.0
          ],
          [
            7.341966,
            47.324296,
            550.0
          ],
          [
            7.34194,
            47.323937,
            552.0
          ],
          [
            7.34193,
            47.323906,
            552.0
          ],
          [
            7.341903,
            47.323827,
            553.0
          ],
          [
            7.341859,
            47.323736,
            554.0
          ],
          [
            7.341697,
            47.323559,
            556.0
          ],
          [
            7.341544,
            47.323382,
            558.0
          ],
          [
            7.341427,
            47.323285,
            559.0
          ],
          [
            7.341374,
            47.323181,
            561.0
          ],
          [
            7.341616,
            47.323139,
            564.0
          ],
          [
            7.341679,
            47.323078,
            566.0
          ],
          [
            7.341697,
            47.323005,
            567.0
          ],
          [
            7.341787,
            47.322902,
            569.0
          ],
          [
            7.341877,
            47.322829,
            571.0
          ],
          [
            7.342003,
            47.322835,
            572.0
          ],
          [
            7.34211,
            47.322896,
            573.0
          ],
          [
            7.342192,
            47.32295,
            574.0
          ],
          [
            7.342263,
            47.322981,
            575.0
          ],
          [
            7.342389,
            47.323048,
            576.0
          ],
          [
            7.342506,
            47.323102,
            577.0
          ],
          [
            7.342496,
            47.323023,
            579.0
          ],
          [
            7.342443,
            47.322682,
            585.0
          ],
          [
            7.342425,
            47.322554,
            587.0
          ],
          [
            7.342416,
            47.322463,
            588.0
          ],
          [
            7.342425,
            47.32242,
            589.0
          ],
          [
            7.342435,
            47.322384,
            590.0
          ],
          [
            7.342452,
            47.322353,
            590.0
          ],
          [
            7.342488,
            47.322317,
            591.0
          ],
          [
            7.342515,
            47.322293,
            591.0
          ],
          [
            7.342551,
            47.322268,
            592.0
          ],
          [
            7.342605,
            47.322244,
            592.0
          ],
          [
            7.342676,
            47.32222,
            593.0
          ],
          [
            7.342712,
            47.322207,
            593.0
          ],
          [
            7.342766,
            47.322201,
            594.0
          ],
          [
            7.342811,
            47.322201,
            594.0
          ],
          [
            7.342856,
            47.322201,
            594.0
          ],
          [
            7.342892,
            47.322207,
            595.0
          ],
          [
            7.342937,
            47.32222,
            595.0
          ],
          [
            7.342982,
            47.322244,
            596.0
          ],
          [
            7.343027,
            47.322268,
            596.0
          ],
          [
            7.343117,
            47.322323,
            597.0
          ],
          [
            7.343198,
            47.322366,
            598.0
          ],
          [
            7.343261,
            47.322396,
            599.0
          ],
          [
            7.343297,
            47.322414,
            599.0
          ],
          [
            7.343341,
            47.322426,
            599.0
          ],
          [
            7.343395,
            47.322439,
            600.0
          ],
          [
            7.34344,
            47.322439,
            600.0
          ],
          [
            7.343503,
            47.322432,
            601.0
          ],
          [
            7.343584,
            47.32242,
            602.0
          ],
          [
            7.343647,
            47.322396,
            602.0
          ],
          [
            7.343691,
            47.322378,
            603.0
          ],
          [
            7.34379,
            47.322323,
            604.0
          ],
          [
            7.344006,
            47.322207,
            606.0
          ],
          [
            7.344096,
            47.322147,
            607.0
          ],
          [
            7.34414,
            47.32211,
            608.0
          ],
          [
            7.344177,
            47.322086,
            609.0
          ],
          [
            7.344194,
            47.322061,
            609.0
          ],
          [
            7.344213,
            47.322037,
            609.0
          ],
          [
            7.344221,
            47.322025,
            609.0
          ],
          [
            7.344221,
            47.321994,
            610.0
          ],
          [
            7.344213,
            47.321976,
            610.0
          ],
          [
            7.344203,
            47.321951,
            610.0
          ],
          [
            7.344194,
            47.321933,
            611.0
          ],
          [
            7.344177,
            47.321921,
            611.0
          ],
          [
            7.34415,
            47.321903,
            611.0
          ],
          [
            7.344123,
            47.32189,
            611.0
          ],
          [
            7.344077,
            47.321878,
            612.0
          ],
          [
            7.344006,
            47.321872,
            612.0
          ],
          [
            7.343907,
            47.321854,
            613.0
          ],
          [
            7.343477,
            47.321769,
            616.0
          ],
          [
            7.343387,
            47.32175,
            617.0
          ],
          [
            7.343297,
            47.321714,
            618.0
          ],
          [
            7.343224,
            47.321677,
            619.0
          ],
          [
            7.343179,
            47.321647,
            619.0
          ],
          [
            7.343144,
            47.321604,
            620.0
          ],
          [
            7.343081,
            47.321507,
            621.0
          ],
          [
            7.343035,
            47.321471,
            622.0
          ],
          [
            7.342991,
            47.321434,
            622.0
          ],
          [
            7.342911,
            47.321398,
            623.0
          ],
          [
            7.342785,
            47.321361,
            624.0
          ],
          [
            7.341985,
            47.321184,
            632.0
          ],
          [
            7.34167,
            47.321105,
            636.0
          ],
          [
            7.341517,
            47.321056,
            638.0
          ],
          [
            7.341338,
            47.320983,
            640.0
          ],
          [
            7.341005,
            47.320837,
            644.0
          ],
          [
            7.340907,
            47.320776,
            645.0
          ],
          [
            7.340835,
            47.320734,
            646.0
          ],
          [
            7.340798,
            47.320697,
            647.0
          ],
          [
            7.340764,
            47.320655,
            647.0
          ],
          [
            7.340754,
            47.320618,
            648.0
          ],
          [
            7.340745,
            47.320582,
            649.0
          ],
          [
            7.340737,
            47.320295,
            653.0
          ],
          [
            7.340745,
            47.320234,
            654.0
          ],
          [
            7.340772,
            47.320185,
            654.0
          ],
          [
            7.34088,
            47.320027,
            657.0
          ],
          [
            7.340915,
            47.319918,
            659.0
          ],
          [
            7.340915,
            47.319869,
            659.0
          ],
          [
            7.340915,
            47.319802,
            660.0
          ],
          [
            7.340888,
            47.319698,
            662.0
          ],
          [
            7.340844,
            47.319588,
            664.0
          ],
          [
            7.340709,
            47.319376,
            667.0
          ],
          [
            7.340664,
            47.319303,
            668.0
          ],
          [
            7.340655,
            47.319266,
            669.0
          ],
          [
            7.340664,
            47.319236,
            669.0
          ],
          [
            7.340674,
            47.319211,
            669.0
          ],
          [
            7.3407,
            47.319187,
            670.0
          ],
          [
            7.340737,
            47.319175,
            670.0
          ],
          [
            7.340781,
            47.319169,
            670.0
          ],
          [
            7.340835,
            47.319163,
            671.0
          ],
          [
            7.340915,
            47.319163,
            671.0
          ],
          [
            7.341041,
            47.319169,
            672.0
          ],
          [
            7.341599,
            47.319181,
            675.0
          ],
          [
            7.341689,
            47.319175,
            675.0
          ],
          [
            7.341733,
            47.319157,
            676.0
          ],
          [
            7.341806,
            47.319126,
            676.0
          ],
          [
            7.341869,
            47.319077,
            677.0
          ],
          [
            7.342156,
            47.318839,
            679.0
          ],
          [
            7.342272,
            47.31873,
            680.0
          ],
          [
            7.342622,
            47.318341,
            685.0
          ],
          [
            7.342919,
            47.318011,
            689.0
          ],
          [
            7.342982,
            47.317932,
            690.0
          ],
          [
            7.343027,
            47.317865,
            690.0
          ],
          [
            7.343072,
            47.317798,
            691.0
          ],
          [
            7.343117,
            47.317701,
            691.0
          ],
          [
            7.343152,
            47.317604,
            692.0
          ],
          [
            7.343179,
            47.317482,
            693.0
          ],
          [
            7.343198,
            47.317396,
            694.0
          ],
          [
            7.343207,
            47.317317,
            694.0
          ],
          [
            7.343198,
            47.317274,
            695.0
          ],
          [
            7.343161,
            47.317201,
            695.0
          ],
          [
            7.343144,
            47.317171,
            696.0
          ],
          [
            7.343117,
            47.317153,
            696.0
          ],
          [
            7.343098,
            47.317134,
            696.0
          ],
          [
            7.342865,
            47.316995,
            697.0
          ],
          [
            7.342758,
            47.316922,
            698.0
          ],
          [
            7.342605,
            47.316788,
            699.0
          ],
          [
            7.342532,
            47.316733,
            700.0
          ],
          [
            7.342479,
            47.316672,
            701.0
          ],
          [
            7.342416,
            47.316617,
            702.0
          ],
          [
            7.342362,
            47.316556,
            703.0
          ],
          [
            7.342326,
            47.316507,
            704.0
          ],
          [
            7.342299,
            47.31647,
            705.0
          ],
          [
            7.342282,
            47.316434,
            705.0
          ],
          [
            7.342263,
            47.316385,
            706.0
          ],
          [
            7.342255,
            47.316318,
            707.0
          ],
          [
            7.342255,
            47.316245,
            708.0
          ],
          [
            7.342255,
            47.316185,
            709.0
          ],
          [
            7.342255,
            47.316069,
            711.0
          ],
          [
            7.342263,
            47.316008,
            712.0
          ],
          [
            7.342282,
            47.315953,
            713.0
          ],
          [
            7.342308,
            47.315892,
            714.0
          ],
          [
            7.342345,
            47.315837,
            715.0
          ],
          [
            7.34238,
            47.315782,
            715.0
          ],
          [
            7.342425,
            47.31574,
            716.0
          ],
          [
            7.342469,
            47.315691,
            717.0
          ],
          [
            7.342703,
            47.315496,
            721.0
          ],
          [
            7.342785,
            47.315435,
            722.0
          ],
          [
            7.342892,
            47.315356,
            723.0
          ],
          [
            7.342955,
            47.315308,
            724.0
          ],
          [
            7.342991,
            47.315277,
            724.0
          ],
          [
            7.343009,
            47.315241,
            725.0
          ],
          [
            7.343035,
            47.315204,
            725.0
          ],
          [
            7.343045,
            47.315174,
            726.0
          ],
          [
            7.343045,
            47.315137,
            726.0
          ],
          [
            7.343045,
            47.315082,
            727.0
          ],
          [
            7.343035,
            47.314857,
            730.0
          ],
          [
            7.343018,
            47.314638,
            733.0
          ],
          [
            7.343027,
            47.314589,
            734.0
          ],
          [
            7.343027,
            47.314546,
            734.0
          ],
          [
            7.343035,
            47.314492,
            735.0
          ],
          [
            7.343072,
            47.314406,
            736.0
          ],
          [
            7.343072,
            47.314406,
            736.0
          ],
          [
            7.343072,
            47.314406,
            736.0
          ],
          [
            7.343098,
            47.314333,
            737.0
          ],
          [
            7.343179,
            47.31418,
            740.0
          ],
          [
            7.343207,
            47.314132,
            740.0
          ],
          [
            7.343234,
            47.314089,
            741.0
          ],
          [
            7.343278,
            47.314035,
            742.0
          ],
          [
            7.343332,
            47.313986,
            743.0
          ],
          [
            7.343404,
            47.313931,
            744.0
          ],
          [
            7.343503,
            47.31387,
            745.0
          ],
          [
            7.343701,
            47.313761,
            748.0
          ],
          [
            7.343961,
            47.313633,
            751.0
          ],
          [
            7.344051,
            47.313578,
            752.0
          ],
          [
            7.344104,
            47.313541,
            752.0
          ],
          [
            7.34414,
            47.313505,
            753.0
          ],
          [
            7.344167,
            47.313468,
            753.0
          ],
          [
            7.344186,
            47.313419,
            754.0
          ],
          [
            7.344186,
            47.313377,
            754.0
          ],
          [
            7.344186,
            47.313328,
            755.0
          ],
          [
            7.344177,
            47.313285,
            755.0
          ],
          [
            7.344159,
            47.313243,
            756.0
          ],
          [
            7.344104,
            47.313152,
            757.0
          ],
          [
            7.343961,
            47.312902,
            760.0
          ],
          [
            7.343934,
            47.312829,
            761.0
          ],
          [
            7.343924,
            47.31278,
            761.0
          ],
          [
            7.343916,
            47.312731,
            761.0
          ],
          [
            7.343924,
            47.312682,
            762.0
          ],
          [
            7.343943,
            47.31264,
            762.0
          ],
          [
            7.34397,
            47.312591,
            763.0
          ],
          [
            7.343997,
            47.312554,
            763.0
          ],
          [
            7.344043,
            47.312506,
            764.0
          ],
          [
            7.344087,
            47.312475,
            764.0
          ],
          [
            7.34415,
            47.312445,
            764.0
          ],
          [
            7.344194,
            47.312427,
            765.0
          ],
          [
            7.344266,
            47.312408,
            765.0
          ],
          [
            7.344339,
            47.312396,
            766.0
          ],
          [
            7.344429,
            47.312396,
            766.0
          ],
          [
            7.344509,
            47.312402,
            767.0
          ],
          [
            7.344815,
            47.312439,
            768.0
          ],
          [
            7.345003,
            47.312475,
            770.0
          ],
          [
            7.345192,
            47.312536,
            771.0
          ],
          [
            7.345479,
            47.312658,
            774.0
          ],
          [
            7.345614,
            47.312688,
            775.0
          ],
          [
            7.345695,
            47.312688,
            776.0
          ],
          [
            7.345821,
            47.312664,
            777.0
          ],
          [
            7.346054,
            47.312633,
            779.0
          ],
          [
            7.346477,
            47.312603,
            783.0
          ],
          [
            7.346656,
            47.312567,
            784.0
          ],
          [
            7.346693,
            47.312506,
            785.0
          ],
          [
            7.346701,
            47.312463,
            785.0
          ],
          [
            7.346693,
            47.312421,
            785.0
          ],
          [
            7.346647,
            47.312372,
            786.0
          ],
          [
            7.34654,
            47.312317,
            786.0
          ],
          [
            7.346351,
            47.312268,
            787.0
          ],
          [
            7.346135,
            47.312208,
            788.0
          ],
          [
            7.345928,
            47.312159,
            789.0
          ],
          [
            7.345085,
            47.311952,
            796.0
          ],
          [
            7.344869,
            47.311915,
            798.0
          ],
          [
            7.34467,
            47.311836,
            799.0
          ],
          [
            7.344284,
            47.311659,
            803.0
          ],
          [
            7.344033,
            47.311574,
            805.0
          ],
          [
            7.343898,
            47.311501,
            806.0
          ],
          [
            7.343773,
            47.311416,
            808.0
          ],
          [
            7.343637,
            47.31127,
            809.0
          ],
          [
            7.343511,
            47.311178,
            811.0
          ],
          [
            7.343261,
            47.311019,
            814.0
          ],
          [
            7.343198,
            47.310977,
            815.0
          ],
          [
            7.343161,
            47.310934,
            816.0
          ],
          [
            7.343144,
            47.310861,
            817.0
          ],
          [
            7.343135,
            47.310545,
            823.0
          ],
          [
            7.343062,
            47.310337,
            828.0
          ],
          [
            7.343035,
            47.310258,
            830.0
          ],
          [
            7.343072,
            47.309711,
            843.0
          ],
          [
            7.343054,
            47.309656,
            845.0
          ],
          [
            7.343,
            47.309601,
            846.0
          ],
          [
            7.342785,
            47.309472,
            851.0
          ],
          [
            7.342649,
            47.309375,
            854.0
          ],
          [
            7.342542,
            47.309259,
            857.0
          ],
          [
            7.342425,
            47.309101,
            861.0
          ],
          [
            7.34229,
            47.308973,
            863.0
          ],
          [
            7.342173,
            47.308888,
            865.0
          ],
          [
            7.342083,
            47.308852,
            867.0
          ],
          [
            7.341913,
            47.308809,
            869.0
          ],
          [
            7.341859,
            47.308766,
            870.0
          ],
          [
            7.341922,
            47.308595,
            875.0
          ],
          [
            7.342083,
            47.308455,
            881.0
          ],
          [
            7.342093,
            47.308382,
            884.0
          ],
          [
            7.342047,
            47.308297,
            887.0
          ],
          [
            7.34202,
            47.308188,
            890.0
          ],
          [
            7.342083,
            47.308133,
            890.0
          ],
          [
            7.342236,
            47.308054,
            890.0
          ],
          [
            7.342586,
            47.308139,
            890.0
          ],
          [
            7.342874,
            47.308255,
            890.0
          ],
          [
            7.343018,
            47.308315,
            890.0
          ],
          [
            7.343144,
            47.30848,
            890.0
          ],
          [
            7.343207,
            47.308541,
            890.0
          ],
          [
            7.343305,
            47.308607,
            890.0
          ],
          [
            7.343448,
            47.308681,
            890.0
          ],
          [
            7.343574,
            47.308736,
            890.0
          ],
          [
            7.343683,
            47.308766,
            890.0
          ],
          [
            7.343835,
            47.308803,
            889.0
          ],
          [
            7.343844,
            47.308723,
            889.0
          ],
          [
            7.34388,
            47.308675,
            889.0
          ],
          [
            7.343924,
            47.308632,
            890.0
          ],
          [
            7.343979,
            47.308601,
            890.0
          ],
          [
            7.34406,
            47.308565,
            891.0
          ],
          [
            7.344626,
            47.308382,
            895.0
          ],
          [
            7.344697,
            47.308346,
            895.0
          ],
          [
            7.344806,
            47.308285,
            896.0
          ],
          [
            7.344922,
            47.308236,
            897.0
          ],
          [
            7.345039,
            47.308206,
            898.0
          ],
          [
            7.345146,
            47.3082,
            898.0
          ],
          [
            7.345219,
            47.3082,
            899.0
          ],
          [
            7.345263,
            47.308218,
            899.0
          ],
          [
            7.345309,
            47.308236,
            899.0
          ],
          [
            7.345362,
            47.308285,
            900.0
          ],
          [
            7.345435,
            47.308346,
            901.0
          ],
          [
            7.345587,
            47.30851,
            903.0
          ],
          [
            7.345677,
            47.308589,
            905.0
          ],
          [
            7.345794,
            47.308662,
            906.0
          ],
          [
            7.346288,
            47.308925,
            912.0
          ],
          [
            7.346817,
            47.30932,
            918.0
          ],
          [
            7.347043,
            47.309564,
            922.0
          ],
          [
            7.347312,
            47.310094,
            929.0
          ],
          [
            7.347419,
            47.310252,
            931.0
          ],
          [
            7.3475,
            47.310325,
            933.0
          ],
          [
            7.347609,
            47.310362,
            934.0
          ],
          [
            7.347941,
            47.310386,
            936.0
          ],
          [
            7.348542,
            47.310527,
            942.0
          ],
          [
            7.34883,
            47.310636,
            944.0
          ],
          [
            7.349027,
            47.310703,
            946.0
          ],
          [
            7.349404,
            47.310715,
            949.0
          ],
          [
            7.350312,
            47.310825,
            957.0
          ],
          [
            7.350645,
            47.310904,
            959.0
          ],
          [
            7.351067,
            47.310965,
            961.0
          ],
          [
            7.351777,
            47.311129,
            962.0
          ],
          [
            7.352576,
            47.311276,
            963.0
          ],
          [
            7.353303,
            47.311385,
            964.0
          ],
          [
            7.353402,
            47.311404,
            964.0
          ],
          [
            7.353474,
            47.311428,
            964.0
          ],
          [
            7.353591,
            47.311477,
            964.0
          ],
          [
            7.35369,
            47.311513,
            965.0
          ],
          [
            7.353807,
            47.311538,
            965.0
          ],
          [
            7.354228,
            47.311617,
            965.0
          ],
          [
            7.354525,
            47.311665,
            966.0
          ],
          [
            7.354732,
            47.31169,
            966.0
          ],
          [
            7.35493,
            47.311696,
            966.0
          ],
          [
            7.355199,
            47.311702,
            967.0
          ],
          [
            7.355505,
            47.31169,
            967.0
          ],
          [
            7.356043,
            47.311635,
            968.0
          ],
          [
            7.356843,
            47.311568,
            969.0
          ],
          [
            7.356941,
            47.31155,
            969.0
          ],
          [
            7.357247,
            47.311465,
            970.0
          ],
          [
            7.357427,
            47.311398,
            970.0
          ],
          [
            7.357526,
            47.311349,
            970.0
          ],
          [
            7.357606,
            47.3113,
            970.0
          ],
          [
            7.35766,
            47.311239,
            971.0
          ],
          [
            7.357696,
            47.311184,
            971.0
          ],
          [
            7.357714,
            47.311135,
            971.0
          ],
          [
            7.357589,
            47.311087,
            975.0
          ],
          [
            7.357517,
            47.311068,
            977.0
          ],
          [
            7.357463,
            47.311026,
            979.0
          ],
          [
            7.357427,
            47.310959,
            981.0
          ],
          [
            7.3574,
            47.310867,
            982.0
          ],
          [
            7.357346,
            47.310697,
            983.0
          ],
          [
            7.357274,
            47.310569,
            985.0
          ],
          [
            7.357058,
            47.310435,
            987.0
          ],
          [
            7.356807,
            47.310264,
            990.0
          ],
          [
            7.35669,
            47.310167,
            991.0
          ],
          [
            7.356609,
            47.310106,
            992.0
          ],
          [
            7.356511,
            47.309936,
            994.0
          ],
          [
            7.356492,
            47.309869,
            995.0
          ],
          [
            7.35643,
            47.30979,
            996.0
          ],
          [
            7.356331,
            47.309753,
            997.0
          ],
          [
            7.356268,
            47.309753,
            998.0
          ],
          [
            7.356205,
            47.309784,
            998.0
          ],
          [
            7.356142,
            47.30985,
            999.0
          ],
          [
            7.356125,
            47.310027,
            1001.0
          ],
          [
            7.356151,
            47.310136,
            1002.0
          ],
          [
            7.356205,
            47.310301,
            1004.0
          ],
          [
            7.356214,
            47.310423,
            1006.0
          ],
          [
            7.356214,
            47.310466,
            1006.0
          ],
          [
            7.356178,
            47.310569,
            1007.0
          ],
          [
            7.356161,
            47.310594,
            1007.0
          ],
          [
            7.356133,
            47.31063,
            1008.0
          ],
          [
            7.356098,
            47.310654,
            1008.0
          ],
          [
            7.356035,
            47.310679,
            1009.0
          ],
          [
            7.355972,
            47.310679,
            1009.0
          ],
          [
            7.355899,
            47.310661,
            1010.0
          ],
          [
            7.355836,
            47.310612,
            1011.0
          ],
          [
            7.355756,
            47.310435,
            1013.0
          ],
          [
            7.355675,
            47.310283,
            1014.0
          ],
          [
            7.355459,
            47.310106,
            1017.0
          ],
          [
            7.355369,
            47.310021,
            1018.0
          ],
          [
            7.355217,
            47.309875,
            1020.0
          ],
          [
            7.354813,
            47.309607,
            1025.0
          ],
          [
            7.354561,
            47.309442,
            1028.0
          ],
          [
            7.354301,
            47.309296,
            1031.0
          ],
          [
            7.354175,
            47.309199,
            1033.0
          ],
          [
            7.354077,
            47.309016,
            1035.0
          ],
          [
            7.354022,
            47.308943,
            1036.0
          ],
          [
            7.353842,
            47.308858,
            1038.0
          ],
          [
            7.353572,
            47.308833,
            1040.0
          ],
          [
            7.353295,
            47.308839,
            1043.0
          ],
          [
            7.352945,
            47.308907,
            1046.0
          ],
          [
            7.352719,
            47.3089,
            1048.0
          ],
          [
            7.352351,
            47.308815,
            1050.0
          ],
          [
            7.35201,
            47.308705,
            1051.0
          ],
          [
            7.352163,
            47.308614,
            1052.0
          ],
          [
            7.352432,
            47.308443,
            1053.0
          ],
          [
            7.352477,
            47.308413,
            1053.0
          ],
          [
            7.352809,
            47.308218,
            1054.0
          ],
          [
            7.353043,
            47.308084,
            1055.0
          ],
          [
            7.353268,
            47.308011,
            1056.0
          ],
          [
            7.353519,
            47.307981,
            1056.0
          ],
          [
            7.353735,
            47.307999,
            1057.0
          ],
          [
            7.353842,
            47.308042,
            1057.0
          ],
          [
            7.354167,
            47.308011,
            1058.0
          ],
          [
            7.354597,
            47.307981,
            1059.0
          ],
          [
            7.354974,
            47.307913,
            1060.0
          ],
          [
            7.355298,
            47.307944,
            1064.0
          ],
          [
            7.355656,
            47.307919,
            1067.0
          ],
          [
            7.355989,
            47.307919,
            1071.0
          ],
          [
            7.356151,
            47.307901,
            1073.0
          ],
          [
            7.356618,
            47.30784,
            1078.0
          ],
          [
            7.356995,
            47.307797,
            1080.0
          ],
          [
            7.357085,
            47.307797,
            1080.0
          ],
          [
            7.357543,
            47.307889,
            1080.0
          ],
          [
            7.357876,
            47.307999,
            1077.0
          ],
          [
            7.358352,
            47.308115,
            1074.0
          ],
          [
            7.358541,
            47.308133,
            1072.0
          ],
          [
            7.358801,
            47.308242,
            1070.0
          ],
          [
            7.359205,
            47.308291,
            1066.0
          ],
          [
            7.359591,
            47.308461,
            1062.0
          ],
          [
            7.35979,
            47.308474,
            1061.0
          ],
          [
            7.35979,
            47.308474,
            1061.0
          ],
          [
            7.359807,
            47.308474,
            1060.0
          ],
          [
            7.360104,
            47.308565,
            1057.0
          ],
          [
            7.360427,
            47.308626,
            1053.0
          ],
          [
            7.360499,
            47.308589,
            1052.0
          ],
          [
            7.360562,
            47.308437,
            1050.0
          ],
          [
            7.360454,
            47.308145,
            1044.0
          ],
          [
            7.35943,
            47.30739,
            1029.0
          ],
          [
            7.359214,
            47.307268,
            1026.0
          ],
          [
            7.358226,
            47.306543,
            1014.0
          ],
          [
            7.357417,
            47.306031,
            1005.0
          ],
          [
            7.357382,
            47.30597,
            1004.0
          ],
          [
            7.3574,
            47.305934,
            1003.0
          ],
          [
            7.357597,
            47.305897,
            1000.0
          ],
          [
            7.357651,
            47.305879,
            1000.0
          ],
          [
            7.357499,
            47.305678,
            1000.0
          ],
          [
            7.35731,
            47.305477,
            1000.0
          ],
          [
            7.357094,
            47.305312,
            1000.0
          ],
          [
            7.35696,
            47.305245,
            1000.0
          ],
          [
            7.356878,
            47.305178,
            1000.0
          ],
          [
            7.356672,
            47.305014,
            1001.0
          ],
          [
            7.356574,
            47.304923,
            1001.0
          ],
          [
            7.356438,
            47.304795,
            1001.0
          ],
          [
            7.356222,
            47.304533,
            1001.0
          ],
          [
            7.356071,
            47.304368,
            1001.0
          ],
          [
            7.355981,
            47.304277,
            1001.0
          ],
          [
            7.355882,
            47.304198,
            1001.0
          ],
          [
            7.355774,
            47.304125,
            1002.0
          ],
          [
            7.355648,
            47.304064,
            1002.0
          ],
          [
            7.355513,
            47.303997,
            1002.0
          ],
          [
            7.355253,
            47.303881,
            1002.0
          ],
          [
            7.355217,
            47.303863,
            1002.0
          ],
          [
            7.355199,
            47.303839,
            1002.0
          ],
          [
            7.355199,
            47.303808,
            1002.0
          ],
          [
            7.355199,
            47.303784,
            1002.0
          ],
          [
            7.355217,
            47.303747,
            1002.0
          ],
          [
            7.355253,
            47.303704,
            1002.0
          ],
          [
            7.355298,
            47.303661,
            1002.0
          ],
          [
            7.355423,
            47.303588,
            1002.0
          ],
          [
            7.355585,
            47.303552,
            1002.0
          ],
          [
            7.355765,
            47.303546,
            1002.0
          ],
          [
            7.355935,
            47.30354,
            1001.0
          ],
          [
            7.356098,
            47.303521,
            1001.0
          ],
          [
            7.356241,
            47.303485,
            1001.0
          ],
          [
            7.356331,
            47.303448,
            1001.0
          ],
          [
            7.356394,
            47.303394,
            1001.0
          ],
          [
            7.356421,
            47.303351,
            1001.0
          ],
          [
            7.35643,
            47.303302,
            1000.0
          ],
          [
            7.356412,
            47.303241,
            1000.0
          ],
          [
            7.356375,
            47.303187,
            1000.0
          ],
          [
            7.356268,
            47.303071,
            1000.0
          ],
          [
            7.355972,
            47.302821,
            996.0
          ],
          [
            7.355622,
            47.302486,
            991.0
          ],
          [
            7.355559,
            47.302486,
            992.0
          ],
          [
            7.355406,
            47.302431,
            994.0
          ],
          [
            7.35449,
            47.302108,
            1005.0
          ],
          [
            7.354228,
            47.30198,
            1009.0
          ],
          [
            7.354022,
            47.301834,
            1012.0
          ],
          [
            7.353807,
            47.301633,
            1016.0
          ],
          [
            7.353708,
            47.30153,
            1018.0
          ],
          [
            7.353618,
            47.301426,
            1020.0
          ],
          [
            7.353555,
            47.301304,
            1020.0
          ],
          [
            7.353438,
            47.300957,
            1022.0
          ],
          [
            7.353402,
            47.300719,
            1023.0
          ],
          [
            7.353385,
            47.300525,
            1024.0
          ],
          [
            7.353358,
            47.300427,
            1025.0
          ],
          [
            7.353331,
            47.300372,
            1025.0
          ],
          [
            7.353276,
            47.30033,
            1025.0
          ],
          [
            7.353186,
            47.300293,
            1025.0
          ],
          [
            7.352827,
            47.300159,
            1027.0
          ],
          [
            7.352612,
            47.30011,
            1027.0
          ],
          [
            7.352522,
            47.300079,
            1028.0
          ],
          [
            7.352441,
            47.300049,
            1028.0
          ],
          [
            7.352217,
            47.299891,
            1029.0
          ],
          [
            7.352144,
            47.299836,
            1029.0
          ],
          [
            7.3521,
            47.299775,
            1030.0
          ],
          [
            7.35183,
            47.299202,
            1034.0
          ],
          [
            7.351695,
            47.298971,
            1035.0
          ],
          [
            7.35148,
            47.298667,
            1038.0
          ],
          [
            7.351327,
            47.298465,
            1039.0
          ],
          [
            7.350798,
            47.298319,
            1043.0
          ],
          [
            7.350429,
            47.298154,
            1046.0
          ],
          [
            7.350339,
            47.29813,
            1047.0
          ],
          [
            7.349872,
            47.298075,
            1051.0
          ],
          [
            7.349782,
            47.298051,
            1051.0
          ],
          [
            7.349135,
            47.297759,
            1059.0
          ],
          [
            7.348991,
            47.297649,
            1061.0
          ],
          [
            7.348947,
            47.297631,
            1061.0
          ],
          [
            7.348884,
            47.297618,
            1061.0
          ],
          [
            7.348777,
            47.297612,
            1062.0
          ],
          [
            7.348578,
            47.297576,
            1063.0
          ],
          [
            7.348408,
            47.297484,
            1065.0
          ],
          [
            7.348211,
            47.297314,
            1067.0
          ],
          [
            7.348093,
            47.297204,
            1068.0
          ],
          [
            7.348039,
            47.297174,
            1068.0
          ],
          [
            7.347446,
            47.297131,
            1073.0
          ],
          [
            7.347366,
            47.297113,
            1074.0
          ],
          [
            7.347303,
            47.297082,
            1074.0
          ],
          [
            7.34723,
            47.297009,
            1076.0
          ],
          [
            7.347132,
            47.296851,
            1078.0
          ],
          [
            7.34706,
            47.296766,
            1079.0
          ],
          [
            7.346943,
            47.296674,
            1081.0
          ],
          [
            7.346351,
            47.296205,
            1090.0
          ],
          [
            7.345964,
            47.295974,
            1093.0
          ],
          [
            7.345532,
            47.295888,
            1095.0
          ],
          [
            7.345201,
            47.295791,
            1097.0
          ],
          [
            7.344725,
            47.295413,
            1100.0
          ],
          [
            7.344643,
            47.295316,
            1100.0
          ],
          [
            7.344572,
            47.295255,
            1100.0
          ],
          [
            7.344293,
            47.29517,
            1100.0
          ],
          [
            7.343477,
            47.294962,
            1100.0
          ],
          [
            7.343054,
            47.294566,
            1100.0
          ],
          [
            7.343009,
            47.294463,
            1100.0
          ],
          [
            7.343,
            47.294383,
            1100.0
          ],
          [
            7.343072,
            47.294256,
            1100.0
          ],
          [
            7.343287,
            47.294018,
            1100.0
          ],
          [
            7.344553,
            47.292762,
            1100.0
          ],
          [
            7.344689,
            47.292483,
            1100.0
          ],
          [
            7.34476,
            47.292117,
            1100.0
          ],
          [
            7.344743,
            47.291989,
            1100.0
          ],
          [
            7.344796,
            47.291806,
            1100.0
          ],
          [
            7.344832,
            47.291581,
            1093.0
          ],
          [
            7.345022,
            47.291538,
            1089.0
          ],
          [
            7.344905,
            47.291441,
            1084.0
          ],
          [
            7.344806,
            47.291203,
            1075.0
          ],
          [
            7.344752,
            47.290971,
            1066.0
          ],
          [
            7.344743,
            47.290831,
            1061.0
          ],
          [
            7.34468,
            47.290697,
            1056.0
          ],
          [
            7.34459,
            47.2906,
            1052.0
          ],
          [
            7.344249,
            47.290289,
            1041.0
          ],
          [
            7.343934,
            47.290021,
            1031.0
          ],
          [
            7.343827,
            47.289881,
            1026.0
          ],
          [
            7.343773,
            47.289528,
            1016.0
          ],
          [
            7.343701,
            47.289387,
            1012.0
          ],
          [
            7.343647,
            47.289271,
            1009.0
          ],
          [
            7.34371,
            47.289253,
            1008.0
          ],
          [
            7.343773,
            47.289235,
            1008.0
          ],
          [
            7.343827,
            47.28921,
            1007.0
          ],
          [
            7.343863,
            47.289174,
            1007.0
          ],
          [
            7.343898,
            47.289143,
            1007.0
          ],
          [
            7.343924,
            47.2891,
            1006.0
          ],
          [
            7.343934,
            47.289058,
            1006.0
          ],
          [
            7.343953,
            47.288991,
            1005.0
          ],
          [
            7.343997,
            47.288528,
            1000.0
          ],
          [
            7.343997,
            47.288431,
            999.0
          ],
          [
            7.343997,
            47.28837,
            999.0
          ],
          [
            7.343988,
            47.288315,
            998.0
          ],
          [
            7.343979,
            47.28826,
            998.0
          ],
          [
            7.34397,
            47.288223,
            998.0
          ],
          [
            7.343953,
            47.288174,
            997.0
          ],
          [
            7.343584,
            47.287511,
            992.0
          ],
          [
            7.343377,
            47.287138,
            989.0
          ],
          [
            7.343359,
            47.287065,
            988.0
          ],
          [
            7.34335,
            47.286974,
            987.0
          ],
          [
            7.343359,
            47.286871,
            986.0
          ],
          [
            7.343387,
            47.286724,
            984.0
          ],
          [
            7.343431,
            47.286169,
            978.0
          ],
          [
            7.343448,
            47.286121,
            978.0
          ],
          [
            7.343467,
            47.286078,
            977.0
          ],
          [
            7.34353,
            47.286023,
            977.0
          ],
          [
            7.343458,
            47.285932,
            974.0
          ],
          [
            7.343414,
            47.285841,
            971.0
          ],
          [
            7.343557,
            47.285786,
            969.0
          ],
          [
            7.343718,
            47.285658,
            965.0
          ],
          [
            7.3438,
            47.285591,
            962.0
          ],
          [
            7.343943,
            47.285536,
            960.0
          ],
          [
            7.344033,
            47.285518,
            958.0
          ],
          [
            7.344464,
            47.285494,
            952.0
          ],
          [
            7.344796,
            47.285488,
            947.0
          ],
          [
            7.344869,
            47.285481,
            946.0
          ],
          [
            7.345111,
            47.285384,
            941.0
          ],
          [
            7.345245,
            47.285347,
            939.0
          ],
          [
            7.345722,
            47.285292,
            932.0
          ],
          [
            7.345892,
            47.285298,
            930.0
          ],
          [
            7.346072,
            47.285317,
            927.0
          ],
          [
            7.346341,
            47.285384,
            923.0
          ],
          [
            7.346404,
            47.28542,
            922.0
          ],
          [
            7.346414,
            47.285463,
            921.0
          ],
          [
            7.346404,
            47.285536,
            920.0
          ],
          [
            7.34644,
            47.285597,
            918.0
          ],
          [
            7.346899,
            47.28609,
            902.0
          ],
          [
            7.346926,
            47.286115,
            902.0
          ],
          [
            7.346989,
            47.286121,
            901.0
          ],
          [
            7.347069,
            47.286109,
            899.0
          ],
          [
            7.347169,
            47.286066,
            897.0
          ],
          [
            7.347626,
            47.285859,
            887.0
          ],
          [
            7.348156,
            47.285573,
            875.0
          ],
          [
            7.348425,
            47.285445,
            869.0
          ],
          [
            7.348748,
            47.285323,
            861.0
          ],
          [
            7.349234,
            47.285103,
            849.0
          ],
          [
            7.349377,
            47.28475,
            840.0
          ],
          [
            7.349423,
            47.284689,
            838.0
          ],
          [
            7.349494,
            47.284641,
            836.0
          ],
          [
            7.34962,
            47.28458,
            833.0
          ],
          [
            7.349701,
            47.284543,
            831.0
          ],
          [
            7.349819,
            47.284506,
            828.0
          ],
          [
            7.349926,
            47.284488,
            825.0
          ],
          [
            7.35006,
            47.284482,
            822.0
          ],
          [
            7.350259,
            47.2845,
            817.0
          ],
          [
            7.350429,
            47.2845,
            813.0
          ],
          [
            7.350536,
            47.284506,
            811.0
          ],
          [
            7.350599,
            47.284519,
            810.0
          ],
          [
            7.351085,
            47.284683,
            800.0
          ],
          [
            7.351184,
            47.284707,
            799.0
          ],
          [
            7.351255,
            47.284714,
            798.0
          ],
          [
            7.351364,
            47.284695,
            797.0
          ],
          [
            7.35148,
            47.284683,
            795.0
          ],
          [
            7.351633,
            47.284683,
            793.0
          ],
          [
            7.352217,
            47.284738,
            783.0
          ],
          [
            7.352495,
            47.284756,
            778.0
          ],
          [
            7.352603,
            47.284768,
            776.0
          ],
          [
            7.352746,
            47.284787,
            774.0
          ],
          [
            7.352855,
            47.284787,
            772.0
          ],
          [
            7.352953,
            47.284768,
            770.0
          ],
          [
            7.353006,
            47.284744,
            769.0
          ],
          [
            7.353339,
            47.284567,
            760.0
          ],
          [
            7.353358,
            47.284445,
            756.0
          ],
          [
            7.353385,
            47.284433,
            755.0
          ],
          [
            7.353385,
            47.284433,
            755.0
          ],
          [
            7.353474,
            47.284372,
            752.0
          ],
          [
            7.353672,
            47.284287,
            747.0
          ],
          [
            7.353995,
            47.284171,
            740.0
          ],
          [
            7.354211,
            47.284213,
            736.0
          ],
          [
            7.354327,
            47.284201,
            733.0
          ],
          [
            7.354364,
            47.284055,
            730.0
          ],
          [
            7.354507,
            47.283879,
            727.0
          ],
          [
            7.354794,
            47.283659,
            724.0
          ],
          [
            7.355235,
            47.283391,
            719.0
          ],
          [
            7.355298,
            47.283373,
            718.0
          ],
          [
            7.355387,
            47.283348,
            717.0
          ],
          [
            7.355729,
            47.283171,
            712.0
          ],
          [
            7.355792,
            47.283123,
            710.0
          ],
          [
            7.355828,
            47.283104,
            710.0
          ],
          [
            7.355828,
            47.283104,
            710.0
          ],
          [
            7.355828,
            47.283104,
            710.0
          ],
          [
            7.355872,
            47.283086,
            709.0
          ],
          [
            7.355945,
            47.283074,
            709.0
          ],
          [
            7.356142,
            47.283062,
            707.0
          ],
          [
            7.356196,
            47.28305,
            706.0
          ],
          [
            7.356232,
            47.283031,
            705.0
          ],
          [
            7.356268,
            47.283007,
            705.0
          ],
          [
            7.356358,
            47.282903,
            703.0
          ],
          [
            7.35643,
            47.282843,
            700.0
          ],
          [
            7.356484,
            47.282812,
            699.0
          ],
          [
            7.356555,
            47.282788,
            699.0
          ],
          [
            7.356664,
            47.282757,
            697.0
          ],
          [
            7.357264,
            47.282532,
            681.0
          ],
          [
            7.358119,
            47.282111,
            673.0
          ],
          [
            7.358486,
            47.282135,
            670.0
          ],
          [
            7.35908,
            47.282245,
            665.0
          ],
          [
            7.360589,
            47.282495,
            654.0
          ],
          [
            7.360696,
            47.282508,
            653.0
          ],
          [
            7.360832,
            47.282532,
            652.0
          ],
          [
            7.360832,
            47.282532,
            652.0
          ],
          [
            7.361379,
            47.282642,
            646.0
          ],
          [
            7.361469,
            47.282654,
            644.0
          ],
          [
            7.361585,
            47.282648,
            643.0
          ],
          [
            7.361694,
            47.282636,
            642.0
          ],
          [
            7.361828,
            47.282599,
            640.0
          ],
          [
            7.361937,
            47.282556,
            639.0
          ],
          [
            7.361964,
            47.282544,
            638.0
          ],
          [
            7.362341,
            47.282263,
            631.0
          ],
          [
            7.362475,
            47.282196,
            629.0
          ],
          [
            7.362538,
            47.282166,
            628.0
          ],
          [
            7.362646,
            47.282123,
            626.0
          ],
          [
            7.362853,
            47.282068,
            623.0
          ],
          [
            7.36314,
            47.282014,
            619.0
          ],
          [
            7.363436,
            47.281965,
            616.0
          ],
          [
            7.363885,
            47.281947,
            610.0
          ],
          [
            7.364056,
            47.281934,
            608.0
          ],
          [
            7.364138,
            47.281922,
            607.0
          ],
          [
            7.364209,
            47.281898,
            606.0
          ],
          [
            7.364505,
            47.281758,
            602.0
          ],
          [
            7.364649,
            47.281709,
            600.0
          ],
          [
            7.365484,
            47.281441,
            589.0
          ],
          [
            7.3657,
            47.281356,
            587.0
          ],
          [
            7.3657,
            47.281356,
            587.0
          ],
          [
            7.365826,
            47.281307,
            586.0
          ],
          [
            7.366536,
            47.28102,
            580.0
          ],
          [
            7.366859,
            47.280892,
            577.0
          ],
          [
            7.366994,
            47.28085,
            576.0
          ],
          [
            7.367281,
            47.280789,
            575.0
          ],
          [
            7.36773,
            47.280673,
            571.0
          ],
          [
            7.36808,
            47.280624,
            568.0
          ],
          [
            7.368306,
            47.280612,
            566.0
          ],
          [
            7.368396,
            47.2806,
            564.0
          ],
          [
            7.368476,
            47.280576,
            563.0
          ],
          [
            7.368557,
            47.280545,
            562.0
          ],
          [
            7.369078,
            47.28021,
            554.0
          ],
          [
            7.369176,
            47.28013,
            552.0
          ],
          [
            7.369392,
            47.27999,
            548.0
          ],
          [
            7.369464,
            47.279954,
            547.0
          ],
          [
            7.369545,
            47.279929,
            546.0
          ],
          [
            7.369652,
            47.279923,
            545.0
          ],
          [
            7.369715,
            47.279917,
            544.0
          ],
          [
            7.36977,
            47.279899,
            544.0
          ],
          [
            7.369851,
            47.279838,
            542.0
          ],
          [
            7.369887,
            47.279795,
            542.0
          ],
          [
            7.369922,
            47.279741,
            541.0
          ],
          [
            7.369941,
            47.279698,
            540.0
          ],
          [
            7.369994,
            47.279674,
            540.0
          ],
          [
            7.370057,
            47.279655,
            539.0
          ],
          [
            7.370138,
            47.279613,
            537.0
          ],
          [
            7.370174,
            47.279601,
            537.0
          ],
          [
            7.370201,
            47.279552,
            536.0
          ],
          [
            7.370228,
            47.279546,
            536.0
          ],
          [
            7.3703,
            47.279406,
            536.0
          ],
          [
            7.370317,
            47.279363,
            536.0
          ],
          [
            7.370336,
            47.279333,
            535.0
          ],
          [
            7.37038,
            47.279339,
            535.0
          ],
          [
            7.370417,
            47.279333,
            535.0
          ],
          [
            7.370443,
            47.279308,
            535.0
          ],
          [
            7.370453,
            47.27929,
            535.0
          ],
          [
            7.370543,
            47.278997,
            532.0
          ],
          [
            7.370578,
            47.278845,
            531.0
          ],
          [
            7.370587,
            47.278601,
            530.0
          ],
          [
            7.370578,
            47.2784,
            530.0
          ],
          [
            7.37057,
            47.27837,
            530.0
          ],
          [
            7.37057,
            47.278358,
            530.0
          ],
          [
            7.370551,
            47.278321,
            530.0
          ],
          [
            7.370543,
            47.278303,
            530.0
          ],
          [
            7.370533,
            47.278284,
            530.0
          ],
          [
            7.370533,
            47.278278,
            530.0
          ],
          [
            7.370578,
            47.27826,
            530.0
          ],
          [
            7.370587,
            47.278235,
            530.0
          ],
          [
            7.37083,
            47.278089,
            530.0
          ],
          [
            7.370883,
            47.278077,
            530.0
          ],
          [
            7.370964,
            47.277997,
            538.0
          ],
          [
            7.370991,
            47.277967,
            538.0
          ],
          [
            7.371009,
            47.277942,
            537.0
          ],
          [
            7.371063,
            47.277894,
            537.0
          ],
          [
            7.371199,
            47.277942,
            536.0
          ],
          [
            7.371333,
            47.277942,
            535.0
          ],
          [
            7.371476,
            47.277918,
            535.0
          ],
          [
            7.371486,
            47.27793,
            535.0
          ],
          [
            7.371522,
            47.277967,
            534.0
          ],
          [
            7.37153,
            47.277979,
            534.0
          ],
          [
            7.37153,
            47.277985,
            534.0
          ],
          [
            7.371566,
            47.278016,
            533.0
          ],
          [
            7.371593,
            47.27804,
            532.0
          ],
          [
            7.371773,
            47.277942,
            530.0
          ],
          [
            7.371899,
            47.277882,
            530.0
          ],
          [
            7.372006,
            47.277833,
            530.0
          ],
          [
            7.372132,
            47.277778,
            530.0
          ],
          [
            7.372285,
            47.277699,
            530.0
          ],
          [
            7.372384,
            47.27765,
            530.0
          ],
          [
            7.37251,
            47.277589,
            530.0
          ],
          [
            7.372465,
            47.277559,
            530.0
          ],
          [
            7.372186,
            47.27726,
            530.0
          ],
          [
            7.372123,
            47.277206,
            530.0
          ],
          [
            7.372061,
            47.277102,
            530.0
          ],
          [
            7.371979,
            47.277041,
            530.0
          ],
          [
            7.371881,
            47.277004,
            530.0
          ],
          [
            7.371755,
            47.276974,
            530.0
          ],
          [
            7.371315,
            47.2769,
            530.0
          ],
          [
            7.37083,
            47.276827,
            530.0
          ],
          [
            7.370677,
            47.276778,
            530.0
          ],
          [
            7.370551,
            47.276699,
            530.0
          ],
          [
            7.3703,
            47.276535,
            530.0
          ],
          [
            7.370021,
            47.276383,
            530.0
          ],
          [
            7.369958,
            47.276352,
            530.0
          ],
          [
            7.369742,
            47.276243,
            531.0
          ],
          [
            7.367803,
            47.275182,
            534.0
          ],
          [
            7.367515,
            47.275072,
            534.0
          ],
          [
            7.367128,
            47.274956,
            535.0
          ],
          [
            7.366805,
            47.274901,
            535.0
          ],
          [
            7.366428,
            47.274877,
            536.0
          ],
          [
            7.36588,
            47.274859,
            536.0
          ],
          [
            7.365799,
            47.274853,
            536.0
          ],
          [
            7.365656,
            47.27484,
            536.0
          ],
          [
            7.365493,
            47.274828,
            537.0
          ],
          [
            7.364991,
            47.274785,
            537.0
          ],
          [
            7.364551,
            47.274694,
            538.0
          ],
          [
            7.364291,
            47.274615,
            538.0
          ],
          [
            7.364056,
            47.274548,
            538.0
          ],
          [
            7.363868,
            47.274481,
            539.0
          ],
          [
            7.363841,
            47.274475,
            539.0
          ],
          [
            7.363751,
            47.274444,
            539.0
          ],
          [
            7.363696,
            47.274432,
            539.0
          ],
          [
            7.363715,
            47.274408,
            539.0
          ],
          [
            7.363715,
            47.274377,
            539.0
          ],
          [
            7.363715,
            47.274353,
            539.0
          ],
          [
            7.363696,
            47.274329,
            540.0
          ],
          [
            7.36367,
            47.27431,
            540.0
          ],
          [
            7.363643,
            47.274292,
            540.0
          ],
          [
            7.363598,
            47.274286,
            540.0
          ],
          [
            7.363553,
            47.274286,
            540.0
          ],
          [
            7.363517,
            47.274292,
            540.0
          ],
          [
            7.36349,
            47.274304,
            540.0
          ],
          [
            7.363463,
            47.274323,
            540.0
          ],
          [
            7.363427,
            47.27431,
            540.0
          ],
          [
            7.363392,
            47.274298,
            540.0
          ],
          [
            7.36332,
            47.274268,
            540.0
          ],
          [
            7.36322,
            47.274231,
            540.0
          ],
          [
            7.36313,
            47.274195,
            540.0
          ],
          [
            7.363014,
            47.274158,
            540.0
          ],
          [
            7.362933,
            47.274128,
            540.0
          ],
          [
            7.362601,
            47.274012,
            540.0
          ],
          [
            7.362197,
            47.273865,
            540.0
          ],
          [
            7.362035,
            47.273786,
            540.0
          ],
          [
            7.361425,
            47.273292,
            540.0
          ],
          [
            7.361371,
            47.273262,
            540.0
          ],
          [
            7.361281,
            47.273207,
            540.0
          ],
          [
            7.361235,
            47.273195,
            540.0
          ],
          [
            7.361075,
            47.273128,
            540.0
          ],
          [
            7.360939,
            47.273091,
            540.0
          ],
          [
            7.360759,
            47.273055,
            540.0
          ],
          [
            7.360184,
            47.272921,
            541.0
          ],
          [
            7.359008,
            47.272665,
            543.0
          ],
          [
            7.358568,
            47.272579,
            544.0
          ],
          [
            7.357706,
            47.272433,
            545.0
          ],
          [
            7.356807,
            47.27228,
            547.0
          ],
          [
            7.356735,
            47.272268,
            547.0
          ],
          [
            7.356744,
            47.272238,
            547.0
          ],
          [
            7.356735,
            47.272207,
            547.0
          ],
          [
            7.356672,
            47.272134,
            547.0
          ],
          [
            7.35643,
            47.271982,
            547.0
          ],
          [
            7.356052,
            47.271799,
            548.0
          ],
          [
            7.355972,
            47.271751,
            548.0
          ],
          [
            7.355846,
            47.271659,
            548.0
          ],
          [
            7.355675,
            47.271555,
            548.0
          ],
          [
            7.355406,
            47.271348,
            549.0
          ],
          [
            7.355306,
            47.271208,
            549.0
          ],
          [
            7.355235,
            47.271074,
            549.0
          ],
          [
            7.355146,
            47.270921,
            549.0
          ],
          [
            7.355056,
            47.270824,
            549.0
          ],
          [
            7.354947,
            47.270739,
            549.0
          ],
          [
            7.354633,
            47.270483,
            550.0
          ],
          [
            7.354525,
            47.270373,
            550.0
          ],
          [
            7.354354,
            47.270214,
            550.0
          ],
          [
            7.353977,
            47.269818,
            551.0
          ],
          [
            7.353914,
            47.269775,
            551.0
          ],
          [
            7.353798,
            47.269702,
            551.0
          ],
          [
            7.353662,
            47.269575,
            552.0
          ],
          [
            7.353511,
            47.269373,
            552.0
          ],
          [
            7.353627,
            47.269337,
            552.0
          ],
          [
            7.353635,
            47.269245,
            552.0
          ],
          [
            7.353582,
            47.269117,
            552.0
          ],
          [
            7.353555,
            47.269031,
            553.0
          ],
          [
            7.353538,
            47.268989,
            553.0
          ],
          [
            7.353538,
            47.268946,
            553.0
          ],
          [
            7.353538,
            47.268885,
            553.0
          ],
          [
            7.353564,
            47.268806,
            553.0
          ],
          [
            7.353591,
            47.268776,
            553.0
          ],
          [
            7.353627,
            47.268739,
            553.0
          ],
          [
            7.35369,
            47.268696,
            553.0
          ],
          [
            7.353761,
            47.268654,
            553.0
          ],
          [
            7.353815,
            47.268617,
            553.0
          ],
          [
            7.353861,
            47.268581,
            553.0
          ],
          [
            7.353888,
            47.268544,
            553.0
          ],
          [
            7.353905,
            47.268489,
            554.0
          ],
          [
            7.353932,
            47.268441,
            554.0
          ],
          [
            7.353977,
            47.268398,
            554.0
          ],
          [
            7.354696,
            47.267831,
            555.0
          ],
          [
            7.354767,
            47.267794,
            555.0
          ],
          [
            7.354857,
            47.26777,
            555.0
          ],
          [
            7.355172,
            47.267684,
            555.0
          ],
          [
            7.355172,
            47.267599,
            565.0
          ],
          [
            7.35518,
            47.267587,
            567.0
          ],
          [
            7.355298,
            47.267526,
            572.0
          ],
          [
            7.355819,
            47.267185,
            582.0
          ],
          [
            7.355926,
            47.267136,
            583.0
          ],
          [
            7.356088,
            47.267045,
            585.0
          ],
          [
            7.356196,
            47.266935,
            587.0
          ],
          [
            7.356025,
            47.266807,
            589.0
          ],
          [
            7.355828,
            47.266709,
            590.0
          ],
          [
            7.355603,
            47.266624,
            590.0
          ],
          [
            7.355325,
            47.266508,
            590.0
          ],
          [
            7.354876,
            47.266039,
            590.0
          ],
          [
            7.354175,
            47.26582,
            590.0
          ],
          [
            7.354014,
            47.265581,
            589.0
          ],
          [
            7.353861,
            47.26535,
            588.0
          ],
          [
            7.353627,
            47.265325,
            587.0
          ],
          [
            7.353276,
            47.265307,
            586.0
          ],
          [
            7.353016,
            47.265264,
            585.0
          ],
          [
            7.352729,
            47.265161,
            584.0
          ],
          [
            7.352549,
            47.2651,
            583.0
          ],
          [
            7.352396,
            47.265045,
            582.0
          ],
          [
            7.352253,
            47.264954,
            582.0
          ],
          [
            7.352144,
            47.264893,
            581.0
          ],
          [
            7.351983,
            47.264765,
            581.0
          ],
          [
            7.351813,
            47.264558,
            581.0
          ],
          [
            7.351723,
            47.264497,
            581.0
          ],
          [
            7.351597,
            47.26432,
            582.0
          ],
          [
            7.351364,
            47.26385,
            584.0
          ],
          [
            7.351345,
            47.263613,
            585.0
          ],
          [
            7.351309,
            47.263357,
            586.0
          ],
          [
            7.351291,
            47.263058,
            588.0
          ],
          [
            7.351238,
            47.262862,
            588.0
          ],
          [
            7.351219,
            47.262808,
            589.0
          ],
          [
            7.351175,
            47.262601,
            590.0
          ],
          [
            7.351138,
            47.262601,
            590.0
          ],
          [
            7.351129,
            47.262479,
            590.0
          ],
          [
            7.351175,
            47.262125,
            590.0
          ],
          [
            7.351175,
            47.262089,
            590.0
          ],
          [
            7.351255,
            47.262089,
            590.0
          ],
          [
            7.351274,
            47.262015,
            591.0
          ],
          [
            7.351274,
            47.261961,
            592.0
          ],
          [
            7.351111,
            47.26132,
            597.0
          ],
          [
            7.351094,
            47.261265,
            598.0
          ],
          [
            7.351058,
            47.261186,
            598.0
          ],
          [
            7.35104,
            47.261138,
            599.0
          ],
          [
            7.350985,
            47.261058,
            599.0
          ],
          [
            7.350285,
            47.260278,
            603.0
          ],
          [
            7.35015,
            47.260131,
            603.0
          ],
          [
            7.350043,
            47.260046,
            604.0
          ],
          [
            7.349872,
            47.25993,
            604.0
          ],
          [
            7.349746,
            47.259857,
            605.0
          ],
          [
            7.349611,
            47.25979,
            605.0
          ],
          [
            7.349477,
            47.259741,
            605.0
          ],
          [
            7.349054,
            47.259601,
            607.0
          ],
          [
            7.348677,
            47.25951,
            607.0
          ],
          [
            7.348291,
            47.259498,
            608.0
          ],
          [
            7.347609,
            47.259492,
            610.0
          ],
          [
            7.347132,
            47.259394,
            612.0
          ],
          [
            7.346513,
            47.259186,
            614.0
          ],
          [
            7.346324,
            47.259089,
            615.0
          ],
          [
            7.346161,
            47.258967,
            616.0
          ],
          [
            7.345955,
            47.258687,
            618.0
          ],
          [
            7.345829,
            47.258479,
            619.0
          ],
          [
            7.345668,
            47.258297,
            620.0
          ],
          [
            7.345452,
            47.258077,
            621.0
          ],
          [
            7.345318,
            47.25768,
            621.0
          ],
          [
            7.345228,
            47.257516,
            622.0
          ],
          [
            7.345219,
            47.257473,
            622.0
          ],
          [
            7.345209,
            47.257431,
            622.0
          ],
          [
            7.345209,
            47.257211,
            622.0
          ],
          [
            7.345192,
            47.256913,
            623.0
          ],
          [
            7.345174,
            47.256821,
            623.0
          ],
          [
            7.345156,
            47.256778,
            623.0
          ],
          [
            7.345129,
            47.256736,
            623.0
          ],
          [
            7.344958,
            47.256516,
            624.0
          ],
          [
            7.344877,
            47.256424,
            624.0
          ],
          [
            7.344823,
            47.256376,
            624.0
          ],
          [
            7.34476,
            47.256333,
            624.0
          ],
          [
            7.344635,
            47.256272,
            624.0
          ],
          [
            7.344519,
            47.256211,
            625.0
          ],
          [
            7.344446,
            47.256162,
            625.0
          ],
          [
            7.344401,
            47.25612,
            625.0
          ],
          [
            7.34433,
            47.256034,
            625.0
          ],
          [
            7.344293,
            47.255986,
            625.0
          ],
          [
            7.344266,
            47.255919,
            625.0
          ],
          [
            7.34424,
            47.255705,
            626.0
          ],
          [
            7.344221,
            47.255651,
            626.0
          ],
          [
            7.344203,
            47.255596,
            626.0
          ],
          [
            7.344096,
            47.255364,
            626.0
          ],
          [
            7.343943,
            47.255089,
            627.0
          ],
          [
            7.343745,
            47.254748,
            628.0
          ],
          [
            7.343548,
            47.254468,
            628.0
          ],
          [
            7.343278,
            47.254218,
            629.0
          ],
          [
            7.343207,
            47.254224,
            629.0
          ],
          [
            7.343198,
            47.254266,
            629.0
          ],
          [
            7.343018,
            47.254376,
            629.0
          ],
          [
            7.343,
            47.254437,
            629.0
          ],
          [
            7.342892,
            47.254486,
            630.0
          ],
          [
            7.342578,
            47.254096,
            638.0
          ],
          [
            7.342435,
            47.254181,
            641.0
          ],
          [
            7.34238,
            47.253943,
            644.0
          ],
          [
            7.342435,
            47.253638,
            648.0
          ],
          [
            7.342649,
            47.253163,
            652.0
          ],
          [
            7.342811,
            47.252632,
            655.0
          ],
          [
            7.342856,
            47.252504,
            656.0
          ],
          [
            7.342919,
            47.2524,
            656.0
          ],
          [
            7.343062,
            47.252223,
            657.0
          ],
          [
            7.343081,
            47.252193,
            658.0
          ],
          [
            7.343089,
            47.252168,
            658.0
          ],
          [
            7.343089,
            47.25215,
            658.0
          ],
          [
            7.343081,
            47.25212,
            658.0
          ],
          [
            7.343054,
            47.252077,
            658.0
          ],
          [
            7.343018,
            47.251992,
            659.0
          ],
          [
            7.342972,
            47.251852,
            660.0
          ],
          [
            7.342955,
            47.251803,
            660.0
          ],
          [
            7.342901,
            47.25173,
            660.0
          ],
          [
            7.342821,
            47.251608,
            660.0
          ],
          [
            7.342739,
            47.251498,
            660.0
          ],
          [
            7.342649,
            47.251382,
            660.0
          ],
          [
            7.342613,
            47.251334,
            660.0
          ],
          [
            7.342595,
            47.251297,
            660.0
          ],
          [
            7.342595,
            47.251224,
            660.0
          ],
          [
            7.342641,
            47.251035,
            660.0
          ],
          [
            7.342668,
            47.250943,
            660.0
          ],
          [
            7.342703,
            47.25087,
            660.0
          ],
          [
            7.342882,
            47.25065,
            660.0
          ],
          [
            7.342945,
            47.250577,
            660.0
          ],
          [
            7.343125,
            47.250218,
            660.0
          ],
          [
            7.343269,
            47.250029,
            660.0
          ],
          [
            7.343422,
            47.249864,
            660.0
          ],
          [
            7.344014,
            47.249345,
            660.0
          ],
          [
            7.344266,
            47.249083,
            660.0
          ],
          [
            7.344527,
            47.248864,
            660.0
          ],
          [
            7.344608,
            47.248785,
            660.0
          ],
          [
            7.344643,
            47.248705,
            660.0
          ],
          [
            7.344716,
            47.248492,
            660.0
          ],
          [
            7.344787,
            47.248364,
            660.0
          ],
          [
            7.345119,
            47.247918,
            660.0
          ],
          [
            7.345219,
            47.247741,
            660.0
          ],
          [
            7.345345,
            47.24751,
            660.0
          ],
          [
            7.345398,
            47.247394,
            660.0
          ],
          [
            7.345452,
            47.247339,
            660.0
          ],
          [
            7.345587,
            47.247266,
            660.0
          ],
          [
            7.345685,
            47.247199,
            660.0
          ],
          [
            7.345722,
            47.247156,
            660.0
          ],
          [
            7.345838,
            47.246955,
            660.0
          ],
          [
            7.345901,
            47.246852,
            660.0
          ],
          [
            7.345964,
            47.246791,
            660.0
          ],
          [
            7.346108,
            47.246687,
            660.0
          ],
          [
            7.346485,
            47.246516,
            660.0
          ],
          [
            7.346953,
            47.246351,
            667.0
          ],
          [
            7.347195,
            47.246199,
            670.0
          ],
          [
            7.347293,
            47.246107,
            670.0
          ],
          [
            7.347419,
            47.246046,
            670.0
          ],
          [
            7.347555,
            47.245973,
            670.0
          ],
          [
            7.347653,
            47.245912,
            670.0
          ],
          [
            7.347698,
            47.245876,
            670.0
          ],
          [
            7.347725,
            47.245839,
            670.0
          ],
          [
            7.347743,
            47.245809,
            670.0
          ],
          [
            7.347761,
            47.245766,
            670.0
          ],
          [
            7.347761,
            47.245711,
            670.0
          ],
          [
            7.347743,
            47.24554,
            670.0
          ],
          [
            7.347743,
            47.245467,
            670.0
          ],
          [
            7.347752,
            47.245431,
            670.0
          ],
          [
            7.347779,
            47.245376,
            670.0
          ],
          [
            7.347886,
            47.24526,
            669.0
          ],
          [
            7.347824,
            47.245187,
            669.0
          ],
          [
            7.347743,
            47.245053,
            668.0
          ],
          [
            7.34768,
            47.244906,
            667.0
          ],
          [
            7.347672,
            47.244796,
            666.0
          ],
          [
            7.347672,
            47.244686,
            665.0
          ],
          [
            7.347698,
            47.244546,
            664.0
          ],
          [
            7.347672,
            47.244467,
            664.0
          ],
          [
            7.347653,
            47.244442,
            663.0
          ],
          [
            7.347635,
            47.2444,
            663.0
          ],
          [
            7.347635,
            47.244388,
            663.0
          ],
          [
            7.347626,
            47.244381,
            663.0
          ],
          [
            7.347609,
            47.244339,
            663.0
          ],
          [
            7.347599,
            47.244333,
            663.0
          ],
          [
            7.347626,
            47.244302,
            663.0
          ],
          [
            7.347617,
            47.244095,
            663.0
          ],
          [
            7.347609,
            47.24393,
            663.0
          ],
          [
            7.347609,
            47.243912,
            663.0
          ],
          [
            7.347617,
            47.243906,
            663.0
          ],
          [
            7.347672,
            47.243888,
            663.0
          ],
          [
            7.347689,
            47.243882,
            663.0
          ],
          [
            7.347698,
            47.243882,
            663.0
          ],
          [
            7.347743,
            47.243863,
            663.0
          ],
          [
            7.347761,
            47.243857,
            663.0
          ],
          [
            7.347752,
            47.243851,
            663.0
          ],
          [
            7.347725,
            47.243815,
            663.0
          ],
          [
            7.347653,
            47.243729,
            663.0
          ],
          [
            7.347527,
            47.243614,
            663.0
          ],
          [
            7.347402,
            47.243479,
            663.0
          ],
          [
            7.34724,
            47.24332,
            663.0
          ],
          [
            7.347016,
            47.24315,
            664.0
          ],
          [
            7.34689,
            47.243076,
            664.0
          ],
          [
            7.346477,
            47.242887,
            664.0
          ],
          [
            7.346135,
            47.242723,
            664.0
          ],
          [
            7.345291,
            47.242375,
            665.0
          ],
          [
            7.345039,
            47.242278,
            665.0
          ],
          [
            7.344806,
            47.242205,
            665.0
          ],
          [
            7.34441,
            47.242101,
            666.0
          ],
          [
            7.344446,
            47.241894,
            666.0
          ],
          [
            7.344456,
            47.241802,
            666.0
          ],
          [
            7.344456,
            47.241643,
            666.0
          ],
          [
            7.34433,
            47.241503,
            666.0
          ],
          [
            7.344077,
            47.241417,
            666.0
          ],
          [
            7.344077,
            47.241417,
            666.0
          ],
          [
            7.342345,
            47.240844,
            666.0
          ],
          [
            7.341769,
            47.240692,
            666.0
          ],
          [
            7.34158,
            47.240643,
            666.0
          ],
          [
            7.34158,
            47.240613,
            666.0
          ],
          [
            7.341599,
            47.240491,
            666.0
          ],
          [
            7.341653,
            47.24046,
            667.0
          ],
          [
            7.342003,
            47.240582,
            670.0
          ],
          [
            7.342003,
            47.240576,
            670.0
          ],
          [
            7.34202,
            47.240558,
            670.0
          ],
          [
            7.34203,
            47.240546,
            670.0
          ]
        ]
      }
    }
  ]
}