{
  "type": "FeatureCollection",
  "features": [
    {
      "type": "Feature",
      "properties": {},
      "geometry": {
        "type": "LineString",
        "coordinates": [
          [
            9.086199,
            47.299471,
            619.0
          ],
          [
            9.086172,
            47.299507,
            620.0
          ],
          [
            9.086369,
            47.29958,
            620.0
          ],
          [
            9.086387,
            47.299593,
            620.0
          ],
          [
            9.086396,
            47.299599,
            620.0
          ],
          [
            9.08636,
            47.299647,
            620.0
          ],
          [
            9.086405,
            47.299666,
            620.0
          ],
          [
            9.086477,
            47.299702,
            620.0
          ],
          [
            9.08654,
            47.299733,
            620.0
          ],
          [
            9.086477,
            47.299812,
            620.0
          ],
          [
            9.08654,
            47.299903,
            620.0
          ],
          [
            9.086585,
            47.299921,
            620.0
          ],
          [
            9.086648,
            47.299939,
            620.0
          ],
          [
            9.086719,
            47.299964,
            620.0
          ],
          [
            9.086953,
            47.299672,
            620.0
          ],
          [
            9.087698,
            47.299946,
            620.0
          ],
          [
            9.087798,
            47.299988,
            620.0
          ],
          [
            9.087878,
            47.300019,
            620.0
          ],
          [
            9.087933,
            47.300025,
            620.0
          ],
          [
            9.087941,
            47.300031,
            620.0
          ],
          [
            9.088471,
            47.30022,
            620.0
          ],
          [
            9.088526,
            47.300244,
            620.0
          ],
          [
            9.08883,
            47.300311,
            620.0
          ],
          [
            9.088866,
            47.300323,
            620.0
          ],
          [
            9.089316,
            47.30047,
            620.0
          ],
          [
            9.089361,
            47.300482,
            619.0
          ],
          [
            9.089927,
            47.300616,
            613.0
          ],
          [
            9.089971,
            47.300622,
            613.0
          ],
          [
            9.090484,
            47.30075,
            616.0
          ],
          [
            9.090851,
            47.300835,
            618.0
          ],
          [
            9.090861,
            47.300811,
            618.0
          ],
          [
            9.090924,
            47.300817,
            618.0
          ],
          [
            9.090987,
            47.300817,
            618.0
          ],
          [
            9.091023,
            47.300616,
            619.0
          ],
          [
            9.091409,
            47.300646,
            620.0
          ],
          [
            9.091453,
            47.300665,
            620.0
          ],
          [
            9.09149,
            47.300719,
            620.0
          ],
          [
            9.091579,
            47.300725,
            621.0
          ],
          [
            9.091777,
            47.300738,
            627.0
          ],
          [
            9.091866,
            47.300531,
            628.0
          ],
          [
            9.091993,
            47.300287,
            630.0
          ],
          [
            9.092245,
            47.300421,
            635.0
          ],
          [
            9.092667,
            47.300665,
            645.0
          ],
          [
            9.092694,
            47.300731,
            646.0
          ],
          [
            9.092451,
            47.301085,
            650.0
          ],
          [
            9.092245,
            47.301292,
            650.0
          ],
          [
            9.092082,
            47.301451,
            650.0
          ],
          [
            9.092056,
            47.301475,
            650.0
          ],
          [
            9.092092,
            47.301493,
            650.0
          ],
          [
            9.092245,
            47.301548,
            652.0
          ],
          [
            9.092388,
            47.301597,
            655.0
          ],
          [
            9.092459,
            47.301645,
            658.0
          ],
          [
            9.092487,
            47.30173,
            660.0
          ],
          [
            9.092388,
            47.301883,
            662.0
          ],
          [
            9.092369,
            47.301931,
            663.0
          ],
          [
            9.092406,
            47.301974,
            663.0
          ],
          [
            9.092514,
            47.302041,
            665.0
          ],
          [
            9.092702,
            47.302108,
            666.0
          ],
          [
            9.092648,
            47.302157,
            666.0
          ],
          [
            9.092639,
            47.302182,
            666.0
          ],
          [
            9.092765,
            47.302255,
            671.0
          ],
          [
            9.092891,
            47.302316,
            673.0
          ],
          [
            9.093044,
            47.30237,
            676.0
          ],
          [
            9.093071,
            47.302419,
            677.0
          ],
          [
            9.093134,
            47.302474,
            678.0
          ],
          [
            9.093268,
            47.30251,
            680.0
          ],
          [
            9.093331,
            47.302535,
            681.0
          ],
          [
            9.093367,
            47.302583,
            683.0
          ],
          [
            9.093448,
            47.302437,
            684.0
          ],
          [
            9.093601,
            47.302273,
            687.0
          ],
          [
            9.093897,
            47.301986,
            690.0
          ],
          [
            9.094103,
            47.30184,
            691.0
          ],
          [
            9.094086,
            47.301876,
            692.0
          ],
          [
            9.094086,
            47.301901,
            693.0
          ],
          [
            9.094302,
            47.301785,
            695.0
          ],
          [
            9.094778,
            47.301566,
            700.0
          ],
          [
            9.095128,
            47.301402,
            703.0
          ],
          [
            9.095308,
            47.301317,
            704.0
          ],
          [
            9.095461,
            47.301237,
            706.0
          ],
          [
            9.095577,
            47.301164,
            707.0
          ],
          [
            9.09564,
            47.301121,
            708.0
          ],
          [
            9.095748,
            47.301036,
            709.0
          ],
          [
            9.095964,
            47.300792,
            712.0
          ],
          [
            9.096017,
            47.300744,
            713.0
          ],
          [
            9.096071,
            47.300701,
            714.0
          ],
          [
            9.096107,
            47.300677,
            714.0
          ],
          [
            9.096151,
            47.300658,
            715.0
          ],
          [
            9.096206,
            47.30064,
            715.0
          ],
          [
            9.09626,
            47.300628,
            716.0
          ],
          [
            9.096314,
            47.300622,
            716.0
          ],
          [
            9.096377,
            47.300616,
            717.0
          ],
          [
            9.096511,
            47.300628,
            718.0
          ],
          [
            9.097329,
            47.300719,
            725.0
          ],
          [
            9.097868,
            47.30078,
            730.0
          ],
          [
            9.098021,
            47.300792,
            731.0
          ],
          [
            9.098084,
            47.300792,
            732.0
          ],
          [
            9.098137,
            47.300786,
            732.0
          ],
          [
            9.098218,
            47.30078,
            733.0
          ],
          [
            9.098298,
            47.300768,
            734.0
          ],
          [
            9.098398,
            47.300738,
            735.0
          ],
          [
            9.098541,
            47.300671,
            736.0
          ],
          [
            9.098685,
            47.300561,
            738.0
          ],
          [
            9.098766,
            47.300452,
            740.0
          ],
          [
            9.09882,
            47.300366,
            741.0
          ],
          [
            9.098838,
            47.300293,
            742.0
          ],
          [
            9.098864,
            47.300195,
            743.0
          ],
          [
            9.09917,
            47.300238,
            746.0
          ],
          [
            9.099332,
            47.300214,
            748.0
          ],
          [
            9.099493,
            47.300201,
            749.0
          ],
          [
            9.099602,
            47.300207,
            750.0
          ],
          [
            9.099673,
            47.30022,
            752.0
          ],
          [
            9.099763,
            47.300256,
            753.0
          ],
          [
            9.099782,
            47.300287,
            754.0
          ],
          [
            9.099862,
            47.300342,
            755.0
          ],
          [
            9.099996,
            47.300391,
            757.0
          ],
          [
            9.100239,
            47.300427,
            761.0
          ],
          [
            9.100499,
            47.300555,
            767.0
          ],
          [
            9.100671,
            47.300634,
            771.0
          ],
          [
            9.100742,
            47.300762,
            774.0
          ],
          [
            9.100868,
            47.300908,
            779.0
          ],
          [
            9.100994,
            47.301017,
            783.0
          ],
          [
            9.101101,
            47.301066,
            786.0
          ],
          [
            9.101201,
            47.301091,
            789.0
          ],
          [
            9.101353,
            47.301115,
            791.0
          ],
          [
            9.101596,
            47.30117,
            795.0
          ],
          [
            9.101749,
            47.301201,
            797.0
          ],
          [
            9.101937,
            47.301225,
            799.0
          ],
          [
            9.102099,
            47.301274,
            801.0
          ],
          [
            9.102459,
            47.30142,
            805.0
          ],
          [
            9.102638,
            47.301487,
            807.0
          ],
          [
            9.102746,
            47.301657,
            810.0
          ],
          [
            9.102872,
            47.301712,
            811.0
          ],
          [
            9.102979,
            47.301755,
            812.0
          ],
          [
            9.103231,
            47.301803,
            815.0
          ],
          [
            9.103509,
            47.301834,
            818.0
          ],
          [
            9.103707,
            47.301834,
            820.0
          ],
          [
            9.103824,
            47.301803,
            822.0
          ],
          [
            9.103958,
            47.301736,
            823.0
          ],
          [
            9.10413,
            47.301706,
            825.0
          ],
          [
            9.104417,
            47.301657,
            829.0
          ],
          [
            9.104543,
            47.30167,
            830.0
          ],
          [
            9.104686,
            47.3017,
            832.0
          ],
          [
            9.104839,
            47.301694,
            834.0
          ],
          [
            9.105153,
            47.301718,
            838.0
          ],
          [
            9.105269,
            47.301743,
            840.0
          ],
          [
            9.105359,
            47.301785,
            841.0
          ],
          [
            9.105369,
            47.301791,
            841.0
          ],
          [
            9.105432,
            47.30181,
            842.0
          ],
          [
            9.105459,
            47.301852,
            843.0
          ],
          [
            9.105459,
            47.301913,
            844.0
          ],
          [
            9.105468,
            47.30195,
            845.0
          ],
          [
            9.105512,
            47.301974,
            846.0
          ],
          [
            9.105674,
            47.301968,
            848.0
          ],
          [
            9.106177,
            47.301974,
            856.0
          ],
          [
            9.106357,
            47.301919,
            859.0
          ],
          [
            9.106761,
            47.302139,
            861.0
          ],
          [
            9.107156,
            47.302316,
            862.0
          ],
          [
            9.107219,
            47.302316,
            863.0
          ],
          [
            9.107327,
            47.302358,
            863.0
          ],
          [
            9.107443,
            47.302395,
            863.0
          ],
          [
            9.107587,
            47.302395,
            864.0
          ],
          [
            9.108135,
            47.302395,
            865.0
          ],
          [
            9.108701,
            47.302364,
            867.0
          ],
          [
            9.108935,
            47.302358,
            867.0
          ],
          [
            9.109088,
            47.302364,
            868.0
          ],
          [
            9.109474,
            47.30237,
            869.0
          ],
          [
            9.110256,
            47.302303,
            870.0
          ],
          [
            9.110355,
            47.302285,
            870.0
          ],
          [
            9.110417,
            47.302261,
            870.0
          ],
          [
            9.110472,
            47.302236,
            870.0
          ],
          [
            9.110533,
            47.302188,
            870.0
          ],
          [
            9.110642,
            47.302041,
            870.0
          ],
          [
            9.110822,
            47.301834,
            870.0
          ],
          [
            9.110885,
            47.301779,
            870.0
          ],
          [
            9.110948,
            47.301755,
            870.0
          ],
          [
            9.111019,
            47.301736,
            870.0
          ],
          [
            9.111091,
            47.301736,
            870.0
          ],
          [
            9.111217,
            47.301645,
            874.0
          ],
          [
            9.111432,
            47.301536,
            879.0
          ],
          [
            9.111504,
            47.301469,
            881.0
          ],
          [
            9.111657,
            47.301444,
            883.0
          ],
          [
            9.111791,
            47.301438,
            885.0
          ],
          [
            9.111954,
            47.301402,
            888.0
          ],
          [
            9.112053,
            47.301341,
            890.0
          ],
          [
            9.112223,
            47.301286,
            891.0
          ],
          [
            9.11242,
            47.301201,
            893.0
          ],
          [
            9.112439,
            47.301207,
            893.0
          ],
          [
            9.112456,
            47.301213,
            894.0
          ],
          [
            9.112762,
            47.301341,
            896.0
          ],
          [
            9.113005,
            47.301408,
            899.0
          ],
          [
            9.113112,
            47.30142,
            899.0
          ],
          [
            9.113399,
            47.301499,
            901.0
          ],
          [
            9.113552,
            47.301517,
            901.0
          ],
          [
            9.113714,
            47.301572,
            902.0
          ],
          [
            9.113902,
            47.30159,
            902.0
          ],
          [
            9.114127,
            47.30159,
            903.0
          ],
          [
            9.114208,
            47.30153,
            904.0
          ],
          [
            9.114343,
            47.301487,
            904.0
          ],
          [
            9.114378,
            47.301414,
            904.0
          ],
          [
            9.114424,
            47.301396,
            905.0
          ],
          [
            9.114477,
            47.301396,
            905.0
          ],
          [
            9.114541,
            47.301408,
            905.0
          ],
          [
            9.114604,
            47.301414,
            905.0
          ],
          [
            9.114764,
            47.301207,
            906.0
          ],
          [
            9.11525,
            47.301317,
            908.0
          ],
          [
            9.116049,
            47.30156,
            911.0
          ],
          [
            9.116175,
            47.301603,
            912.0
          ],
          [
            9.116311,
            47.301627,
            913.0
          ],
          [
            9.116552,
            47.301663,
            914.0
          ],
          [
            9.117038,
            47.301736,
            917.0
          ],
          [
            9.118286,
            47.301999,
            923.0
          ],
          [
            9.11843,
            47.302035,
            924.0
          ],
          [
            9.118565,
            47.302078,
            925.0
          ],
          [
            9.118601,
            47.30209,
            925.0
          ],
          [
            9.118628,
            47.302096,
            925.0
          ],
          [
            9.118655,
            47.30209,
            925.0
          ],
          [
            9.118682,
            47.302084,
            926.0
          ],
          [
            9.118735,
            47.302047,
            926.0
          ],
          [
            9.118762,
            47.302029,
            926.0
          ],
          [
            9.118772,
            47.302005,
            926.0
          ],
          [
            9.118772,
            47.301974,
            927.0
          ],
          [
            9.118753,
            47.30195,
            927.0
          ],
          [
            9.118493,
            47.301773,
            929.0
          ],
          [
            9.118422,
            47.301688,
            929.0
          ],
          [
            9.118422,
            47.301657,
            930.0
          ],
          [
            9.118439,
            47.301621,
            930.0
          ],
          [
            9.118475,
            47.301584,
            930.0
          ],
          [
            9.118538,
            47.301566,
            931.0
          ],
          [
            9.118601,
            47.301578,
            931.0
          ],
          [
            9.1202,
            47.301999,
            939.0
          ],
          [
            9.120523,
            47.302108,
            940.0
          ],
          [
            9.12108,
            47.302322,
            943.0
          ],
          [
            9.121655,
            47.30251,
            947.0
          ],
          [
            9.121961,
            47.302565,
            948.0
          ],
          [
            9.122167,
            47.302595,
            949.0
          ],
          [
            9.122301,
            47.302595,
            950.0
          ],
          [
            9.122473,
            47.302571,
            952.0
          ],
          [
            9.122607,
            47.302529,
            953.0
          ],
          [
            9.122707,
            47.302462,
            954.0
          ],
          [
            9.122841,
            47.302431,
            956.0
          ],
          [
            9.123416,
            47.302401,
            961.0
          ],
          [
            9.12337,
            47.302273,
            962.0
          ],
          [
            9.12337,
            47.302163,
            963.0
          ],
          [
            9.123416,
            47.30209,
            964.0
          ],
          [
            9.123622,
            47.302127,
            966.0
          ],
          [
            9.123695,
            47.302163,
            966.0
          ],
          [
            9.12373,
            47.3022,
            967.0
          ],
          [
            9.123865,
            47.30234,
            969.0
          ],
          [
            9.123973,
            47.302395,
            970.0
          ],
          [
            9.124081,
            47.302407,
            971.0
          ],
          [
            9.124233,
            47.302401,
            972.0
          ],
          [
            9.124529,
            47.30237,
            976.0
          ],
          [
            9.125248,
            47.302334,
            980.0
          ],
          [
            9.12558,
            47.302334,
            979.0
          ],
          [
            9.125833,
            47.302346,
            979.0
          ],
          [
            9.126047,
            47.30237,
            979.0
          ],
          [
            9.126137,
            47.302389,
            979.0
          ],
          [
            9.126416,
            47.302443,
            978.0
          ],
          [
            9.126722,
            47.302486,
            978.0
          ],
          [
            9.127152,
            47.302516,
            977.0
          ],
          [
            9.127441,
            47.302547,
            977.0
          ],
          [
            9.127628,
            47.302595,
            977.0
          ],
          [
            9.127925,
            47.302681,
            977.0
          ],
          [
            9.128051,
            47.302711,
            976.0
          ],
          [
            9.128725,
            47.302815,
            976.0
          ],
          [
            9.129228,
            47.302912,
            975.0
          ],
          [
            9.129552,
            47.302931,
            975.0
          ],
          [
            9.129686,
            47.302919,
            974.0
          ],
          [
            9.130567,
            47.302931,
            973.0
          ],
          [
            9.130961,
            47.302949,
            973.0
          ],
          [
            9.131725,
            47.303217,
            972.0
          ],
          [
            9.131806,
            47.303217,
            972.0
          ],
          [
            9.131878,
            47.303205,
            972.0
          ],
          [
            9.132066,
            47.303132,
            972.0
          ],
          [
            9.132183,
            47.303089,
            971.0
          ],
          [
            9.132336,
            47.303065,
            971.0
          ],
          [
            9.133468,
            47.303089,
            970.0
          ],
          [
            9.135058,
            47.303241,
            964.0
          ],
          [
            9.13584,
            47.303327,
            960.0
          ],
          [
            9.136037,
            47.303314,
            960.0
          ],
          [
            9.13628,
            47.303229,
            960.0
          ],
          [
            9.136423,
            47.303095,
            960.0
          ],
          [
            9.136486,
            47.302998,
            960.0
          ],
          [
            9.136513,
            47.30287,
            960.0
          ],
          [
            9.136504,
            47.302778,
            958.0
          ],
          [
            9.136469,
            47.302535,
            953.0
          ],
          [
            9.136387,
            47.302236,
            950.0
          ],
          [
            9.136289,
            47.301937,
            949.0
          ],
          [
            9.13671,
            47.302084,
            948.0
          ],
          [
            9.137115,
            47.302212,
            947.0
          ],
          [
            9.138427,
            47.30234,
            944.0
          ],
          [
            9.139523,
            47.302455,
            941.0
          ],
          [
            9.140502,
            47.30287,
            939.0
          ],
          [
            9.140781,
            47.302973,
            938.0
          ],
          [
            9.141148,
            47.303114,
            937.0
          ],
          [
            9.141211,
            47.303138,
            937.0
          ],
          [
            9.141723,
            47.30329,
            935.0
          ],
          [
            9.142991,
            47.303631,
            932.0
          ],
          [
            9.144094,
            47.303936,
            929.0
          ],
          [
            9.144939,
            47.304167,
            927.0
          ],
          [
            9.145299,
            47.304258,
            926.0
          ],
          [
            9.145838,
            47.304423,
            924.0
          ],
          [
            9.146161,
            47.304575,
            923.0
          ],
          [
            9.146251,
            47.30463,
            922.0
          ],
          [
            9.146421,
            47.304728,
            922.0
          ],
          [
            9.146691,
            47.304892,
            921.0
          ],
          [
            9.14706,
            47.305057,
            920.0
          ],
          [
            9.147662,
            47.305306,
            920.0
          ],
          [
            9.148102,
            47.305489,
            920.0
          ],
          [
            9.148173,
            47.305471,
            919.0
          ],
          [
            9.148263,
            47.305453,
            918.0
          ],
          [
            9.148452,
            47.30544,
            916.0
          ],
          [
            9.148704,
            47.305428,
            913.0
          ],
          [
            9.148884,
            47.305404,
            911.0
          ],
          [
            9.149063,
            47.305367,
            910.0
          ],
          [
            9.149188,
            47.305355,
            908.0
          ],
          [
            9.149394,
            47.305343,
            907.0
          ],
          [
            9.149637,
            47.305324,
            905.0
          ],
          [
            9.149809,
            47.305312,
            903.0
          ],
          [
            9.149943,
            47.3053,
            902.0
          ],
          [
            9.150078,
            47.305306,
            901.0
          ],
          [
            9.150257,
            47.30533,
            899.0
          ],
          [
            9.150492,
            47.305355,
            897.0
          ],
          [
            9.150715,
            47.305361,
            895.0
          ],
          [
            9.150976,
            47.305367,
            892.0
          ],
          [
            9.151255,
            47.305385,
            890.0
          ],
          [
            9.151524,
            47.305392,
            887.0
          ],
          [
            9.151658,
            47.305404,
            886.0
          ],
          [
            9.152171,
            47.305465,
            881.0
          ],
          [
            9.15253,
            47.305514,
            878.0
          ],
          [
            9.152576,
            47.305514,
            877.0
          ],
          [
            9.15262,
            47.305508,
            877.0
          ],
          [
            9.152656,
            47.305495,
            877.0
          ],
          [
            9.153231,
            47.305788,
            871.0
          ],
          [
            9.153788,
            47.305964,
            864.0
          ],
          [
            9.154058,
            47.306074,
            861.0
          ],
          [
            9.154488,
            47.306177,
            856.0
          ],
          [
            9.154937,
            47.306281,
            850.0
          ],
          [
            9.1551,
            47.306348,
            847.0
          ],
          [
            9.15535,
            47.306525,
            843.0
          ],
          [
            9.155432,
            47.30658,
            842.0
          ],
          [
            9.155503,
            47.306592,
            841.0
          ],
          [
            9.155585,
            47.306586,
            840.0
          ],
          [
            9.155629,
            47.306561,
            840.0
          ],
          [
            9.155647,
            47.306513,
            839.0
          ],
          [
            9.155639,
            47.306415,
            838.0
          ],
          [
            9.15535,
            47.305642,
            831.0
          ],
          [
            9.156006,
            47.305806,
            821.0
          ],
          [
            9.156142,
            47.305763,
            819.0
          ],
          [
            9.156195,
            47.3058,
            819.0
          ],
          [
            9.156331,
            47.305903,
            817.0
          ],
          [
            9.156392,
            47.30597,
            817.0
          ],
          [
            9.156447,
            47.306049,
            816.0
          ],
          [
            9.156474,
            47.30608,
            815.0
          ],
          [
            9.156581,
            47.306214,
            814.0
          ],
          [
            9.156689,
            47.306324,
            812.0
          ],
          [
            9.156771,
            47.306385,
            812.0
          ],
          [
            9.156815,
            47.306403,
            811.0
          ],
          [
            9.156897,
            47.30636,
            811.0
          ],
          [
            9.156986,
            47.306299,
            810.0
          ],
          [
            9.157084,
            47.306232,
            809.0
          ],
          [
            9.157138,
            47.306214,
            808.0
          ],
          [
            9.157193,
            47.306208,
            808.0
          ],
          [
            9.157247,
            47.30622,
            807.0
          ],
          [
            9.157291,
            47.306244,
            807.0
          ],
          [
            9.157337,
            47.306269,
            806.0
          ],
          [
            9.157408,
            47.306281,
            806.0
          ],
          [
            9.157507,
            47.306293,
            805.0
          ],
          [
            9.157759,
            47.306324,
            803.0
          ],
          [
            9.158,
            47.306342,
            801.0
          ],
          [
            9.158226,
            47.306373,
            799.0
          ],
          [
            9.158405,
            47.306403,
            797.0
          ],
          [
            9.158629,
            47.306452,
            794.0
          ],
          [
            9.158782,
            47.306494,
            793.0
          ],
          [
            9.158918,
            47.306549,
            791.0
          ],
          [
            9.159016,
            47.306592,
            790.0
          ],
          [
            9.159105,
            47.306646,
            789.0
          ],
          [
            9.15916,
            47.306695,
            788.0
          ],
          [
            9.159205,
            47.30675,
            787.0
          ],
          [
            9.159231,
            47.306823,
            785.0
          ],
          [
            9.159258,
            47.306902,
            784.0
          ],
          [
            9.159268,
            47.306981,
            783.0
          ],
          [
            9.159268,
            47.307079,
            781.0
          ],
          [
            9.159241,
            47.307177,
            779.0
          ],
          [
            9.159222,
            47.30728,
            778.0
          ],
          [
            9.159222,
            47.307371,
            776.0
          ],
          [
            9.159241,
            47.307457,
            775.0
          ],
          [
            9.159285,
            47.307536,
            774.0
          ],
          [
            9.159348,
            47.307639,
            772.0
          ],
          [
            9.159429,
            47.307724,
            771.0
          ],
          [
            9.15951,
            47.307785,
            770.0
          ],
          [
            9.159582,
            47.307822,
            769.0
          ],
          [
            9.159717,
            47.307865,
            767.0
          ],
          [
            9.159843,
            47.307895,
            766.0
          ],
          [
            9.159923,
            47.307907,
            765.0
          ],
          [
            9.160084,
            47.307901,
            763.0
          ],
          [
            9.16031,
            47.307889,
            761.0
          ],
          [
            9.1604,
            47.307889,
            760.0
          ],
          [
            9.160463,
            47.307907,
            760.0
          ],
          [
            9.160526,
            47.30795,
            759.0
          ],
          [
            9.160589,
            47.308017,
            757.0
          ],
          [
            9.160624,
            47.30809,
            756.0
          ],
          [
            9.160633,
            47.308133,
            755.0
          ],
          [
            9.160642,
            47.308176,
            754.0
          ],
          [
            9.160642,
            47.30823,
            753.0
          ],
          [
            9.160616,
            47.308395,
            755.0
          ],
          [
            9.160589,
            47.308492,
            756.0
          ],
          [
            9.160561,
            47.308547,
            756.0
          ],
          [
            9.160516,
            47.308589,
            750.0
          ],
          [
            9.160409,
            47.30865,
            750.0
          ],
          [
            9.160319,
            47.30873,
            750.0
          ],
          [
            9.160264,
            47.30876,
            750.0
          ],
          [
            9.160113,
            47.308815,
            750.0
          ],
          [
            9.16004,
            47.308864,
            750.0
          ],
          [
            9.160013,
            47.308913,
            750.0
          ],
          [
            9.160013,
            47.30898,
            750.0
          ],
          [
            9.160094,
            47.309314,
            750.0
          ],
          [
            9.16013,
            47.309576,
            752.0
          ],
          [
            9.160166,
            47.309668,
            752.0
          ],
          [
            9.160264,
            47.309747,
            753.0
          ],
          [
            9.160327,
            47.309802,
            754.0
          ],
          [
            9.160373,
            47.30985,
            754.0
          ],
          [
            9.160417,
            47.309881,
            755.0
          ],
          [
            9.16048,
            47.309911,
            755.0
          ],
          [
            9.160687,
            47.309966,
            756.0
          ],
          [
            9.160839,
            47.310015,
            757.0
          ],
          [
            9.161073,
            47.3101,
            759.0
          ],
          [
            9.161235,
            47.310142,
            760.0
          ],
          [
            9.161396,
            47.31024,
            761.0
          ],
          [
            9.161442,
            47.310295,
            762.0
          ],
          [
            9.161423,
            47.310374,
            763.0
          ],
          [
            9.161396,
            47.310454,
            764.0
          ],
          [
            9.161415,
            47.310502,
            764.0
          ],
          [
            9.161468,
            47.310551,
            765.0
          ],
          [
            9.161541,
            47.310636,
            766.0
          ],
          [
            9.161585,
            47.310727,
            767.0
          ],
          [
            9.161612,
            47.310831,
            768.0
          ],
          [
            9.161658,
            47.310904,
            769.0
          ],
          [
            9.161684,
            47.310934,
            769.0
          ],
          [
            9.161711,
            47.310953,
            770.0
          ],
          [
            9.161782,
            47.310983,
            770.0
          ],
          [
            9.161845,
            47.310983,
            771.0
          ],
          [
            9.161891,
            47.310959,
            772.0
          ],
          [
            9.161945,
            47.31091,
            773.0
          ],
          [
            9.162044,
            47.310819,
            775.0
          ],
          [
            9.16216,
            47.310734,
            777.0
          ],
          [
            9.162258,
            47.310667,
            779.0
          ],
          [
            9.162331,
            47.310642,
            780.0
          ],
          [
            9.162394,
            47.310636,
            780.0
          ],
          [
            9.162438,
            47.310636,
            781.0
          ],
          [
            9.162457,
            47.310642,
            781.0
          ],
          [
            9.162465,
            47.310661,
            781.0
          ],
          [
            9.162465,
            47.310697,
            781.0
          ],
          [
            9.162403,
            47.310831,
            783.0
          ],
          [
            9.162394,
            47.310867,
            783.0
          ],
          [
            9.162394,
            47.310898,
            783.0
          ],
          [
            9.16243,
            47.310965,
            784.0
          ],
          [
            9.162474,
            47.311026,
            784.0
          ],
          [
            9.162493,
            47.311099,
            785.0
          ],
          [
            9.162501,
            47.311172,
            786.0
          ],
          [
            9.162493,
            47.31127,
            787.0
          ],
          [
            9.162457,
            47.311404,
            788.0
          ],
          [
            9.162438,
            47.311483,
            789.0
          ],
          [
            9.162447,
            47.311556,
            789.0
          ],
          [
            9.162474,
            47.311641,
            790.0
          ],
          [
            9.162591,
            47.31186,
            792.0
          ],
          [
            9.162744,
            47.31208,
            795.0
          ],
          [
            9.162816,
            47.312153,
            796.0
          ],
          [
            9.162906,
            47.312232,
            797.0
          ],
          [
            9.16304,
            47.312348,
            798.0
          ],
          [
            9.163274,
            47.312475,
            800.0
          ],
          [
            9.163642,
            47.31264,
            803.0
          ],
          [
            9.164029,
            47.312792,
            805.0
          ],
          [
            9.164262,
            47.312865,
            806.0
          ],
          [
            9.164405,
            47.312933,
            807.0
          ],
          [
            9.164487,
            47.312993,
            807.0
          ],
          [
            9.164595,
            47.313133,
            808.0
          ],
          [
            9.164694,
            47.313231,
            809.0
          ],
          [
            9.164855,
            47.31334,
            811.0
          ],
          [
            9.165116,
            47.313517,
            814.0
          ],
          [
            9.165268,
            47.31359,
            815.0
          ],
          [
            9.165466,
            47.313663,
            818.0
          ],
          [
            9.165789,
            47.313767,
            817.0
          ],
          [
            9.166103,
            47.313864,
            816.0
          ],
          [
            9.166436,
            47.313955,
            815.0
          ],
          [
            9.166562,
            47.313998,
            815.0
          ],
          [
            9.166669,
            47.314047,
            815.0
          ],
          [
            9.166858,
            47.314089,
            820.0
          ],
          [
            9.166984,
            47.314107,
            820.0
          ],
          [
            9.167334,
            47.314174,
            820.0
          ],
          [
            9.167532,
            47.314217,
            819.0
          ],
          [
            9.167738,
            47.31429,
            817.0
          ],
          [
            9.167874,
            47.314339,
            815.0
          ],
          [
            9.16799,
            47.314333,
            814.0
          ],
          [
            9.16808,
            47.314333,
            814.0
          ],
          [
            9.168214,
            47.314363,
            812.0
          ],
          [
            9.168332,
            47.314394,
            811.0
          ],
          [
            9.168511,
            47.314473,
            809.0
          ],
          [
            9.16861,
            47.31451,
            807.0
          ],
          [
            9.168673,
            47.31451,
            806.0
          ],
          [
            9.168745,
            47.31448,
            805.0
          ],
          [
            9.16879,
            47.314418,
            803.0
          ],
          [
            9.168816,
            47.314357,
            801.0
          ],
          [
            9.168862,
            47.314302,
            800.0
          ],
          [
            9.168906,
            47.314272,
            799.0
          ],
          [
            9.168979,
            47.314266,
            797.0
          ],
          [
            9.169122,
            47.314309,
            795.0
          ],
          [
            9.169275,
            47.314388,
            792.0
          ],
          [
            9.169535,
            47.314565,
            786.0
          ],
          [
            9.169671,
            47.314723,
            783.0
          ],
          [
            9.16985,
            47.314899,
            779.0
          ],
          [
            9.170057,
            47.315076,
            775.0
          ],
          [
            9.170281,
            47.315229,
            771.0
          ],
          [
            9.170604,
            47.315387,
            766.0
          ],
          [
            9.17074,
            47.315472,
            764.0
          ],
          [
            9.170847,
            47.315545,
            762.0
          ],
          [
            9.170883,
            47.315594,
            761.0
          ],
          [
            9.17091,
            47.315648,
            760.0
          ],
          [
            9.170963,
            47.315831,
            755.0
          ],
          [
            9.171036,
            47.315941,
            751.0
          ],
          [
            9.171134,
            47.316045,
            748.0
          ],
          [
            9.171206,
            47.316106,
            745.0
          ],
          [
            9.171332,
            47.316172,
            742.0
          ],
          [
            9.171476,
            47.316215,
            739.0
          ],
          [
            9.171583,
            47.316227,
            738.0
          ],
          [
            9.171682,
            47.316215,
            736.0
          ],
          [
            9.171772,
            47.316179,
            735.0
          ],
          [
            9.171862,
            47.316124,
            733.0
          ],
          [
            9.171979,
            47.316032,
            730.0
          ],
          [
            9.172113,
            47.31588,
            727.0
          ],
          [
            9.172284,
            47.315941,
            723.0
          ],
          [
            9.172284,
            47.315965,
            722.0
          ],
          [
            9.172284,
            47.316014,
            720.0
          ],
          [
            9.172239,
            47.316057,
            719.0
          ],
          [
            9.172221,
            47.316112,
            718.0
          ],
          [
            9.172221,
            47.316191,
            716.0
          ],
          [
            9.172231,
            47.316294,
            713.0
          ],
          [
            9.172239,
            47.316349,
            712.0
          ],
          [
            9.172284,
            47.316464,
            710.0
          ],
          [
            9.172302,
            47.316525,
            709.0
          ],
          [
            9.172321,
            47.316592,
            709.0
          ],
          [
            9.172338,
            47.316684,
            708.0
          ],
          [
            9.172356,
            47.316727,
            708.0
          ],
          [
            9.172401,
            47.316782,
            708.0
          ],
          [
            9.17259,
            47.316915,
            706.0
          ],
          [
            9.172715,
            47.316964,
            705.0
          ],
          [
            9.172858,
            47.317061,
            702.0
          ],
          [
            9.172877,
            47.317068,
            702.0
          ],
          [
            9.172887,
            47.317104,
            702.0
          ],
          [
            9.172921,
            47.317153,
            701.0
          ],
          [
            9.172967,
            47.317201,
            700.0
          ],
          [
            9.173038,
            47.317262,
            700.0
          ],
          [
            9.1732,
            47.317408,
            700.0
          ],
          [
            9.173237,
            47.317445,
            700.0
          ],
          [
            9.173424,
            47.31761,
            700.0
          ],
          [
            9.173577,
            47.317738,
            700.0
          ],
          [
            9.173613,
            47.317774,
            700.0
          ],
          [
            9.173632,
            47.317811,
            700.0
          ],
          [
            9.17365,
            47.317786,
            701.0
          ],
          [
            9.173686,
            47.317756,
            701.0
          ],
          [
            9.173721,
            47.317731,
            701.0
          ],
          [
            9.173776,
            47.317695,
            702.0
          ],
          [
            9.173883,
            47.317658,
            702.0
          ],
          [
            9.173892,
            47.317671,
            702.0
          ],
          [
            9.17391,
            47.317701,
            702.0
          ],
          [
            9.173937,
            47.317731,
            703.0
          ],
          [
            9.173937,
            47.317738,
            703.0
          ],
          [
            9.174009,
            47.317725,
            703.0
          ],
          [
            9.174135,
            47.317719,
            704.0
          ],
          [
            9.174386,
            47.317719,
            705.0
          ],
          [
            9.174476,
            47.317719,
            706.0
          ],
          [
            9.174529,
            47.317713,
            706.0
          ],
          [
            9.174619,
            47.317695,
            707.0
          ],
          [
            9.174665,
            47.317683,
            707.0
          ],
          [
            9.174745,
            47.317658,
            707.0
          ],
          [
            9.174845,
            47.317622,
            708.0
          ],
          [
            9.174925,
            47.317579,
            708.0
          ],
          [
            9.175114,
            47.317457,
            709.0
          ],
          [
            9.175258,
            47.317347,
            710.0
          ],
          [
            9.175392,
            47.317262,
            711.0
          ],
          [
            9.175537,
            47.317183,
            712.0
          ],
          [
            9.175724,
            47.317092,
            713.0
          ],
          [
            9.175778,
            47.317068,
            714.0
          ],
          [
            9.175958,
            47.316995,
            715.0
          ],
          [
            9.176192,
            47.316891,
            716.0
          ],
          [
            9.176309,
            47.316842,
            717.0
          ],
          [
            9.17638,
            47.316824,
            718.0
          ],
          [
            9.176453,
            47.316818,
            718.0
          ],
          [
            9.176533,
            47.316818,
            718.0
          ],
          [
            9.176623,
            47.31683,
            719.0
          ],
          [
            9.176686,
            47.316842,
            719.0
          ],
          [
            9.176758,
            47.316879,
            720.0
          ],
          [
            9.176839,
            47.316922,
            720.0
          ],
          [
            9.176946,
            47.316995,
            721.0
          ],
          [
            9.177027,
            47.317061,
            722.0
          ],
          [
            9.177116,
            47.317141,
            723.0
          ],
          [
            9.177206,
            47.317244,
            724.0
          ],
          [
            9.177269,
            47.317329,
            725.0
          ],
          [
            9.177378,
            47.317463,
            726.0
          ],
          [
            9.177458,
            47.317543,
            727.0
          ],
          [
            9.177512,
            47.317579,
            728.0
          ],
          [
            9.177539,
            47.317604,
            728.0
          ],
          [
            9.177593,
            47.31764,
            728.0
          ],
          [
            9.177584,
            47.317683,
            728.0
          ],
          [
            9.177575,
            47.317762,
            727.0
          ],
          [
            9.177558,
            47.317804,
            727.0
          ],
          [
            9.177548,
            47.317823,
            727.0
          ],
          [
            9.177531,
            47.318157,
            724.0
          ],
          [
            9.177512,
            47.318267,
            726.0
          ],
          [
            9.177521,
            47.318292,
            726.0
          ],
          [
            9.177548,
            47.318328,
            726.0
          ],
          [
            9.177566,
            47.318353,
            727.0
          ],
          [
            9.177575,
            47.318365,
            727.0
          ],
          [
            9.177575,
            47.318377,
            727.0
          ],
          [
            9.177566,
            47.318401,
            727.0
          ],
          [
            9.177629,
            47.318432,
            728.0
          ],
          [
            9.177674,
            47.318462,
            728.0
          ],
          [
            9.177682,
            47.318456,
            729.0
          ],
          [
            9.177701,
            47.318456,
            729.0
          ],
          [
            9.177728,
            47.318462,
            729.0
          ],
          [
            9.178222,
            47.318748,
            733.0
          ],
          [
            9.178248,
            47.318772,
            733.0
          ],
          [
            9.178267,
            47.318797,
            733.0
          ],
          [
            9.178285,
            47.318839,
            733.0
          ],
          [
            9.178277,
            47.318882,
            734.0
          ],
          [
            9.178258,
            47.318919,
            734.0
          ],
          [
            9.178195,
            47.318974,
            734.0
          ],
          [
            9.178051,
            47.319084,
            736.0
          ],
          [
            9.178007,
            47.319132,
            736.0
          ],
          [
            9.177961,
            47.319187,
            737.0
          ],
          [
            9.177925,
            47.319248,
            737.0
          ],
          [
            9.177881,
            47.319345,
            738.0
          ],
          [
            9.177827,
            47.319473,
            739.0
          ],
          [
            9.177791,
            47.319546,
            739.0
          ],
          [
            9.177835,
            47.319552,
            740.0
          ],
          [
            9.177881,
            47.319564,
            740.0
          ],
          [
            9.178087,
            47.319601,
            744.0
          ],
          [
            9.17824,
            47.319625,
            748.0
          ],
          [
            9.178311,
            47.319668,
            750.0
          ],
          [
            9.178401,
            47.319723,
            751.0
          ],
          [
            9.178527,
            47.319759,
            752.0
          ],
          [
            9.178617,
            47.319765,
            753.0
          ],
          [
            9.178635,
            47.319698,
            754.0
          ],
          [
            9.178663,
            47.319637,
            755.0
          ],
          [
            9.17869,
            47.319576,
            756.0
          ],
          [
            9.178724,
            47.319534,
            757.0
          ],
          [
            9.17877,
            47.319497,
            757.0
          ],
          [
            9.178814,
            47.319473,
            758.0
          ],
          [
            9.178887,
            47.319461,
            758.0
          ],
          [
            9.178967,
            47.319467,
            759.0
          ],
          [
            9.179013,
            47.319485,
            760.0
          ],
          [
            9.179076,
            47.319515,
            760.0
          ],
          [
            9.179103,
            47.319546,
            761.0
          ],
          [
            9.17912,
            47.319601,
            762.0
          ],
          [
            9.179111,
            47.319662,
            763.0
          ],
          [
            9.179111,
            47.31971,
            764.0
          ],
          [
            9.179129,
            47.319759,
            765.0
          ],
          [
            9.179166,
            47.31982,
            766.0
          ],
          [
            9.179256,
            47.3199,
            768.0
          ],
          [
            9.179345,
            47.319954,
            770.0
          ],
          [
            9.179426,
            47.319979,
            771.0
          ],
          [
            9.179615,
            47.320033,
            774.0
          ],
          [
            9.179919,
            47.320119,
            778.0
          ],
          [
            9.180288,
            47.320198,
            783.0
          ],
          [
            9.180405,
            47.32021,
            784.0
          ],
          [
            9.180504,
            47.32021,
            785.0
          ],
          [
            9.180602,
            47.320198,
            787.0
          ],
          [
            9.180791,
            47.320167,
            789.0
          ],
          [
            9.180845,
            47.320161,
            790.0
          ],
          [
            9.180898,
            47.320167,
            790.0
          ],
          [
            9.180953,
            47.320179,
            791.0
          ],
          [
            9.181016,
            47.320222,
            792.0
          ],
          [
            9.181133,
            47.320331,
            794.0
          ],
          [
            9.181196,
            47.320411,
            796.0
          ],
          [
            9.181285,
            47.320496,
            797.0
          ],
          [
            9.18133,
            47.320545,
            798.0
          ],
          [
            9.18142,
            47.320612,
            800.0
          ],
          [
            9.181519,
            47.320679,
            802.0
          ],
          [
            9.181644,
            47.320752,
            804.0
          ],
          [
            9.181726,
            47.320801,
            806.0
          ],
          [
            9.181779,
            47.320849,
            807.0
          ],
          [
            9.18186,
            47.320947,
            810.0
          ],
          [
            9.181906,
            47.321032,
            811.0
          ],
          [
            9.18194,
            47.321141,
            813.0
          ],
          [
            9.181977,
            47.321202,
            814.0
          ],
          [
            9.182013,
            47.321245,
            814.0
          ],
          [
            9.182085,
            47.3213,
            815.0
          ],
          [
            9.182148,
            47.321331,
            816.0
          ],
          [
            9.182175,
            47.321337,
            816.0
          ],
          [
            9.182219,
            47.321331,
            817.0
          ],
          [
            9.182256,
            47.321312,
            817.0
          ],
          [
            9.182309,
            47.321263,
            818.0
          ],
          [
            9.182336,
            47.321215,
            819.0
          ],
          [
            9.182355,
            47.32119,
            819.0
          ],
          [
            9.182471,
            47.321251,
            821.0
          ],
          [
            9.182606,
            47.321331,
            824.0
          ],
          [
            9.182749,
            47.321398,
            828.0
          ],
          [
            9.182893,
            47.321477,
            831.0
          ],
          [
            9.182948,
            47.321544,
            833.0
          ],
          [
            9.183011,
            47.321586,
            834.0
          ],
          [
            9.183208,
            47.321696,
            839.0
          ],
          [
            9.183298,
            47.321726,
            841.0
          ],
          [
            9.183432,
            47.321787,
            844.0
          ],
          [
            9.183567,
            47.32186,
            847.0
          ],
          [
            9.18372,
            47.321915,
            850.0
          ],
          [
            9.183827,
            47.321951,
            852.0
          ],
          [
            9.183953,
            47.322,
            855.0
          ],
          [
            9.184313,
            47.322037,
            860.0
          ],
          [
            9.184653,
            47.322122,
            867.0
          ],
          [
            9.184923,
            47.322207,
            871.0
          ],
          [
            9.185103,
            47.32228,
            873.0
          ],
          [
            9.185282,
            47.322408,
            875.0
          ],
          [
            9.185355,
            47.322463,
            876.0
          ],
          [
            9.185552,
            47.322512,
            878.0
          ],
          [
            9.185632,
            47.322536,
            878.0
          ],
          [
            9.185732,
            47.322585,
            879.0
          ],
          [
            9.185858,
            47.322664,
            881.0
          ],
          [
            9.185984,
            47.322774,
            882.0
          ],
          [
            9.186109,
            47.322859,
            883.0
          ],
          [
            9.186253,
            47.32295,
            885.0
          ],
          [
            9.186487,
            47.323072,
            887.0
          ],
          [
            9.186756,
            47.323188,
            889.0
          ],
          [
            9.186953,
            47.323291,
            891.0
          ],
          [
            9.187269,
            47.32348,
            894.0
          ],
          [
            9.187529,
            47.323626,
            896.0
          ],
          [
            9.187879,
            47.323797,
            900.0
          ],
          [
            9.188158,
            47.323918,
            903.0
          ],
          [
            9.188256,
            47.323937,
            903.0
          ],
          [
            9.188311,
            47.324016,
            904.0
          ],
          [
            9.188435,
            47.324064,
            905.0
          ],
          [
            9.188768,
            47.324058,
            908.0
          ],
          [
            9.18929,
            47.32404,
            911.0
          ],
          [
            9.189747,
            47.324016,
            915.0
          ],
          [
            9.190116,
            47.323967,
            918.0
          ],
          [
            9.190519,
            47.323967,
            921.0
          ],
          [
            9.190835,
            47.323985,
            922.0
          ],
          [
            9.190996,
            47.323991,
            922.0
          ],
          [
            9.191077,
            47.323985,
            923.0
          ],
          [
            9.191175,
            47.323973,
            923.0
          ],
          [
            9.191301,
            47.323961,
            923.0
          ],
          [
            9.191374,
            47.323961,
            924.0
          ],
          [
            9.191437,
            47.323961,
            924.0
          ],
          [
            9.191445,
            47.324009,
            924.0
          ],
          [
            9.191464,
            47.324058,
            924.0
          ],
          [
            9.191553,
            47.324174,
            925.0
          ],
          [
            9.191625,
            47.324229,
            925.0
          ],
          [
            9.191661,
            47.324247,
            925.0
          ],
          [
            9.191724,
            47.324253,
            926.0
          ],
          [
            9.191804,
            47.32426,
            926.0
          ],
          [
            9.191894,
            47.324247,
            926.0
          ],
          [
            9.192011,
            47.324235,
            926.0
          ],
          [
            9.192101,
            47.324235,
            927.0
          ],
          [
            9.192173,
            47.324241,
            927.0
          ],
          [
            9.192254,
            47.324272,
            927.0
          ],
          [
            9.192326,
            47.324302,
            928.0
          ],
          [
            9.192397,
            47.324357,
            928.0
          ],
          [
            9.192622,
            47.324533,
            930.0
          ],
          [
            9.192775,
            47.324631,
            932.0
          ],
          [
            9.1929,
            47.324685,
            932.0
          ],
          [
            9.193098,
            47.324752,
            934.0
          ],
          [
            9.193233,
            47.324838,
            935.0
          ],
          [
            9.193458,
            47.324917,
            936.0
          ],
          [
            9.193735,
            47.325002,
            938.0
          ],
          [
            9.19388,
            47.325051,
            939.0
          ],
          [
            9.19397,
            47.325063,
            939.0
          ],
          [
            9.194051,
            47.32507,
            939.0
          ],
          [
            9.194167,
            47.325076,
            940.0
          ],
          [
            9.194391,
            47.325082,
            940.0
          ],
          [
            9.194527,
            47.325088,
            940.0
          ],
          [
            9.194527,
            47.325088,
            940.0
          ],
          [
            9.194571,
            47.325088,
            940.0
          ],
          [
            9.194697,
            47.3251,
            940.0
          ],
          [
            9.19485,
            47.32513,
            940.0
          ],
          [
            9.195047,
            47.325191,
            940.0
          ],
          [
            9.195398,
            47.325337,
            940.0
          ],
          [
            9.195569,
            47.325392,
            940.0
          ],
          [
            9.195668,
            47.325434,
            940.0
          ],
          [
            9.195838,
            47.325507,
            940.0
          ],
          [
            9.196565,
            47.325891,
            940.0
          ],
          [
            9.196737,
            47.325995,
            941.0
          ],
          [
            9.196997,
            47.326147,
            941.0
          ],
          [
            9.197033,
            47.326189,
            942.0
          ],
          [
            9.197167,
            47.326256,
            943.0
          ],
          [
            9.197364,
            47.326354,
            945.0
          ],
          [
            9.197517,
            47.326446,
            947.0
          ],
          [
            9.19768,
            47.326525,
            949.0
          ],
          [
            9.197841,
            47.326628,
            950.0
          ],
          [
            9.197913,
            47.326695,
            951.0
          ],
          [
            9.197949,
            47.32678,
            951.0
          ],
          [
            9.197949,
            47.326859,
            952.0
          ],
          [
            9.197922,
            47.326926,
            952.0
          ],
          [
            9.197877,
            47.327017,
            953.0
          ],
          [
            9.19776,
            47.327219,
            955.0
          ],
          [
            9.197706,
            47.327335,
            955.0
          ],
          [
            9.19768,
            47.32745,
            956.0
          ],
          [
            9.197662,
            47.327535,
            957.0
          ],
          [
            9.197653,
            47.327639,
            958.0
          ],
          [
            9.197653,
            47.32773,
            958.0
          ],
          [
            9.19767,
            47.327809,
            959.0
          ],
          [
            9.197706,
            47.327907,
            959.0
          ],
          [
            9.197743,
            47.32798,
            960.0
          ],
          [
            9.197796,
            47.328041,
            960.0
          ],
          [
            9.197886,
            47.328089,
            960.0
          ],
          [
            9.19803,
            47.328144,
            960.0
          ],
          [
            9.198452,
            47.328211,
            960.0
          ],
          [
            9.198964,
            47.328296,
            960.0
          ],
          [
            9.199162,
            47.328345,
            960.0
          ],
          [
            9.199297,
            47.3284,
            960.0
          ],
          [
            9.199485,
            47.328497,
            960.0
          ],
          [
            9.199656,
            47.328613,
            960.0
          ],
          [
            9.200014,
            47.328942,
            960.0
          ],
          [
            9.200222,
            47.329124,
            960.0
          ],
          [
            9.200366,
            47.32924,
            960.0
          ],
          [
            9.200366,
            47.32924,
            960.0
          ],
          [
            9.200383,
            47.329252,
            960.0
          ],
          [
            9.200716,
            47.329484,
            960.0
          ],
          [
            9.201048,
            47.329678,
            960.0
          ],
          [
            9.201175,
            47.329733,
            960.0
          ],
          [
            9.201318,
            47.329782,
            960.0
          ],
          [
            9.201551,
            47.329824,
            960.0
          ],
          [
            9.201749,
            47.329836,
            960.0
          ],
          [
            9.201947,
            47.329843,
            960.0
          ],
          [
            9.202368,
            47.329824,
            960.0
          ],
          [
            9.202576,
            47.329818,
            960.0
          ],
          [
            9.202683,
            47.329812,
            960.0
          ],
          [
            9.202683,
            47.329563,
            959.0
          ],
          [
            9.201685,
            47.329161,
            950.0
          ],
          [
            9.200859,
            47.328454,
            941.0
          ],
          [
            9.200383,
            47.327925,
            935.0
          ],
          [
            9.20023,
            47.327681,
            933.0
          ],
          [
            9.200276,
            47.32745,
            931.0
          ],
          [
            9.200546,
            47.327237,
            925.0
          ],
          [
            9.200635,
            47.327195,
            923.0
          ],
          [
            9.200716,
            47.327164,
            922.0
          ],
          [
            9.200733,
            47.32714,
            921.0
          ],
          [
            9.200716,
            47.32706,
            919.0
          ],
          [
            9.200643,
            47.326932,
            917.0
          ],
          [
            9.20059,
            47.326823,
            915.0
          ],
          [
            9.200527,
            47.32675,
            914.0
          ],
          [
            9.200483,
            47.326689,
            913.0
          ],
          [
            9.200483,
            47.326622,
            912.0
          ],
          [
            9.200473,
            47.326378,
            908.0
          ],
          [
            9.200456,
            47.326232,
            906.0
          ],
          [
            9.200419,
            47.326031,
            904.0
          ],
          [
            9.200383,
            47.325922,
            902.0
          ],
          [
            9.200374,
            47.325812,
            901.0
          ],
          [
            9.200393,
            47.325574,
            897.0
          ],
          [
            9.200383,
            47.325361,
            894.0
          ],
          [
            9.200347,
            47.325295,
            892.0
          ],
          [
            9.200339,
            47.32524,
            891.0
          ],
          [
            9.20032,
            47.325191,
            891.0
          ],
          [
            9.200383,
            47.325106,
            889.0
          ],
          [
            9.200456,
            47.325002,
            887.0
          ],
          [
            9.2005,
            47.324911,
            883.0
          ],
          [
            9.200536,
            47.324874,
            881.0
          ],
          [
            9.20068,
            47.324831,
            880.0
          ],
          [
            9.200968,
            47.324704,
            876.0
          ],
          [
            9.201192,
            47.324564,
            871.0
          ],
          [
            9.201291,
            47.324552,
            871.0
          ],
          [
            9.201435,
            47.32454,
            870.0
          ],
          [
            9.201569,
            47.324576,
            870.0
          ],
          [
            9.201685,
            47.324588,
            868.0
          ],
          [
            9.201758,
            47.324558,
            868.0
          ],
          [
            9.201802,
            47.324515,
            867.0
          ],
          [
            9.201785,
            47.324454,
            866.0
          ],
          [
            9.201668,
            47.324327,
            863.0
          ],
          [
            9.201622,
            47.324278,
            862.0
          ],
          [
            9.201605,
            47.324211,
            861.0
          ],
          [
            9.201614,
            47.324131,
            860.0
          ],
          [
            9.201848,
            47.324192,
            860.0
          ],
          [
            9.201964,
            47.324229,
            860.0
          ],
          [
            9.202091,
            47.324272,
            860.0
          ],
          [
            9.202091,
            47.324272,
            860.0
          ],
          [
            9.202791,
            47.324491,
            858.0
          ],
          [
            9.203169,
            47.324588,
            857.0
          ],
          [
            9.203456,
            47.324649,
            857.0
          ],
          [
            9.204022,
            47.324765,
            855.0
          ],
          [
            9.204588,
            47.32485,
            854.0
          ],
          [
            9.205108,
            47.324911,
            853.0
          ],
          [
            9.205639,
            47.324941,
            852.0
          ],
          [
            9.207282,
            47.325015,
            845.0
          ],
          [
            9.208297,
            47.325051,
            839.0
          ],
          [
            9.20845,
            47.325051,
            838.0
          ],
          [
            9.208809,
            47.325057,
            836.0
          ],
          [
            9.208953,
            47.325039,
            835.0
          ],
          [
            9.209062,
            47.32499,
            834.0
          ],
          [
            9.209232,
            47.324874,
            833.0
          ],
          [
            9.209484,
            47.324643,
            830.0
          ],
          [
            9.209519,
            47.324606,
            830.0
          ],
          [
            9.209771,
            47.324679,
            830.0
          ],
          [
            9.209788,
            47.324649,
            830.0
          ],
          [
            9.209815,
            47.324625,
            829.0
          ],
          [
            9.209851,
            47.324606,
            829.0
          ],
          [
            9.209897,
            47.3246,
            829.0
          ],
          [
            9.209951,
            47.324594,
            829.0
          ],
          [
            9.209995,
            47.324606,
            828.0
          ],
          [
            9.210157,
            47.324655,
            827.0
          ],
          [
            9.210238,
            47.324667,
            827.0
          ],
          [
            9.210301,
            47.324661,
            826.0
          ],
          [
            9.210444,
            47.324625,
            826.0
          ],
          [
            9.211333,
            47.324321,
            820.0
          ],
          [
            9.212151,
            47.32404,
            814.0
          ],
          [
            9.212402,
            47.323949,
            813.0
          ],
          [
            9.212511,
            47.3239,
            812.0
          ],
          [
            9.212555,
            47.323839,
            811.0
          ],
          [
            9.212591,
            47.323772,
            810.0
          ],
          [
            9.212618,
            47.323669,
            810.0
          ],
          [
            9.21261,
            47.323553,
            810.0
          ],
          [
            9.212582,
            47.323431,
            810.0
          ],
          [
            9.212547,
            47.323321,
            810.0
          ],
          [
            9.212547,
            47.323242,
            810.0
          ],
          [
            9.212637,
            47.323242,
            810.0
          ],
          [
            9.212771,
            47.323267,
            810.0
          ],
          [
            9.213167,
            47.323346,
            810.0
          ],
          [
            9.213283,
            47.323376,
            810.0
          ],
          [
            9.21332,
            47.323401,
            810.0
          ],
          [
            9.213391,
            47.32337,
            810.0
          ],
          [
            9.213463,
            47.323352,
            810.0
          ],
          [
            9.213534,
            47.323358,
            810.0
          ],
          [
            9.213769,
            47.323401,
            810.0
          ],
          [
            9.213894,
            47.323437,
            810.0
          ],
          [
            9.214046,
            47.323492,
            810.0
          ],
          [
            9.214136,
            47.323523,
            810.0
          ],
          [
            9.21437,
            47.32362,
            810.0
          ],
          [
            9.214379,
            47.323626,
            810.0
          ],
          [
            9.214451,
            47.323675,
            810.0
          ],
          [
            9.214505,
            47.32376,
            810.0
          ],
          [
            9.214568,
            47.323912,
            810.0
          ],
          [
            9.214604,
            47.324113,
            810.0
          ],
          [
            9.214649,
            47.324186,
            810.0
          ],
          [
            9.214702,
            47.324253,
            810.0
          ],
          [
            9.214784,
            47.324302,
            810.0
          ],
          [
            9.214882,
            47.324345,
            810.0
          ],
          [
            9.215088,
            47.324418,
            810.0
          ],
          [
            9.215322,
            47.324479,
            810.0
          ],
          [
            9.215385,
            47.324515,
            810.0
          ],
          [
            9.215681,
            47.32474,
            810.0
          ],
          [
            9.215744,
            47.324789,
            810.0
          ],
          [
            9.215727,
            47.324819,
            810.0
          ],
          [
            9.215754,
            47.324868,
            810.0
          ],
          [
            9.215817,
            47.324905,
            810.0
          ],
          [
            9.215943,
            47.324905,
            810.0
          ],
          [
            9.216067,
            47.324923,
            811.0
          ],
          [
            9.216184,
            47.32496,
            811.0
          ],
          [
            9.21631,
            47.324972,
            811.0
          ],
          [
            9.216517,
            47.324984,
            812.0
          ],
          [
            9.216696,
            47.325015,
            812.0
          ],
          [
            9.216805,
            47.325076,
            812.0
          ],
          [
            9.216876,
            47.325149,
            812.0
          ],
          [
            9.216993,
            47.325228,
            813.0
          ],
          [
            9.217173,
            47.325301,
            813.0
          ],
          [
            9.217496,
            47.325434,
            814.0
          ],
          [
            9.21791,
            47.325642,
            815.0
          ],
          [
            9.218197,
            47.325788,
            815.0
          ],
          [
            9.218547,
            47.32594,
            816.0
          ],
          [
            9.21887,
            47.326043,
            817.0
          ],
          [
            9.219186,
            47.326098,
            817.0
          ],
          [
            9.219302,
            47.326141,
            818.0
          ],
          [
            9.219482,
            47.326177,
            818.0
          ],
          [
            9.219778,
            47.326275,
            819.0
          ],
          [
            9.220029,
            47.326372,
            819.0
          ],
          [
            9.220362,
            47.326452,
            820.0
          ],
          [
            9.22074,
            47.326567,
            821.0
          ],
          [
            9.221081,
            47.326659,
            822.0
          ],
          [
            9.221484,
            47.326695,
            824.0
          ],
          [
            9.221727,
            47.326744,
            825.0
          ],
          [
            9.221844,
            47.326805,
            825.0
          ],
          [
            9.222086,
            47.326944,
            826.0
          ],
          [
            9.222465,
            47.327188,
            828.0
          ],
          [
            9.222599,
            47.327298,
            829.0
          ],
          [
            9.222662,
            47.327401,
            829.0
          ],
          [
            9.222689,
            47.327505,
            830.0
          ],
          [
            9.222689,
            47.32762,
            831.0
          ],
          [
            9.222608,
            47.327718,
            832.0
          ],
          [
            9.222562,
            47.327797,
            832.0
          ],
          [
            9.222518,
            47.327876,
            833.0
          ],
          [
            9.222446,
            47.327901,
            834.0
          ],
          [
            9.222455,
            47.327944,
            834.0
          ],
          [
            9.222446,
            47.327986,
            834.0
          ],
          [
            9.222365,
            47.32812,
            836.0
          ],
          [
            9.22232,
            47.328217,
            836.0
          ],
          [
            9.222455,
            47.328241,
            837.0
          ],
          [
            9.222581,
            47.32826,
            837.0
          ],
          [
            9.222796,
            47.32829,
            837.0
          ],
          [
            9.222967,
            47.328308,
            837.0
          ],
          [
            9.223344,
            47.328351,
            837.0
          ],
          [
            9.22374,
            47.328393,
            837.0
          ],
          [
            9.22401,
            47.32843,
            837.0
          ],
          [
            9.22479,
            47.328522,
            838.0
          ],
          [
            9.224952,
            47.328546,
            838.0
          ],
          [
            9.225096,
            47.328564,
            838.0
          ],
          [
            9.225239,
            47.328595,
            838.0
          ],
          [
            9.225375,
            47.328625,
            838.0
          ],
          [
            9.226102,
            47.328808,
            839.0
          ],
          [
            9.226246,
            47.328851,
            839.0
          ],
          [
            9.22647,
            47.328911,
            839.0
          ],
          [
            9.226524,
            47.32893,
            839.0
          ],
          [
            9.226614,
            47.328972,
            839.0
          ],
          [
            9.226704,
            47.329015,
            839.0
          ],
          [
            9.226757,
            47.328984,
            839.0
          ],
          [
            9.226803,
            47.328948,
            839.0
          ],
          [
            9.226839,
            47.328911,
            839.0
          ],
          [
            9.226893,
            47.328832,
            839.0
          ],
          [
            9.22691,
            47.328802,
            839.0
          ],
          [
            9.22692,
            47.328765,
            839.0
          ],
          [
            9.226973,
            47.328564,
            839.0
          ],
          [
            9.227,
            47.328461,
            839.0
          ],
          [
            9.22701,
            47.328412,
            839.0
          ],
          [
            9.227019,
            47.328387,
            839.0
          ],
          [
            9.227019,
            47.328363,
            839.0
          ],
          [
            9.227027,
            47.328308,
            839.0
          ],
          [
            9.227019,
            47.328162,
            839.0
          ],
          [
            9.227054,
            47.328162,
            839.0
          ],
          [
            9.227881,
            47.328503,
            840.0
          ],
          [
            9.228105,
            47.328601,
            840.0
          ],
          [
            9.228285,
            47.32865,
            841.0
          ],
          [
            9.228402,
            47.328668,
            841.0
          ],
          [
            9.228537,
            47.328674,
            842.0
          ],
          [
            9.228635,
            47.328656,
            843.0
          ],
          [
            9.228815,
            47.328601,
            844.0
          ],
          [
            9.228914,
            47.328601,
            844.0
          ],
          [
            9.229031,
            47.328595,
            845.0
          ],
          [
            9.229048,
            47.328601,
            845.0
          ],
          [
            9.229111,
            47.328619,
            845.0
          ],
          [
            9.229138,
            47.328619,
            845.0
          ],
          [
            9.229247,
            47.328668,
            846.0
          ],
          [
            9.229327,
            47.328747,
            847.0
          ],
          [
            9.229462,
            47.32893,
            848.0
          ],
          [
            9.229552,
            47.328984,
            849.0
          ],
          [
            9.22965,
            47.329009,
            849.0
          ],
          [
            9.229749,
            47.329027,
            850.0
          ],
          [
            9.229876,
            47.329021,
            850.0
          ],
          [
            9.230082,
            47.328996,
            852.0
          ],
          [
            9.230495,
            47.328905,
            856.0
          ],
          [
            9.230585,
            47.328893,
            857.0
          ],
          [
            9.230665,
            47.328887,
            860.0
          ],
          [
            9.230719,
            47.328899,
            863.0
          ],
          [
            9.230801,
            47.328936,
            862.0
          ],
          [
            9.230981,
            47.329063,
            861.0
          ],
          [
            9.23125,
            47.329228,
            862.0
          ],
          [
            9.23178,
            47.329393,
            866.0
          ],
          [
            9.23186,
            47.329271,
            868.0
          ],
          [
            9.231923,
            47.329265,
            869.0
          ],
          [
            9.232273,
            47.329228,
            873.0
          ],
          [
            9.232579,
            47.329277,
            876.0
          ],
          [
            9.233038,
            47.329338,
            880.0
          ],
          [
            9.233828,
            47.329514,
            883.0
          ],
          [
            9.233971,
            47.32946,
            883.0
          ],
          [
            9.23408,
            47.329447,
            884.0
          ],
          [
            9.23425,
            47.329472,
            884.0
          ],
          [
            9.234457,
            47.329441,
            885.0
          ],
          [
            9.234654,
            47.329301,
            888.0
          ],
          [
            9.234942,
            47.328899,
            895.0
          ],
          [
            9.235355,
            47.328387,
            902.0
          ],
          [
            9.235759,
            47.328035,
            908.0
          ],
          [
            9.236055,
            47.327809,
            912.0
          ],
          [
            9.236415,
            47.327511,
            917.0
          ],
          [
            9.236487,
            47.327407,
            919.0
          ],
          [
            9.236495,
            47.327286,
            920.0
          ],
          [
            9.236514,
            47.327164,
            921.0
          ],
          [
            9.236594,
            47.327127,
            922.0
          ],
          [
            9.236711,
            47.327109,
            923.0
          ],
          [
            9.23682,
            47.327158,
            923.0
          ],
          [
            9.236954,
            47.327182,
            924.0
          ],
          [
            9.237071,
            47.327115,
            925.0
          ],
          [
            9.23717,
            47.327036,
            926.0
          ],
          [
            9.237627,
            47.326987,
            929.0
          ],
          [
            9.238059,
            47.326908,
            931.0
          ],
          [
            9.238409,
            47.32678,
            932.0
          ],
          [
            9.239055,
            47.326567,
            935.0
          ],
          [
            9.239128,
            47.3265,
            935.0
          ],
          [
            9.239164,
            47.326403,
            936.0
          ],
          [
            9.239092,
            47.326238,
            937.0
          ],
          [
            9.239784,
            47.326116,
            942.0
          ],
          [
            9.240008,
            47.32611,
            944.0
          ],
          [
            9.240359,
            47.326159,
            947.0
          ],
          [
            9.240763,
            47.326202,
            950.0
          ],
          [
            9.240996,
            47.326226,
            952.0
          ],
          [
            9.241248,
            47.326226,
            954.0
          ],
          [
            9.241472,
            47.326214,
            955.0
          ],
          [
            9.241661,
            47.326177,
            957.0
          ],
          [
            9.241894,
            47.326104,
            959.0
          ],
          [
            9.242065,
            47.326031,
            960.0
          ],
          [
            9.242245,
            47.325928,
            962.0
          ],
          [
            9.242397,
            47.3258,
            964.0
          ],
          [
            9.242596,
            47.325544,
            967.0
          ],
          [
            9.24282,
            47.325264,
            970.0
          ],
          [
            9.242982,
            47.325045,
            973.0
          ],
          [
            9.243072,
            47.325015,
            973.0
          ],
          [
            9.24335,
            47.324893,
            972.0
          ],
          [
            9.243583,
            47.324899,
            971.0
          ],
          [
            9.243835,
            47.324954,
            971.0
          ],
          [
            9.243988,
            47.325063,
            970.0
          ],
          [
            9.244185,
            47.325258,
            968.0
          ],
          [
            9.244321,
            47.325361,
            967.0
          ],
          [
            9.244473,
            47.325386,
            965.0
          ],
          [
            9.244581,
            47.325319,
            964.0
          ],
          [
            9.244814,
            47.325082,
            961.0
          ],
          [
            9.244931,
            47.325051,
            960.0
          ],
          [
            9.245101,
            47.325094,
            960.0
          ],
          [
            9.245281,
            47.325124,
            962.0
          ],
          [
            9.245416,
            47.325118,
            963.0
          ],
          [
            9.245542,
            47.325112,
            965.0
          ],
          [
            9.245722,
            47.325057,
            966.0
          ],
          [
            9.246135,
            47.324862,
            971.0
          ],
          [
            9.246386,
            47.324765,
            974.0
          ],
          [
            9.246575,
            47.324692,
            976.0
          ],
          [
            9.246665,
            47.324667,
            977.0
          ],
          [
            9.246745,
            47.324667,
            978.0
          ],
          [
            9.246781,
            47.324692,
            978.0
          ],
          [
            9.246781,
            47.32474,
            979.0
          ],
          [
            9.246728,
            47.324795,
            980.0
          ],
          [
            9.246611,
            47.324886,
            981.0
          ],
          [
            9.246521,
            47.325027,
            983.0
          ],
          [
            9.246439,
            47.32524,
            985.0
          ],
          [
            9.246449,
            47.325447,
            988.0
          ],
          [
            9.246485,
            47.325599,
            990.0
          ],
          [
            9.246539,
            47.325696,
            991.0
          ],
          [
            9.246646,
            47.325855,
            993.0
          ],
          [
            9.246718,
            47.325916,
            994.0
          ],
          [
            9.246764,
            47.325946,
            994.0
          ],
          [
            9.246808,
            47.325946,
            995.0
          ],
          [
            9.246854,
            47.32594,
            995.0
          ],
          [
            9.246862,
            47.325916,
            995.0
          ],
          [
            9.246862,
            47.325812,
            997.0
          ],
          [
            9.246871,
            47.325733,
            997.0
          ],
          [
            9.246925,
            47.325617,
            999.0
          ],
          [
            9.247087,
            47.325471,
            1001.0
          ],
          [
            9.247284,
            47.32538,
            1003.0
          ],
          [
            9.247554,
            47.325301,
            1006.0
          ],
          [
            9.24777,
            47.325258,
            1007.0
          ],
          [
            9.247958,
            47.325252,
            1009.0
          ],
          [
            9.248021,
            47.325295,
            1010.0
          ],
          [
            9.248057,
            47.325313,
            1011.0
          ],
          [
            9.248084,
            47.325374,
            1013.0
          ],
          [
            9.248147,
            47.325495,
            1017.0
          ],
          [
            9.248263,
            47.325684,
            1024.0
          ],
          [
            9.248326,
            47.325733,
            1026.0
          ],
          [
            9.248389,
            47.325782,
            1028.0
          ],
          [
            9.248462,
            47.325861,
            1030.0
          ],
          [
            9.248686,
            47.325989,
            1034.0
          ],
          [
            9.248812,
            47.326043,
            1037.0
          ],
          [
            9.249036,
            47.326068,
            1040.0
          ],
          [
            9.249179,
            47.326183,
            1043.0
          ],
          [
            9.249324,
            47.326256,
            1045.0
          ],
          [
            9.249504,
            47.326366,
            1048.0
          ],
          [
            9.249898,
            47.326513,
            1054.0
          ],
          [
            9.250078,
            47.32661,
            1058.0
          ],
          [
            9.250401,
            47.326707,
            1062.0
          ],
          [
            9.25085,
            47.326896,
            1068.0
          ],
          [
            9.251049,
            47.326981,
            1070.0
          ],
          [
            9.25121,
            47.327024,
            1071.0
          ],
          [
            9.25156,
            47.327133,
            1072.0
          ],
          [
            9.251623,
            47.327146,
            1072.0
          ],
          [
            9.251686,
            47.327152,
            1073.0
          ],
          [
            9.251731,
            47.327152,
            1073.0
          ],
          [
            9.251803,
            47.327152,
            1073.0
          ],
          [
            9.251902,
            47.32714,
            1073.0
          ],
          [
            9.252252,
            47.327097,
            1074.0
          ],
          [
            9.252558,
            47.32706,
            1075.0
          ],
          [
            9.252684,
            47.327036,
            1076.0
          ],
          [
            9.25315,
            47.326944,
            1077.0
          ],
          [
            9.253294,
            47.32692,
            1078.0
          ],
          [
            9.253437,
            47.326908,
            1078.0
          ],
          [
            9.253555,
            47.326902,
            1079.0
          ],
          [
            9.253663,
            47.326902,
            1079.0
          ],
          [
            9.253852,
            47.326908,
            1080.0
          ],
          [
            9.254013,
            47.326926,
            1081.0
          ],
          [
            9.254238,
            47.326963,
            1082.0
          ],
          [
            9.254418,
            47.326999,
            1084.0
          ],
          [
            9.254561,
            47.327036,
            1085.0
          ],
          [
            9.254732,
            47.327091,
            1087.0
          ],
          [
            9.256177,
            47.32759,
            1090.0
          ],
          [
            9.25625,
            47.327614,
            1090.0
          ],
          [
            9.256294,
            47.32762,
            1090.0
          ],
          [
            9.25633,
            47.327626,
            1090.0
          ],
          [
            9.256376,
            47.327626,
            1090.0
          ],
          [
            9.256439,
            47.327614,
            1090.0
          ],
          [
            9.256537,
            47.327578,
            1090.0
          ],
          [
            9.256663,
            47.327529,
            1090.0
          ],
          [
            9.256743,
            47.327487,
            1090.0
          ],
          [
            9.256816,
            47.327444,
            1090.0
          ],
          [
            9.256879,
            47.327401,
            1090.0
          ],
          [
            9.256932,
            47.327377,
            1090.0
          ],
          [
            9.256995,
            47.327353,
            1090.0
          ],
          [
            9.257103,
            47.327328,
            1090.0
          ],
          [
            9.257274,
            47.327298,
            1090.0
          ],
          [
            9.257498,
            47.327255,
            1090.0
          ],
          [
            9.257624,
            47.327225,
            1090.0
          ],
          [
            9.257732,
            47.327188,
            1090.0
          ],
          [
            9.257821,
            47.327152,
            1090.0
          ],
          [
            9.258064,
            47.327036,
            1090.0
          ],
          [
            9.258316,
            47.326914,
            1090.0
          ],
          [
            9.25837,
            47.326877,
            1090.0
          ],
          [
            9.258406,
            47.326841,
            1090.0
          ],
          [
            9.258424,
            47.326805,
            1090.0
          ],
          [
            9.258468,
            47.326689,
            1090.0
          ],
          [
            9.258558,
            47.326683,
            1090.0
          ],
          [
            9.258729,
            47.326659,
            1090.0
          ],
          [
            9.259951,
            47.326519,
            1092.0
          ],
          [
            9.260292,
            47.326507,
            1094.0
          ],
          [
            9.260498,
            47.326531,
            1096.0
          ],
          [
            9.260724,
            47.326567,
            1098.0
          ],
          [
            9.261047,
            47.326634,
            1100.0
          ],
          [
            9.261307,
            47.326689,
            1101.0
          ],
          [
            9.26181,
            47.326768,
            1103.0
          ],
          [
            9.262196,
            47.326798,
            1104.0
          ],
          [
            9.262672,
            47.326798,
            1106.0
          ],
          [
            9.263328,
            47.326756,
            1108.0
          ],
          [
            9.263741,
            47.326707,
            1109.0
          ],
          [
            9.263921,
            47.326671,
            1110.0
          ],
          [
            9.264047,
            47.326616,
            1110.0
          ],
          [
            9.264182,
            47.326592,
            1111.0
          ],
          [
            9.264146,
            47.326507,
            1111.0
          ],
          [
            9.264146,
            47.326446,
            1111.0
          ],
          [
            9.264164,
            47.326409,
            1112.0
          ],
          [
            9.264253,
            47.326299,
            1112.0
          ],
          [
            9.264326,
            47.326159,
            1113.0
          ],
          [
            9.26446,
            47.325861,
            1114.0
          ],
          [
            9.264569,
            47.32577,
            1114.0
          ],
          [
            9.264666,
            47.325684,
            1115.0
          ],
          [
            9.264873,
            47.325574,
            1115.0
          ],
          [
            9.265053,
            47.325538,
            1116.0
          ],
          [
            9.265287,
            47.325501,
            1117.0
          ],
          [
            9.265458,
            47.325459,
            1117.0
          ],
          [
            9.265565,
            47.325398,
            1117.0
          ],
          [
            9.265592,
            47.325343,
            1118.0
          ],
          [
            9.265592,
            47.325288,
            1118.0
          ],
          [
            9.265637,
            47.325155,
            1118.0
          ],
          [
            9.265674,
            47.324917,
            1119.0
          ],
          [
            9.265664,
            47.324789,
            1120.0
          ],
          [
            9.265798,
            47.324436,
            1120.0
          ],
          [
            9.265942,
            47.324229,
            1120.0
          ],
          [
            9.265987,
            47.324198,
            1120.0
          ],
          [
            9.265961,
            47.324143,
            1120.0
          ],
          [
            9.265961,
            47.324076,
            1119.0
          ],
          [
            9.266104,
            47.324101,
            1117.0
          ],
          [
            9.266481,
            47.324125,
            1111.0
          ],
          [
            9.266805,
            47.324082,
            1105.0
          ],
          [
            9.266976,
            47.324022,
            1102.0
          ],
          [
            9.267137,
            47.323894,
            1098.0
          ],
          [
            9.267316,
            47.323833,
            1094.0
          ],
          [
            9.267632,
            47.323803,
            1089.0
          ],
          [
            9.267991,
            47.323827,
            1085.0
          ],
          [
            9.268395,
            47.323718,
            1080.0
          ],
          [
            9.268584,
            47.323602,
            1079.0
          ],
          [
            9.268754,
            47.323388,
            1077.0
          ],
          [
            9.26879,
            47.323121,
            1075.0
          ],
          [
            9.268871,
            47.323078,
            1075.0
          ],
          [
            9.268997,
            47.322987,
            1074.0
          ],
          [
            9.268844,
            47.322914,
            1073.0
          ],
          [
            9.268961,
            47.322804,
            1072.0
          ],
          [
            9.269131,
            47.322731,
            1071.0
          ],
          [
            9.268961,
            47.322335,
            1069.0
          ],
          [
            9.268727,
            47.321653,
            1065.0
          ],
          [
            9.268772,
            47.321525,
            1064.0
          ],
          [
            9.268861,
            47.321465,
            1064.0
          ],
          [
            9.269077,
            47.321416,
            1063.0
          ],
          [
            9.269832,
            47.321337,
            1061.0
          ],
          [
            9.270228,
            47.321227,
            1056.0
          ],
          [
            9.270766,
            47.321154,
            1049.0
          ],
          [
            9.270919,
            47.321074,
            1046.0
          ],
          [
            9.270982,
            47.320977,
            1044.0
          ],
          [
            9.271054,
            47.320904,
            1042.0
          ],
          [
            9.271098,
            47.320831,
            1041.0
          ],
          [
            9.271135,
            47.320746,
            1039.0
          ],
          [
            9.271153,
            47.320643,
            1038.0
          ],
          [
            9.271098,
            47.320435,
            1035.0
          ],
          [
            9.271098,
            47.320337,
            1034.0
          ],
          [
            9.271125,
            47.3201,
            1031.0
          ],
          [
            9.271171,
            47.319942,
            1029.0
          ],
          [
            9.271207,
            47.319796,
            1025.0
          ],
          [
            9.271234,
            47.319564,
            1020.0
          ],
          [
            9.271234,
            47.319382,
            1019.0
          ],
          [
            9.271727,
            47.319558,
            1018.0
          ],
          [
            9.27188,
            47.319655,
            1017.0
          ],
          [
            9.271926,
            47.319741,
            1017.0
          ],
          [
            9.271979,
            47.319881,
            1017.0
          ],
          [
            9.272096,
            47.319979,
            1016.0
          ],
          [
            9.272213,
            47.320094,
            1016.0
          ],
          [
            9.272257,
            47.320204,
            1015.0
          ],
          [
            9.272276,
            47.320337,
            1015.0
          ],
          [
            9.27232,
            47.320466,
            1014.0
          ],
          [
            9.272456,
            47.320722,
            1013.0
          ],
          [
            9.272698,
            47.320953,
            1012.0
          ],
          [
            9.272823,
            47.320971,
            1012.0
          ],
          [
            9.272922,
            47.321068,
            1011.0
          ],
          [
            9.273039,
            47.321215,
            1011.0
          ],
          [
            9.273201,
            47.321245,
            1010.0
          ],
          [
            9.273408,
            47.321202,
            1009.0
          ],
          [
            9.273685,
            47.321135,
            1007.0
          ],
          [
            9.274054,
            47.321135,
            1003.0
          ],
          [
            9.274224,
            47.321147,
            1002.0
          ],
          [
            9.274557,
            47.321184,
            999.0
          ],
          [
            9.274674,
            47.321154,
            998.0
          ],
          [
            9.274727,
            47.321111,
            997.0
          ],
          [
            9.274727,
            47.320983,
            995.0
          ],
          [
            9.274674,
            47.320898,
            994.0
          ],
          [
            9.27444,
            47.320703,
            991.0
          ],
          [
            9.27427,
            47.3206,
            989.0
          ],
          [
            9.274001,
            47.320514,
            986.0
          ],
          [
            9.27383,
            47.320459,
            984.0
          ],
          [
            9.27374,
            47.32038,
            983.0
          ],
          [
            9.273632,
            47.320192,
            980.0
          ],
          [
            9.273605,
            47.320046,
            978.0
          ],
          [
            9.27365,
            47.319894,
            976.0
          ],
          [
            9.273748,
            47.319796,
            974.0
          ],
          [
            9.273911,
            47.319771,
            973.0
          ],
          [
            9.27419,
            47.319881,
            970.0
          ],
          [
            9.274243,
            47.319906,
            969.0
          ],
          [
            9.274306,
            47.319924,
            968.0
          ],
          [
            9.27436,
            47.319936,
            968.0
          ],
          [
            9.274423,
            47.319942,
            967.0
          ],
          [
            9.274503,
            47.319948,
            967.0
          ],
          [
            9.274593,
            47.319954,
            966.0
          ],
          [
            9.274737,
            47.319948,
            965.0
          ],
          [
            9.27489,
            47.319942,
            963.0
          ],
          [
            9.274997,
            47.319936,
            962.0
          ],
          [
            9.275096,
            47.319942,
            962.0
          ],
          [
            9.275177,
            47.319948,
            961.0
          ],
          [
            9.275276,
            47.31996,
            960.0
          ],
          [
            9.275375,
            47.319979,
            959.0
          ],
          [
            9.275456,
            47.319997,
            958.0
          ],
          [
            9.275662,
            47.320046,
            956.0
          ],
          [
            9.275735,
            47.320058,
            956.0
          ],
          [
            9.275842,
            47.320082,
            955.0
          ],
          [
            9.276327,
            47.320149,
            950.0
          ],
          [
            9.276417,
            47.320155,
            950.0
          ],
          [
            9.27648,
            47.320149,
            949.0
          ],
          [
            9.276524,
            47.320143,
            948.0
          ],
          [
            9.276578,
            47.320125,
            948.0
          ],
          [
            9.276633,
            47.3201,
            947.0
          ],
          [
            9.276677,
            47.320064,
            947.0
          ],
          [
            9.276714,
            47.320015,
            946.0
          ],
          [
            9.276731,
            47.319973,
            945.0
          ],
          [
            9.276758,
            47.3199,
            944.0
          ],
          [
            9.276767,
            47.319845,
            943.0
          ],
          [
            9.276777,
            47.319765,
            942.0
          ],
          [
            9.276777,
            47.319631,
            940.0
          ],
          [
            9.276785,
            47.319558,
            939.0
          ],
          [
            9.276794,
            47.319497,
            939.0
          ],
          [
            9.276821,
            47.319449,
            938.0
          ],
          [
            9.27683,
            47.319424,
            938.0
          ],
          [
            9.276857,
            47.319412,
            938.0
          ],
          [
            9.276893,
            47.319388,
            938.0
          ],
          [
            9.276875,
            47.319333,
            937.0
          ],
          [
            9.276866,
            47.319309,
            937.0
          ],
          [
            9.276848,
            47.319284,
            936.0
          ],
          [
            9.276821,
            47.319254,
            936.0
          ],
          [
            9.276777,
            47.319224,
            936.0
          ],
          [
            9.276614,
            47.319132,
            934.0
          ],
          [
            9.276767,
            47.318986,
            933.0
          ],
          [
            9.276848,
            47.318827,
            931.0
          ],
          [
            9.276956,
            47.318669,
            928.0
          ],
          [
            9.276974,
            47.318493,
            923.0
          ],
          [
            9.277037,
            47.318365,
            919.0
          ],
          [
            9.277109,
            47.318335,
            917.0
          ],
          [
            9.277324,
            47.318292,
            913.0
          ],
          [
            9.277729,
            47.31828,
            906.0
          ],
          [
            9.278222,
            47.318322,
            898.0
          ],
          [
            9.278555,
            47.318377,
            892.0
          ],
          [
            9.278537,
            47.318328,
            891.0
          ],
          [
            9.278672,
            47.318188,
            887.0
          ],
          [
            9.278735,
            47.318194,
            887.0
          ],
          [
            9.278806,
            47.31817,
            886.0
          ],
          [
            9.278861,
            47.318139,
            885.0
          ],
          [
            9.278888,
            47.318102,
            885.0
          ],
          [
            9.278896,
            47.318048,
            884.0
          ],
          [
            9.278888,
            47.318005,
            884.0
          ],
          [
            9.278932,
            47.317957,
            882.0
          ],
          [
            9.279274,
            47.317622,
            873.0
          ],
          [
            9.27975,
            47.317604,
            866.0
          ],
          [
            9.280046,
            47.31761,
            863.0
          ],
          [
            9.280702,
            47.317616,
            856.0
          ],
          [
            9.281115,
            47.31761,
            853.0
          ],
          [
            9.281331,
            47.317604,
            851.0
          ],
          [
            9.281601,
            47.317628,
            848.0
          ],
          [
            9.281645,
            47.317634,
            848.0
          ],
          [
            9.281717,
            47.317646,
            847.0
          ],
          [
            9.281798,
            47.317634,
            846.0
          ],
          [
            9.281851,
            47.317622,
            846.0
          ],
          [
            9.281941,
            47.317579,
            845.0
          ],
          [
            9.282022,
            47.317549,
            844.0
          ],
          [
            9.282094,
            47.317543,
            843.0
          ],
          [
            9.282157,
            47.317512,
            843.0
          ],
          [
            9.28223,
            47.317445,
            841.0
          ],
          [
            9.282274,
            47.317396,
            841.0
          ],
          [
            9.282444,
            47.317274,
            838.0
          ],
          [
            9.282885,
            47.317463,
            835.0
          ],
          [
            9.282966,
            47.317476,
            834.0
          ],
          [
            9.283182,
            47.317476,
            833.0
          ],
          [
            9.283235,
            47.317476,
            833.0
          ],
          [
            9.283316,
            47.317469,
            833.0
          ],
          [
            9.283379,
            47.317439,
            832.0
          ],
          [
            9.283451,
            47.317402,
            832.0
          ],
          [
            9.283496,
            47.317372,
            831.0
          ],
          [
            9.283568,
            47.317421,
            831.0
          ],
          [
            9.28372,
            47.317518,
            831.0
          ],
          [
            9.283765,
            47.317488,
            831.0
          ],
          [
            9.283828,
            47.317445,
            831.0
          ],
          [
            9.283918,
            47.317506,
            830.0
          ],
          [
            9.283927,
            47.317476,
            830.0
          ],
          [
            9.283954,
            47.317445,
            830.0
          ],
          [
            9.284008,
            47.317421,
            830.0
          ],
          [
            9.284061,
            47.317402,
            830.0
          ],
          [
            9.284196,
            47.317378,
            830.0
          ],
          [
            9.284375,
            47.317353,
            829.0
          ],
          [
            9.284637,
            47.317341,
            827.0
          ],
          [
            9.284717,
            47.317341,
            826.0
          ],
          [
            9.28487,
            47.317347,
            825.0
          ],
          [
            9.285004,
            47.317537,
            825.0
          ],
          [
            9.285086,
            47.31764,
            825.0
          ],
          [
            9.285104,
            47.317665,
            825.0
          ],
          [
            9.285256,
            47.317604,
            824.0
          ],
          [
            9.285293,
            47.31761,
            823.0
          ],
          [
            9.28548,
            47.317823,
            824.0
          ]
        ]
      }
    }
  ]
}