{
  "type": "FeatureCollection",
  "features": [
    {
      "type": "Feature",
      "properties": {},
      "geometry": {
        "type": "LineString",
        "coordinates": [
          [
            8.689449,
            47.301547,
            556.0
          ],
          [
            8.68957,
            47.30138,
            557.0
          ],
          [
            8.689633,
            47.301199,
            556.0
          ],
          [
            8.68981,
            47.301062,
            556.0
          ],
          [
            8.689924,
            47.300899,
            554.0
          ],
          [
            8.690013,
            47.30072,
            549.0
          ],
          [
            8.690065,
            47.300543,
            546.0
          ],
          [
            8.690127,
            47.300366,
            543.0
          ],
          [
            8.690167,
            47.300178,
            541.0
          ],
          [
            8.690208,
            47.300091,
            540.0
          ],
          [
            8.690278,
            47.300012,
            539.0
          ],
          [
            8.690324,
            47.299927,
            539.0
          ],
          [
            8.690385,
            47.299823,
            540.0
          ],
          [
            8.690414,
            47.299726,
            541.0
          ],
          [
            8.690381,
            47.299638,
            542.0
          ],
          [
            8.690314,
            47.29956,
            542.0
          ],
          [
            8.690416,
            47.299499,
            541.0
          ],
          [
            8.690538,
            47.299434,
            540.0
          ],
          [
            8.69062,
            47.299351,
            539.0
          ],
          [
            8.690651,
            47.299263,
            538.0
          ],
          [
            8.69067,
            47.299161,
            536.0
          ],
          [
            8.690703,
            47.299061,
            534.0
          ],
          [
            8.690714,
            47.29897,
            534.0
          ],
          [
            8.690789,
            47.298872,
            534.0
          ],
          [
            8.690865,
            47.298785,
            535.0
          ],
          [
            8.690902,
            47.298697,
            534.0
          ],
          [
            8.690914,
            47.298591,
            532.0
          ],
          [
            8.690969,
            47.298494,
            531.0
          ],
          [
            8.691025,
            47.29841,
            531.0
          ],
          [
            8.691089,
            47.29833,
            532.0
          ],
          [
            8.691177,
            47.298253,
            531.0
          ],
          [
            8.691265,
            47.298179,
            530.0
          ],
          [
            8.691374,
            47.298118,
            529.0
          ],
          [
            8.691469,
            47.298034,
            530.0
          ],
          [
            8.691548,
            47.297956,
            531.0
          ],
          [
            8.691637,
            47.297888,
            532.0
          ],
          [
            8.691771,
            47.297842,
            536.0
          ],
          [
            8.691847,
            47.297765,
            537.0
          ],
          [
            8.691914,
            47.297679,
            538.0
          ],
          [
            8.692038,
            47.297616,
            539.0
          ],
          [
            8.692131,
            47.297547,
            539.0
          ],
          [
            8.692231,
            47.297471,
            539.0
          ],
          [
            8.692329,
            47.29739,
            540.0
          ],
          [
            8.692429,
            47.297322,
            540.0
          ],
          [
            8.692554,
            47.297261,
            538.0
          ],
          [
            8.692696,
            47.297213,
            538.0
          ],
          [
            8.692775,
            47.297131,
            535.0
          ],
          [
            8.692874,
            47.297059,
            536.0
          ],
          [
            8.692944,
            47.296976,
            537.0
          ],
          [
            8.693035,
            47.29691,
            538.0
          ],
          [
            8.69314,
            47.296849,
            538.0
          ],
          [
            8.693238,
            47.296766,
            539.0
          ],
          [
            8.693328,
            47.296696,
            538.0
          ],
          [
            8.693414,
            47.296622,
            536.0
          ],
          [
            8.69352,
            47.296544,
            535.0
          ],
          [
            8.693632,
            47.296484,
            534.0
          ],
          [
            8.693721,
            47.296395,
            533.0
          ],
          [
            8.693829,
            47.296343,
            530.0
          ],
          [
            8.693949,
            47.296273,
            528.0
          ],
          [
            8.694049,
            47.296211,
            528.0
          ],
          [
            8.694181,
            47.296159,
            529.0
          ],
          [
            8.694277,
            47.296077,
            527.0
          ],
          [
            8.694358,
            47.295988,
            525.0
          ],
          [
            8.694486,
            47.295919,
            525.0
          ],
          [
            8.694592,
            47.295862,
            525.0
          ],
          [
            8.694649,
            47.295762,
            525.0
          ],
          [
            8.694823,
            47.295683,
            525.0
          ],
          [
            8.694826,
            47.295583,
            525.0
          ],
          [
            8.694909,
            47.295504,
            525.0
          ],
          [
            8.695003,
            47.295424,
            525.0
          ],
          [
            8.695081,
            47.295349,
            525.0
          ],
          [
            8.695174,
            47.295277,
            525.0
          ],
          [
            8.69527,
            47.295203,
            525.0
          ],
          [
            8.695345,
            47.295111,
            525.0
          ],
          [
            8.695409,
            47.295027,
            525.0
          ],
          [
            8.695491,
            47.29494,
            525.0
          ],
          [
            8.695567,
            47.294855,
            525.0
          ],
          [
            8.695665,
            47.294794,
            525.0
          ],
          [
            8.695774,
            47.294716,
            525.0
          ],
          [
            8.695861,
            47.294631,
            525.0
          ],
          [
            8.695955,
            47.294549,
            525.0
          ],
          [
            8.696056,
            47.294482,
            525.0
          ],
          [
            8.696159,
            47.294414,
            525.0
          ],
          [
            8.696262,
            47.294343,
            525.0
          ],
          [
            8.696372,
            47.294279,
            525.0
          ],
          [
            8.696489,
            47.294213,
            525.0
          ],
          [
            8.696592,
            47.294154,
            525.0
          ],
          [
            8.696715,
            47.294098,
            525.0
          ],
          [
            8.696827,
            47.294037,
            525.0
          ],
          [
            8.696937,
            47.293963,
            524.0
          ],
          [
            8.697045,
            47.293908,
            524.0
          ],
          [
            8.697175,
            47.293848,
            525.0
          ],
          [
            8.697308,
            47.293812,
            524.0
          ],
          [
            8.697449,
            47.29379,
            525.0
          ],
          [
            8.697579,
            47.293732,
            529.0
          ],
          [
            8.697672,
            47.293663,
            530.0
          ],
          [
            8.697771,
            47.293601,
            529.0
          ],
          [
            8.697846,
            47.293511,
            530.0
          ],
          [
            8.697959,
            47.293452,
            531.0
          ],
          [
            8.698093,
            47.293389,
            531.0
          ],
          [
            8.698204,
            47.293331,
            530.0
          ],
          [
            8.698329,
            47.293267,
            529.0
          ],
          [
            8.698427,
            47.293202,
            527.0
          ],
          [
            8.698534,
            47.293149,
            526.0
          ],
          [
            8.698652,
            47.293095,
            524.0
          ],
          [
            8.698775,
            47.293033,
            524.0
          ],
          [
            8.698899,
            47.292984,
            524.0
          ],
          [
            8.699022,
            47.292929,
            522.0
          ],
          [
            8.69914,
            47.292887,
            521.0
          ],
          [
            8.699262,
            47.29284,
            521.0
          ],
          [
            8.699394,
            47.292799,
            521.0
          ],
          [
            8.699534,
            47.292756,
            520.0
          ],
          [
            8.699667,
            47.292715,
            520.0
          ],
          [
            8.699812,
            47.292672,
            520.0
          ],
          [
            8.69995,
            47.29263,
            520.0
          ],
          [
            8.700086,
            47.292589,
            520.0
          ],
          [
            8.700225,
            47.29256,
            520.0
          ],
          [
            8.700369,
            47.292528,
            519.0
          ],
          [
            8.700523,
            47.292503,
            519.0
          ],
          [
            8.700676,
            47.292479,
            519.0
          ],
          [
            8.700803,
            47.292446,
            520.0
          ],
          [
            8.70107,
            47.2924,
            520.0
          ],
          [
            8.701352,
            47.292385,
            519.0
          ],
          [
            8.701514,
            47.292371,
            518.0
          ],
          [
            8.70166,
            47.292351,
            515.0
          ],
          [
            8.701806,
            47.29234,
            514.0
          ],
          [
            8.701943,
            47.292328,
            513.0
          ],
          [
            8.702091,
            47.29232,
            514.0
          ],
          [
            8.702234,
            47.292306,
            514.0
          ],
          [
            8.70225,
            47.292203,
            515.0
          ],
          [
            8.702201,
            47.292103,
            515.0
          ],
          [
            8.702124,
            47.292016,
            515.0
          ],
          [
            8.702056,
            47.291928,
            517.0
          ],
          [
            8.701959,
            47.291844,
            519.0
          ],
          [
            8.701859,
            47.291773,
            520.0
          ],
          [
            8.701773,
            47.291691,
            519.0
          ],
          [
            8.70171,
            47.291604,
            518.0
          ],
          [
            8.701649,
            47.291517,
            518.0
          ],
          [
            8.701598,
            47.291432,
            517.0
          ],
          [
            8.701535,
            47.291342,
            518.0
          ],
          [
            8.701468,
            47.291248,
            519.0
          ],
          [
            8.70142,
            47.291154,
            519.0
          ],
          [
            8.701374,
            47.291061,
            520.0
          ],
          [
            8.701325,
            47.290962,
            519.0
          ],
          [
            8.701264,
            47.290878,
            519.0
          ],
          [
            8.701208,
            47.29079,
            519.0
          ],
          [
            8.701136,
            47.2907,
            519.0
          ],
          [
            8.701034,
            47.290637,
            520.0
          ],
          [
            8.700901,
            47.290586,
            521.0
          ],
          [
            8.700823,
            47.290505,
            521.0
          ],
          [
            8.700743,
            47.290427,
            523.0
          ],
          [
            8.700653,
            47.290346,
            524.0
          ],
          [
            8.700546,
            47.290275,
            525.0
          ],
          [
            8.700461,
            47.290199,
            529.0
          ],
          [
            8.700409,
            47.290106,
            531.0
          ],
          [
            8.700378,
            47.290017,
            532.0
          ],
          [
            8.700339,
            47.289922,
            534.0
          ],
          [
            8.700332,
            47.289818,
            536.0
          ],
          [
            8.700356,
            47.289719,
            538.0
          ],
          [
            8.700424,
            47.289633,
            540.0
          ],
          [
            8.70052,
            47.289556,
            541.0
          ],
          [
            8.700607,
            47.289481,
            542.0
          ],
          [
            8.700692,
            47.289398,
            542.0
          ],
          [
            8.700787,
            47.289327,
            544.0
          ],
          [
            8.700901,
            47.289273,
            545.0
          ],
          [
            8.700976,
            47.289194,
            547.0
          ],
          [
            8.701024,
            47.2891,
            545.0
          ],
          [
            8.70104,
            47.289007,
            543.0
          ],
          [
            8.701046,
            47.288917,
            543.0
          ],
          [
            8.701055,
            47.288819,
            542.0
          ],
          [
            8.701034,
            47.288724,
            543.0
          ],
          [
            8.701015,
            47.288628,
            544.0
          ],
          [
            8.701006,
            47.28853,
            544.0
          ],
          [
            8.700964,
            47.288443,
            546.0
          ],
          [
            8.7009,
            47.288353,
            547.0
          ],
          [
            8.70078,
            47.288288,
            549.0
          ],
          [
            8.700645,
            47.288271,
            552.0
          ],
          [
            8.700509,
            47.288258,
            554.0
          ],
          [
            8.70037,
            47.288262,
            556.0
          ],
          [
            8.700241,
            47.288284,
            559.0
          ],
          [
            8.700122,
            47.288331,
            563.0
          ],
          [
            8.699982,
            47.288327,
            565.0
          ],
          [
            8.69985,
            47.288292,
            569.0
          ],
          [
            8.699718,
            47.288278,
            575.0
          ],
          [
            8.699655,
            47.28819,
            573.0
          ],
          [
            8.699648,
            47.288087,
            571.0
          ],
          [
            8.699635,
            47.287988,
            570.0
          ],
          [
            8.699622,
            47.287897,
            569.0
          ],
          [
            8.699636,
            47.287792,
            569.0
          ],
          [
            8.699662,
            47.287694,
            567.0
          ],
          [
            8.699662,
            47.287596,
            566.0
          ],
          [
            8.69965,
            47.287501,
            567.0
          ],
          [
            8.699647,
            47.28741,
            567.0
          ],
          [
            8.699624,
            47.287305,
            569.0
          ],
          [
            8.699618,
            47.287209,
            571.0
          ],
          [
            8.699642,
            47.28712,
            571.0
          ],
          [
            8.699697,
            47.287026,
            573.0
          ],
          [
            8.699808,
            47.286956,
            573.0
          ],
          [
            8.699902,
            47.286886,
            574.0
          ],
          [
            8.699998,
            47.286824,
            574.0
          ],
          [
            8.700127,
            47.286765,
            574.0
          ],
          [
            8.700249,
            47.286711,
            574.0
          ],
          [
            8.700375,
            47.286671,
            574.0
          ],
          [
            8.700523,
            47.286655,
            573.0
          ],
          [
            8.700658,
            47.286662,
            571.0
          ],
          [
            8.700794,
            47.286676,
            570.0
          ],
          [
            8.700937,
            47.286701,
            568.0
          ],
          [
            8.701061,
            47.286735,
            568.0
          ],
          [
            8.701203,
            47.286747,
            566.0
          ],
          [
            8.701349,
            47.286746,
            564.0
          ],
          [
            8.701492,
            47.286747,
            563.0
          ],
          [
            8.701636,
            47.286747,
            562.0
          ],
          [
            8.701775,
            47.286747,
            561.0
          ],
          [
            8.701923,
            47.286748,
            561.0
          ],
          [
            8.702061,
            47.28675,
            561.0
          ],
          [
            8.702211,
            47.286754,
            561.0
          ],
          [
            8.702347,
            47.286773,
            560.0
          ],
          [
            8.702489,
            47.28676,
            558.0
          ],
          [
            8.702634,
            47.286743,
            558.0
          ],
          [
            8.702764,
            47.286707,
            558.0
          ],
          [
            8.702893,
            47.286651,
            560.0
          ],
          [
            8.703016,
            47.286605,
            562.0
          ],
          [
            8.703143,
            47.286572,
            563.0
          ],
          [
            8.70326,
            47.286517,
            567.0
          ],
          [
            8.703369,
            47.28646,
            571.0
          ],
          [
            8.703467,
            47.286385,
            575.0
          ],
          [
            8.703551,
            47.286304,
            576.0
          ],
          [
            8.703599,
            47.286211,
            577.0
          ],
          [
            8.703627,
            47.286102,
            576.0
          ],
          [
            8.70363,
            47.285999,
            574.0
          ],
          [
            8.703617,
            47.285907,
            575.0
          ],
          [
            8.703617,
            47.28581,
            574.0
          ],
          [
            8.70359,
            47.285718,
            575.0
          ],
          [
            8.703556,
            47.285628,
            575.0
          ],
          [
            8.703521,
            47.285539,
            575.0
          ],
          [
            8.70345,
            47.285455,
            574.0
          ],
          [
            8.703357,
            47.285378,
            572.0
          ],
          [
            8.703259,
            47.285308,
            572.0
          ],
          [
            8.703158,
            47.285245,
            571.0
          ],
          [
            8.703056,
            47.285181,
            570.0
          ],
          [
            8.702953,
            47.285109,
            568.0
          ],
          [
            8.702854,
            47.285047,
            569.0
          ],
          [
            8.702752,
            47.284985,
            569.0
          ],
          [
            8.702642,
            47.284933,
            570.0
          ],
          [
            8.70258,
            47.284842,
            569.0
          ],
          [
            8.702521,
            47.284757,
            570.0
          ],
          [
            8.702441,
            47.284673,
            572.0
          ],
          [
            8.702384,
            47.284584,
            573.0
          ],
          [
            8.702343,
            47.284494,
            573.0
          ],
          [
            8.702304,
            47.284399,
            575.0
          ],
          [
            8.70226,
            47.284213,
            579.0
          ],
          [
            8.702235,
            47.284124,
            582.0
          ],
          [
            8.70218,
            47.284026,
            586.0
          ],
          [
            8.702112,
            47.283935,
            585.0
          ],
          [
            8.70206,
            47.283842,
            583.0
          ],
          [
            8.701999,
            47.283748,
            583.0
          ],
          [
            8.70195,
            47.283659,
            582.0
          ],
          [
            8.701891,
            47.28357,
            583.0
          ],
          [
            8.701783,
            47.283495,
            583.0
          ],
          [
            8.701667,
            47.283427,
            584.0
          ],
          [
            8.701563,
            47.283367,
            585.0
          ],
          [
            8.701445,
            47.283308,
            586.0
          ],
          [
            8.701325,
            47.283254,
            587.0
          ],
          [
            8.701209,
            47.283206,
            587.0
          ],
          [
            8.701082,
            47.283169,
            587.0
          ],
          [
            8.700956,
            47.283137,
            586.0
          ],
          [
            8.700818,
            47.283109,
            585.0
          ],
          [
            8.700688,
            47.283083,
            584.0
          ],
          [
            8.700835,
            47.283065,
            584.0
          ],
          [
            8.700967,
            47.283021,
            585.0
          ],
          [
            8.701086,
            47.282964,
            586.0
          ],
          [
            8.701217,
            47.282921,
            588.0
          ],
          [
            8.701301,
            47.282845,
            588.0
          ],
          [
            8.701317,
            47.282751,
            589.0
          ],
          [
            8.701369,
            47.282654,
            589.0
          ],
          [
            8.701496,
            47.282617,
            587.0
          ],
          [
            8.701609,
            47.282555,
            583.0
          ],
          [
            8.701755,
            47.282542,
            580.0
          ],
          [
            8.701751,
            47.282446,
            579.0
          ],
          [
            8.701774,
            47.282356,
            578.0
          ],
          [
            8.701817,
            47.28227,
            577.0
          ],
          [
            8.701801,
            47.282171,
            577.0
          ],
          [
            8.701698,
            47.282106,
            575.0
          ],
          [
            8.701546,
            47.282109,
            573.0
          ],
          [
            8.7014,
            47.282116,
            574.0
          ],
          [
            8.701256,
            47.282127,
            577.0
          ],
          [
            8.701126,
            47.282145,
            578.0
          ],
          [
            8.700989,
            47.28216,
            580.0
          ],
          [
            8.700845,
            47.282194,
            581.0
          ],
          [
            8.700715,
            47.282242,
            582.0
          ],
          [
            8.700602,
            47.28231,
            582.0
          ],
          [
            8.700485,
            47.28238,
            582.0
          ],
          [
            8.700355,
            47.282432,
            583.0
          ],
          [
            8.700251,
            47.282496,
            584.0
          ],
          [
            8.700114,
            47.282549,
            585.0
          ],
          [
            8.699986,
            47.282581,
            586.0
          ],
          [
            8.699851,
            47.282608,
            586.0
          ],
          [
            8.69971,
            47.282648,
            586.0
          ],
          [
            8.699584,
            47.282676,
            586.0
          ],
          [
            8.699466,
            47.28272,
            586.0
          ],
          [
            8.699337,
            47.282756,
            587.0
          ],
          [
            8.699213,
            47.282805,
            586.0
          ],
          [
            8.69908,
            47.282854,
            586.0
          ],
          [
            8.698954,
            47.282901,
            586.0
          ],
          [
            8.698822,
            47.282932,
            586.0
          ],
          [
            8.6987,
            47.282893,
            585.0
          ],
          [
            8.698585,
            47.282832,
            585.0
          ],
          [
            8.698492,
            47.282759,
            584.0
          ],
          [
            8.698381,
            47.282705,
            586.0
          ],
          [
            8.698264,
            47.282651,
            586.0
          ],
          [
            8.698149,
            47.282594,
            587.0
          ],
          [
            8.698034,
            47.282541,
            587.0
          ],
          [
            8.69792,
            47.282487,
            587.0
          ],
          [
            8.697867,
            47.282403,
            586.0
          ],
          [
            8.697949,
            47.282317,
            588.0
          ],
          [
            8.698039,
            47.282245,
            588.0
          ],
          [
            8.698121,
            47.282167,
            589.0
          ],
          [
            8.698197,
            47.28209,
            590.0
          ],
          [
            8.698263,
            47.282004,
            590.0
          ],
          [
            8.698334,
            47.281907,
            591.0
          ],
          [
            8.698413,
            47.281824,
            591.0
          ],
          [
            8.69846,
            47.281739,
            592.0
          ],
          [
            8.698514,
            47.281654,
            591.0
          ],
          [
            8.698571,
            47.281563,
            592.0
          ],
          [
            8.698637,
            47.281472,
            592.0
          ],
          [
            8.6987,
            47.28138,
            593.0
          ],
          [
            8.698751,
            47.281289,
            593.0
          ],
          [
            8.698808,
            47.281203,
            594.0
          ],
          [
            8.698849,
            47.281114,
            594.0
          ],
          [
            8.6989,
            47.281021,
            594.0
          ],
          [
            8.69896,
            47.280924,
            596.0
          ],
          [
            8.699025,
            47.280833,
            598.0
          ],
          [
            8.699082,
            47.28075,
            598.0
          ],
          [
            8.699139,
            47.280664,
            597.0
          ],
          [
            8.699196,
            47.280579,
            597.0
          ],
          [
            8.699268,
            47.280503,
            597.0
          ],
          [
            8.699335,
            47.280415,
            597.0
          ],
          [
            8.699372,
            47.280318,
            597.0
          ],
          [
            8.699404,
            47.280227,
            597.0
          ],
          [
            8.69943,
            47.280128,
            597.0
          ],
          [
            8.699443,
            47.280037,
            596.0
          ],
          [
            8.699443,
            47.279934,
            596.0
          ],
          [
            8.699445,
            47.279836,
            596.0
          ],
          [
            8.699434,
            47.279739,
            595.0
          ],
          [
            8.699445,
            47.279646,
            595.0
          ],
          [
            8.699449,
            47.279554,
            596.0
          ],
          [
            8.699453,
            47.279461,
            597.0
          ],
          [
            8.699463,
            47.279356,
            597.0
          ],
          [
            8.699442,
            47.279172,
            597.0
          ],
          [
            8.699353,
            47.278993,
            597.0
          ],
          [
            8.699213,
            47.278996,
            598.0
          ],
          [
            8.699069,
            47.278991,
            600.0
          ],
          [
            8.698932,
            47.278959,
            603.0
          ],
          [
            8.698809,
            47.278907,
            604.0
          ],
          [
            8.698685,
            47.278864,
            605.0
          ],
          [
            8.698555,
            47.27881,
            606.0
          ],
          [
            8.698439,
            47.278768,
            607.0
          ],
          [
            8.698287,
            47.278767,
            608.0
          ],
          [
            8.698153,
            47.278725,
            609.0
          ],
          [
            8.698065,
            47.278643,
            610.0
          ],
          [
            8.697964,
            47.278573,
            611.0
          ],
          [
            8.697865,
            47.278512,
            613.0
          ],
          [
            8.697771,
            47.278435,
            616.0
          ],
          [
            8.6977,
            47.278359,
            616.0
          ],
          [
            8.697609,
            47.278282,
            619.0
          ],
          [
            8.697533,
            47.278204,
            618.0
          ],
          [
            8.697438,
            47.278139,
            618.0
          ],
          [
            8.697318,
            47.278093,
            620.0
          ],
          [
            8.6972,
            47.278038,
            619.0
          ],
          [
            8.697087,
            47.277982,
            618.0
          ],
          [
            8.69697,
            47.277933,
            618.0
          ],
          [
            8.696845,
            47.277885,
            619.0
          ],
          [
            8.696752,
            47.277821,
            622.0
          ],
          [
            8.696634,
            47.277767,
            623.0
          ],
          [
            8.696508,
            47.277718,
            623.0
          ],
          [
            8.696407,
            47.277653,
            625.0
          ],
          [
            8.696308,
            47.277585,
            626.0
          ],
          [
            8.696214,
            47.27752,
            627.0
          ],
          [
            8.696086,
            47.277472,
            629.0
          ],
          [
            8.695962,
            47.277419,
            629.0
          ],
          [
            8.695864,
            47.277352,
            629.0
          ],
          [
            8.695821,
            47.27726,
            630.0
          ],
          [
            8.695756,
            47.277173,
            630.0
          ],
          [
            8.695706,
            47.27709,
            631.0
          ],
          [
            8.695622,
            47.277006,
            632.0
          ],
          [
            8.69555,
            47.27692,
            633.0
          ],
          [
            8.695488,
            47.276833,
            634.0
          ],
          [
            8.695437,
            47.27674,
            636.0
          ],
          [
            8.69538,
            47.276644,
            637.0
          ],
          [
            8.695274,
            47.276578,
            638.0
          ],
          [
            8.695172,
            47.276511,
            640.0
          ],
          [
            8.694595,
            47.276037,
            642.0
          ],
          [
            8.694327,
            47.276031,
            644.0
          ],
          [
            8.694102,
            47.275926,
            644.0
          ],
          [
            8.693874,
            47.275821,
            642.0
          ],
          [
            8.693672,
            47.275695,
            643.0
          ],
          [
            8.693481,
            47.275552,
            642.0
          ],
          [
            8.693321,
            47.275433,
            641.0
          ],
          [
            8.693222,
            47.275368,
            640.0
          ],
          [
            8.693019,
            47.275241,
            639.0
          ],
          [
            8.692877,
            47.275168,
            639.0
          ],
          [
            8.69281,
            47.275089,
            639.0
          ],
          [
            8.692771,
            47.274944,
            639.0
          ],
          [
            8.692507,
            47.274866,
            637.0
          ],
          [
            8.692562,
            47.274681,
            635.0
          ],
          [
            8.692693,
            47.274508,
            635.0
          ],
          [
            8.692821,
            47.274345,
            634.0
          ],
          [
            8.692978,
            47.274179,
            634.0
          ],
          [
            8.693137,
            47.274027,
            635.0
          ],
          [
            8.693308,
            47.273874,
            635.0
          ],
          [
            8.693458,
            47.273715,
            634.0
          ],
          [
            8.693612,
            47.273561,
            633.0
          ],
          [
            8.693766,
            47.273405,
            633.0
          ],
          [
            8.693951,
            47.273265,
            633.0
          ],
          [
            8.694116,
            47.273116,
            635.0
          ],
          [
            8.694284,
            47.272977,
            635.0
          ],
          [
            8.69444,
            47.27283,
            635.0
          ],
          [
            8.694622,
            47.272682,
            635.0
          ],
          [
            8.694815,
            47.272544,
            635.0
          ],
          [
            8.69502,
            47.272421,
            638.0
          ],
          [
            8.695244,
            47.272298,
            643.0
          ],
          [
            8.695464,
            47.27218,
            643.0
          ],
          [
            8.695724,
            47.272219,
            639.0
          ],
          [
            8.695999,
            47.272227,
            639.0
          ],
          [
            8.696274,
            47.272208,
            639.0
          ],
          [
            8.696536,
            47.272149,
            641.0
          ],
          [
            8.696766,
            47.272056,
            644.0
          ],
          [
            8.697,
            47.271944,
            647.0
          ],
          [
            8.697246,
            47.271878,
            652.0
          ],
          [
            8.697373,
            47.271845,
            653.0
          ],
          [
            8.697497,
            47.2718,
            653.0
          ],
          [
            8.697631,
            47.271772,
            654.0
          ],
          [
            8.697743,
            47.27172,
            656.0
          ],
          [
            8.697886,
            47.271694,
            657.0
          ],
          [
            8.69801,
            47.271657,
            659.0
          ],
          [
            8.698129,
            47.271604,
            660.0
          ],
          [
            8.698256,
            47.27157,
            659.0
          ],
          [
            8.698394,
            47.271529,
            657.0
          ],
          [
            8.698525,
            47.271486,
            659.0
          ],
          [
            8.698647,
            47.271445,
            659.0
          ],
          [
            8.698765,
            47.271386,
            659.0
          ],
          [
            8.698873,
            47.271319,
            657.0
          ],
          [
            8.698968,
            47.271243,
            656.0
          ],
          [
            8.69907,
            47.271179,
            655.0
          ],
          [
            8.699163,
            47.271109,
            653.0
          ],
          [
            8.699262,
            47.271036,
            654.0
          ],
          [
            8.699399,
            47.270989,
            652.0
          ],
          [
            8.699532,
            47.270981,
            652.0
          ],
          [
            8.69967,
            47.270979,
            653.0
          ],
          [
            8.699807,
            47.270985,
            654.0
          ],
          [
            8.699953,
            47.270961,
            655.0
          ],
          [
            8.700099,
            47.270943,
            655.0
          ],
          [
            8.70023,
            47.27091,
            656.0
          ],
          [
            8.700369,
            47.270867,
            654.0
          ],
          [
            8.700507,
            47.270827,
            653.0
          ],
          [
            8.700648,
            47.270793,
            652.0
          ],
          [
            8.70079,
            47.27077,
            649.0
          ],
          [
            8.700925,
            47.270744,
            649.0
          ],
          [
            8.701062,
            47.270719,
            649.0
          ],
          [
            8.701197,
            47.270689,
            648.0
          ],
          [
            8.701342,
            47.270653,
            646.0
          ],
          [
            8.701491,
            47.270626,
            644.0
          ],
          [
            8.701629,
            47.270583,
            645.0
          ],
          [
            8.701777,
            47.270564,
            646.0
          ],
          [
            8.701914,
            47.27055,
            645.0
          ],
          [
            8.702049,
            47.270527,
            646.0
          ],
          [
            8.702178,
            47.270505,
            646.0
          ],
          [
            8.702319,
            47.270466,
            646.0
          ],
          [
            8.702465,
            47.270432,
            646.0
          ],
          [
            8.702581,
            47.270377,
            647.0
          ],
          [
            8.702687,
            47.270313,
            648.0
          ],
          [
            8.702797,
            47.270257,
            649.0
          ],
          [
            8.702901,
            47.270197,
            646.0
          ],
          [
            8.703001,
            47.270137,
            645.0
          ],
          [
            8.703076,
            47.270055,
            645.0
          ],
          [
            8.703145,
            47.269968,
            644.0
          ],
          [
            8.70321,
            47.269872,
            644.0
          ],
          [
            8.703268,
            47.269783,
            644.0
          ],
          [
            8.703324,
            47.269687,
            644.0
          ],
          [
            8.703398,
            47.269603,
            645.0
          ],
          [
            8.703446,
            47.269506,
            646.0
          ],
          [
            8.703531,
            47.269428,
            647.0
          ],
          [
            8.703631,
            47.269349,
            646.0
          ],
          [
            8.703713,
            47.269261,
            646.0
          ],
          [
            8.703788,
            47.269164,
            646.0
          ],
          [
            8.703859,
            47.269085,
            647.0
          ],
          [
            8.703936,
            47.269012,
            647.0
          ],
          [
            8.704007,
            47.268924,
            649.0
          ],
          [
            8.70407,
            47.268842,
            650.0
          ],
          [
            8.70415,
            47.268761,
            652.0
          ],
          [
            8.704231,
            47.268683,
            655.0
          ],
          [
            8.704314,
            47.268608,
            655.0
          ],
          [
            8.704405,
            47.268541,
            655.0
          ],
          [
            8.704488,
            47.268465,
            657.0
          ],
          [
            8.704533,
            47.268374,
            658.0
          ],
          [
            8.70457,
            47.268273,
            658.0
          ],
          [
            8.704614,
            47.268178,
            656.0
          ],
          [
            8.704645,
            47.268086,
            657.0
          ],
          [
            8.704694,
            47.26799,
            657.0
          ],
          [
            8.704759,
            47.267912,
            657.0
          ],
          [
            8.70483,
            47.267831,
            658.0
          ],
          [
            8.704899,
            47.267742,
            659.0
          ],
          [
            8.704932,
            47.267643,
            660.0
          ],
          [
            8.704903,
            47.267549,
            660.0
          ],
          [
            8.704836,
            47.267458,
            661.0
          ],
          [
            8.704767,
            47.267361,
            660.0
          ],
          [
            8.704738,
            47.267268,
            661.0
          ],
          [
            8.704735,
            47.267174,
            661.0
          ],
          [
            8.704757,
            47.267077,
            658.0
          ],
          [
            8.704747,
            47.266966,
            657.0
          ],
          [
            8.704741,
            47.266872,
            658.0
          ],
          [
            8.704738,
            47.266774,
            657.0
          ],
          [
            8.704785,
            47.266674,
            658.0
          ],
          [
            8.704837,
            47.26658,
            657.0
          ],
          [
            8.704904,
            47.266495,
            655.0
          ],
          [
            8.705006,
            47.266416,
            656.0
          ],
          [
            8.705107,
            47.266341,
            655.0
          ],
          [
            8.705237,
            47.266294,
            653.0
          ],
          [
            8.705366,
            47.266247,
            650.0
          ],
          [
            8.705506,
            47.266206,
            648.0
          ],
          [
            8.70563,
            47.266172,
            646.0
          ],
          [
            8.705771,
            47.266155,
            646.0
          ],
          [
            8.705922,
            47.266138,
            646.0
          ],
          [
            8.706064,
            47.266133,
            645.0
          ],
          [
            8.706214,
            47.266115,
            644.0
          ],
          [
            8.70635,
            47.26609,
            644.0
          ],
          [
            8.706493,
            47.26607,
            644.0
          ],
          [
            8.706648,
            47.266076,
            643.0
          ],
          [
            8.706788,
            47.266066,
            642.0
          ],
          [
            8.706921,
            47.266051,
            642.0
          ],
          [
            8.70707,
            47.266018,
            641.0
          ],
          [
            8.707218,
            47.265981,
            641.0
          ],
          [
            8.707346,
            47.265953,
            642.0
          ],
          [
            8.707488,
            47.265927,
            642.0
          ],
          [
            8.707606,
            47.265875,
            645.0
          ],
          [
            8.70773,
            47.265832,
            645.0
          ],
          [
            8.707837,
            47.265779,
            643.0
          ],
          [
            8.70797,
            47.265752,
            643.0
          ],
          [
            8.708104,
            47.265722,
            644.0
          ],
          [
            8.708262,
            47.265718,
            642.0
          ],
          [
            8.708394,
            47.265704,
            639.0
          ],
          [
            8.708541,
            47.265677,
            636.0
          ],
          [
            8.70867,
            47.265628,
            635.0
          ],
          [
            8.708791,
            47.265588,
            634.0
          ],
          [
            8.708934,
            47.265557,
            635.0
          ],
          [
            8.709067,
            47.265535,
            634.0
          ],
          [
            8.709214,
            47.265512,
            633.0
          ],
          [
            8.70935,
            47.265506,
            631.0
          ],
          [
            8.709484,
            47.265483,
            630.0
          ],
          [
            8.709614,
            47.265467,
            630.0
          ],
          [
            8.709748,
            47.265431,
            630.0
          ],
          [
            8.709892,
            47.265426,
            630.0
          ],
          [
            8.710039,
            47.265412,
            630.0
          ],
          [
            8.710176,
            47.265395,
            629.0
          ],
          [
            8.710299,
            47.265354,
            630.0
          ],
          [
            8.710442,
            47.265318,
            631.0
          ],
          [
            8.71057,
            47.265293,
            632.0
          ],
          [
            8.710707,
            47.265264,
            633.0
          ],
          [
            8.710844,
            47.265239,
            634.0
          ],
          [
            8.710993,
            47.265215,
            636.0
          ],
          [
            8.711124,
            47.265189,
            634.0
          ],
          [
            8.711278,
            47.265174,
            631.0
          ],
          [
            8.711423,
            47.265176,
            629.0
          ],
          [
            8.711561,
            47.26515,
            626.0
          ],
          [
            8.711704,
            47.265129,
            625.0
          ],
          [
            8.711838,
            47.265142,
            625.0
          ],
          [
            8.711964,
            47.265181,
            625.0
          ],
          [
            8.712075,
            47.265132,
            624.0
          ],
          [
            8.712153,
            47.26505,
            622.0
          ],
          [
            8.712231,
            47.264973,
            619.0
          ],
          [
            8.712327,
            47.264905,
            618.0
          ],
          [
            8.712424,
            47.264833,
            616.0
          ],
          [
            8.712522,
            47.264768,
            615.0
          ],
          [
            8.712617,
            47.264704,
            611.0
          ],
          [
            8.712704,
            47.264618,
            608.0
          ],
          [
            8.712772,
            47.26453,
            607.0
          ],
          [
            8.712826,
            47.264447,
            606.0
          ],
          [
            8.712894,
            47.264366,
            606.0
          ],
          [
            8.712962,
            47.264281,
            607.0
          ],
          [
            8.713014,
            47.264189,
            608.0
          ],
          [
            8.713098,
            47.264114,
            608.0
          ],
          [
            8.713082,
            47.26393,
            606.0
          ],
          [
            8.713165,
            47.263803,
            606.0
          ],
          [
            8.713274,
            47.263623,
            605.0
          ],
          [
            8.713392,
            47.263449,
            602.0
          ],
          [
            8.713536,
            47.263294,
            601.0
          ],
          [
            8.713683,
            47.263143,
            599.0
          ],
          [
            8.713829,
            47.262979,
            599.0
          ],
          [
            8.713904,
            47.262791,
            602.0
          ],
          [
            8.714057,
            47.262642,
            602.0
          ],
          [
            8.714244,
            47.262505,
            603.0
          ],
          [
            8.714445,
            47.262375,
            603.0
          ],
          [
            8.714631,
            47.262243,
            606.0
          ],
          [
            8.714827,
            47.262116,
            607.0
          ],
          [
            8.715074,
            47.262013,
            608.0
          ],
          [
            8.715306,
            47.261916,
            608.0
          ],
          [
            8.715549,
            47.261811,
            608.0
          ],
          [
            8.715775,
            47.26171,
            610.0
          ],
          [
            8.71599,
            47.261594,
            611.0
          ],
          [
            8.716199,
            47.261467,
            609.0
          ],
          [
            8.716443,
            47.261375,
            610.0
          ],
          [
            8.716698,
            47.261325,
            613.0
          ],
          [
            8.716959,
            47.261292,
            615.0
          ],
          [
            8.717199,
            47.261204,
            616.0
          ],
          [
            8.717382,
            47.261095,
            614.0
          ],
          [
            8.717485,
            47.261026,
            615.0
          ],
          [
            8.717574,
            47.260955,
            615.0
          ],
          [
            8.717676,
            47.260881,
            614.0
          ],
          [
            8.717783,
            47.260808,
            612.0
          ],
          [
            8.717893,
            47.260738,
            612.0
          ],
          [
            8.718004,
            47.260669,
            614.0
          ],
          [
            8.718126,
            47.260606,
            615.0
          ],
          [
            8.718233,
            47.260551,
            616.0
          ],
          [
            8.718353,
            47.26049,
            616.0
          ],
          [
            8.718448,
            47.26041,
            616.0
          ],
          [
            8.718545,
            47.260335,
            617.0
          ],
          [
            8.71862,
            47.260251,
            617.0
          ],
          [
            8.718683,
            47.260167,
            616.0
          ],
          [
            8.718736,
            47.26007,
            618.0
          ],
          [
            8.718821,
            47.259996,
            618.0
          ],
          [
            8.718921,
            47.259915,
            617.0
          ],
          [
            8.719027,
            47.259854,
            616.0
          ],
          [
            8.71914,
            47.25979,
            614.0
          ],
          [
            8.719258,
            47.259726,
            613.0
          ],
          [
            8.719376,
            47.259673,
            612.0
          ],
          [
            8.719481,
            47.259608,
            610.0
          ],
          [
            8.719581,
            47.259545,
            609.0
          ],
          [
            8.719684,
            47.259475,
            608.0
          ],
          [
            8.719812,
            47.259418,
            607.0
          ],
          [
            8.719918,
            47.259363,
            607.0
          ],
          [
            8.720035,
            47.259307,
            607.0
          ],
          [
            8.720153,
            47.259251,
            607.0
          ],
          [
            8.720261,
            47.259189,
            607.0
          ],
          [
            8.720347,
            47.259103,
            606.0
          ],
          [
            8.720477,
            47.258938,
            603.0
          ],
          [
            8.720599,
            47.258767,
            603.0
          ],
          [
            8.720731,
            47.258602,
            601.0
          ],
          [
            8.72087,
            47.258437,
            598.0
          ],
          [
            8.721047,
            47.258293,
            596.0
          ],
          [
            8.721335,
            47.258311,
            595.0
          ],
          [
            8.721609,
            47.258326,
            596.0
          ],
          [
            8.721885,
            47.258289,
            595.0
          ],
          [
            8.722159,
            47.258234,
            595.0
          ],
          [
            8.722403,
            47.258164,
            601.0
          ],
          [
            8.722654,
            47.258095,
            613.0
          ],
          [
            8.722816,
            47.25803,
            617.0
          ],
          [
            8.722934,
            47.257983,
            619.0
          ],
          [
            8.723076,
            47.257955,
            620.0
          ],
          [
            8.723209,
            47.257941,
            622.0
          ],
          [
            8.723319,
            47.257883,
            625.0
          ],
          [
            8.723434,
            47.257816,
            626.0
          ],
          [
            8.72355,
            47.257766,
            627.0
          ],
          [
            8.72366,
            47.257704,
            627.0
          ],
          [
            8.723767,
            47.257638,
            628.0
          ],
          [
            8.723897,
            47.257604,
            627.0
          ],
          [
            8.724006,
            47.257536,
            627.0
          ],
          [
            8.724099,
            47.25747,
            629.0
          ],
          [
            8.724229,
            47.257411,
            631.0
          ],
          [
            8.724342,
            47.25734,
            632.0
          ],
          [
            8.724464,
            47.257295,
            632.0
          ],
          [
            8.724586,
            47.257234,
            634.0
          ],
          [
            8.724696,
            47.257176,
            633.0
          ],
          [
            8.724821,
            47.257125,
            631.0
          ],
          [
            8.724932,
            47.25707,
            629.0
          ],
          [
            8.725052,
            47.257006,
            628.0
          ],
          [
            8.725174,
            47.256956,
            628.0
          ],
          [
            8.725298,
            47.256898,
            628.0
          ],
          [
            8.725428,
            47.256835,
            625.0
          ],
          [
            8.725564,
            47.256785,
            624.0
          ],
          [
            8.72569,
            47.25673,
            623.0
          ],
          [
            8.725824,
            47.256692,
            621.0
          ],
          [
            8.725962,
            47.256654,
            621.0
          ],
          [
            8.726088,
            47.25662,
            620.0
          ],
          [
            8.726225,
            47.256593,
            620.0
          ],
          [
            8.72636,
            47.256548,
            621.0
          ],
          [
            8.726488,
            47.256516,
            620.0
          ],
          [
            8.726617,
            47.256477,
            619.0
          ],
          [
            8.726749,
            47.256428,
            620.0
          ],
          [
            8.726882,
            47.2564,
            620.0
          ],
          [
            8.727018,
            47.256363,
            619.0
          ],
          [
            8.727148,
            47.256329,
            618.0
          ],
          [
            8.727423,
            47.256274,
            616.0
          ],
          [
            8.727676,
            47.256182,
            614.0
          ],
          [
            8.727948,
            47.256143,
            615.0
          ],
          [
            8.728231,
            47.256115,
            614.0
          ],
          [
            8.728501,
            47.256121,
            615.0
          ],
          [
            8.728776,
            47.256104,
            617.0
          ],
          [
            8.729041,
            47.256071,
            617.0
          ],
          [
            8.729318,
            47.256021,
            616.0
          ],
          [
            8.72957,
            47.255954,
            618.0
          ],
          [
            8.729823,
            47.255882,
            619.0
          ],
          [
            8.730093,
            47.255828,
            619.0
          ],
          [
            8.730346,
            47.255772,
            617.0
          ],
          [
            8.730586,
            47.255679,
            618.0
          ],
          [
            8.730869,
            47.255651,
            617.0
          ],
          [
            8.731139,
            47.255636,
            615.0
          ],
          [
            8.731406,
            47.255616,
            616.0
          ],
          [
            8.731665,
            47.255563,
            616.0
          ],
          [
            8.731944,
            47.255543,
            617.0
          ],
          [
            8.732205,
            47.255599,
            616.0
          ],
          [
            8.732485,
            47.255635,
            618.0
          ],
          [
            8.732622,
            47.255639,
            618.0
          ],
          [
            8.732763,
            47.255622,
            619.0
          ],
          [
            8.732909,
            47.255616,
            619.0
          ],
          [
            8.733055,
            47.255602,
            619.0
          ],
          [
            8.73321,
            47.255585,
            618.0
          ],
          [
            8.73335,
            47.25555,
            618.0
          ],
          [
            8.733487,
            47.255584,
            617.0
          ],
          [
            8.73362,
            47.255586,
            614.0
          ],
          [
            8.733765,
            47.255571,
            610.0
          ],
          [
            8.733903,
            47.255554,
            608.0
          ],
          [
            8.734042,
            47.255551,
            608.0
          ],
          [
            8.734176,
            47.255555,
            607.0
          ],
          [
            8.734317,
            47.255562,
            607.0
          ],
          [
            8.734467,
            47.255582,
            606.0
          ],
          [
            8.734615,
            47.255566,
            606.0
          ],
          [
            8.734773,
            47.255569,
            606.0
          ],
          [
            8.734915,
            47.255549,
            606.0
          ],
          [
            8.73505,
            47.255516,
            605.0
          ],
          [
            8.735196,
            47.255523,
            603.0
          ],
          [
            8.73533,
            47.255502,
            602.0
          ],
          [
            8.735464,
            47.255504,
            602.0
          ],
          [
            8.735598,
            47.255492,
            602.0
          ],
          [
            8.735732,
            47.255492,
            603.0
          ],
          [
            8.735864,
            47.255531,
            604.0
          ],
          [
            8.73601,
            47.255548,
            605.0
          ],
          [
            8.736156,
            47.255588,
            606.0
          ],
          [
            8.736294,
            47.255602,
            607.0
          ],
          [
            8.736436,
            47.25562,
            607.0
          ],
          [
            8.736589,
            47.255618,
            607.0
          ],
          [
            8.73686,
            47.255597,
            607.0
          ],
          [
            8.737142,
            47.255636,
            612.0
          ],
          [
            8.737265,
            47.255675,
            614.0
          ],
          [
            8.737398,
            47.255658,
            614.0
          ],
          [
            8.737549,
            47.255643,
            612.0
          ],
          [
            8.7377,
            47.255654,
            612.0
          ],
          [
            8.737846,
            47.25566,
            610.0
          ],
          [
            8.738107,
            47.255605,
            607.0
          ],
          [
            8.738358,
            47.255527,
            607.0
          ],
          [
            8.738607,
            47.255431,
            602.0
          ],
          [
            8.738868,
            47.255374,
            603.0
          ],
          [
            8.739133,
            47.255326,
            603.0
          ],
          [
            8.739401,
            47.255313,
            602.0
          ],
          [
            8.739541,
            47.255301,
            602.0
          ],
          [
            8.73968,
            47.255292,
            602.0
          ],
          [
            8.73981,
            47.255247,
            600.0
          ],
          [
            8.739951,
            47.255199,
            598.0
          ],
          [
            8.740088,
            47.255166,
            596.0
          ],
          [
            8.740215,
            47.255118,
            594.0
          ],
          [
            8.740343,
            47.255087,
            593.0
          ],
          [
            8.740619,
            47.255085,
            591.0
          ],
          [
            8.740878,
            47.255122,
            588.0
          ],
          [
            8.741054,
            47.255131,
            586.0
          ],
          [
            8.7412,
            47.255126,
            582.0
          ],
          [
            8.741339,
            47.255129,
            580.0
          ],
          [
            8.741605,
            47.25517,
            576.0
          ],
          [
            8.741766,
            47.25524,
            575.0
          ],
          [
            8.741915,
            47.255235,
            574.0
          ],
          [
            8.742072,
            47.255237,
            574.0
          ],
          [
            8.742203,
            47.255249,
            573.0
          ],
          [
            8.742346,
            47.255264,
            573.0
          ],
          [
            8.742494,
            47.255275,
            573.0
          ],
          [
            8.742635,
            47.255276,
            573.0
          ],
          [
            8.74279,
            47.255261,
            570.0
          ],
          [
            8.742934,
            47.255244,
            568.0
          ],
          [
            8.74308,
            47.255218,
            568.0
          ],
          [
            8.743216,
            47.25519,
            567.0
          ],
          [
            8.743367,
            47.255168,
            567.0
          ],
          [
            8.743517,
            47.255156,
            566.0
          ],
          [
            8.743659,
            47.255123,
            565.0
          ],
          [
            8.743795,
            47.25512,
            564.0
          ],
          [
            8.743949,
            47.255122,
            566.0
          ],
          [
            8.744099,
            47.255145,
            566.0
          ],
          [
            8.744256,
            47.255148,
            566.0
          ],
          [
            8.744405,
            47.255148,
            566.0
          ],
          [
            8.744551,
            47.255138,
            564.0
          ],
          [
            8.744705,
            47.255149,
            562.0
          ],
          [
            8.744842,
            47.255167,
            562.0
          ],
          [
            8.744982,
            47.255184,
            561.0
          ],
          [
            8.745121,
            47.255218,
            561.0
          ],
          [
            8.745263,
            47.255232,
            561.0
          ],
          [
            8.745395,
            47.255225,
            562.0
          ],
          [
            8.745544,
            47.255224,
            561.0
          ],
          [
            8.745687,
            47.255228,
            561.0
          ],
          [
            8.745837,
            47.255227,
            562.0
          ],
          [
            8.745993,
            47.255236,
            562.0
          ],
          [
            8.746134,
            47.255267,
            561.0
          ],
          [
            8.746269,
            47.255309,
            561.0
          ],
          [
            8.746389,
            47.255355,
            562.0
          ],
          [
            8.746525,
            47.255389,
            563.0
          ],
          [
            8.746649,
            47.25544,
            565.0
          ],
          [
            8.746769,
            47.255483,
            568.0
          ],
          [
            8.746897,
            47.255545,
            570.0
          ],
          [
            8.74703,
            47.255568,
            569.0
          ],
          [
            8.747177,
            47.2556,
            567.0
          ],
          [
            8.747322,
            47.255608,
            564.0
          ],
          [
            8.747467,
            47.255617,
            560.0
          ],
          [
            8.747609,
            47.255645,
            560.0
          ],
          [
            8.747748,
            47.255663,
            558.0
          ],
          [
            8.747883,
            47.255702,
            557.0
          ],
          [
            8.748013,
            47.255734,
            556.0
          ],
          [
            8.748152,
            47.25577,
            555.0
          ],
          [
            8.748284,
            47.255817,
            555.0
          ],
          [
            8.748414,
            47.255849,
            554.0
          ],
          [
            8.748562,
            47.255884,
            554.0
          ],
          [
            8.748699,
            47.255904,
            554.0
          ],
          [
            8.748843,
            47.255903,
            555.0
          ],
          [
            8.748967,
            47.255945,
            556.0
          ],
          [
            8.749096,
            47.255995,
            556.0
          ],
          [
            8.74922,
            47.256049,
            557.0
          ],
          [
            8.749339,
            47.256092,
            556.0
          ],
          [
            8.749605,
            47.256167,
            553.0
          ],
          [
            8.749736,
            47.256211,
            552.0
          ],
          [
            8.74987,
            47.256263,
            551.0
          ],
          [
            8.750006,
            47.256304,
            551.0
          ],
          [
            8.750126,
            47.25636,
            552.0
          ],
          [
            8.750234,
            47.256417,
            552.0
          ],
          [
            8.750326,
            47.256481,
            552.0
          ],
          [
            8.750421,
            47.256565,
            552.0
          ],
          [
            8.750519,
            47.256628,
            551.0
          ],
          [
            8.75058,
            47.256713,
            551.0
          ],
          [
            8.750636,
            47.256805,
            552.0
          ],
          [
            8.75068,
            47.256892,
            553.0
          ],
          [
            8.750762,
            47.256978,
            556.0
          ],
          [
            8.750838,
            47.257067,
            558.0
          ],
          [
            8.750916,
            47.257143,
            561.0
          ],
          [
            8.750975,
            47.257233,
            562.0
          ],
          [
            8.751025,
            47.257322,
            562.0
          ],
          [
            8.751096,
            47.257415,
            561.0
          ],
          [
            8.751182,
            47.257503,
            561.0
          ],
          [
            8.751304,
            47.257547,
            561.0
          ],
          [
            8.751443,
            47.257569,
            561.0
          ],
          [
            8.751596,
            47.257593,
            562.0
          ],
          [
            8.751723,
            47.25762,
            563.0
          ],
          [
            8.751864,
            47.257639,
            564.0
          ],
          [
            8.752004,
            47.257647,
            566.0
          ],
          [
            8.752151,
            47.257646,
            565.0
          ],
          [
            8.752304,
            47.257642,
            562.0
          ],
          [
            8.752457,
            47.257644,
            562.0
          ],
          [
            8.75265,
            47.257652,
            560.0
          ],
          [
            8.752799,
            47.257651,
            559.0
          ],
          [
            8.75294,
            47.257641,
            559.0
          ],
          [
            8.753075,
            47.257648,
            559.0
          ],
          [
            8.753227,
            47.257645,
            558.0
          ],
          [
            8.753365,
            47.25764,
            556.0
          ],
          [
            8.753514,
            47.257633,
            556.0
          ],
          [
            8.753647,
            47.257635,
            555.0
          ],
          [
            8.753793,
            47.257635,
            555.0
          ],
          [
            8.753954,
            47.257641,
            554.0
          ],
          [
            8.754085,
            47.257635,
            554.0
          ],
          [
            8.754231,
            47.257619,
            553.0
          ],
          [
            8.754382,
            47.257624,
            553.0
          ],
          [
            8.75452,
            47.257619,
            556.0
          ],
          [
            8.754671,
            47.257615,
            557.0
          ],
          [
            8.754808,
            47.257603,
            559.0
          ],
          [
            8.754942,
            47.2576,
            559.0
          ],
          [
            8.755104,
            47.25762,
            556.0
          ],
          [
            8.755237,
            47.25765,
            554.0
          ],
          [
            8.755375,
            47.257686,
            556.0
          ],
          [
            8.755626,
            47.257774,
            559.0
          ],
          [
            8.755776,
            47.257796,
            560.0
          ],
          [
            8.755922,
            47.257804,
            560.0
          ],
          [
            8.756069,
            47.257804,
            559.0
          ],
          [
            8.756222,
            47.257792,
            558.0
          ],
          [
            8.756376,
            47.257781,
            556.0
          ],
          [
            8.756514,
            47.257759,
            555.0
          ],
          [
            8.756649,
            47.257727,
            553.0
          ],
          [
            8.756794,
            47.257711,
            553.0
          ],
          [
            8.75694,
            47.257716,
            552.0
          ],
          [
            8.757074,
            47.257729,
            552.0
          ],
          [
            8.757211,
            47.257748,
            553.0
          ],
          [
            8.757352,
            47.257768,
            554.0
          ],
          [
            8.757501,
            47.257788,
            555.0
          ],
          [
            8.757654,
            47.25776,
            555.0
          ],
          [
            8.757807,
            47.257725,
            553.0
          ],
          [
            8.757964,
            47.257702,
            552.0
          ],
          [
            8.758092,
            47.257674,
            550.0
          ],
          [
            8.758426,
            47.257715,
            543.0
          ],
          [
            8.75866,
            47.257773,
            539.0
          ],
          [
            8.75879,
            47.257806,
            538.0
          ],
          [
            8.758935,
            47.257825,
            537.0
          ],
          [
            8.759067,
            47.257822,
            535.0
          ],
          [
            8.759219,
            47.257814,
            533.0
          ],
          [
            8.759372,
            47.257825,
            533.0
          ],
          [
            8.759518,
            47.25784,
            533.0
          ],
          [
            8.759671,
            47.257838,
            535.0
          ],
          [
            8.759809,
            47.257856,
            536.0
          ],
          [
            8.759946,
            47.257848,
            536.0
          ],
          [
            8.760077,
            47.257829,
            535.0
          ],
          [
            8.760209,
            47.257792,
            534.0
          ],
          [
            8.760343,
            47.257755,
            534.0
          ],
          [
            8.760463,
            47.257702,
            535.0
          ],
          [
            8.760549,
            47.257627,
            535.0
          ],
          [
            8.760654,
            47.257544,
            536.0
          ],
          [
            8.760728,
            47.257466,
            536.0
          ],
          [
            8.760827,
            47.257396,
            535.0
          ],
          [
            8.760897,
            47.25731,
            533.0
          ],
          [
            8.760961,
            47.257222,
            533.0
          ],
          [
            8.761007,
            47.257122,
            533.0
          ],
          [
            8.761013,
            47.257023,
            533.0
          ],
          [
            8.761013,
            47.256929,
            533.0
          ],
          [
            8.761015,
            47.256832,
            533.0
          ],
          [
            8.761027,
            47.256736,
            533.0
          ],
          [
            8.761111,
            47.256658,
            532.0
          ],
          [
            8.761206,
            47.256582,
            530.0
          ],
          [
            8.761307,
            47.256514,
            528.0
          ],
          [
            8.761417,
            47.256451,
            528.0
          ],
          [
            8.761528,
            47.256383,
            528.0
          ],
          [
            8.76161,
            47.25631,
            529.0
          ],
          [
            8.761699,
            47.256233,
            529.0
          ],
          [
            8.761798,
            47.25616,
            528.0
          ],
          [
            8.76189,
            47.256095,
            527.0
          ],
          [
            8.761975,
            47.25601,
            525.0
          ],
          [
            8.762043,
            47.255921,
            523.0
          ],
          [
            8.762081,
            47.255826,
            521.0
          ],
          [
            8.762114,
            47.255726,
            520.0
          ],
          [
            8.762121,
            47.255627,
            520.0
          ],
          [
            8.76212,
            47.255529,
            520.0
          ],
          [
            8.762138,
            47.255439,
            519.0
          ],
          [
            8.762147,
            47.255341,
            518.0
          ],
          [
            8.762152,
            47.255248,
            518.0
          ],
          [
            8.762171,
            47.25515,
            517.0
          ],
          [
            8.762191,
            47.25505,
            516.0
          ],
          [
            8.762215,
            47.254952,
            516.0
          ],
          [
            8.762255,
            47.254858,
            516.0
          ],
          [
            8.762299,
            47.254762,
            515.0
          ],
          [
            8.762385,
            47.254673,
            515.0
          ],
          [
            8.762483,
            47.254599,
            514.0
          ],
          [
            8.762578,
            47.254517,
            512.0
          ],
          [
            8.762664,
            47.254442,
            510.0
          ],
          [
            8.762766,
            47.254371,
            509.0
          ],
          [
            8.762871,
            47.254298,
            508.0
          ],
          [
            8.762969,
            47.254226,
            508.0
          ],
          [
            8.763069,
            47.254159,
            507.0
          ],
          [
            8.763151,
            47.254085,
            506.0
          ],
          [
            8.763215,
            47.253994,
            507.0
          ],
          [
            8.76323,
            47.253896,
            508.0
          ],
          [
            8.763221,
            47.253801,
            508.0
          ],
          [
            8.76323,
            47.253705,
            508.0
          ],
          [
            8.763186,
            47.25361,
            509.0
          ],
          [
            8.763164,
            47.253504,
            510.0
          ],
          [
            8.763155,
            47.253409,
            510.0
          ],
          [
            8.763143,
            47.253316,
            510.0
          ],
          [
            8.763199,
            47.253233,
            509.0
          ],
          [
            8.7633,
            47.253151,
            507.0
          ],
          [
            8.763439,
            47.253122,
            507.0
          ],
          [
            8.76359,
            47.253119,
            504.0
          ],
          [
            8.763594,
            47.253013,
            503.0
          ],
          [
            8.763583,
            47.252911,
            502.0
          ],
          [
            8.763624,
            47.252816,
            504.0
          ],
          [
            8.763647,
            47.252712,
            505.0
          ],
          [
            8.763624,
            47.252611,
            504.0
          ],
          [
            8.763602,
            47.252522,
            504.0
          ],
          [
            8.763657,
            47.252437,
            502.0
          ],
          [
            8.763788,
            47.252407,
            501.0
          ],
          [
            8.763909,
            47.252344,
            499.0
          ],
          [
            8.76391,
            47.252163,
            495.0
          ],
          [
            8.763844,
            47.251977,
            488.0
          ],
          [
            8.763779,
            47.251799,
            488.0
          ],
          [
            8.763767,
            47.251617,
            486.0
          ],
          [
            8.763694,
            47.251431,
            484.0
          ],
          [
            8.763675,
            47.251295,
            485.0
          ],
          [
            8.763698,
            47.251187,
            486.0
          ],
          [
            8.763729,
            47.251092,
            488.0
          ],
          [
            8.763787,
            47.251,
            490.0
          ],
          [
            8.763805,
            47.250892,
            491.0
          ],
          [
            8.763717,
            47.250811,
            490.0
          ],
          [
            8.763651,
            47.250716,
            489.0
          ],
          [
            8.763685,
            47.250617,
            488.0
          ],
          [
            8.763736,
            47.250526,
            488.0
          ],
          [
            8.763779,
            47.250426,
            487.0
          ],
          [
            8.763834,
            47.250325,
            488.0
          ],
          [
            8.763866,
            47.250233,
            489.0
          ],
          [
            8.76389,
            47.250139,
            489.0
          ],
          [
            8.763926,
            47.250051,
            489.0
          ],
          [
            8.763952,
            47.249956,
            488.0
          ],
          [
            8.763976,
            47.249859,
            487.0
          ],
          [
            8.764004,
            47.249765,
            486.0
          ],
          [
            8.764031,
            47.249661,
            485.0
          ],
          [
            8.764074,
            47.249559,
            485.0
          ],
          [
            8.76409,
            47.249453,
            485.0
          ],
          [
            8.76409,
            47.24936,
            485.0
          ],
          [
            8.76411,
            47.249263,
            485.0
          ],
          [
            8.764134,
            47.249163,
            484.0
          ],
          [
            8.764127,
            47.249059,
            486.0
          ],
          [
            8.764091,
            47.248965,
            486.0
          ],
          [
            8.76408,
            47.248861,
            486.0
          ],
          [
            8.76407,
            47.248766,
            486.0
          ],
          [
            8.764063,
            47.248664,
            486.0
          ],
          [
            8.764067,
            47.248572,
            484.0
          ],
          [
            8.764086,
            47.24847,
            483.0
          ],
          [
            8.764076,
            47.248372,
            483.0
          ],
          [
            8.764067,
            47.248273,
            484.0
          ],
          [
            8.764078,
            47.248169,
            485.0
          ],
          [
            8.764087,
            47.248064,
            486.0
          ],
          [
            8.764099,
            47.24797,
            487.0
          ],
          [
            8.764107,
            47.247866,
            488.0
          ],
          [
            8.764134,
            47.247767,
            489.0
          ],
          [
            8.764145,
            47.247669,
            488.0
          ],
          [
            8.764161,
            47.247572,
            487.0
          ],
          [
            8.764151,
            47.247477,
            486.0
          ],
          [
            8.764158,
            47.247284,
            487.0
          ],
          [
            8.764166,
            47.24709,
            485.0
          ],
          [
            8.764146,
            47.246907,
            484.0
          ],
          [
            8.764153,
            47.246724,
            485.0
          ],
          [
            8.764215,
            47.246547,
            486.0
          ],
          [
            8.764335,
            47.246371,
            486.0
          ],
          [
            8.764616,
            47.246342,
            486.0
          ],
          [
            8.764893,
            47.246361,
            486.0
          ],
          [
            8.765043,
            47.246367,
            485.0
          ],
          [
            8.765192,
            47.246364,
            484.0
          ],
          [
            8.765345,
            47.246361,
            482.0
          ],
          [
            8.765498,
            47.246367,
            482.0
          ],
          [
            8.765766,
            47.246383,
            482.0
          ],
          [
            8.766032,
            47.246399,
            482.0
          ],
          [
            8.766225,
            47.246415,
            482.0
          ],
          [
            8.766375,
            47.246419,
            482.0
          ],
          [
            8.76652,
            47.246431,
            483.0
          ],
          [
            8.766655,
            47.246437,
            484.0
          ],
          [
            8.766795,
            47.246463,
            483.0
          ],
          [
            8.766934,
            47.246469,
            484.0
          ],
          [
            8.767075,
            47.246486,
            485.0
          ],
          [
            8.767225,
            47.246504,
            486.0
          ],
          [
            8.767363,
            47.2465,
            487.0
          ],
          [
            8.767515,
            47.246486,
            487.0
          ],
          [
            8.767646,
            47.246467,
            488.0
          ],
          [
            8.767772,
            47.246429,
            489.0
          ],
          [
            8.767907,
            47.246381,
            491.0
          ],
          [
            8.768033,
            47.24633,
            488.0
          ],
          [
            8.768144,
            47.24628,
            486.0
          ],
          [
            8.768246,
            47.246214,
            484.0
          ],
          [
            8.768356,
            47.246144,
            482.0
          ],
          [
            8.768481,
            47.246068,
            479.0
          ],
          [
            8.768591,
            47.246007,
            479.0
          ],
          [
            8.768683,
            47.245932,
            476.0
          ],
          [
            8.768781,
            47.245854,
            474.0
          ],
          [
            8.768902,
            47.245798,
            472.0
          ],
          [
            8.768998,
            47.245736,
            472.0
          ],
          [
            8.769123,
            47.245682,
            473.0
          ],
          [
            8.769252,
            47.245653,
            474.0
          ],
          [
            8.769399,
            47.245649,
            473.0
          ],
          [
            8.769551,
            47.245647,
            471.0
          ],
          [
            8.769706,
            47.245623,
            471.0
          ],
          [
            8.769834,
            47.245595,
            469.0
          ],
          [
            8.769958,
            47.245563,
            467.0
          ],
          [
            8.770091,
            47.245507,
            466.0
          ],
          [
            8.770205,
            47.245453,
            465.0
          ],
          [
            8.770483,
            47.245399,
            464.0
          ],
          [
            8.770618,
            47.245413,
            463.0
          ],
          [
            8.77074,
            47.245475,
            462.0
          ],
          [
            8.770888,
            47.245518,
            461.0
          ],
          [
            8.771029,
            47.245519,
            461.0
          ],
          [
            8.771172,
            47.245507,
            461.0
          ],
          [
            8.771314,
            47.245498,
            460.0
          ],
          [
            8.771471,
            47.245488,
            459.0
          ],
          [
            8.77162,
            47.24547,
            458.0
          ],
          [
            8.771758,
            47.24547,
            457.0
          ],
          [
            8.771896,
            47.24547,
            457.0
          ],
          [
            8.77204,
            47.245467,
            456.0
          ],
          [
            8.772191,
            47.245468,
            455.0
          ],
          [
            8.772335,
            47.245477,
            455.0
          ],
          [
            8.772476,
            47.245466,
            455.0
          ],
          [
            8.772629,
            47.245477,
            453.0
          ],
          [
            8.772784,
            47.24547,
            450.0
          ],
          [
            8.772932,
            47.245464,
            450.0
          ],
          [
            8.773087,
            47.24547,
            450.0
          ],
          [
            8.773233,
            47.245472,
            450.0
          ],
          [
            8.773369,
            47.245467,
            449.0
          ],
          [
            8.773512,
            47.245468,
            450.0
          ],
          [
            8.77366,
            47.24547,
            450.0
          ],
          [
            8.773803,
            47.245468,
            451.0
          ],
          [
            8.773939,
            47.245464,
            451.0
          ],
          [
            8.774093,
            47.245464,
            450.0
          ],
          [
            8.774247,
            47.245468,
            449.0
          ],
          [
            8.774383,
            47.245454,
            448.0
          ],
          [
            8.774529,
            47.24544,
            446.0
          ],
          [
            8.774662,
            47.245416,
            447.0
          ],
          [
            8.774796,
            47.245396,
            447.0
          ],
          [
            8.774927,
            47.245379,
            447.0
          ],
          [
            8.775076,
            47.245375,
            449.0
          ],
          [
            8.775222,
            47.245364,
            450.0
          ],
          [
            8.775358,
            47.245348,
            451.0
          ],
          [
            8.775503,
            47.245315,
            449.0
          ],
          [
            8.77565,
            47.245283,
            448.0
          ],
          [
            8.775786,
            47.245254,
            446.0
          ],
          [
            8.775918,
            47.245227,
            445.0
          ],
          [
            8.776056,
            47.245193,
            444.0
          ],
          [
            8.776188,
            47.245158,
            445.0
          ],
          [
            8.776329,
            47.245131,
            448.0
          ],
          [
            8.776467,
            47.245095,
            448.0
          ],
          [
            8.776605,
            47.245067,
            447.0
          ],
          [
            8.776668,
            47.245154,
            448.0
          ],
          [
            8.776731,
            47.245329,
            449.0
          ],
          [
            8.776883,
            47.245486,
            449.0
          ],
          [
            8.777147,
            47.24547,
            450.0
          ],
          [
            8.777416,
            47.245433,
            447.0
          ],
          [
            8.777659,
            47.245356,
            446.0
          ],
          [
            8.777909,
            47.245267,
            445.0
          ],
          [
            8.778135,
            47.245169,
            445.0
          ],
          [
            8.778218,
            47.245031,
            444.0
          ],
          [
            8.778291,
            47.244937,
            444.0
          ],
          [
            8.778328,
            47.24485,
            445.0
          ],
          [
            8.778377,
            47.244754,
            445.0
          ],
          [
            8.778429,
            47.244668,
            444.0
          ],
          [
            8.778515,
            47.244582,
            444.0
          ],
          [
            8.77858,
            47.244501,
            445.0
          ],
          [
            8.778688,
            47.244438,
            444.0
          ],
          [
            8.778803,
            47.244389,
            444.0
          ],
          [
            8.778924,
            47.24434,
            442.0
          ],
          [
            8.779047,
            47.244295,
            441.0
          ],
          [
            8.779179,
            47.244251,
            441.0
          ],
          [
            8.779317,
            47.244212,
            442.0
          ],
          [
            8.779445,
            47.244179,
            442.0
          ],
          [
            8.779554,
            47.244116,
            443.0
          ],
          [
            8.779602,
            47.244027,
            444.0
          ],
          [
            8.77964,
            47.243935,
            444.0
          ],
          [
            8.779667,
            47.243846,
            444.0
          ],
          [
            8.779702,
            47.243755,
            444.0
          ],
          [
            8.779745,
            47.243659,
            443.0
          ],
          [
            8.779762,
            47.243569,
            442.0
          ],
          [
            8.779774,
            47.243466,
            442.0
          ],
          [
            8.779798,
            47.243371,
            442.0
          ],
          [
            8.779829,
            47.243276,
            442.0
          ],
          [
            8.779879,
            47.24318,
            442.0
          ],
          [
            8.779939,
            47.243087,
            442.0
          ],
          [
            8.779983,
            47.242996,
            445.0
          ],
          [
            8.779962,
            47.242897,
            445.0
          ],
          [
            8.779907,
            47.242806,
            446.0
          ],
          [
            8.779939,
            47.242708,
            447.0
          ],
          [
            8.780061,
            47.242666,
            447.0
          ],
          [
            8.780195,
            47.242642,
            447.0
          ],
          [
            8.780345,
            47.242627,
            448.0
          ],
          [
            8.780474,
            47.242601,
            447.0
          ],
          [
            8.780577,
            47.242533,
            447.0
          ],
          [
            8.780675,
            47.242459,
            446.0
          ],
          [
            8.78077,
            47.242378,
            447.0
          ],
          [
            8.780854,
            47.242303,
            449.0
          ],
          [
            8.780917,
            47.24222,
            449.0
          ],
          [
            8.780978,
            47.242136,
            448.0
          ],
          [
            8.781049,
            47.242056,
            448.0
          ],
          [
            8.781112,
            47.241975,
            449.0
          ],
          [
            8.781192,
            47.241902,
            450.0
          ],
          [
            8.781264,
            47.241818,
            451.0
          ],
          [
            8.781343,
            47.241733,
            453.0
          ],
          [
            8.78143,
            47.241658,
            453.0
          ],
          [
            8.781503,
            47.241574,
            452.0
          ],
          [
            8.781576,
            47.241491,
            452.0
          ],
          [
            8.781653,
            47.241409,
            453.0
          ],
          [
            8.781735,
            47.241336,
            455.0
          ],
          [
            8.781819,
            47.241261,
            458.0
          ],
          [
            8.781894,
            47.241186,
            460.0
          ],
          [
            8.781976,
            47.241112,
            462.0
          ],
          [
            8.782065,
            47.241041,
            463.0
          ],
          [
            8.782207,
            47.241021,
            466.0
          ],
          [
            8.782283,
            47.240937,
            469.0
          ],
          [
            8.782344,
            47.240856,
            470.0
          ],
          [
            8.782424,
            47.240777,
            471.0
          ],
          [
            8.782511,
            47.240699,
            471.0
          ],
          [
            8.782588,
            47.240621,
            471.0
          ],
          [
            8.782652,
            47.240534,
            470.0
          ],
          [
            8.782745,
            47.240465,
            465.0
          ],
          [
            8.782821,
            47.240392,
            460.0
          ],
          [
            8.782883,
            47.240295,
            456.0
          ],
          [
            8.782923,
            47.240193,
            455.0
          ],
          [
            8.78294,
            47.240101,
            452.0
          ],
          [
            8.782944,
            47.240001,
            449.0
          ],
          [
            8.782918,
            47.239909,
            447.0
          ],
          [
            8.782888,
            47.239816,
            445.0
          ],
          [
            8.782861,
            47.239726,
            443.0
          ],
          [
            8.782806,
            47.239641,
            443.0
          ],
          [
            8.782734,
            47.239547,
            443.0
          ],
          [
            8.782625,
            47.239481,
            443.0
          ],
          [
            8.782511,
            47.239411,
            443.0
          ],
          [
            8.782392,
            47.239347,
            443.0
          ],
          [
            8.782283,
            47.239295,
            443.0
          ],
          [
            8.782175,
            47.239227,
            443.0
          ],
          [
            8.782073,
            47.239169,
            443.0
          ],
          [
            8.781959,
            47.239112,
            443.0
          ],
          [
            8.781845,
            47.239055,
            443.0
          ],
          [
            8.781661,
            47.23894,
            443.0
          ],
          [
            8.781582,
            47.238855,
            443.0
          ],
          [
            8.781674,
            47.238675,
            429.0
          ],
          [
            8.781721,
            47.238586,
            429.0
          ],
          [
            8.781791,
            47.238505,
            428.0
          ],
          [
            8.781865,
            47.238428,
            427.0
          ],
          [
            8.78198,
            47.23836,
            425.0
          ],
          [
            8.782117,
            47.238327,
            423.0
          ],
          [
            8.782251,
            47.238352,
            423.0
          ],
          [
            8.782384,
            47.238397,
            421.0
          ],
          [
            8.782551,
            47.238469,
            420.0
          ],
          [
            8.782676,
            47.238524,
            419.0
          ],
          [
            8.782813,
            47.238577,
            418.0
          ],
          [
            8.782926,
            47.238625,
            417.0
          ],
          [
            8.783036,
            47.238692,
            418.0
          ],
          [
            8.783175,
            47.238861,
            420.0
          ],
          [
            8.783321,
            47.23902,
            421.0
          ],
          [
            8.783589,
            47.239051,
            420.0
          ],
          [
            8.78387,
            47.239089,
            420.0
          ],
          [
            8.784102,
            47.239178,
            419.0
          ],
          [
            8.784335,
            47.239275,
            421.0
          ],
          [
            8.784577,
            47.239378,
            423.0
          ],
          [
            8.78483,
            47.239463,
            423.0
          ],
          [
            8.785097,
            47.239522,
            422.0
          ],
          [
            8.785227,
            47.239549,
            422.0
          ],
          [
            8.785357,
            47.239575,
            421.0
          ],
          [
            8.785501,
            47.239612,
            421.0
          ],
          [
            8.785637,
            47.239622,
            421.0
          ],
          [
            8.785781,
            47.239615,
            421.0
          ],
          [
            8.785923,
            47.239624,
            422.0
          ],
          [
            8.786062,
            47.239646,
            423.0
          ],
          [
            8.786199,
            47.239643,
            424.0
          ],
          [
            8.786335,
            47.239653,
            424.0
          ],
          [
            8.786485,
            47.23963,
            423.0
          ],
          [
            8.786591,
            47.239691,
            421.0
          ],
          [
            8.786714,
            47.239738,
            418.0
          ],
          [
            8.786836,
            47.239701,
            417.0
          ],
          [
            8.786982,
            47.23969,
            415.0
          ],
          [
            8.787126,
            47.239716,
            414.0
          ],
          [
            8.787271,
            47.239729,
            414.0
          ],
          [
            8.78741,
            47.239751,
            414.0
          ],
          [
            8.787563,
            47.239767,
            416.0
          ],
          [
            8.7877,
            47.239777,
            417.0
          ],
          [
            8.787841,
            47.239777,
            416.0
          ],
          [
            8.787976,
            47.239764,
            415.0
          ],
          [
            8.788118,
            47.239746,
            413.0
          ],
          [
            8.788251,
            47.239732,
            412.0
          ],
          [
            8.788383,
            47.23971,
            412.0
          ],
          [
            8.788523,
            47.239695,
            412.0
          ],
          [
            8.788666,
            47.239674,
            411.0
          ],
          [
            8.788813,
            47.239661,
            411.0
          ],
          [
            8.788966,
            47.239659,
            410.0
          ],
          [
            8.78912,
            47.23966,
            409.0
          ],
          [
            8.789262,
            47.239659,
            408.0
          ],
          [
            8.789413,
            47.239643,
            407.0
          ],
          [
            8.789559,
            47.239649,
            407.0
          ],
          [
            8.789693,
            47.239642,
            407.0
          ],
          [
            8.789838,
            47.239625,
            409.0
          ],
          [
            8.789981,
            47.239616,
            408.0
          ],
          [
            8.790121,
            47.239616,
            407.0
          ],
          [
            8.790261,
            47.239602,
            407.0
          ],
          [
            8.7904,
            47.239588,
            408.0
          ],
          [
            8.790534,
            47.239573,
            408.0
          ],
          [
            8.790783,
            47.239549,
            407.0
          ],
          [
            8.790936,
            47.239529,
            406.0
          ],
          [
            8.791073,
            47.239531,
            404.0
          ],
          [
            8.791219,
            47.239531,
            403.0
          ],
          [
            8.791365,
            47.239523,
            405.0
          ],
          [
            8.791498,
            47.239514,
            406.0
          ],
          [
            8.791632,
            47.239498,
            406.0
          ],
          [
            8.79178,
            47.239494,
            406.0
          ],
          [
            8.791932,
            47.239479,
            406.0
          ],
          [
            8.792075,
            47.239463,
            408.0
          ],
          [
            8.792211,
            47.239455,
            407.0
          ],
          [
            8.792356,
            47.239455,
            406.0
          ],
          [
            8.792501,
            47.23944,
            405.0
          ],
          [
            8.792647,
            47.239443,
            405.0
          ],
          [
            8.792793,
            47.239453,
            406.0
          ],
          [
            8.792928,
            47.239461,
            406.0
          ],
          [
            8.793078,
            47.239464,
            405.0
          ],
          [
            8.793208,
            47.239496,
            407.0
          ],
          [
            8.793353,
            47.239514,
            407.0
          ],
          [
            8.793495,
            47.239528,
            407.0
          ],
          [
            8.793644,
            47.239542,
            408.0
          ],
          [
            8.793775,
            47.239563,
            408.0
          ],
          [
            8.79392,
            47.239584,
            408.0
          ],
          [
            8.794049,
            47.239622,
            407.0
          ],
          [
            8.794179,
            47.239657,
            405.0
          ],
          [
            8.794314,
            47.239698,
            404.0
          ],
          [
            8.794447,
            47.239747,
            403.0
          ],
          [
            8.79457,
            47.239784,
            403.0
          ],
          [
            8.794696,
            47.239812,
            403.0
          ],
          [
            8.794839,
            47.239849,
            403.0
          ],
          [
            8.794979,
            47.239885,
            402.0
          ],
          [
            8.795107,
            47.239915,
            402.0
          ],
          [
            8.795256,
            47.239946,
            402.0
          ],
          [
            8.795398,
            47.239983,
            402.0
          ],
          [
            8.795532,
            47.240007,
            405.0
          ],
          [
            8.795663,
            47.240032,
            406.0
          ],
          [
            8.795796,
            47.240059,
            405.0
          ],
          [
            8.795925,
            47.240092,
            406.0
          ],
          [
            8.796062,
            47.240121,
            408.0
          ],
          [
            8.796192,
            47.240147,
            411.0
          ],
          [
            8.796327,
            47.24018,
            414.0
          ],
          [
            8.796468,
            47.240215,
            415.0
          ],
          [
            8.796589,
            47.240263,
            416.0
          ],
          [
            8.796726,
            47.240308,
            417.0
          ],
          [
            8.79686,
            47.240347,
            417.0
          ],
          [
            8.796992,
            47.240385,
            416.0
          ],
          [
            8.797131,
            47.24041,
            416.0
          ],
          [
            8.797278,
            47.240427,
            417.0
          ],
          [
            8.79742,
            47.240463,
            418.0
          ],
          [
            8.797568,
            47.240487,
            417.0
          ],
          [
            8.797715,
            47.2405,
            418.0
          ],
          [
            8.797855,
            47.240509,
            417.0
          ],
          [
            8.797989,
            47.240535,
            416.0
          ],
          [
            8.79813,
            47.24055,
            414.0
          ],
          [
            8.798277,
            47.240573,
            413.0
          ],
          [
            8.798422,
            47.240596,
            410.0
          ],
          [
            8.798563,
            47.24062,
            409.0
          ],
          [
            8.798631,
            47.2407,
            408.0
          ],
          [
            8.798588,
            47.240793,
            409.0
          ],
          [
            8.798509,
            47.240876,
            410.0
          ],
          [
            8.798541,
            47.240974,
            411.0
          ],
          [
            8.798673,
            47.241029,
            411.0
          ],
          [
            8.798807,
            47.241048,
            411.0
          ],
          [
            8.798938,
            47.241055,
            411.0
          ],
          [
            8.799087,
            47.241067,
            411.0
          ],
          [
            8.799239,
            47.241077,
            412.0
          ],
          [
            8.79939,
            47.241098,
            412.0
          ],
          [
            8.799541,
            47.241112,
            412.0
          ],
          [
            8.799676,
            47.241123,
            411.0
          ],
          [
            8.799829,
            47.241126,
            410.0
          ],
          [
            8.799978,
            47.241132,
            410.0
          ],
          [
            8.80012,
            47.241129,
            410.0
          ],
          [
            8.800259,
            47.241132,
            408.0
          ],
          [
            8.800404,
            47.241151,
            408.0
          ],
          [
            8.800538,
            47.24116,
            409.0
          ],
          [
            8.800687,
            47.241165,
            412.0
          ],
          [
            8.800824,
            47.241153,
            414.0
          ],
          [
            8.800967,
            47.241159,
            416.0
          ],
          [
            8.80112,
            47.241161,
            420.0
          ],
          [
            8.801268,
            47.241149,
            423.0
          ],
          [
            8.801414,
            47.241145,
            425.0
          ],
          [
            8.801546,
            47.241131,
            428.0
          ],
          [
            8.801674,
            47.241109,
            428.0
          ],
          [
            8.801815,
            47.241092,
            427.0
          ],
          [
            8.801955,
            47.241073,
            426.0
          ],
          [
            8.802107,
            47.241068,
            428.0
          ],
          [
            8.802262,
            47.241051,
            428.0
          ],
          [
            8.802389,
            47.241019,
            427.0
          ],
          [
            8.802523,
            47.241014,
            427.0
          ],
          [
            8.802663,
            47.241001,
            427.0
          ],
          [
            8.802806,
            47.240992,
            426.0
          ],
          [
            8.802956,
            47.240977,
            426.0
          ],
          [
            8.803104,
            47.240992,
            425.0
          ],
          [
            8.803199,
            47.241067,
            425.0
          ],
          [
            8.803318,
            47.241119,
            426.0
          ],
          [
            8.803454,
            47.241107,
            428.0
          ],
          [
            8.803577,
            47.241063,
            430.0
          ],
          [
            8.803713,
            47.24101,
            432.0
          ],
          [
            8.803855,
            47.240987,
            433.0
          ],
          [
            8.803981,
            47.240959,
            433.0
          ],
          [
            8.804122,
            47.240952,
            437.0
          ],
          [
            8.804251,
            47.240911,
            439.0
          ],
          [
            8.804374,
            47.24087,
            437.0
          ],
          [
            8.804509,
            47.240826,
            435.0
          ],
          [
            8.804647,
            47.240788,
            433.0
          ],
          [
            8.804795,
            47.240762,
            432.0
          ],
          [
            8.804949,
            47.240748,
            430.0
          ],
          [
            8.805093,
            47.240736,
            427.0
          ],
          [
            8.80523,
            47.240737,
            423.0
          ],
          [
            8.805361,
            47.240723,
            424.0
          ],
          [
            8.805503,
            47.240742,
            424.0
          ],
          [
            8.805647,
            47.240766,
            422.0
          ],
          [
            8.805791,
            47.240768,
            422.0
          ],
          [
            8.805927,
            47.24074,
            423.0
          ],
          [
            8.806065,
            47.240699,
            428.0
          ],
          [
            8.806203,
            47.240696,
            431.0
          ],
          [
            8.806348,
            47.240686,
            434.0
          ],
          [
            8.806501,
            47.240672,
            437.0
          ],
          [
            8.806654,
            47.240675,
            439.0
          ],
          [
            8.806808,
            47.240687,
            441.0
          ],
          [
            8.80695,
            47.2407,
            441.0
          ],
          [
            8.807088,
            47.240705,
            442.0
          ],
          [
            8.807234,
            47.240729,
            443.0
          ],
          [
            8.807511,
            47.240743,
            441.0
          ],
          [
            8.807646,
            47.240768,
            440.0
          ],
          [
            8.807792,
            47.240795,
            440.0
          ],
          [
            8.807926,
            47.240814,
            439.0
          ],
          [
            8.808063,
            47.240831,
            439.0
          ],
          [
            8.808205,
            47.240845,
            438.0
          ],
          [
            8.808358,
            47.240853,
            438.0
          ],
          [
            8.808488,
            47.240871,
            439.0
          ],
          [
            8.808633,
            47.240875,
            427.0
          ],
          [
            8.808769,
            47.240888,
            427.0
          ],
          [
            8.808915,
            47.240889,
            427.0
          ],
          [
            8.809057,
            47.240884,
            427.0
          ],
          [
            8.809201,
            47.240885,
            427.0
          ],
          [
            8.809343,
            47.24089,
            427.0
          ],
          [
            8.809477,
            47.240884,
            427.0
          ],
          [
            8.809615,
            47.24088,
            427.0
          ],
          [
            8.809765,
            47.240872,
            427.0
          ],
          [
            8.80991,
            47.240877,
            427.0
          ],
          [
            8.810057,
            47.240884,
            427.0
          ],
          [
            8.810197,
            47.240908,
            427.0
          ],
          [
            8.810319,
            47.240859,
            427.0
          ],
          [
            8.810416,
            47.24078,
            445.0
          ],
          [
            8.810501,
            47.240699,
            443.0
          ],
          [
            8.810591,
            47.240618,
            441.0
          ],
          [
            8.810727,
            47.240573,
            440.0
          ],
          [
            8.810858,
            47.240515,
            437.0
          ],
          [
            8.811051,
            47.240392,
            434.0
          ],
          [
            8.811171,
            47.240231,
            432.0
          ],
          [
            8.81122,
            47.240139,
            429.0
          ],
          [
            8.81124,
            47.240039,
            429.0
          ],
          [
            8.811234,
            47.239944,
            430.0
          ],
          [
            8.811267,
            47.239856,
            431.0
          ],
          [
            8.811369,
            47.239781,
            430.0
          ],
          [
            8.811472,
            47.239712,
            428.0
          ],
          [
            8.811564,
            47.239641,
            424.0
          ],
          [
            8.811652,
            47.239572,
            422.0
          ],
          [
            8.811708,
            47.23948,
            421.0
          ],
          [
            8.811741,
            47.239379,
            417.0
          ],
          [
            8.811761,
            47.239278,
            414.0
          ],
          [
            8.811814,
            47.239183,
            415.0
          ],
          [
            8.811834,
            47.239085,
            415.0
          ],
          [
            8.811806,
            47.238983,
            417.0
          ],
          [
            8.811942,
            47.238943,
            419.0
          ],
          [
            8.812085,
            47.238911,
            419.0
          ],
          [
            8.812238,
            47.238889,
            417.0
          ],
          [
            8.812382,
            47.238887,
            416.0
          ],
          [
            8.812528,
            47.238864,
            414.0
          ],
          [
            8.812655,
            47.238837,
            414.0
          ],
          [
            8.812784,
            47.238814,
            414.0
          ],
          [
            8.812926,
            47.238793,
            413.0
          ],
          [
            8.813045,
            47.238751,
            412.0
          ],
          [
            8.813182,
            47.238714,
            413.0
          ],
          [
            8.813306,
            47.238674,
            414.0
          ],
          [
            8.813438,
            47.238643,
            415.0
          ],
          [
            8.813567,
            47.238604,
            415.0
          ],
          [
            8.813817,
            47.238543,
            415.0
          ],
          [
            8.81409,
            47.238489,
            415.0
          ],
          [
            8.81435,
            47.238415,
            416.0
          ],
          [
            8.814624,
            47.238355,
            417.0
          ],
          [
            8.814892,
            47.238311,
            418.0
          ],
          [
            8.815147,
            47.238238,
            419.0
          ],
          [
            8.815383,
            47.238216,
            417.0
          ],
          [
            8.815518,
            47.238183,
            417.0
          ],
          [
            8.815623,
            47.238118,
            417.0
          ],
          [
            8.815736,
            47.238063,
            418.0
          ],
          [
            8.81585,
            47.238006,
            419.0
          ],
          [
            8.815961,
            47.23795,
            419.0
          ],
          [
            8.816099,
            47.237908,
            420.0
          ],
          [
            8.816237,
            47.237889,
            420.0
          ],
          [
            8.816377,
            47.237905,
            421.0
          ],
          [
            8.816522,
            47.237917,
            423.0
          ],
          [
            8.816492,
            47.238019,
            426.0
          ],
          [
            8.816457,
            47.238112,
            427.0
          ],
          [
            8.81654,
            47.238183,
            426.0
          ],
          [
            8.816679,
            47.238234,
            426.0
          ],
          [
            8.816801,
            47.238291,
            426.0
          ],
          [
            8.816924,
            47.238353,
            426.0
          ],
          [
            8.817059,
            47.238399,
            426.0
          ],
          [
            8.81718,
            47.238361,
            425.0
          ],
          [
            8.817236,
            47.238273,
            423.0
          ],
          [
            8.817305,
            47.238188,
            423.0
          ],
          [
            8.817368,
            47.238093,
            422.0
          ],
          [
            8.817427,
            47.23801,
            422.0
          ],
          [
            8.817537,
            47.237951,
            422.0
          ],
          [
            8.817636,
            47.23789,
            423.0
          ],
          [
            8.817742,
            47.237834,
            423.0
          ],
          [
            8.817869,
            47.237784,
            422.0
          ],
          [
            8.817991,
            47.237733,
            422.0
          ],
          [
            8.818112,
            47.23768,
            421.0
          ],
          [
            8.81823,
            47.23762,
            419.0
          ],
          [
            8.818347,
            47.237564,
            418.0
          ],
          [
            8.818477,
            47.237512,
            417.0
          ],
          [
            8.81861,
            47.237471,
            415.0
          ],
          [
            8.818734,
            47.23743,
            415.0
          ],
          [
            8.81884,
            47.237374,
            415.0
          ],
          [
            8.818957,
            47.237203,
            417.0
          ],
          [
            8.819032,
            47.237023,
            417.0
          ],
          [
            8.819075,
            47.236927,
            418.0
          ],
          [
            8.819145,
            47.236752,
            417.0
          ],
          [
            8.819197,
            47.236567,
            413.0
          ],
          [
            8.819271,
            47.236391,
            413.0
          ],
          [
            8.819335,
            47.236293,
            414.0
          ],
          [
            8.819397,
            47.2362,
            413.0
          ],
          [
            8.819451,
            47.236104,
            415.0
          ],
          [
            8.819499,
            47.236013,
            416.0
          ],
          [
            8.81954,
            47.235832,
            414.0
          ],
          [
            8.819746,
            47.235706,
            415.0
          ],
          [
            8.819848,
            47.235633,
            418.0
          ],
          [
            8.819927,
            47.235555,
            417.0
          ],
          [
            8.820007,
            47.235464,
            416.0
          ],
          [
            8.820089,
            47.235391,
            416.0
          ],
          [
            8.820173,
            47.235314,
            415.0
          ],
          [
            8.82024,
            47.235232,
            414.0
          ],
          [
            8.820297,
            47.235136,
            415.0
          ],
          [
            8.820353,
            47.235039,
            413.0
          ],
          [
            8.820428,
            47.234937,
            412.0
          ],
          [
            8.820493,
            47.234853,
            412.0
          ],
          [
            8.820566,
            47.234775,
            413.0
          ],
          [
            8.820619,
            47.234681,
            416.0
          ],
          [
            8.820641,
            47.234588,
            418.0
          ],
          [
            8.820715,
            47.234507,
            418.0
          ],
          [
            8.820762,
            47.234418,
            418.0
          ],
          [
            8.820824,
            47.234319,
            419.0
          ],
          [
            8.820872,
            47.234225,
            420.0
          ],
          [
            8.820894,
            47.234125,
            420.0
          ],
          [
            8.820949,
            47.234029,
            423.0
          ],
          [
            8.820992,
            47.233941,
            424.0
          ],
          [
            8.821008,
            47.233844,
            415.0
          ],
          [
            8.821022,
            47.233739,
            415.0
          ],
          [
            8.821048,
            47.233641,
            415.0
          ],
          [
            8.821083,
            47.233538,
            415.0
          ],
          [
            8.821115,
            47.233436,
            415.0
          ],
          [
            8.821162,
            47.233336,
            415.0
          ],
          [
            8.821215,
            47.233241,
            415.0
          ],
          [
            8.821273,
            47.233155,
            415.0
          ],
          [
            8.821154,
            47.233099,
            415.0
          ],
          [
            8.821025,
            47.233056,
            415.0
          ],
          [
            8.820891,
            47.233005,
            415.0
          ],
          [
            8.820758,
            47.232972,
            415.0
          ],
          [
            8.820647,
            47.232914,
            415.0
          ],
          [
            8.820526,
            47.232855,
            415.0
          ],
          [
            8.82043,
            47.232793,
            415.0
          ],
          [
            8.820385,
            47.232706,
            415.0
          ],
          [
            8.820397,
            47.232602,
            415.0
          ],
          [
            8.820407,
            47.232502,
            418.0
          ],
          [
            8.820401,
            47.232407,
            418.0
          ],
          [
            8.820435,
            47.232315,
            418.0
          ],
          [
            8.820483,
            47.232224,
            419.0
          ],
          [
            8.820517,
            47.232136,
            418.0
          ],
          [
            8.820548,
            47.232036,
            416.0
          ],
          [
            8.820576,
            47.231947,
            418.0
          ],
          [
            8.820613,
            47.231849,
            418.0
          ],
          [
            8.820671,
            47.231753,
            417.0
          ],
          [
            8.820722,
            47.23167,
            417.0
          ],
          [
            8.820785,
            47.23158,
            418.0
          ],
          [
            8.8208,
            47.231489,
            419.0
          ],
          [
            8.820836,
            47.231393,
            419.0
          ],
          [
            8.820911,
            47.231308,
            419.0
          ],
          [
            8.820985,
            47.231225,
            420.0
          ],
          [
            8.82106,
            47.231144,
            421.0
          ],
          [
            8.821123,
            47.231061,
            421.0
          ],
          [
            8.821205,
            47.230978,
            419.0
          ],
          [
            8.821244,
            47.230886,
            419.0
          ],
          [
            8.821287,
            47.230788,
            420.0
          ],
          [
            8.821332,
            47.230693,
            420.0
          ],
          [
            8.821362,
            47.230605,
            419.0
          ],
          [
            8.821321,
            47.230516,
            419.0
          ],
          [
            8.821277,
            47.230418,
            417.0
          ],
          [
            8.821186,
            47.230346,
            416.0
          ],
          [
            8.821116,
            47.230266,
            415.0
          ],
          [
            8.821041,
            47.230184,
            415.0
          ],
          [
            8.820961,
            47.230111,
            415.0
          ],
          [
            8.820848,
            47.230046,
            415.0
          ],
          [
            8.820731,
            47.23,
            416.0
          ],
          [
            8.820621,
            47.229932,
            417.0
          ],
          [
            8.820565,
            47.229849,
            416.0
          ],
          [
            8.820497,
            47.229771,
            415.0
          ],
          [
            8.820391,
            47.22971,
            416.0
          ],
          [
            8.820286,
            47.229644,
            416.0
          ],
          [
            8.820181,
            47.229578,
            418.0
          ],
          [
            8.820072,
            47.229519,
            418.0
          ],
          [
            8.820021,
            47.229425,
            417.0
          ],
          [
            8.819943,
            47.229345,
            414.0
          ],
          [
            8.819945,
            47.229248,
            414.0
          ],
          [
            8.820018,
            47.229164,
            413.0
          ],
          [
            8.820074,
            47.229071,
            413.0
          ],
          [
            8.820124,
            47.228978,
            412.0
          ],
          [
            8.820003,
            47.22881,
            418.0
          ],
          [
            8.819852,
            47.22877,
            418.0
          ],
          [
            8.819711,
            47.228761,
            420.0
          ],
          [
            8.81957,
            47.22879,
            421.0
          ],
          [
            8.819417,
            47.228779,
            419.0
          ],
          [
            8.819266,
            47.228756,
            420.0
          ],
          [
            8.819131,
            47.228749,
            421.0
          ],
          [
            8.818988,
            47.228759,
            422.0
          ],
          [
            8.818847,
            47.228779,
            422.0
          ],
          [
            8.818713,
            47.228775,
            421.0
          ],
          [
            8.818575,
            47.228786,
            421.0
          ],
          [
            8.818442,
            47.228774,
            420.0
          ],
          [
            8.818293,
            47.22876,
            419.0
          ],
          [
            8.818147,
            47.228768,
            418.0
          ],
          [
            8.818004,
            47.228778,
            418.0
          ],
          [
            8.817871,
            47.228783,
            417.0
          ],
          [
            8.817735,
            47.228761,
            417.0
          ],
          [
            8.817643,
            47.228696,
            415.0
          ],
          [
            8.817527,
            47.228633,
            414.0
          ],
          [
            8.817427,
            47.22856,
            413.0
          ],
          [
            8.817326,
            47.228485,
            411.0
          ],
          [
            8.817228,
            47.228406,
            407.0
          ],
          [
            8.817149,
            47.228335,
            406.0
          ],
          [
            8.817041,
            47.228279,
            406.0
          ],
          [
            8.816907,
            47.228251,
            405.0
          ],
          [
            8.816772,
            47.228202,
            406.0
          ],
          [
            8.816649,
            47.228147,
            405.0
          ],
          [
            8.816535,
            47.22809,
            406.0
          ],
          [
            8.816404,
            47.228062,
            405.0
          ],
          [
            8.816272,
            47.228071,
            407.0
          ],
          [
            8.816138,
            47.228061,
            406.0
          ],
          [
            8.816007,
            47.228025,
            406.0
          ],
          [
            8.815858,
            47.228,
            407.0
          ],
          [
            8.815722,
            47.22796,
            407.0
          ],
          [
            8.815587,
            47.227938,
            407.0
          ],
          [
            8.815438,
            47.227925,
            408.0
          ],
          [
            8.815296,
            47.227893,
            409.0
          ],
          [
            8.815178,
            47.227846,
            409.0
          ],
          [
            8.81505,
            47.227805,
            408.0
          ],
          [
            8.81492,
            47.227768,
            408.0
          ],
          [
            8.814785,
            47.227724,
            409.0
          ],
          [
            8.814649,
            47.227711,
            410.0
          ],
          [
            8.814502,
            47.227673,
            411.0
          ],
          [
            8.81437,
            47.227641,
            410.0
          ],
          [
            8.814243,
            47.227615,
            407.0
          ],
          [
            8.814096,
            47.227595,
            407.0
          ],
          [
            8.813959,
            47.227559,
            407.0
          ],
          [
            8.813838,
            47.22751,
            407.0
          ],
          [
            8.813712,
            47.227477,
            408.0
          ],
          [
            8.813566,
            47.227447,
            408.0
          ],
          [
            8.813444,
            47.22741,
            408.0
          ],
          [
            8.813291,
            47.227388,
            406.0
          ],
          [
            8.813151,
            47.227347,
            405.0
          ],
          [
            8.81302,
            47.227308,
            405.0
          ],
          [
            8.812894,
            47.227269,
            404.0
          ],
          [
            8.812752,
            47.227237,
            406.0
          ],
          [
            8.812615,
            47.227214,
            404.0
          ],
          [
            8.812484,
            47.227167,
            404.0
          ],
          [
            8.812348,
            47.227139,
            404.0
          ],
          [
            8.812207,
            47.227121,
            404.0
          ],
          [
            8.812064,
            47.227086,
            403.0
          ],
          [
            8.811935,
            47.227046,
            404.0
          ],
          [
            8.811805,
            47.227003,
            406.0
          ],
          [
            8.811679,
            47.226971,
            408.0
          ],
          [
            8.811632,
            47.226876,
            407.0
          ],
          [
            8.811735,
            47.226805,
            406.0
          ],
          [
            8.811822,
            47.226732,
            407.0
          ],
          [
            8.811944,
            47.226694,
            408.0
          ],
          [
            8.812076,
            47.226663,
            409.0
          ],
          [
            8.812217,
            47.22663,
            409.0
          ],
          [
            8.812351,
            47.226589,
            408.0
          ],
          [
            8.812481,
            47.226557,
            407.0
          ],
          [
            8.812618,
            47.226512,
            407.0
          ],
          [
            8.81275,
            47.22647,
            407.0
          ],
          [
            8.812874,
            47.226425,
            409.0
          ],
          [
            8.813004,
            47.226378,
            408.0
          ],
          [
            8.813127,
            47.226329,
            408.0
          ],
          [
            8.813264,
            47.226296,
            405.0
          ],
          [
            8.8134,
            47.226252,
            404.0
          ],
          [
            8.81354,
            47.226196,
            404.0
          ],
          [
            8.81365,
            47.226142,
            405.0
          ],
          [
            8.81377,
            47.226096,
            406.0
          ],
          [
            8.813898,
            47.226058,
            409.0
          ],
          [
            8.814027,
            47.226026,
            411.0
          ],
          [
            8.814161,
            47.226012,
            413.0
          ],
          [
            8.814301,
            47.225986,
            413.0
          ],
          [
            8.814423,
            47.225943,
            412.0
          ],
          [
            8.814558,
            47.225907,
            412.0
          ],
          [
            8.814687,
            47.225862,
            412.0
          ],
          [
            8.81481,
            47.225818,
            413.0
          ],
          [
            8.814881,
            47.225742,
            411.0
          ],
          [
            8.814958,
            47.225667,
            410.0
          ],
          [
            8.815058,
            47.225585,
            409.0
          ],
          [
            8.815134,
            47.225505,
            408.0
          ],
          [
            8.815179,
            47.225407,
            408.0
          ],
          [
            8.815223,
            47.225321,
            408.0
          ],
          [
            8.81527,
            47.225228,
            409.0
          ],
          [
            8.8153,
            47.225138,
            410.0
          ],
          [
            8.815316,
            47.225049,
            410.0
          ],
          [
            8.815335,
            47.224959,
            409.0
          ],
          [
            8.815277,
            47.22487,
            410.0
          ],
          [
            8.815154,
            47.224807,
            410.0
          ],
          [
            8.815021,
            47.22478,
            409.0
          ],
          [
            8.814881,
            47.224763,
            407.0
          ],
          [
            8.814735,
            47.224749,
            409.0
          ],
          [
            8.814594,
            47.224724,
            408.0
          ],
          [
            8.814452,
            47.224687,
            409.0
          ],
          [
            8.81436,
            47.224619,
            408.0
          ],
          [
            8.814269,
            47.224548,
            408.0
          ],
          [
            8.814189,
            47.224474,
            408.0
          ],
          [
            8.814098,
            47.224399,
            408.0
          ],
          [
            8.814003,
            47.224318,
            408.0
          ],
          [
            8.813902,
            47.224241,
            408.0
          ],
          [
            8.813811,
            47.224165,
            408.0
          ],
          [
            8.813728,
            47.224094,
            408.0
          ],
          [
            8.813636,
            47.224015,
            408.0
          ],
          [
            8.813538,
            47.22394,
            407.0
          ],
          [
            8.813428,
            47.22387,
            407.0
          ],
          [
            8.813328,
            47.223795,
            407.0
          ],
          [
            8.813228,
            47.223735,
            407.0
          ],
          [
            8.813233,
            47.22364,
            406.0
          ],
          [
            8.813335,
            47.223575,
            405.0
          ],
          [
            8.813456,
            47.223526,
            403.0
          ],
          [
            8.813571,
            47.223596,
            400.0
          ],
          [
            8.813693,
            47.223647,
            401.0
          ],
          [
            8.813813,
            47.223703,
            402.0
          ],
          [
            8.813931,
            47.223769,
            404.0
          ],
          [
            8.814045,
            47.223824,
            406.0
          ],
          [
            8.814161,
            47.223877,
            405.0
          ],
          [
            8.814262,
            47.223946,
            405.0
          ],
          [
            8.814376,
            47.22401,
            406.0
          ],
          [
            8.814497,
            47.224054,
            406.0
          ],
          [
            8.814633,
            47.224038,
            406.0
          ],
          [
            8.814771,
            47.224013,
            406.0
          ],
          [
            8.814903,
            47.223984,
            406.0
          ],
          [
            8.815016,
            47.223931,
            406.0
          ],
          [
            8.815099,
            47.223855,
            407.0
          ],
          [
            8.815163,
            47.223762,
            405.0
          ],
          [
            8.815218,
            47.223681,
            405.0
          ],
          [
            8.815286,
            47.223596,
            404.0
          ],
          [
            8.815339,
            47.223512,
            405.0
          ],
          [
            8.815344,
            47.223421,
            405.0
          ],
          [
            8.815206,
            47.223393,
            404.0
          ],
          [
            8.815069,
            47.223374,
            403.0
          ],
          [
            8.814946,
            47.223326,
            404.0
          ],
          [
            8.814939,
            47.223234,
            404.0
          ],
          [
            8.814934,
            47.223137,
            406.0
          ],
          [
            8.81495,
            47.223045,
            407.0
          ],
          [
            8.814942,
            47.222944,
            408.0
          ],
          [
            8.814918,
            47.222852,
            409.0
          ],
          [
            8.81491,
            47.222762,
            409.0
          ],
          [
            8.81493,
            47.222663,
            409.0
          ],
          [
            8.81491,
            47.222571,
            408.0
          ],
          [
            8.814904,
            47.222477,
            407.0
          ],
          [
            8.814889,
            47.222377,
            405.0
          ],
          [
            8.814885,
            47.222283,
            405.0
          ],
          [
            8.814895,
            47.222182,
            406.0
          ],
          [
            8.814889,
            47.222092,
            407.0
          ],
          [
            8.814868,
            47.222,
            405.0
          ],
          [
            8.814849,
            47.2219,
            404.0
          ],
          [
            8.814753,
            47.221831,
            405.0
          ],
          [
            8.814648,
            47.221772,
            405.0
          ],
          [
            8.814531,
            47.221711,
            406.0
          ],
          [
            8.814419,
            47.22166,
            406.0
          ],
          [
            8.814298,
            47.221597,
            406.0
          ],
          [
            8.814179,
            47.221532,
            407.0
          ],
          [
            8.814055,
            47.221478,
            407.0
          ],
          [
            8.813933,
            47.221428,
            407.0
          ],
          [
            8.813817,
            47.221373,
            406.0
          ],
          [
            8.813707,
            47.221312,
            406.0
          ],
          [
            8.813586,
            47.221259,
            406.0
          ],
          [
            8.813463,
            47.221202,
            405.0
          ],
          [
            8.813346,
            47.221157,
            404.0
          ],
          [
            8.813235,
            47.221102,
            403.0
          ],
          [
            8.813122,
            47.221038,
            403.0
          ],
          [
            8.813016,
            47.22098,
            404.0
          ],
          [
            8.812894,
            47.220928,
            404.0
          ],
          [
            8.812773,
            47.220882,
            404.0
          ],
          [
            8.812663,
            47.22083,
            404.0
          ],
          [
            8.812547,
            47.220777,
            405.0
          ],
          [
            8.812434,
            47.220724,
            404.0
          ],
          [
            8.812305,
            47.220676,
            404.0
          ],
          [
            8.81218,
            47.220628,
            404.0
          ],
          [
            8.812054,
            47.220575,
            405.0
          ],
          [
            8.811935,
            47.220528,
            406.0
          ],
          [
            8.81181,
            47.220483,
            407.0
          ],
          [
            8.811686,
            47.220439,
            407.0
          ],
          [
            8.811546,
            47.220394,
            406.0
          ],
          [
            8.811417,
            47.220349,
            405.0
          ],
          [
            8.811293,
            47.220302,
            406.0
          ],
          [
            8.81116,
            47.220251,
            407.0
          ],
          [
            8.811032,
            47.220202,
            407.0
          ],
          [
            8.810913,
            47.220146,
            407.0
          ],
          [
            8.810784,
            47.220097,
            408.0
          ],
          [
            8.810654,
            47.220044,
            407.0
          ],
          [
            8.810523,
            47.219997,
            407.0
          ],
          [
            8.810389,
            47.219969,
            406.0
          ],
          [
            8.810267,
            47.21993,
            407.0
          ],
          [
            8.810151,
            47.219883,
            407.0
          ],
          [
            8.810036,
            47.21983,
            407.0
          ],
          [
            8.809911,
            47.219785,
            407.0
          ],
          [
            8.8098,
            47.21972,
            406.0
          ],
          [
            8.809703,
            47.219651,
            406.0
          ],
          [
            8.809604,
            47.219578,
            406.0
          ],
          [
            8.80952,
            47.219502,
            406.0
          ],
          [
            8.809439,
            47.219422,
            406.0
          ],
          [
            8.80934,
            47.219344,
            407.0
          ],
          [
            8.809242,
            47.219279,
            407.0
          ],
          [
            8.809137,
            47.219207,
            407.0
          ],
          [
            8.809048,
            47.219134,
            407.0
          ],
          [
            8.808955,
            47.219061,
            408.0
          ],
          [
            8.808869,
            47.21899,
            409.0
          ],
          [
            8.808782,
            47.218914,
            410.0
          ],
          [
            8.80722,
            47.218396,
            407.0
          ],
          [
            8.807023,
            47.218271,
            406.0
          ],
          [
            8.806846,
            47.218129,
            406.0
          ],
          [
            8.806663,
            47.217997,
            407.0
          ],
          [
            8.806496,
            47.217842,
            407.0
          ],
          [
            8.806415,
            47.217768,
            407.0
          ],
          [
            8.806321,
            47.217697,
            407.0
          ],
          [
            8.806225,
            47.217628,
            407.0
          ],
          [
            8.806123,
            47.21756,
            407.0
          ],
          [
            8.806013,
            47.217494,
            408.0
          ],
          [
            8.805918,
            47.217418,
            408.0
          ],
          [
            8.805828,
            47.217347,
            408.0
          ],
          [
            8.805735,
            47.217278,
            408.0
          ],
          [
            8.805628,
            47.217209,
            408.0
          ],
          [
            8.805535,
            47.217137,
            407.0
          ],
          [
            8.805453,
            47.21705,
            408.0
          ],
          [
            8.805374,
            47.216966,
            408.0
          ],
          [
            8.80528,
            47.216893,
            408.0
          ],
          [
            8.805183,
            47.216824,
            407.0
          ],
          [
            8.805077,
            47.216768,
            407.0
          ],
          [
            8.804961,
            47.216708,
            407.0
          ],
          [
            8.804867,
            47.216637,
            407.0
          ],
          [
            8.804755,
            47.216566,
            407.0
          ],
          [
            8.804654,
            47.216506,
            406.0
          ],
          [
            8.804556,
            47.216445,
            406.0
          ],
          [
            8.804434,
            47.216396,
            408.0
          ],
          [
            8.804326,
            47.216341,
            407.0
          ],
          [
            8.804222,
            47.216273,
            407.0
          ],
          [
            8.804114,
            47.216209,
            407.0
          ],
          [
            8.804006,
            47.216155,
            407.0
          ],
          [
            8.803922,
            47.216075,
            408.0
          ],
          [
            8.803859,
            47.215992,
            407.0
          ],
          [
            8.803816,
            47.215902,
            407.0
          ],
          [
            8.803778,
            47.215814,
            407.0
          ],
          [
            8.803687,
            47.215729,
            407.0
          ],
          [
            8.803565,
            47.215687,
            407.0
          ],
          [
            8.803427,
            47.215638,
            406.0
          ],
          [
            8.803305,
            47.215595,
            406.0
          ],
          [
            8.803175,
            47.215546,
            408.0
          ],
          [
            8.803065,
            47.215481,
            408.0
          ],
          [
            8.802971,
            47.215401,
            408.0
          ],
          [
            8.802879,
            47.215322,
            408.0
          ],
          [
            8.802779,
            47.215261,
            407.0
          ],
          [
            8.802689,
            47.215191,
            407.0
          ],
          [
            8.802582,
            47.215135,
            408.0
          ],
          [
            8.802496,
            47.21506,
            408.0
          ],
          [
            8.802444,
            47.214972,
            408.0
          ],
          [
            8.802429,
            47.214876,
            410.0
          ],
          [
            8.802429,
            47.21478,
            410.0
          ],
          [
            8.802411,
            47.214686,
            410.0
          ],
          [
            8.80242,
            47.214593,
            410.0
          ],
          [
            8.802411,
            47.214499,
            410.0
          ],
          [
            8.80244,
            47.2144,
            410.0
          ],
          [
            8.802507,
            47.214316,
            410.0
          ],
          [
            8.802563,
            47.214229,
            410.0
          ],
          [
            8.802593,
            47.214137,
            410.0
          ],
          [
            8.802586,
            47.214039,
            410.0
          ],
          [
            8.802455,
            47.214007,
            410.0
          ],
          [
            8.802321,
            47.214003,
            410.0
          ],
          [
            8.80217,
            47.213991,
            410.0
          ],
          [
            8.802032,
            47.213967,
            411.0
          ],
          [
            8.801886,
            47.21394,
            413.0
          ],
          [
            8.801739,
            47.213919,
            414.0
          ],
          [
            8.80159,
            47.213891,
            414.0
          ],
          [
            8.801441,
            47.213874,
            416.0
          ],
          [
            8.801303,
            47.213846,
            418.0
          ],
          [
            8.801159,
            47.213821,
            419.0
          ],
          [
            8.80102,
            47.213799,
            419.0
          ],
          [
            8.800879,
            47.213763,
            418.0
          ],
          [
            8.800742,
            47.213719,
            419.0
          ],
          [
            8.800615,
            47.213693,
            419.0
          ],
          [
            8.800498,
            47.213648,
            418.0
          ],
          [
            8.800403,
            47.213574,
            420.0
          ],
          [
            8.800286,
            47.213521,
            421.0
          ],
          [
            8.800159,
            47.21348,
            421.0
          ],
          [
            8.800033,
            47.213444,
            421.0
          ],
          [
            8.799896,
            47.213414,
            421.0
          ],
          [
            8.799762,
            47.213383,
            420.0
          ],
          [
            8.79949,
            47.21337,
            415.0
          ],
          [
            8.799394,
            47.213299,
            415.0
          ],
          [
            8.799302,
            47.213219,
            414.0
          ],
          [
            8.799229,
            47.21314,
            415.0
          ],
          [
            8.79916,
            47.213055,
            414.0
          ],
          [
            8.799085,
            47.212965,
            414.0
          ],
          [
            8.799016,
            47.212885,
            414.0
          ],
          [
            8.798934,
            47.212812,
            413.0
          ],
          [
            8.798859,
            47.212737,
            412.0
          ],
          [
            8.798767,
            47.212658,
            411.0
          ],
          [
            8.798678,
            47.212578,
            410.0
          ],
          [
            8.798578,
            47.212511,
            409.0
          ],
          [
            8.798501,
            47.212429,
            409.0
          ],
          [
            8.798413,
            47.212346,
            409.0
          ],
          [
            8.798312,
            47.212268,
            409.0
          ],
          [
            8.798256,
            47.212187,
            409.0
          ],
          [
            8.798178,
            47.212102,
            408.0
          ],
          [
            8.798115,
            47.212022,
            408.0
          ],
          [
            8.798056,
            47.211925,
            407.0
          ],
          [
            8.797984,
            47.211849,
            406.0
          ],
          [
            8.797923,
            47.211767,
            405.0
          ],
          [
            8.797867,
            47.211682,
            406.0
          ],
          [
            8.797793,
            47.211601,
            405.0
          ],
          [
            8.797714,
            47.211517,
            405.0
          ],
          [
            8.7976,
            47.211457,
            406.0
          ],
          [
            8.797469,
            47.211468,
            407.0
          ],
          [
            8.797321,
            47.21148,
            409.0
          ],
          [
            8.797198,
            47.211442,
            408.0
          ],
          [
            8.797113,
            47.211365,
            409.0
          ],
          [
            8.797025,
            47.211283,
            410.0
          ],
          [
            8.79694,
            47.211209,
            410.0
          ],
          [
            8.796861,
            47.211126,
            409.0
          ],
          [
            8.796775,
            47.21105,
            409.0
          ],
          [
            8.796695,
            47.210966,
            410.0
          ],
          [
            8.796621,
            47.210889,
            409.0
          ],
          [
            8.796553,
            47.210799,
            409.0
          ],
          [
            8.796475,
            47.210713,
            409.0
          ],
          [
            8.796398,
            47.210636,
            408.0
          ],
          [
            8.796317,
            47.210553,
            407.0
          ],
          [
            8.796232,
            47.210469,
            406.0
          ],
          [
            8.796158,
            47.21039,
            405.0
          ],
          [
            8.79611,
            47.210303,
            403.0
          ],
          [
            8.796054,
            47.210219,
            404.0
          ],
          [
            8.795988,
            47.210131,
            404.0
          ],
          [
            8.795925,
            47.21005,
            404.0
          ],
          [
            8.795861,
            47.209961,
            405.0
          ],
          [
            8.795798,
            47.209865,
            406.0
          ],
          [
            8.795743,
            47.209783,
            407.0
          ],
          [
            8.795692,
            47.209695,
            406.0
          ],
          [
            8.795564,
            47.209655,
            406.0
          ],
          [
            8.795434,
            47.209672,
            405.0
          ],
          [
            8.795292,
            47.209652,
            405.0
          ],
          [
            8.795224,
            47.209563,
            405.0
          ],
          [
            8.795161,
            47.209476,
            405.0
          ],
          [
            8.795114,
            47.20939,
            405.0
          ],
          [
            8.795048,
            47.20931,
            406.0
          ],
          [
            8.794981,
            47.209217,
            407.0
          ],
          [
            8.794919,
            47.20912,
            407.0
          ],
          [
            8.794864,
            47.209028,
            408.0
          ],
          [
            8.794792,
            47.208939,
            409.0
          ],
          [
            8.794734,
            47.208847,
            408.0
          ],
          [
            8.79466,
            47.208762,
            409.0
          ],
          [
            8.794599,
            47.20867,
            409.0
          ],
          [
            8.794533,
            47.208579,
            411.0
          ],
          [
            8.794468,
            47.208492,
            411.0
          ],
          [
            8.794403,
            47.208401,
            412.0
          ],
          [
            8.794332,
            47.208316,
            412.0
          ],
          [
            8.794262,
            47.208232,
            412.0
          ],
          [
            8.794203,
            47.20815,
            411.0
          ],
          [
            8.794145,
            47.208059,
            413.0
          ],
          [
            8.794077,
            47.20798,
            414.0
          ],
          [
            8.794015,
            47.207895,
            415.0
          ],
          [
            8.793933,
            47.207811,
            415.0
          ],
          [
            8.793893,
            47.207713,
            414.0
          ],
          [
            8.793834,
            47.207632,
            413.0
          ],
          [
            8.793751,
            47.207549,
            413.0
          ],
          [
            8.793705,
            47.207464,
            412.0
          ],
          [
            8.793621,
            47.207381,
            410.0
          ],
          [
            8.793532,
            47.207302,
            410.0
          ],
          [
            8.793425,
            47.207248,
            411.0
          ],
          [
            8.793347,
            47.207171,
            413.0
          ],
          [
            8.793249,
            47.207093,
            412.0
          ],
          [
            8.79316,
            47.207013,
            411.0
          ],
          [
            8.793088,
            47.206928,
            413.0
          ],
          [
            8.793008,
            47.206857,
            412.0
          ],
          [
            8.79294,
            47.206775,
            413.0
          ],
          [
            8.792867,
            47.206693,
            413.0
          ],
          [
            8.7928,
            47.206614,
            413.0
          ],
          [
            8.792724,
            47.20654,
            413.0
          ],
          [
            8.792639,
            47.206464,
            413.0
          ],
          [
            8.792549,
            47.206385,
            413.0
          ],
          [
            8.792451,
            47.206311,
            413.0
          ],
          [
            8.792371,
            47.206235,
            412.0
          ],
          [
            8.792278,
            47.206155,
            411.0
          ],
          [
            8.79219,
            47.206071,
            409.0
          ],
          [
            8.792116,
            47.205994,
            411.0
          ],
          [
            8.79203,
            47.205922,
            411.0
          ],
          [
            8.791945,
            47.205851,
            412.0
          ],
          [
            8.79186,
            47.205782,
            410.0
          ],
          [
            8.791759,
            47.205718,
            409.0
          ],
          [
            8.791662,
            47.205647,
            410.0
          ],
          [
            8.791564,
            47.205582,
            409.0
          ],
          [
            8.791476,
            47.205508,
            409.0
          ],
          [
            8.791375,
            47.205438,
            409.0
          ],
          [
            8.791287,
            47.205369,
            409.0
          ],
          [
            8.791199,
            47.205302,
            409.0
          ],
          [
            8.791108,
            47.20523,
            409.0
          ],
          [
            8.791014,
            47.205152,
            408.0
          ],
          [
            8.790917,
            47.205081,
            407.0
          ],
          [
            8.790825,
            47.205011,
            407.0
          ],
          [
            8.790735,
            47.204942,
            407.0
          ],
          [
            8.790642,
            47.204878,
            407.0
          ],
          [
            8.790548,
            47.204807,
            407.0
          ],
          [
            8.790452,
            47.204732,
            408.0
          ],
          [
            8.790353,
            47.204652,
            407.0
          ],
          [
            8.790269,
            47.204579,
            407.0
          ],
          [
            8.790205,
            47.204496,
            408.0
          ],
          [
            8.790121,
            47.204418,
            410.0
          ],
          [
            8.790028,
            47.204353,
            412.0
          ],
          [
            8.789925,
            47.204286,
            412.0
          ],
          [
            8.78982,
            47.204212,
            411.0
          ],
          [
            8.789717,
            47.204148,
            411.0
          ],
          [
            8.7896,
            47.204082,
            411.0
          ],
          [
            8.789497,
            47.204023,
            412.0
          ],
          [
            8.789406,
            47.203955,
            412.0
          ],
          [
            8.789309,
            47.203885,
            412.0
          ],
          [
            8.789203,
            47.203809,
            412.0
          ],
          [
            8.789083,
            47.203746,
            410.0
          ],
          [
            8.788951,
            47.2037,
            410.0
          ],
          [
            8.788837,
            47.203636,
            410.0
          ],
          [
            8.788715,
            47.203584,
            411.0
          ],
          [
            8.788607,
            47.203526,
            411.0
          ],
          [
            8.788487,
            47.20347,
            412.0
          ],
          [
            8.788369,
            47.203425,
            411.0
          ],
          [
            8.788248,
            47.203376,
            410.0
          ],
          [
            8.78811,
            47.203339,
            409.0
          ],
          [
            8.787984,
            47.203297,
            407.0
          ],
          [
            8.787866,
            47.203253,
            407.0
          ],
          [
            8.787731,
            47.203208,
            406.0
          ],
          [
            8.78761,
            47.203161,
            408.0
          ],
          [
            8.787473,
            47.203134,
            411.0
          ],
          [
            8.787334,
            47.203093,
            413.0
          ],
          [
            8.787198,
            47.203059,
            414.0
          ],
          [
            8.787059,
            47.203021,
            413.0
          ],
          [
            8.786907,
            47.203,
            413.0
          ],
          [
            8.786763,
            47.202991,
            412.0
          ],
          [
            8.786626,
            47.202989,
            411.0
          ],
          [
            8.786471,
            47.202997,
            410.0
          ],
          [
            8.786321,
            47.203008,
            410.0
          ],
          [
            8.786178,
            47.203018,
            411.0
          ],
          [
            8.786033,
            47.203043,
            410.0
          ],
          [
            8.785891,
            47.203049,
            409.0
          ],
          [
            8.785743,
            47.203046,
            409.0
          ],
          [
            8.785598,
            47.203048,
            408.0
          ],
          [
            8.78546,
            47.203053,
            408.0
          ],
          [
            8.785328,
            47.203067,
            407.0
          ],
          [
            8.785191,
            47.203079,
            405.0
          ],
          [
            8.785058,
            47.203085,
            405.0
          ],
          [
            8.784908,
            47.203094,
            406.0
          ],
          [
            8.784771,
            47.203092,
            406.0
          ],
          [
            8.784621,
            47.203097,
            406.0
          ],
          [
            8.78448,
            47.203098,
            406.0
          ],
          [
            8.784344,
            47.203101,
            407.0
          ],
          [
            8.784213,
            47.203116,
            406.0
          ],
          [
            8.784064,
            47.203108,
            407.0
          ],
          [
            8.783929,
            47.203099,
            410.0
          ],
          [
            8.783787,
            47.203113,
            410.0
          ],
          [
            8.783639,
            47.20313,
            410.0
          ],
          [
            8.7835,
            47.20315,
            410.0
          ],
          [
            8.783355,
            47.203179,
            408.0
          ],
          [
            8.783225,
            47.203206,
            408.0
          ],
          [
            8.78308,
            47.203215,
            407.0
          ],
          [
            8.782938,
            47.203234,
            406.0
          ],
          [
            8.782802,
            47.203258,
            407.0
          ],
          [
            8.78266,
            47.203265,
            408.0
          ],
          [
            8.782519,
            47.203265,
            407.0
          ],
          [
            8.782377,
            47.203276,
            407.0
          ],
          [
            8.782236,
            47.203286,
            407.0
          ],
          [
            8.782097,
            47.203289,
            407.0
          ],
          [
            8.781949,
            47.203293,
            408.0
          ],
          [
            8.781802,
            47.203328,
            407.0
          ],
          [
            8.781674,
            47.203353,
            407.0
          ],
          [
            8.78153,
            47.203358,
            407.0
          ],
          [
            8.781387,
            47.203362,
            407.0
          ],
          [
            8.781255,
            47.203368,
            408.0
          ],
          [
            8.781104,
            47.20337,
            408.0
          ],
          [
            8.780969,
            47.203373,
            409.0
          ],
          [
            8.780821,
            47.203369,
            408.0
          ],
          [
            8.78067,
            47.20336,
            410.0
          ],
          [
            8.78052,
            47.203341,
            413.0
          ],
          [
            8.780386,
            47.203353,
            413.0
          ],
          [
            8.780237,
            47.203366,
            411.0
          ],
          [
            8.780086,
            47.203384,
            410.0
          ],
          [
            8.779938,
            47.203386,
            412.0
          ],
          [
            8.779797,
            47.203392,
            412.0
          ],
          [
            8.779653,
            47.203393,
            412.0
          ],
          [
            8.779504,
            47.203398,
            412.0
          ],
          [
            8.779361,
            47.203392,
            412.0
          ],
          [
            8.779205,
            47.20339,
            412.0
          ],
          [
            8.779065,
            47.203386,
            412.0
          ],
          [
            8.778914,
            47.203396,
            412.0
          ],
          [
            8.778771,
            47.203399,
            412.0
          ]
        ]
      }
    }
  ]
}