{
  "type": "FeatureCollection",
  "features": [
    {
      "type": "Feature",
      "properties": {},
      "geometry": {
        "type": "LineString",
        "coordinates": [
          [
            8.163853,
            46.786556,
            753.0
          ],
          [
            8.16388,
            46.786661,
            753.0
          ],
          [
            8.163656,
            46.786686,
            751.0
          ],
          [
            8.16362,
            46.786692,
            751.0
          ],
          [
            8.163638,
            46.786784,
            750.0
          ],
          [
            8.16353,
            46.786802,
            749.0
          ],
          [
            8.163386,
            46.786335,
            751.0
          ],
          [
            8.163369,
            46.786206,
            751.0
          ],
          [
            8.163369,
            46.786163,
            751.0
          ],
          [
            8.163386,
            46.786052,
            751.0
          ],
          [
            8.163386,
            46.786009,
            752.0
          ],
          [
            8.163377,
            46.785707,
            752.0
          ],
          [
            8.163369,
            46.785677,
            752.0
          ],
          [
            8.163359,
            46.785652,
            752.0
          ],
          [
            8.16335,
            46.785585,
            753.0
          ],
          [
            8.163333,
            46.785523,
            753.0
          ],
          [
            8.163333,
            46.785449,
            753.0
          ],
          [
            8.16335,
            46.785376,
            753.0
          ],
          [
            8.163359,
            46.785333,
            753.0
          ],
          [
            8.163377,
            46.785302,
            753.0
          ],
          [
            8.163467,
            46.785179,
            753.0
          ],
          [
            8.163494,
            46.785135,
            754.0
          ],
          [
            8.163539,
            46.785038,
            754.0
          ],
          [
            8.163566,
            46.784957,
            754.0
          ],
          [
            8.163638,
            46.784791,
            754.0
          ],
          [
            8.163763,
            46.784509,
            756.0
          ],
          [
            8.163826,
            46.78449,
            757.0
          ],
          [
            8.16388,
            46.784478,
            757.0
          ],
          [
            8.163889,
            46.784472,
            757.0
          ],
          [
            8.163899,
            46.784465,
            757.0
          ],
          [
            8.163907,
            46.784453,
            757.0
          ],
          [
            8.163935,
            46.784422,
            757.0
          ],
          [
            8.164239,
            46.783715,
            764.0
          ],
          [
            8.164608,
            46.782976,
            773.0
          ],
          [
            8.164652,
            46.782829,
            775.0
          ],
          [
            8.164707,
            46.782663,
            777.0
          ],
          [
            8.165057,
            46.781402,
            789.0
          ],
          [
            8.165327,
            46.780528,
            798.0
          ],
          [
            8.165344,
            46.780442,
            799.0
          ],
          [
            8.165354,
            46.780344,
            800.0
          ],
          [
            8.165344,
            46.780282,
            801.0
          ],
          [
            8.165344,
            46.780221,
            801.0
          ],
          [
            8.165308,
            46.780116,
            802.0
          ],
          [
            8.165254,
            46.780006,
            803.0
          ],
          [
            8.165201,
            46.779919,
            804.0
          ],
          [
            8.165147,
            46.779846,
            805.0
          ],
          [
            8.165102,
            46.779797,
            806.0
          ],
          [
            8.164994,
            46.779704,
            807.0
          ],
          [
            8.164859,
            46.779599,
            808.0
          ],
          [
            8.164518,
            46.779341,
            812.0
          ],
          [
            8.164212,
            46.779107,
            817.0
          ],
          [
            8.164033,
            46.778966,
            819.0
          ],
          [
            8.163853,
            46.778836,
            821.0
          ],
          [
            8.163646,
            46.77872,
            823.0
          ],
          [
            8.163431,
            46.778584,
            825.0
          ],
          [
            8.163216,
            46.778474,
            826.0
          ],
          [
            8.162973,
            46.778394,
            828.0
          ],
          [
            8.162641,
            46.778277,
            831.0
          ],
          [
            8.162299,
            46.77816,
            833.0
          ],
          [
            8.162111,
            46.778105,
            835.0
          ],
          [
            8.161904,
            46.777981,
            837.0
          ],
          [
            8.161778,
            46.777896,
            838.0
          ],
          [
            8.161643,
            46.777778,
            839.0
          ],
          [
            8.161589,
            46.777717,
            840.0
          ],
          [
            8.161509,
            46.77757,
            842.0
          ],
          [
            8.161436,
            46.77744,
            844.0
          ],
          [
            8.161356,
            46.777324,
            845.0
          ],
          [
            8.161285,
            46.777225,
            847.0
          ],
          [
            8.16114,
            46.777065,
            849.0
          ],
          [
            8.160979,
            46.776868,
            852.0
          ],
          [
            8.160809,
            46.776696,
            855.0
          ],
          [
            8.160629,
            46.776597,
            857.0
          ],
          [
            8.160476,
            46.776524,
            859.0
          ],
          [
            8.160323,
            46.776456,
            861.0
          ],
          [
            8.16018,
            46.7764,
            863.0
          ],
          [
            8.160035,
            46.776302,
            865.0
          ],
          [
            8.159883,
            46.776191,
            867.0
          ],
          [
            8.159748,
            46.776043,
            870.0
          ],
          [
            8.159667,
            46.775921,
            872.0
          ],
          [
            8.159541,
            46.775822,
            874.0
          ],
          [
            8.159415,
            46.775748,
            876.0
          ],
          [
            8.159262,
            46.775687,
            878.0
          ],
          [
            8.159065,
            46.775613,
            880.0
          ],
          [
            8.158868,
            46.775582,
            882.0
          ],
          [
            8.158679,
            46.775539,
            883.0
          ],
          [
            8.158545,
            46.77549,
            885.0
          ],
          [
            8.158365,
            46.775398,
            886.0
          ],
          [
            8.158077,
            46.775244,
            889.0
          ],
          [
            8.157844,
            46.775152,
            892.0
          ],
          [
            8.157654,
            46.77509,
            893.0
          ],
          [
            8.157467,
            46.775016,
            895.0
          ],
          [
            8.157367,
            46.774979,
            896.0
          ],
          [
            8.157296,
            46.774961,
            897.0
          ],
          [
            8.157206,
            46.774954,
            897.0
          ],
          [
            8.157098,
            46.774948,
            898.0
          ],
          [
            8.156991,
            46.774948,
            899.0
          ],
          [
            8.156847,
            46.774961,
            900.0
          ],
          [
            8.156694,
            46.774979,
            902.0
          ],
          [
            8.156641,
            46.774979,
            903.0
          ],
          [
            8.156577,
            46.774979,
            903.0
          ],
          [
            8.156083,
            46.774906,
            909.0
          ],
          [
            8.155985,
            46.774893,
            910.0
          ],
          [
            8.155912,
            46.774869,
            910.0
          ],
          [
            8.155832,
            46.774838,
            910.0
          ],
          [
            8.155796,
            46.774826,
            910.0
          ],
          [
            8.15575,
            46.774795,
            910.0
          ],
          [
            8.155723,
            46.774758,
            910.0
          ],
          [
            8.155679,
            46.774702,
            910.0
          ],
          [
            8.155625,
            46.774653,
            910.0
          ],
          [
            8.155562,
            46.77458,
            910.0
          ],
          [
            8.155509,
            46.774493,
            909.0
          ],
          [
            8.1554,
            46.774358,
            908.0
          ],
          [
            8.155356,
            46.774297,
            908.0
          ],
          [
            8.155283,
            46.774235,
            907.0
          ],
          [
            8.155193,
            46.77413,
            906.0
          ],
          [
            8.155149,
            46.774026,
            906.0
          ],
          [
            8.155113,
            46.773915,
            905.0
          ],
          [
            8.155086,
            46.773786,
            904.0
          ],
          [
            8.155077,
            46.77373,
            904.0
          ],
          [
            8.155059,
            46.773669,
            903.0
          ],
          [
            8.155033,
            46.773589,
            903.0
          ],
          [
            8.154951,
            46.773398,
            902.0
          ],
          [
            8.154708,
            46.772906,
            899.0
          ],
          [
            8.154574,
            46.772648,
            897.0
          ],
          [
            8.154511,
            46.772518,
            896.0
          ],
          [
            8.154438,
            46.77242,
            895.0
          ],
          [
            8.154349,
            46.772352,
            895.0
          ],
          [
            8.154268,
            46.772303,
            894.0
          ],
          [
            8.154125,
            46.772186,
            893.0
          ],
          [
            8.154017,
            46.772094,
            893.0
          ],
          [
            8.153702,
            46.771811,
            891.0
          ],
          [
            8.15337,
            46.771522,
            890.0
          ],
          [
            8.153209,
            46.771386,
            890.0
          ],
          [
            8.153073,
            46.771263,
            890.0
          ],
          [
            8.152983,
            46.771116,
            890.0
          ],
          [
            8.15293,
            46.771036,
            890.0
          ],
          [
            8.152741,
            46.770734,
            890.0
          ],
          [
            8.152616,
            46.7705,
            890.0
          ],
          [
            8.152444,
            46.770273,
            890.0
          ],
          [
            8.152346,
            46.770168,
            890.0
          ],
          [
            8.152184,
            46.770045,
            890.0
          ],
          [
            8.15205,
            46.769947,
            890.0
          ],
          [
            8.151906,
            46.769854,
            890.0
          ],
          [
            8.151897,
            46.769848,
            890.0
          ],
          [
            8.151834,
            46.769805,
            890.0
          ],
          [
            8.151798,
            46.769781,
            890.0
          ],
          [
            8.151771,
            46.76975,
            890.0
          ],
          [
            8.151754,
            46.769719,
            890.0
          ],
          [
            8.151744,
            46.769688,
            890.0
          ],
          [
            8.151735,
            46.769657,
            890.0
          ],
          [
            8.151727,
            46.769565,
            890.0
          ],
          [
            8.151717,
            46.769522,
            890.0
          ],
          [
            8.151627,
            46.769356,
            890.0
          ],
          [
            8.151475,
            46.769103,
            890.0
          ],
          [
            8.151402,
            46.768987,
            890.0
          ],
          [
            8.151277,
            46.76887,
            890.0
          ],
          [
            8.151232,
            46.76882,
            890.0
          ],
          [
            8.151188,
            46.768777,
            890.0
          ],
          [
            8.151133,
            46.768667,
            890.0
          ],
          [
            8.151098,
            46.768593,
            890.0
          ],
          [
            8.151025,
            46.768525,
            890.0
          ],
          [
            8.150657,
            46.768297,
            890.0
          ],
          [
            8.150603,
            46.76826,
            890.0
          ],
          [
            8.150532,
            46.768236,
            890.0
          ],
          [
            8.15045,
            46.768217,
            890.0
          ],
          [
            8.150415,
            46.768217,
            890.0
          ],
          [
            8.15037,
            46.768223,
            890.0
          ],
          [
            8.150316,
            46.768236,
            890.0
          ],
          [
            8.150253,
            46.768254,
            890.0
          ],
          [
            8.15019,
            46.768279,
            890.0
          ],
          [
            8.150127,
            46.768297,
            890.0
          ],
          [
            8.150064,
            46.768297,
            890.0
          ],
          [
            8.15001,
            46.768285,
            890.0
          ],
          [
            8.149974,
            46.768273,
            890.0
          ],
          [
            8.149939,
            46.768242,
            890.0
          ],
          [
            8.149903,
            46.768187,
            890.0
          ],
          [
            8.149867,
            46.768095,
            890.0
          ],
          [
            8.14984,
            46.767971,
            890.0
          ],
          [
            8.149813,
            46.767824,
            890.0
          ],
          [
            8.149804,
            46.767774,
            890.0
          ],
          [
            8.149777,
            46.767719,
            890.0
          ],
          [
            8.149741,
            46.767652,
            890.0
          ],
          [
            8.149704,
            46.767609,
            890.0
          ],
          [
            8.149651,
            46.767535,
            890.0
          ],
          [
            8.149614,
            46.76746,
            890.0
          ],
          [
            8.149597,
            46.767387,
            890.0
          ],
          [
            8.14958,
            46.767295,
            890.0
          ],
          [
            8.149553,
            46.767141,
            890.0
          ],
          [
            8.149525,
            46.767042,
            890.0
          ],
          [
            8.149435,
            46.766747,
            890.0
          ],
          [
            8.1494,
            46.76663,
            890.0
          ],
          [
            8.149373,
            46.766563,
            890.0
          ],
          [
            8.149327,
            46.766513,
            890.0
          ],
          [
            8.149291,
            46.766482,
            890.0
          ],
          [
            8.149228,
            46.766445,
            890.0
          ],
          [
            8.149148,
            46.766402,
            890.0
          ],
          [
            8.149112,
            46.766377,
            890.0
          ],
          [
            8.149067,
            46.76631,
            890.0
          ],
          [
            8.14904,
            46.766255,
            890.0
          ],
          [
            8.149014,
            46.766181,
            890.0
          ],
          [
            8.148977,
            46.766107,
            890.0
          ],
          [
            8.148905,
            46.76599,
            890.0
          ],
          [
            8.148897,
            46.765953,
            890.0
          ],
          [
            8.148897,
            46.765879,
            890.0
          ],
          [
            8.148924,
            46.765787,
            890.0
          ],
          [
            8.148932,
            46.765732,
            890.0
          ],
          [
            8.148951,
            46.765689,
            890.0
          ],
          [
            8.148941,
            46.765639,
            890.0
          ],
          [
            8.148924,
            46.765608,
            890.0
          ],
          [
            8.148905,
            46.76559,
            890.0
          ],
          [
            8.148869,
            46.765559,
            890.0
          ],
          [
            8.148807,
            46.76551,
            890.0
          ],
          [
            8.148654,
            46.765399,
            890.0
          ],
          [
            8.148492,
            46.76527,
            890.0
          ],
          [
            8.148331,
            46.765141,
            890.0
          ],
          [
            8.148222,
            46.765055,
            890.0
          ],
          [
            8.148106,
            46.764993,
            890.0
          ],
          [
            8.147989,
            46.764957,
            890.0
          ],
          [
            8.147872,
            46.764932,
            891.0
          ],
          [
            8.147559,
            46.764901,
            892.0
          ],
          [
            8.14719,
            46.76487,
            894.0
          ],
          [
            8.147199,
            46.764698,
            897.0
          ],
          [
            8.147207,
            46.764593,
            899.0
          ],
          [
            8.147217,
            46.764507,
            901.0
          ],
          [
            8.147261,
            46.76439,
            903.0
          ],
          [
            8.147324,
            46.764285,
            905.0
          ],
          [
            8.147351,
            46.76423,
            906.0
          ],
          [
            8.147379,
            46.764181,
            907.0
          ],
          [
            8.147396,
            46.76412,
            908.0
          ],
          [
            8.147406,
            46.764052,
            909.0
          ],
          [
            8.147406,
            46.764002,
            910.0
          ],
          [
            8.147441,
            46.763953,
            911.0
          ],
          [
            8.147469,
            46.763898,
            912.0
          ],
          [
            8.147459,
            46.76383,
            913.0
          ],
          [
            8.147441,
            46.763695,
            915.0
          ],
          [
            8.147433,
            46.763609,
            917.0
          ],
          [
            8.147406,
            46.763436,
            920.0
          ],
          [
            8.147406,
            46.76332,
            921.0
          ],
          [
            8.147414,
            46.763215,
            921.0
          ],
          [
            8.147433,
            46.763141,
            922.0
          ],
          [
            8.147469,
            46.763037,
            922.0
          ],
          [
            8.147459,
            46.762993,
            923.0
          ],
          [
            8.147486,
            46.762907,
            923.0
          ],
          [
            8.147477,
            46.762877,
            923.0
          ],
          [
            8.147496,
            46.762834,
            924.0
          ],
          [
            8.14754,
            46.762729,
            924.0
          ],
          [
            8.147576,
            46.762655,
            925.0
          ],
          [
            8.147576,
            46.762563,
            925.0
          ],
          [
            8.147585,
            46.762446,
            926.0
          ],
          [
            8.147576,
            46.762402,
            926.0
          ],
          [
            8.147559,
            46.762366,
            926.0
          ],
          [
            8.14753,
            46.762317,
            927.0
          ],
          [
            8.147504,
            46.762274,
            927.0
          ],
          [
            8.147477,
            46.76223,
            927.0
          ],
          [
            8.14745,
            46.762181,
            928.0
          ],
          [
            8.147379,
            46.762089,
            928.0
          ],
          [
            8.147324,
            46.762003,
            929.0
          ],
          [
            8.147297,
            46.761953,
            929.0
          ],
          [
            8.14727,
            46.761898,
            930.0
          ],
          [
            8.147207,
            46.761763,
            931.0
          ],
          [
            8.147163,
            46.761664,
            931.0
          ],
          [
            8.147127,
            46.761596,
            932.0
          ],
          [
            8.1471,
            46.761529,
            932.0
          ],
          [
            8.147082,
            46.76148,
            933.0
          ],
          [
            8.147054,
            46.761399,
            934.0
          ],
          [
            8.147054,
            46.76135,
            934.0
          ],
          [
            8.147046,
            46.76124,
            935.0
          ],
          [
            8.147054,
            46.761153,
            936.0
          ],
          [
            8.147064,
            46.761073,
            936.0
          ],
          [
            8.147073,
            46.761,
            937.0
          ],
          [
            8.147082,
            46.760926,
            937.0
          ],
          [
            8.147073,
            46.760858,
            938.0
          ],
          [
            8.147064,
            46.76076,
            939.0
          ],
          [
            8.147046,
            46.760674,
            939.0
          ],
          [
            8.147019,
            46.760581,
            940.0
          ],
          [
            8.147046,
            46.760562,
            940.0
          ],
          [
            8.147091,
            46.760544,
            941.0
          ],
          [
            8.147082,
            46.760471,
            942.0
          ],
          [
            8.146993,
            46.760329,
            943.0
          ],
          [
            8.146875,
            46.760169,
            945.0
          ],
          [
            8.146731,
            46.760064,
            947.0
          ],
          [
            8.146507,
            46.759954,
            949.0
          ],
          [
            8.146327,
            46.759886,
            950.0
          ],
          [
            8.145959,
            46.759812,
            954.0
          ],
          [
            8.145806,
            46.759781,
            956.0
          ],
          [
            8.145572,
            46.759769,
            958.0
          ],
          [
            8.145375,
            46.759787,
            960.0
          ],
          [
            8.145267,
            46.759787,
            960.0
          ],
          [
            8.145142,
            46.759781,
            961.0
          ],
          [
            8.144935,
            46.759836,
            962.0
          ],
          [
            8.144693,
            46.75983,
            963.0
          ],
          [
            8.14453,
            46.759824,
            964.0
          ],
          [
            8.144387,
            46.759793,
            964.0
          ],
          [
            8.144225,
            46.75975,
            965.0
          ],
          [
            8.143947,
            46.759726,
            966.0
          ],
          [
            8.144557,
            46.759541,
            969.0
          ],
          [
            8.144943,
            46.759443,
            971.0
          ],
          [
            8.14498,
            46.759437,
            971.0
          ],
          [
            8.145025,
            46.759437,
            971.0
          ],
          [
            8.145196,
            46.759455,
            972.0
          ],
          [
            8.145618,
            46.759412,
            973.0
          ],
          [
            8.145825,
            46.759473,
            973.0
          ],
          [
            8.14666,
            46.759535,
            976.0
          ],
          [
            8.146893,
            46.759596,
            976.0
          ],
          [
            8.147306,
            46.759689,
            978.0
          ],
          [
            8.147827,
            46.759929,
            979.0
          ],
          [
            8.148348,
            46.75999,
            981.0
          ],
          [
            8.148601,
            46.76007,
            981.0
          ],
          [
            8.148914,
            46.760329,
            982.0
          ],
          [
            8.149004,
            46.76044,
            983.0
          ],
          [
            8.149104,
            46.760587,
            983.0
          ],
          [
            8.149167,
            46.760655,
            984.0
          ],
          [
            8.149211,
            46.760741,
            984.0
          ],
          [
            8.149211,
            46.760815,
            984.0
          ],
          [
            8.149184,
            46.760907,
            985.0
          ],
          [
            8.149148,
            46.760994,
            985.0
          ],
          [
            8.149148,
            46.761067,
            985.0
          ],
          [
            8.149201,
            46.761153,
            985.0
          ],
          [
            8.149417,
            46.761319,
            986.0
          ],
          [
            8.14948,
            46.76148,
            987.0
          ],
          [
            8.14949,
            46.761523,
            987.0
          ],
          [
            8.149517,
            46.761584,
            987.0
          ],
          [
            8.149561,
            46.761633,
            987.0
          ],
          [
            8.149597,
            46.761676,
            988.0
          ],
          [
            8.149633,
            46.76172,
            988.0
          ],
          [
            8.149687,
            46.761818,
            988.0
          ],
          [
            8.149714,
            46.761843,
            988.0
          ],
          [
            8.149777,
            46.761885,
            988.0
          ],
          [
            8.149876,
            46.761941,
            989.0
          ],
          [
            8.149974,
            46.762003,
            989.0
          ],
          [
            8.150029,
            46.762021,
            989.0
          ],
          [
            8.150083,
            46.762021,
            989.0
          ],
          [
            8.150136,
            46.762015,
            989.0
          ],
          [
            8.15018,
            46.761984,
            990.0
          ],
          [
            8.15019,
            46.761953,
            990.0
          ],
          [
            8.150163,
            46.761867,
            990.0
          ],
          [
            8.150136,
            46.7618,
            992.0
          ],
          [
            8.150109,
            46.761738,
            994.0
          ],
          [
            8.1501,
            46.761695,
            995.0
          ],
          [
            8.150109,
            46.761652,
            996.0
          ],
          [
            8.150163,
            46.761554,
            999.0
          ],
          [
            8.15018,
            46.76148,
            1001.0
          ],
          [
            8.15018,
            46.76143,
            1002.0
          ],
          [
            8.150163,
            46.761393,
            1003.0
          ],
          [
            8.150146,
            46.761362,
            1004.0
          ],
          [
            8.150146,
            46.761344,
            1004.0
          ],
          [
            8.150146,
            46.761319,
            1005.0
          ],
          [
            8.150163,
            46.761301,
            1005.0
          ],
          [
            8.15019,
            46.761283,
            1006.0
          ],
          [
            8.150243,
            46.761246,
            1007.0
          ],
          [
            8.15028,
            46.761221,
            1007.0
          ],
          [
            8.150298,
            46.761197,
            1008.0
          ],
          [
            8.150379,
            46.761092,
            1010.0
          ],
          [
            8.150442,
            46.760957,
            1013.0
          ],
          [
            8.150459,
            46.760907,
            1014.0
          ],
          [
            8.15045,
            46.760852,
            1016.0
          ],
          [
            8.150442,
            46.760796,
            1017.0
          ],
          [
            8.150415,
            46.760717,
            1018.0
          ],
          [
            8.150352,
            46.760606,
            1021.0
          ],
          [
            8.150343,
            46.760581,
            1021.0
          ],
          [
            8.150352,
            46.760562,
            1022.0
          ],
          [
            8.15037,
            46.760556,
            1022.0
          ],
          [
            8.150406,
            46.760562,
            1023.0
          ],
          [
            8.150433,
            46.760575,
            1023.0
          ],
          [
            8.150477,
            46.760612,
            1024.0
          ],
          [
            8.150513,
            46.760649,
            1025.0
          ],
          [
            8.150549,
            46.760674,
            1026.0
          ],
          [
            8.15063,
            46.760717,
            1027.0
          ],
          [
            8.150685,
            46.760748,
            1028.0
          ],
          [
            8.150738,
            46.760784,
            1029.0
          ],
          [
            8.150783,
            46.760827,
            1030.0
          ],
          [
            8.150819,
            46.760852,
            1031.0
          ],
          [
            8.150899,
            46.760895,
            1032.0
          ],
          [
            8.150926,
            46.760913,
            1033.0
          ],
          [
            8.150962,
            46.76095,
            1033.0
          ],
          [
            8.151035,
            46.761073,
            1036.0
          ],
          [
            8.151071,
            46.761147,
            1037.0
          ],
          [
            8.151098,
            46.761227,
            1039.0
          ],
          [
            8.151169,
            46.761406,
            1041.0
          ],
          [
            8.151188,
            46.761449,
            1042.0
          ],
          [
            8.151232,
            46.761486,
            1042.0
          ],
          [
            8.15134,
            46.761547,
            1044.0
          ],
          [
            8.151609,
            46.761676,
            1046.0
          ],
          [
            8.151735,
            46.761726,
            1047.0
          ],
          [
            8.151825,
            46.761744,
            1048.0
          ],
          [
            8.15196,
            46.761763,
            1049.0
          ],
          [
            8.152121,
            46.7618,
            1051.0
          ],
          [
            8.152203,
            46.76183,
            1051.0
          ],
          [
            8.152274,
            46.761861,
            1052.0
          ],
          [
            8.15231,
            46.76191,
            1053.0
          ],
          [
            8.152328,
            46.761947,
            1053.0
          ],
          [
            8.152346,
            46.761984,
            1054.0
          ],
          [
            8.152373,
            46.762046,
            1054.0
          ],
          [
            8.152409,
            46.762101,
            1055.0
          ],
          [
            8.152444,
            46.762156,
            1056.0
          ],
          [
            8.15248,
            46.762181,
            1056.0
          ],
          [
            8.152561,
            46.762199,
            1057.0
          ],
          [
            8.152687,
            46.762169,
            1058.0
          ],
          [
            8.152759,
            46.762138,
            1058.0
          ],
          [
            8.15283,
            46.762101,
            1059.0
          ],
          [
            8.152885,
            46.76204,
            1060.0
          ],
          [
            8.152939,
            46.761966,
            1063.0
          ],
          [
            8.152966,
            46.761935,
            1064.0
          ],
          [
            8.15301,
            46.761916,
            1065.0
          ],
          [
            8.153046,
            46.76191,
            1066.0
          ],
          [
            8.153109,
            46.761855,
            1069.0
          ],
          [
            8.153136,
            46.76183,
            1070.0
          ],
          [
            8.153155,
            46.761812,
            1071.0
          ],
          [
            8.153182,
            46.7618,
            1072.0
          ],
          [
            8.153217,
            46.7618,
            1072.0
          ],
          [
            8.153289,
            46.761812,
            1074.0
          ],
          [
            8.153396,
            46.761812,
            1077.0
          ],
          [
            8.153478,
            46.761769,
            1079.0
          ],
          [
            8.153532,
            46.761763,
            1080.0
          ],
          [
            8.153612,
            46.761763,
            1082.0
          ],
          [
            8.153649,
            46.761744,
            1083.0
          ],
          [
            8.153658,
            46.761713,
            1084.0
          ],
          [
            8.153712,
            46.761701,
            1086.0
          ],
          [
            8.153765,
            46.76167,
            1088.0
          ],
          [
            8.153792,
            46.761621,
            1090.0
          ],
          [
            8.153954,
            46.761608,
            1093.0
          ],
          [
            8.154052,
            46.761633,
            1096.0
          ],
          [
            8.154107,
            46.761652,
            1097.0
          ],
          [
            8.154205,
            46.76167,
            1100.0
          ],
          [
            8.154232,
            46.761664,
            1100.0
          ],
          [
            8.154268,
            46.76167,
            1101.0
          ],
          [
            8.154295,
            46.761658,
            1102.0
          ],
          [
            8.154322,
            46.76167,
            1102.0
          ],
          [
            8.154367,
            46.761689,
            1103.0
          ],
          [
            8.154673,
            46.761652,
            1110.0
          ],
          [
            8.154825,
            46.761627,
            1112.0
          ],
          [
            8.154933,
            46.761633,
            1114.0
          ],
          [
            8.154996,
            46.761608,
            1115.0
          ],
          [
            8.15513,
            46.761584,
            1118.0
          ],
          [
            8.155211,
            46.761596,
            1119.0
          ],
          [
            8.155337,
            46.761633,
            1123.0
          ],
          [
            8.155409,
            46.76167,
            1125.0
          ],
          [
            8.155463,
            46.761664,
            1126.0
          ],
          [
            8.155499,
            46.76167,
            1126.0
          ],
          [
            8.155544,
            46.761689,
            1127.0
          ],
          [
            8.15558,
            46.761726,
            1127.0
          ],
          [
            8.155616,
            46.761763,
            1128.0
          ],
          [
            8.155643,
            46.761824,
            1129.0
          ],
          [
            8.155643,
            46.761879,
            1130.0
          ],
          [
            8.155643,
            46.761929,
            1130.0
          ],
          [
            8.15566,
            46.761978,
            1131.0
          ],
          [
            8.155679,
            46.762003,
            1131.0
          ],
          [
            8.155696,
            46.762021,
            1132.0
          ],
          [
            8.15575,
            46.762064,
            1132.0
          ],
          [
            8.155813,
            46.762101,
            1133.0
          ],
          [
            8.155832,
            46.762125,
            1133.0
          ],
          [
            8.155859,
            46.76215,
            1134.0
          ],
          [
            8.155895,
            46.762243,
            1135.0
          ],
          [
            8.155957,
            46.762298,
            1136.0
          ],
          [
            8.156002,
            46.762304,
            1136.0
          ],
          [
            8.156038,
            46.762286,
            1136.0
          ],
          [
            8.156056,
            46.762243,
            1137.0
          ],
          [
            8.156065,
            46.762125,
            1138.0
          ],
          [
            8.156109,
            46.762064,
            1139.0
          ],
          [
            8.156209,
            46.761997,
            1140.0
          ],
          [
            8.156299,
            46.761978,
            1141.0
          ],
          [
            8.156371,
            46.76199,
            1142.0
          ],
          [
            8.156514,
            46.762064,
            1144.0
          ],
          [
            8.156901,
            46.762156,
            1149.0
          ],
          [
            8.156964,
            46.762187,
            1150.0
          ],
          [
            8.156999,
            46.762224,
            1151.0
          ],
          [
            8.157008,
            46.762261,
            1151.0
          ],
          [
            8.156999,
            46.762298,
            1152.0
          ],
          [
            8.156945,
            46.762353,
            1153.0
          ],
          [
            8.156937,
            46.762384,
            1153.0
          ],
          [
            8.156937,
            46.762408,
            1154.0
          ],
          [
            8.156964,
            46.762427,
            1154.0
          ],
          [
            8.157017,
            46.762427,
            1155.0
          ],
          [
            8.157062,
            46.762408,
            1156.0
          ],
          [
            8.157224,
            46.762267,
            1158.0
          ],
          [
            8.157331,
            46.762199,
            1160.0
          ],
          [
            8.15753,
            46.762113,
            1164.0
          ],
          [
            8.15761,
            46.762101,
            1166.0
          ],
          [
            8.1577,
            46.762101,
            1167.0
          ],
          [
            8.158203,
            46.762169,
            1176.0
          ],
          [
            8.158832,
            46.762199,
            1184.0
          ],
          [
            8.158912,
            46.762206,
            1185.0
          ],
          [
            8.158985,
            46.76223,
            1186.0
          ],
          [
            8.159038,
            46.762261,
            1187.0
          ],
          [
            8.159056,
            46.762304,
            1188.0
          ],
          [
            8.159083,
            46.762378,
            1189.0
          ],
          [
            8.159092,
            46.762489,
            1192.0
          ],
          [
            8.159128,
            46.762538,
            1193.0
          ],
          [
            8.159182,
            46.762569,
            1193.0
          ],
          [
            8.159254,
            46.7626,
            1194.0
          ],
          [
            8.159344,
            46.762606,
            1196.0
          ],
          [
            8.159541,
            46.762563,
            1198.0
          ],
          [
            8.159658,
            46.762563,
            1200.0
          ],
          [
            8.159738,
            46.762581,
            1201.0
          ],
          [
            8.159847,
            46.762636,
            1204.0
          ],
          [
            8.160314,
            46.763196,
            1211.0
          ],
          [
            8.160512,
            46.763326,
            1211.0
          ],
          [
            8.160637,
            46.763467,
            1212.0
          ],
          [
            8.160656,
            46.763547,
            1212.0
          ],
          [
            8.160646,
            46.763584,
            1212.0
          ],
          [
            8.160476,
            46.763732,
            1213.0
          ],
          [
            8.160413,
            46.763818,
            1213.0
          ],
          [
            8.160394,
            46.763874,
            1214.0
          ],
          [
            8.160457,
            46.763929,
            1214.0
          ],
          [
            8.160547,
            46.763953,
            1214.0
          ],
          [
            8.160826,
            46.763996,
            1215.0
          ],
          [
            8.161015,
            46.76407,
            1215.0
          ],
          [
            8.161167,
            46.764083,
            1216.0
          ],
          [
            8.161338,
            46.764076,
            1216.0
          ],
          [
            8.161482,
            46.764113,
            1216.0
          ],
          [
            8.161679,
            46.764206,
            1217.0
          ],
          [
            8.161751,
            46.76423,
            1217.0
          ],
          [
            8.161904,
            46.764224,
            1218.0
          ],
          [
            8.162021,
            46.764248,
            1218.0
          ],
          [
            8.162147,
            46.764304,
            1218.0
          ],
          [
            8.162541,
            46.76455,
            1220.0
          ],
          [
            8.162667,
            46.764606,
            1220.0
          ],
          [
            8.16292,
            46.764667,
            1222.0
          ],
          [
            8.163207,
            46.764771,
            1224.0
          ],
          [
            8.163431,
            46.764827,
            1226.0
          ],
          [
            8.163557,
            46.764883,
            1228.0
          ],
          [
            8.16361,
            46.764951,
            1229.0
          ],
          [
            8.163646,
            46.765085,
            1230.0
          ],
          [
            8.163709,
            46.765197,
            1232.0
          ],
          [
            8.164086,
            46.765713,
            1239.0
          ],
          [
            8.164141,
            46.765757,
            1239.0
          ],
          [
            8.164222,
            46.765812,
            1240.0
          ],
          [
            8.164239,
            46.765848,
            1241.0
          ],
          [
            8.164258,
            46.765916,
            1242.0
          ],
          [
            8.164258,
            46.765972,
            1243.0
          ],
          [
            8.164266,
            46.766027,
            1244.0
          ],
          [
            8.164302,
            46.766052,
            1245.0
          ],
          [
            8.164348,
            46.766131,
            1246.0
          ],
          [
            8.164428,
            46.766187,
            1247.0
          ],
          [
            8.164815,
            46.766304,
            1253.0
          ],
          [
            8.164994,
            46.76647,
            1258.0
          ],
          [
            8.165183,
            46.766563,
            1261.0
          ],
          [
            8.16547,
            46.766611,
            1267.0
          ],
          [
            8.165794,
            46.766753,
            1275.0
          ],
          [
            8.165964,
            46.766839,
            1279.0
          ],
          [
            8.166109,
            46.76687,
            1282.0
          ],
          [
            8.166288,
            46.766888,
            1284.0
          ],
          [
            8.166476,
            46.76695,
            1288.0
          ],
          [
            8.166575,
            46.766987,
            1289.0
          ],
          [
            8.166629,
            46.767024,
            1291.0
          ],
          [
            8.166773,
            46.767301,
            1300.0
          ],
          [
            8.166818,
            46.767301,
            1300.0
          ],
          [
            8.166872,
            46.767307,
            1301.0
          ],
          [
            8.166988,
            46.76735,
            1303.0
          ],
          [
            8.16742,
            46.767603,
            1310.0
          ],
          [
            8.167788,
            46.767879,
            1316.0
          ],
          [
            8.168363,
            46.768372,
            1325.0
          ],
          [
            8.169279,
            46.769153,
            1342.0
          ],
          [
            8.169459,
            46.769362,
            1345.0
          ],
          [
            8.169504,
            46.769399,
            1346.0
          ],
          [
            8.169549,
            46.769424,
            1347.0
          ],
          [
            8.169612,
            46.769442,
            1347.0
          ],
          [
            8.169711,
            46.769461,
            1348.0
          ],
          [
            8.169801,
            46.769492,
            1349.0
          ],
          [
            8.169881,
            46.769528,
            1350.0
          ],
          [
            8.17007,
            46.769663,
            1352.0
          ],
          [
            8.17016,
            46.769707,
            1353.0
          ],
          [
            8.170491,
            46.769848,
            1357.0
          ],
          [
            8.170591,
            46.769922,
            1358.0
          ],
          [
            8.170986,
            46.770457,
            1366.0
          ],
          [
            8.171031,
            46.770513,
            1367.0
          ],
          [
            8.171139,
            46.770562,
            1368.0
          ],
          [
            8.171264,
            46.770605,
            1369.0
          ],
          [
            8.171319,
            46.770623,
            1370.0
          ],
          [
            8.171354,
            46.77066,
            1370.0
          ],
          [
            8.171381,
            46.77074,
            1371.0
          ],
          [
            8.171381,
            46.770894,
            1373.0
          ],
          [
            8.171399,
            46.770937,
            1374.0
          ],
          [
            8.171417,
            46.770974,
            1374.0
          ],
          [
            8.171543,
            46.771073,
            1376.0
          ],
          [
            8.171588,
            46.771122,
            1377.0
          ],
          [
            8.171623,
            46.771177,
            1378.0
          ],
          [
            8.171875,
            46.771675,
            1383.0
          ],
          [
            8.171965,
            46.771761,
            1384.0
          ],
          [
            8.172118,
            46.771823,
            1385.0
          ],
          [
            8.172361,
            46.771897,
            1387.0
          ],
          [
            8.172459,
            46.771971,
            1388.0
          ],
          [
            8.172585,
            46.772174,
            1390.0
          ],
          [
            8.172665,
            46.772383,
            1392.0
          ],
          [
            8.172791,
            46.772598,
            1393.0
          ],
          [
            8.172918,
            46.772887,
            1395.0
          ],
          [
            8.173078,
            46.773226,
            1397.0
          ],
          [
            8.173097,
            46.773245,
            1398.0
          ],
          [
            8.173168,
            46.773312,
            1398.0
          ],
          [
            8.173178,
            46.773318,
            1398.0
          ],
          [
            8.173304,
            46.773417,
            1399.0
          ],
          [
            8.173474,
            46.773472,
            1400.0
          ],
          [
            8.173618,
            46.773484,
            1401.0
          ],
          [
            8.173789,
            46.773466,
            1402.0
          ],
          [
            8.174094,
            46.773373,
            1405.0
          ],
          [
            8.174229,
            46.773281,
            1407.0
          ],
          [
            8.174346,
            46.773183,
            1408.0
          ],
          [
            8.174543,
            46.772931,
            1411.0
          ],
          [
            8.174732,
            46.772666,
            1413.0
          ],
          [
            8.174786,
            46.772549,
            1413.0
          ],
          [
            8.174812,
            46.772494,
            1414.0
          ],
          [
            8.174849,
            46.77242,
            1414.0
          ],
          [
            8.174939,
            46.772229,
            1415.0
          ],
          [
            8.174939,
            46.772106,
            1416.0
          ],
          [
            8.174912,
            46.771873,
            1417.0
          ],
          [
            8.174921,
            46.771817,
            1418.0
          ],
          [
            8.174921,
            46.771817,
            1418.0
          ],
          [
            8.174939,
            46.771761,
            1418.0
          ],
          [
            8.175065,
            46.771559,
            1419.0
          ],
          [
            8.175172,
            46.771362,
            1421.0
          ],
          [
            8.175342,
            46.770999,
            1424.0
          ],
          [
            8.175495,
            46.770753,
            1426.0
          ],
          [
            8.175604,
            46.770623,
            1427.0
          ],
          [
            8.175612,
            46.770593,
            1427.0
          ],
          [
            8.175612,
            46.770593,
            1427.0
          ],
          [
            8.175631,
            46.770525,
            1427.0
          ],
          [
            8.175585,
            46.770279,
            1429.0
          ],
          [
            8.175378,
            46.769565,
            1435.0
          ],
          [
            8.175252,
            46.769362,
            1437.0
          ],
          [
            8.175244,
            46.769306,
            1437.0
          ],
          [
            8.175252,
            46.769288,
            1437.0
          ],
          [
            8.175289,
            46.769276,
            1438.0
          ],
          [
            8.175342,
            46.769282,
            1438.0
          ],
          [
            8.175487,
            46.769337,
            1440.0
          ],
          [
            8.17555,
            46.769368,
            1441.0
          ],
          [
            8.175621,
            46.769424,
            1441.0
          ],
          [
            8.175684,
            46.76954,
            1442.0
          ],
          [
            8.17572,
            46.769626,
            1443.0
          ],
          [
            8.175801,
            46.769762,
            1444.0
          ],
          [
            8.175837,
            46.769823,
            1445.0
          ],
          [
            8.175837,
            46.769823,
            1445.0
          ],
          [
            8.175864,
            46.769866,
            1445.0
          ],
          [
            8.175971,
            46.769984,
            1447.0
          ],
          [
            8.176088,
            46.7701,
            1448.0
          ],
          [
            8.176223,
            46.770211,
            1449.0
          ],
          [
            8.176367,
            46.770334,
            1451.0
          ],
          [
            8.176447,
            46.77042,
            1451.0
          ],
          [
            8.176474,
            46.770494,
            1452.0
          ],
          [
            8.176502,
            46.770568,
            1453.0
          ],
          [
            8.176556,
            46.770666,
            1454.0
          ],
          [
            8.1766,
            46.770808,
            1455.0
          ],
          [
            8.176636,
            46.771036,
            1457.0
          ],
          [
            8.176646,
            46.771104,
            1458.0
          ],
          [
            8.17661,
            46.771214,
            1459.0
          ],
          [
            8.176592,
            46.771294,
            1460.0
          ],
          [
            8.176619,
            46.771423,
            1462.0
          ],
          [
            8.176636,
            46.771466,
            1464.0
          ],
          [
            8.176663,
            46.771515,
            1465.0
          ],
          [
            8.176699,
            46.771596,
            1467.0
          ],
          [
            8.176717,
            46.771669,
            1469.0
          ],
          [
            8.176717,
            46.77173,
            1470.0
          ],
          [
            8.176709,
            46.771774,
            1471.0
          ],
          [
            8.176673,
            46.771873,
            1472.0
          ],
          [
            8.176681,
            46.77194,
            1473.0
          ],
          [
            8.176726,
            46.772032,
            1475.0
          ],
          [
            8.176789,
            46.772156,
            1476.0
          ],
          [
            8.17686,
            46.772247,
            1478.0
          ],
          [
            8.176933,
            46.772334,
            1479.0
          ],
          [
            8.177023,
            46.772395,
            1480.0
          ],
          [
            8.177095,
            46.772445,
            1481.0
          ],
          [
            8.177202,
            46.772536,
            1482.0
          ],
          [
            8.177256,
            46.772604,
            1483.0
          ],
          [
            8.177302,
            46.772679,
            1484.0
          ],
          [
            8.177426,
            46.772764,
            1485.0
          ],
          [
            8.177552,
            46.772863,
            1486.0
          ],
          [
            8.177606,
            46.772937,
            1487.0
          ],
          [
            8.177642,
            46.773078,
            1488.0
          ],
          [
            8.177669,
            46.773226,
            1490.0
          ],
          [
            8.177705,
            46.773312,
            1491.0
          ],
          [
            8.177741,
            46.773429,
            1493.0
          ],
          [
            8.177795,
            46.773503,
            1494.0
          ],
          [
            8.177822,
            46.77357,
            1495.0
          ],
          [
            8.177813,
            46.77365,
            1496.0
          ],
          [
            8.177813,
            46.773737,
            1497.0
          ],
          [
            8.177759,
            46.773811,
            1498.0
          ],
          [
            8.177516,
            46.773958,
            1501.0
          ],
          [
            8.177319,
            46.774124,
            1503.0
          ],
          [
            8.177122,
            46.774334,
            1506.0
          ],
          [
            8.176933,
            46.774524,
            1508.0
          ],
          [
            8.176807,
            46.774647,
            1510.0
          ],
          [
            8.176799,
            46.774776,
            1512.0
          ],
          [
            8.17687,
            46.774789,
            1513.0
          ],
          [
            8.17704,
            46.774739,
            1514.0
          ],
          [
            8.177158,
            46.774721,
            1516.0
          ],
          [
            8.177992,
            46.774764,
            1524.0
          ],
          [
            8.178038,
            46.77477,
            1525.0
          ],
          [
            8.178091,
            46.774801,
            1526.0
          ],
          [
            8.178137,
            46.774838,
            1527.0
          ],
          [
            8.178164,
            46.774869,
            1527.0
          ],
          [
            8.178181,
            46.774918,
            1528.0
          ],
          [
            8.178208,
            46.774942,
            1529.0
          ],
          [
            8.178235,
            46.774979,
            1530.0
          ],
          [
            8.178289,
            46.775035,
            1530.0
          ],
          [
            8.178325,
            46.775065,
            1531.0
          ],
          [
            8.178378,
            46.77509,
            1531.0
          ],
          [
            8.178442,
            46.775133,
            1532.0
          ],
          [
            8.178568,
            46.775231,
            1533.0
          ],
          [
            8.178667,
            46.775268,
            1533.0
          ],
          [
            8.1789,
            46.775471,
            1535.0
          ],
          [
            8.178963,
            46.775662,
            1537.0
          ],
          [
            8.17908,
            46.776603,
            1544.0
          ],
          [
            8.179124,
            46.776727,
            1545.0
          ],
          [
            8.179242,
            46.776831,
            1546.0
          ],
          [
            8.179304,
            46.776979,
            1547.0
          ],
          [
            8.179583,
            46.777274,
            1549.0
          ],
          [
            8.179682,
            46.777317,
            1550.0
          ],
          [
            8.179835,
            46.777366,
            1553.0
          ],
          [
            8.17996,
            46.777434,
            1556.0
          ],
          [
            8.180158,
            46.777588,
            1561.0
          ],
          [
            8.180302,
            46.777717,
            1563.0
          ],
          [
            8.180409,
            46.77784,
            1565.0
          ],
          [
            8.180499,
            46.777957,
            1566.0
          ],
          [
            8.180598,
            46.778037,
            1568.0
          ],
          [
            8.180697,
            46.778074,
            1569.0
          ],
          [
            8.180841,
            46.77816,
            1570.0
          ],
          [
            8.180921,
            46.778166,
            1571.0
          ],
          [
            8.18111,
            46.778154,
            1573.0
          ],
          [
            8.18129,
            46.778172,
            1575.0
          ],
          [
            8.181424,
            46.77816,
            1576.0
          ],
          [
            8.181568,
            46.778185,
            1577.0
          ],
          [
            8.18173,
            46.778301,
            1580.0
          ],
          [
            8.181856,
            46.778338,
            1581.0
          ],
          [
            8.181946,
            46.7784,
            1582.0
          ],
          [
            8.182215,
            46.778369,
            1585.0
          ],
          [
            8.182386,
            46.778394,
            1586.0
          ],
          [
            8.182547,
            46.778449,
            1588.0
          ],
          [
            8.182673,
            46.778468,
            1589.0
          ],
          [
            8.182952,
            46.778541,
            1593.0
          ],
          [
            8.183105,
            46.778683,
            1596.0
          ],
          [
            8.18341,
            46.778671,
            1599.0
          ],
          [
            8.183707,
            46.778781,
            1605.0
          ],
          [
            8.185089,
            46.779464,
            1630.0
          ],
          [
            8.186042,
            46.779944,
            1630.0
          ],
          [
            8.187192,
            46.780522,
            1622.0
          ],
          [
            8.18791,
            46.780879,
            1621.0
          ],
          [
            8.188342,
            46.781162,
            1629.0
          ],
          [
            8.189689,
            46.781882,
            1642.0
          ],
          [
            8.190003,
            46.782109,
            1649.0
          ],
          [
            8.190326,
            46.782276,
            1656.0
          ],
          [
            8.190992,
            46.782608,
            1660.0
          ],
          [
            8.191297,
            46.782774,
            1660.0
          ],
          [
            8.191602,
            46.782921,
            1660.0
          ],
          [
            8.191988,
            46.783125,
            1660.0
          ],
          [
            8.192097,
            46.783272,
            1660.0
          ],
          [
            8.19216,
            46.783407,
            1660.0
          ],
          [
            8.192303,
            46.78345,
            1660.0
          ],
          [
            8.19224,
            46.78353,
            1660.0
          ],
          [
            8.192294,
            46.783617,
            1660.0
          ],
          [
            8.192258,
            46.783654,
            1660.0
          ],
          [
            8.19241,
            46.783727,
            1660.0
          ],
          [
            8.192519,
            46.783875,
            1660.0
          ],
          [
            8.192554,
            46.78393,
            1660.0
          ],
          [
            8.192573,
            46.783985,
            1660.0
          ],
          [
            8.192707,
            46.784071,
            1660.0
          ],
          [
            8.19277,
            46.784182,
            1660.0
          ],
          [
            8.192913,
            46.784317,
            1660.0
          ],
          [
            8.192986,
            46.784435,
            1660.0
          ],
          [
            8.193102,
            46.784509,
            1660.0
          ],
          [
            8.193175,
            46.784545,
            1660.0
          ],
          [
            8.193229,
            46.784613,
            1660.0
          ],
          [
            8.193318,
            46.784668,
            1660.0
          ],
          [
            8.193345,
            46.784693,
            1660.0
          ],
          [
            8.193355,
            46.784705,
            1660.0
          ],
          [
            8.193345,
            46.784724,
            1660.0
          ],
          [
            8.1933,
            46.784902,
            1660.0
          ],
          [
            8.1933,
            46.784926,
            1660.0
          ],
          [
            8.193309,
            46.784951,
            1660.0
          ],
          [
            8.193516,
            46.785142,
            1660.0
          ],
          [
            8.193534,
            46.785148,
            1660.0
          ],
          [
            8.193561,
            46.785154,
            1660.0
          ],
          [
            8.193749,
            46.785179,
            1660.0
          ],
          [
            8.193812,
            46.785191,
            1660.0
          ],
          [
            8.193866,
            46.785222,
            1660.0
          ],
          [
            8.193902,
            46.785246,
            1660.0
          ],
          [
            8.193929,
            46.785296,
            1660.0
          ],
          [
            8.193955,
            46.785345,
            1660.0
          ],
          [
            8.193992,
            46.785437,
            1660.0
          ],
          [
            8.194037,
            46.785542,
            1660.0
          ],
          [
            8.194091,
            46.785622,
            1660.0
          ],
          [
            8.194118,
            46.785701,
            1661.0
          ],
          [
            8.194198,
            46.785862,
            1662.0
          ],
          [
            8.194271,
            46.786046,
            1664.0
          ],
          [
            8.194351,
            46.786212,
            1666.0
          ],
          [
            8.194414,
            46.786317,
            1667.0
          ],
          [
            8.194441,
            46.786341,
            1667.0
          ],
          [
            8.194458,
            46.786366,
            1667.0
          ],
          [
            8.194495,
            46.786391,
            1667.0
          ],
          [
            8.194531,
            46.786409,
            1668.0
          ],
          [
            8.194576,
            46.786428,
            1668.0
          ],
          [
            8.194657,
            46.786471,
            1669.0
          ],
          [
            8.194666,
            46.786465,
            1669.0
          ],
          [
            8.194684,
            46.786465,
            1669.0
          ],
          [
            8.194693,
            46.786465,
            1669.0
          ],
          [
            8.194701,
            46.786471,
            1669.0
          ],
          [
            8.194701,
            46.786471,
            1669.0
          ],
          [
            8.19471,
            46.786471,
            1669.0
          ],
          [
            8.194827,
            46.786434,
            1669.0
          ],
          [
            8.195024,
            46.786329,
            1669.0
          ],
          [
            8.195142,
            46.78588,
            1676.0
          ],
          [
            8.195213,
            46.785788,
            1678.0
          ],
          [
            8.195276,
            46.785757,
            1680.0
          ],
          [
            8.195384,
            46.78572,
            1682.0
          ],
          [
            8.19542,
            46.785701,
            1683.0
          ],
          [
            8.195466,
            46.785628,
            1685.0
          ],
          [
            8.195483,
            46.785585,
            1687.0
          ],
          [
            8.195582,
            46.785536,
            1689.0
          ],
          [
            8.195735,
            46.785511,
            1691.0
          ],
          [
            8.195798,
            46.785517,
            1692.0
          ],
          [
            8.19586,
            46.78556,
            1694.0
          ],
          [
            8.195968,
            46.78564,
            1696.0
          ],
          [
            8.196013,
            46.785677,
            1697.0
          ],
          [
            8.196058,
            46.785714,
            1698.0
          ],
          [
            8.196103,
            46.78572,
            1699.0
          ],
          [
            8.196156,
            46.785707,
            1700.0
          ],
          [
            8.196364,
            46.785616,
            1705.0
          ],
          [
            8.196462,
            46.785585,
            1707.0
          ],
          [
            8.19684,
            46.785511,
            1716.0
          ],
          [
            8.197397,
            46.785511,
            1727.0
          ],
          [
            8.197953,
            46.785425,
            1733.0
          ],
          [
            8.198565,
            46.785283,
            1739.0
          ],
          [
            8.198546,
            46.785234,
            1739.0
          ],
          [
            8.19851,
            46.785179,
            1740.0
          ],
          [
            8.19851,
            46.785179,
            1740.0
          ],
          [
            8.198213,
            46.784748,
            1746.0
          ],
          [
            8.198142,
            46.784656,
            1747.0
          ],
          [
            8.197827,
            46.784299,
            1754.0
          ],
          [
            8.197387,
            46.78385,
            1765.0
          ],
          [
            8.196894,
            46.783364,
            1777.0
          ],
          [
            8.196695,
            46.783216,
            1782.0
          ],
          [
            8.196345,
            46.783038,
            1789.0
          ],
          [
            8.196005,
            46.782884,
            1797.0
          ],
          [
            8.195869,
            46.782792,
            1800.0
          ],
          [
            8.195842,
            46.782768,
            1800.0
          ],
          [
            8.195842,
            46.782768,
            1800.0
          ],
          [
            8.195842,
            46.782768,
            1800.0
          ],
          [
            8.195726,
            46.782509,
            1800.0
          ],
          [
            8.19568,
            46.78246,
            1800.0
          ],
          [
            8.195563,
            46.782392,
            1800.0
          ],
          [
            8.195519,
            46.782312,
            1800.0
          ],
          [
            8.195393,
            46.782257,
            1800.0
          ],
          [
            8.195232,
            46.782183,
            1800.0
          ],
          [
            8.195016,
            46.782078,
            1800.0
          ],
          [
            8.194873,
            46.781999,
            1800.0
          ],
          [
            8.194728,
            46.7819,
            1800.0
          ],
          [
            8.194693,
            46.781869,
            1800.0
          ],
          [
            8.194674,
            46.781832,
            1800.0
          ],
          [
            8.194666,
            46.781673,
            1800.0
          ],
          [
            8.194638,
            46.781599,
            1800.0
          ],
          [
            8.194405,
            46.781297,
            1800.0
          ],
          [
            8.19419,
            46.781181,
            1800.0
          ],
          [
            8.193892,
            46.781002,
            1800.0
          ],
          [
            8.193705,
            46.780855,
            1800.0
          ],
          [
            8.193615,
            46.780559,
            1800.0
          ],
          [
            8.193355,
            46.780381,
            1800.0
          ],
          [
            8.193273,
            46.780307,
            1800.0
          ],
          [
            8.193049,
            46.780233,
            1800.0
          ],
          [
            8.192887,
            46.780073,
            1800.0
          ],
          [
            8.19285,
            46.78003,
            1800.0
          ],
          [
            8.192824,
            46.780018,
            1800.0
          ],
          [
            8.192797,
            46.780006,
            1800.0
          ],
          [
            8.192689,
            46.779993,
            1802.0
          ],
          [
            8.192582,
            46.779962,
            1804.0
          ],
          [
            8.1925,
            46.779925,
            1806.0
          ],
          [
            8.192429,
            46.779833,
            1809.0
          ],
          [
            8.192374,
            46.77976,
            1811.0
          ],
          [
            8.192366,
            46.779716,
            1812.0
          ],
          [
            8.192366,
            46.779679,
            1812.0
          ],
          [
            8.192402,
            46.77963,
            1813.0
          ],
          [
            8.19242,
            46.779618,
            1813.0
          ],
          [
            8.192366,
            46.779514,
            1815.0
          ],
          [
            8.192357,
            46.779446,
            1816.0
          ],
          [
            8.192393,
            46.779347,
            1818.0
          ],
          [
            8.192374,
            46.779224,
            1820.0
          ],
          [
            8.192464,
            46.779082,
            1820.0
          ],
          [
            8.192374,
            46.778867,
            1820.0
          ],
          [
            8.192374,
            46.778824,
            1820.0
          ],
          [
            8.192429,
            46.778732,
            1820.0
          ],
          [
            8.19241,
            46.778702,
            1820.0
          ],
          [
            8.192402,
            46.778665,
            1820.0
          ],
          [
            8.192366,
            46.778621,
            1820.0
          ],
          [
            8.192303,
            46.77859,
            1820.0
          ],
          [
            8.19224,
            46.77848,
            1820.0
          ],
          [
            8.19215,
            46.778369,
            1820.0
          ],
          [
            8.192106,
            46.778351,
            1820.0
          ],
          [
            8.192097,
            46.778326,
            1820.0
          ],
          [
            8.192087,
            46.778289,
            1820.0
          ],
          [
            8.192097,
            46.77827,
            1820.0
          ],
          [
            8.192087,
            46.778258,
            1820.0
          ],
          [
            8.192078,
            46.778246,
            1820.0
          ],
          [
            8.19206,
            46.778246,
            1820.0
          ],
          [
            8.192051,
            46.778252,
            1820.0
          ],
          [
            8.192034,
            46.778258,
            1820.0
          ],
          [
            8.191997,
            46.778258,
            1820.0
          ],
          [
            8.19198,
            46.778258,
            1820.0
          ],
          [
            8.191961,
            46.778258,
            1821.0
          ],
          [
            8.191934,
            46.778252,
            1821.0
          ],
          [
            8.191926,
            46.778246,
            1821.0
          ],
          [
            8.191908,
            46.778209,
            1822.0
          ],
          [
            8.191881,
            46.778166,
            1823.0
          ],
          [
            8.191854,
            46.778136,
            1823.0
          ],
          [
            8.191808,
            46.778129,
            1824.0
          ],
          [
            8.191781,
            46.778105,
            1824.0
          ],
          [
            8.191764,
            46.778068,
            1825.0
          ],
          [
            8.191764,
            46.777969,
            1827.0
          ],
          [
            8.191764,
            46.77789,
            1828.0
          ],
          [
            8.191737,
            46.777834,
            1829.0
          ],
          [
            8.191684,
            46.777766,
            1830.0
          ],
          [
            8.191638,
            46.777717,
            1831.0
          ],
          [
            8.19163,
            46.777674,
            1832.0
          ],
          [
            8.191584,
            46.77768,
            1832.0
          ],
          [
            8.191521,
            46.777674,
            1833.0
          ],
          [
            8.191468,
            46.777662,
            1834.0
          ],
          [
            8.191387,
            46.777625,
            1835.0
          ],
          [
            8.191305,
            46.777588,
            1837.0
          ],
          [
            8.191189,
            46.777508,
            1839.0
          ],
          [
            8.191055,
            46.777434,
            1842.0
          ],
          [
            8.191001,
            46.777391,
            1843.0
          ],
          [
            8.190938,
            46.777317,
            1845.0
          ],
          [
            8.190829,
            46.777231,
            1848.0
          ],
          [
            8.190766,
            46.777157,
            1851.0
          ],
          [
            8.190705,
            46.777047,
            1854.0
          ],
          [
            8.190668,
            46.777003,
            1855.0
          ],
          [
            8.190632,
            46.776973,
            1856.0
          ],
          [
            8.190479,
            46.776868,
            1860.0
          ],
          [
            8.190426,
            46.776825,
            1861.0
          ],
          [
            8.190372,
            46.776757,
            1863.0
          ],
          [
            8.190237,
            46.776567,
            1870.0
          ],
          [
            8.190093,
            46.776462,
            1873.0
          ],
          [
            8.189967,
            46.776425,
            1875.0
          ],
          [
            8.189734,
            46.776363,
            1878.0
          ],
          [
            8.189644,
            46.77632,
            1880.0
          ],
          [
            8.189374,
            46.776099,
            1885.0
          ],
          [
            8.189357,
            46.776074,
            1886.0
          ],
          [
            8.189347,
            46.776043,
            1886.0
          ],
          [
            8.189366,
            46.775896,
            1889.0
          ],
          [
            8.189393,
            46.775791,
            1891.0
          ],
          [
            8.189393,
            46.775706,
            1892.0
          ],
          [
            8.18941,
            46.775656,
            1893.0
          ],
          [
            8.189473,
            46.775484,
            1895.0
          ],
          [
            8.18959,
            46.775256,
            1899.0
          ],
          [
            8.189608,
            46.775213,
            1900.0
          ],
          [
            8.189617,
            46.775115,
            1901.0
          ],
          [
            8.189653,
            46.774991,
            1904.0
          ],
          [
            8.189743,
            46.774745,
            1908.0
          ],
          [
            8.189743,
            46.774702,
            1909.0
          ],
          [
            8.189724,
            46.774586,
            1911.0
          ],
          [
            8.189707,
            46.77434,
            1913.0
          ],
          [
            8.189671,
            46.774198,
            1914.0
          ],
          [
            8.189671,
            46.774173,
            1915.0
          ],
          [
            8.189689,
            46.774136,
            1915.0
          ],
          [
            8.189814,
            46.773896,
            1917.0
          ],
          [
            8.18985,
            46.773847,
            1918.0
          ],
          [
            8.189913,
            46.773798,
            1919.0
          ],
          [
            8.190129,
            46.773687,
            1920.0
          ],
          [
            8.189823,
            46.773509,
            1922.0
          ],
          [
            8.189401,
            46.773257,
            1924.0
          ],
          [
            8.189248,
            46.77309,
            1926.0
          ],
          [
            8.189015,
            46.772654,
            1928.0
          ],
          [
            8.188818,
            46.772112,
            1938.0
          ],
          [
            8.188531,
            46.771737,
            1946.0
          ],
          [
            8.187982,
            46.771337,
            1958.0
          ],
          [
            8.187569,
            46.770894,
            1967.0
          ],
          [
            8.187489,
            46.770765,
            1970.0
          ],
          [
            8.187147,
            46.770457,
            1975.0
          ],
          [
            8.187013,
            46.770365,
            1976.0
          ],
          [
            8.186868,
            46.770304,
            1978.0
          ],
          [
            8.186734,
            46.770211,
            1979.0
          ],
          [
            8.186716,
            46.770162,
            1980.0
          ],
          [
            8.186734,
            46.7701,
            1980.0
          ],
          [
            8.186994,
            46.770027,
            1987.0
          ],
          [
            8.187102,
            46.770033,
            1990.0
          ],
          [
            8.187426,
            46.770057,
            1996.0
          ],
          [
            8.187523,
            46.770057,
            1997.0
          ],
          [
            8.187659,
            46.770027,
            2000.0
          ],
          [
            8.187713,
            46.76999,
            2001.0
          ],
          [
            8.18773,
            46.770008,
            2001.0
          ],
          [
            8.187776,
            46.770027,
            2002.0
          ],
          [
            8.187902,
            46.770008,
            2004.0
          ],
          [
            8.188548,
            46.770057,
            2012.0
          ],
          [
            8.188961,
            46.770156,
            2018.0
          ],
          [
            8.189366,
            46.770106,
            2025.0
          ],
          [
            8.189671,
            46.770236,
            2030.0
          ],
          [
            8.189823,
            46.770279,
            2030.0
          ],
          [
            8.189833,
            46.770242,
            2030.0
          ],
          [
            8.189877,
            46.770162,
            2030.0
          ],
          [
            8.189986,
            46.770051,
            2030.0
          ],
          [
            8.190273,
            46.769848,
            2022.0
          ],
          [
            8.190542,
            46.769707,
            2015.0
          ],
          [
            8.190812,
            46.769645,
            2008.0
          ],
          [
            8.191091,
            46.769485,
            1999.0
          ],
          [
            8.191252,
            46.769251,
            1995.0
          ],
          [
            8.191773,
            46.768956,
            1989.0
          ],
          [
            8.192034,
            46.768913,
            1988.0
          ],
          [
            8.192267,
            46.768907,
            1987.0
          ],
          [
            8.192716,
            46.768981,
            1985.0
          ],
          [
            8.193139,
            46.769079,
            1984.0
          ],
          [
            8.1933,
            46.769073,
            1983.0
          ],
          [
            8.193462,
            46.769036,
            1982.0
          ],
          [
            8.193588,
            46.768968,
            1982.0
          ],
          [
            8.193678,
            46.768907,
            1981.0
          ],
          [
            8.193794,
            46.768864,
            1981.0
          ],
          [
            8.194531,
            46.768587,
            1975.0
          ],
          [
            8.19507,
            46.768175,
            1969.0
          ],
          [
            8.195672,
            46.767922,
            1963.0
          ],
          [
            8.19595,
            46.767904,
            1960.0
          ],
          [
            8.196292,
            46.767953,
            1959.0
          ],
          [
            8.196642,
            46.768045,
            1957.0
          ],
          [
            8.197055,
            46.768156,
            1955.0
          ],
          [
            8.19728,
            46.768199,
            1954.0
          ],
          [
            8.197647,
            46.768223,
            1953.0
          ],
          [
            8.197936,
            46.768175,
            1951.0
          ],
          [
            8.198349,
            46.768199,
            1950.0
          ],
          [
            8.198645,
            46.768181,
            1950.0
          ],
          [
            8.198888,
            46.768181,
            1950.0
          ],
          [
            8.199175,
            46.768223,
            1950.0
          ],
          [
            8.199364,
            46.768242,
            1950.0
          ],
          [
            8.199462,
            46.768267,
            1950.0
          ],
          [
            8.199544,
            46.768279,
            1950.0
          ],
          [
            8.199642,
            46.768254,
            1950.0
          ],
          [
            8.199758,
            46.768242,
            1950.0
          ],
          [
            8.19984,
            46.768217,
            1950.0
          ],
          [
            8.199903,
            46.768169,
            1950.0
          ],
          [
            8.199947,
            46.768107,
            1950.0
          ],
          [
            8.200001,
            46.768045,
            1950.0
          ],
          [
            8.200047,
            46.768014,
            1950.0
          ],
          [
            8.200137,
            46.767971,
            1950.0
          ],
          [
            8.200469,
            46.76791,
            1950.0
          ],
          [
            8.200729,
            46.767898,
            1950.0
          ],
          [
            8.200953,
            46.767898,
            1950.0
          ],
          [
            8.201358,
            46.767959,
            1950.0
          ],
          [
            8.202068,
            46.767971,
            1950.0
          ],
          [
            8.202796,
            46.767953,
            1950.0
          ],
          [
            8.20319,
            46.767922,
            1950.0
          ],
          [
            8.203577,
            46.767904,
            1950.0
          ],
          [
            8.203666,
            46.76791,
            1950.0
          ],
          [
            8.203693,
            46.767892,
            1950.0
          ],
          [
            8.203756,
            46.767824,
            1950.0
          ],
          [
            8.20381,
            46.767774,
            1950.0
          ],
          [
            8.204053,
            46.767639,
            1950.0
          ],
          [
            8.204305,
            46.76743,
            1950.0
          ],
          [
            8.204385,
            46.767411,
            1950.0
          ],
          [
            8.204556,
            46.76743,
            1950.0
          ],
          [
            8.204664,
            46.767442,
            1950.0
          ],
          [
            8.204798,
            46.767411,
            1950.0
          ],
          [
            8.204997,
            46.767417,
            1950.0
          ],
          [
            8.205374,
            46.767399,
            1950.0
          ],
          [
            8.205643,
            46.767393,
            1948.0
          ],
          [
            8.205832,
            46.767399,
            1946.0
          ],
          [
            8.205984,
            46.767369,
            1944.0
          ],
          [
            8.206379,
            46.767239,
            1940.0
          ],
          [
            8.206819,
            46.767104,
            1936.0
          ],
          [
            8.207045,
            46.767049,
            1934.0
          ],
          [
            8.207242,
            46.767061,
            1933.0
          ],
          [
            8.207358,
            46.766968,
            1931.0
          ],
          [
            8.207548,
            46.766852,
            1929.0
          ],
          [
            8.207844,
            46.766821,
            1927.0
          ],
          [
            8.208096,
            46.766815,
            1925.0
          ],
          [
            8.208392,
            46.766722,
            1922.0
          ],
          [
            8.208572,
            46.766532,
            1920.0
          ],
          [
            8.20902,
            46.766249,
            1920.0
          ],
          [
            8.209496,
            46.76591,
            1921.0
          ],
          [
            8.209748,
            46.765757,
            1922.0
          ],
          [
            8.210027,
            46.765732,
            1923.0
          ],
          [
            8.210198,
            46.765713,
            1924.0
          ],
          [
            8.210422,
            46.76575,
            1924.0
          ],
          [
            8.210683,
            46.765757,
            1925.0
          ],
          [
            8.210997,
            46.765707,
            1926.0
          ],
          [
            8.211087,
            46.765664,
            1927.0
          ],
          [
            8.211159,
            46.765608,
            1927.0
          ],
          [
            8.211284,
            46.765449,
            1928.0
          ],
          [
            8.21149,
            46.76519,
            1929.0
          ],
          [
            8.211779,
            46.764889,
            1930.0
          ],
          [
            8.212156,
            46.764735,
            1928.0
          ],
          [
            8.212587,
            46.764562,
            1924.0
          ],
          [
            8.212721,
            46.76447,
            1923.0
          ],
          [
            8.212947,
            46.764335,
            1921.0
          ],
          [
            8.213216,
            46.764206,
            1920.0
          ],
          [
            8.21354,
            46.763996,
            1918.0
          ],
          [
            8.213899,
            46.763806,
            1917.0
          ],
          [
            8.214222,
            46.76375,
            1916.0
          ],
          [
            8.214519,
            46.763634,
            1915.0
          ],
          [
            8.214886,
            46.763479,
            1914.0
          ],
          [
            8.215435,
            46.763313,
            1912.0
          ],
          [
            8.215605,
            46.763184,
            1911.0
          ],
          [
            8.215956,
            46.762913,
            1910.0
          ],
          [
            8.216414,
            46.762655,
            1906.0
          ],
          [
            8.216693,
            46.76247,
            1904.0
          ],
          [
            8.216809,
            46.762199,
            1902.0
          ],
          [
            8.216935,
            46.762162,
            1901.0
          ],
          [
            8.217043,
            46.762009,
            1899.0
          ],
          [
            8.217069,
            46.761818,
            1898.0
          ],
          [
            8.217043,
            46.761652,
            1897.0
          ],
          [
            8.217195,
            46.761418,
            1895.0
          ],
          [
            8.217393,
            46.761252,
            1894.0
          ],
          [
            8.217446,
            46.76111,
            1893.0
          ],
          [
            8.217509,
            46.760802,
            1890.0
          ],
          [
            8.217465,
            46.760575,
            1888.0
          ],
          [
            8.217312,
            46.760397,
            1886.0
          ],
          [
            8.217393,
            46.760138,
            1884.0
          ],
          [
            8.217375,
            46.760052,
            1883.0
          ],
          [
            8.217474,
            46.759873,
            1881.0
          ],
          [
            8.217501,
            46.759707,
            1879.0
          ],
          [
            8.217626,
            46.759344,
            1873.0
          ],
          [
            8.217698,
            46.75911,
            1869.0
          ],
          [
            8.217761,
            46.759036,
            1866.0
          ],
          [
            8.217761,
            46.759024,
            1866.0
          ],
          [
            8.217752,
            46.759005,
            1865.0
          ],
          [
            8.217744,
            46.758987,
            1865.0
          ],
          [
            8.217716,
            46.758975,
            1864.0
          ],
          [
            8.217572,
            46.758895,
            1861.0
          ],
          [
            8.217402,
            46.758753,
            1857.0
          ],
          [
            8.217375,
            46.758728,
            1856.0
          ],
          [
            8.217366,
            46.758692,
            1856.0
          ],
          [
            8.217366,
            46.758661,
            1855.0
          ],
          [
            8.217385,
            46.758637,
            1854.0
          ],
          [
            8.217411,
            46.758612,
            1854.0
          ],
          [
            8.217482,
            46.758556,
            1852.0
          ],
          [
            8.217564,
            46.758501,
            1851.0
          ],
          [
            8.217672,
            46.758427,
            1848.0
          ],
          [
            8.217861,
            46.758317,
            1843.0
          ],
          [
            8.218247,
            46.75804,
            1838.0
          ],
          [
            8.218318,
            46.757978,
            1837.0
          ],
          [
            8.218345,
            46.757935,
            1837.0
          ],
          [
            8.218354,
            46.757916,
            1837.0
          ],
          [
            8.218337,
            46.757898,
            1837.0
          ],
          [
            8.2183,
            46.757874,
            1837.0
          ],
          [
            8.218274,
            46.757874,
            1835.0
          ],
          [
            8.21822,
            46.757861,
            1832.0
          ],
          [
            8.218174,
            46.757837,
            1830.0
          ],
          [
            8.218138,
            46.757806,
            1830.0
          ],
          [
            8.218121,
            46.757787,
            1829.0
          ],
          [
            8.218102,
            46.75775,
            1829.0
          ],
          [
            8.218102,
            46.757701,
            1828.0
          ],
          [
            8.218102,
            46.757658,
            1828.0
          ],
          [
            8.218148,
            46.757627,
            1827.0
          ],
          [
            8.218578,
            46.757387,
            1822.0
          ],
          [
            8.218606,
            46.757357,
            1822.0
          ],
          [
            8.218624,
            46.757314,
            1821.0
          ],
          [
            8.218641,
            46.757258,
            1821.0
          ],
          [
            8.218578,
            46.757276,
            1820.0
          ],
          [
            8.218534,
            46.757289,
            1820.0
          ],
          [
            8.218453,
            46.757307,
            1820.0
          ],
          [
            8.218354,
            46.757332,
            1820.0
          ],
          [
            8.218291,
            46.757344,
            1819.0
          ],
          [
            8.218211,
            46.757363,
            1818.0
          ],
          [
            8.218157,
            46.757375,
            1818.0
          ],
          [
            8.218102,
            46.757381,
            1817.0
          ],
          [
            8.218048,
            46.757387,
            1817.0
          ],
          [
            8.218004,
            46.757387,
            1816.0
          ],
          [
            8.217941,
            46.757387,
            1816.0
          ],
          [
            8.217878,
            46.757381,
            1815.0
          ],
          [
            8.217815,
            46.757369,
            1814.0
          ],
          [
            8.217761,
            46.757357,
            1814.0
          ],
          [
            8.217681,
            46.757332,
            1813.0
          ],
          [
            8.217626,
            46.75732,
            1812.0
          ],
          [
            8.217572,
            46.757307,
            1812.0
          ],
          [
            8.217501,
            46.757301,
            1811.0
          ],
          [
            8.217446,
            46.757301,
            1811.0
          ],
          [
            8.217375,
            46.757295,
            1810.0
          ],
          [
            8.217312,
            46.757295,
            1809.0
          ],
          [
            8.21724,
            46.757289,
            1809.0
          ],
          [
            8.21715,
            46.75727,
            1808.0
          ],
          [
            8.217069,
            46.757258,
            1807.0
          ],
          [
            8.216989,
            46.757239,
            1806.0
          ],
          [
            8.216935,
            46.757227,
            1805.0
          ],
          [
            8.21689,
            46.757221,
            1805.0
          ],
          [
            8.216827,
            46.757221,
            1804.0
          ],
          [
            8.216764,
            46.757215,
            1804.0
          ],
          [
            8.216674,
            46.757215,
            1803.0
          ],
          [
            8.216566,
            46.757221,
            1802.0
          ],
          [
            8.216477,
            46.757233,
            1801.0
          ],
          [
            8.216414,
            46.757246,
            1800.0
          ],
          [
            8.216297,
            46.757276,
            1799.0
          ],
          [
            8.21619,
            46.757307,
            1798.0
          ],
          [
            8.216136,
            46.75732,
            1797.0
          ],
          [
            8.216136,
            46.75732,
            1797.0
          ],
          [
            8.216037,
            46.757344,
            1796.0
          ],
          [
            8.215794,
            46.757399,
            1794.0
          ],
          [
            8.215641,
            46.75743,
            1792.0
          ],
          [
            8.215515,
            46.757461,
            1791.0
          ],
          [
            8.215335,
            46.757498,
            1789.0
          ],
          [
            8.215201,
            46.757529,
            1788.0
          ],
          [
            8.215048,
            46.757572,
            1787.0
          ],
          [
            8.214922,
            46.757609,
            1785.0
          ],
          [
            8.214824,
            46.757639,
            1784.0
          ],
          [
            8.214734,
            46.757658,
            1784.0
          ],
          [
            8.214599,
            46.757695,
            1782.0
          ],
          [
            8.214519,
            46.757713,
            1781.0
          ],
          [
            8.214393,
            46.757756,
            1780.0
          ],
          [
            8.21432,
            46.757781,
            1779.0
          ],
          [
            8.214293,
            46.757793,
            1779.0
          ],
          [
            8.214222,
            46.757824,
            1778.0
          ],
          [
            8.214169,
            46.757849,
            1777.0
          ],
          [
            8.214169,
            46.757855,
            1777.0
          ],
          [
            8.21415,
            46.757861,
            1777.0
          ],
          [
            8.214096,
            46.757855,
            1776.0
          ],
          [
            8.214079,
            46.757855,
            1776.0
          ],
          [
            8.214069,
            46.757861,
            1776.0
          ],
          [
            8.21406,
            46.757861,
            1776.0
          ],
          [
            8.214052,
            46.757861,
            1776.0
          ],
          [
            8.214042,
            46.757855,
            1775.0
          ],
          [
            8.214033,
            46.757855,
            1775.0
          ],
          [
            8.213997,
            46.757849,
            1775.0
          ],
          [
            8.21397,
            46.757837,
            1775.0
          ],
          [
            8.213934,
            46.75783,
            1774.0
          ],
          [
            8.213899,
            46.75783,
            1774.0
          ],
          [
            8.213844,
            46.757818,
            1774.0
          ],
          [
            8.213773,
            46.757806,
            1773.0
          ],
          [
            8.213727,
            46.7578,
            1772.0
          ],
          [
            8.21371,
            46.7578,
            1772.0
          ],
          [
            8.213674,
            46.7578,
            1772.0
          ],
          [
            8.213647,
            46.757793,
            1772.0
          ],
          [
            8.21362,
            46.757781,
            1771.0
          ],
          [
            8.213593,
            46.757763,
            1771.0
          ],
          [
            8.213566,
            46.75775,
            1771.0
          ],
          [
            8.213548,
            46.757738,
            1770.0
          ],
          [
            8.21353,
            46.757738,
            1770.0
          ],
          [
            8.213494,
            46.757732,
            1770.0
          ],
          [
            8.213467,
            46.757732,
            1770.0
          ],
          [
            8.213423,
            46.757725,
            1769.0
          ],
          [
            8.213396,
            46.757725,
            1769.0
          ],
          [
            8.213368,
            46.757719,
            1768.0
          ],
          [
            8.213341,
            46.757713,
            1768.0
          ],
          [
            8.213306,
            46.757713,
            1768.0
          ],
          [
            8.213261,
            46.757713,
            1767.0
          ],
          [
            8.213207,
            46.757719,
            1767.0
          ],
          [
            8.21318,
            46.757719,
            1766.0
          ],
          [
            8.213153,
            46.757725,
            1766.0
          ],
          [
            8.213117,
            46.757725,
            1766.0
          ],
          [
            8.213081,
            46.757725,
            1765.0
          ],
          [
            8.213018,
            46.757725,
            1764.0
          ],
          [
            8.212964,
            46.757725,
            1764.0
          ],
          [
            8.21292,
            46.757719,
            1763.0
          ],
          [
            8.212884,
            46.757719,
            1763.0
          ],
          [
            8.212848,
            46.757719,
            1762.0
          ],
          [
            8.212794,
            46.757719,
            1762.0
          ],
          [
            8.212767,
            46.757719,
            1761.0
          ],
          [
            8.21274,
            46.757713,
            1761.0
          ],
          [
            8.212712,
            46.757707,
            1761.0
          ],
          [
            8.212658,
            46.757695,
            1760.0
          ],
          [
            8.212561,
            46.757682,
            1759.0
          ],
          [
            8.212506,
            46.757676,
            1759.0
          ],
          [
            8.212471,
            46.75767,
            1759.0
          ],
          [
            8.212444,
            46.757664,
            1759.0
          ],
          [
            8.212425,
            46.757664,
            1759.0
          ],
          [
            8.212389,
            46.757664,
            1758.0
          ],
          [
            8.212371,
            46.757664,
            1758.0
          ],
          [
            8.212362,
            46.75767,
            1758.0
          ],
          [
            8.212345,
            46.75767,
            1758.0
          ],
          [
            8.212318,
            46.757676,
            1758.0
          ],
          [
            8.212308,
            46.757676,
            1758.0
          ],
          [
            8.212291,
            46.757682,
            1758.0
          ],
          [
            8.212264,
            46.757695,
            1757.0
          ],
          [
            8.212236,
            46.757701,
            1757.0
          ],
          [
            8.212228,
            46.757707,
            1757.0
          ],
          [
            8.212219,
            46.757707,
            1757.0
          ],
          [
            8.212209,
            46.757707,
            1757.0
          ],
          [
            8.212192,
            46.757713,
            1757.0
          ],
          [
            8.212174,
            46.757707,
            1757.0
          ],
          [
            8.212165,
            46.757707,
            1757.0
          ],
          [
            8.212156,
            46.757707,
            1757.0
          ],
          [
            8.212138,
            46.757701,
            1757.0
          ],
          [
            8.212129,
            46.757701,
            1756.0
          ],
          [
            8.212111,
            46.757701,
            1756.0
          ],
          [
            8.212093,
            46.757707,
            1756.0
          ],
          [
            8.212075,
            46.757707,
            1756.0
          ],
          [
            8.212066,
            46.757707,
            1756.0
          ],
          [
            8.212039,
            46.757707,
            1756.0
          ],
          [
            8.212021,
            46.757707,
            1756.0
          ],
          [
            8.212003,
            46.757707,
            1756.0
          ],
          [
            8.211995,
            46.757707,
            1756.0
          ],
          [
            8.211976,
            46.757707,
            1756.0
          ],
          [
            8.211949,
            46.757701,
            1755.0
          ],
          [
            8.211922,
            46.757701,
            1755.0
          ],
          [
            8.21185,
            46.757682,
            1755.0
          ],
          [
            8.21176,
            46.757652,
            1754.0
          ],
          [
            8.211742,
            46.757639,
            1754.0
          ],
          [
            8.211733,
            46.757633,
            1754.0
          ],
          [
            8.211716,
            46.757621,
            1754.0
          ],
          [
            8.211689,
            46.757615,
            1753.0
          ],
          [
            8.21167,
            46.757609,
            1753.0
          ],
          [
            8.211635,
            46.757603,
            1753.0
          ],
          [
            8.211626,
            46.757597,
            1753.0
          ],
          [
            8.211599,
            46.757597,
            1753.0
          ],
          [
            8.211553,
            46.757603,
            1753.0
          ],
          [
            8.2115,
            46.757609,
            1752.0
          ],
          [
            8.211464,
            46.757609,
            1752.0
          ],
          [
            8.211437,
            46.757615,
            1752.0
          ],
          [
            8.211429,
            46.757621,
            1752.0
          ],
          [
            8.211402,
            46.757627,
            1752.0
          ],
          [
            8.211383,
            46.757633,
            1751.0
          ],
          [
            8.211366,
            46.757633,
            1751.0
          ],
          [
            8.211347,
            46.757639,
            1751.0
          ],
          [
            8.21132,
            46.757639,
            1751.0
          ],
          [
            8.21106,
            46.757584,
            1750.0
          ],
          [
            8.210853,
            46.757529,
            1749.0
          ],
          [
            8.210844,
            46.757523,
            1749.0
          ],
          [
            8.21079,
            46.757492,
            1749.0
          ],
          [
            8.21071,
            46.75743,
            1748.0
          ],
          [
            8.210628,
            46.757424,
            1747.0
          ],
          [
            8.210584,
            46.757424,
            1747.0
          ],
          [
            8.210476,
            46.757442,
            1747.0
          ],
          [
            8.210422,
            46.757467,
            1746.0
          ],
          [
            8.210387,
            46.757498,
            1746.0
          ],
          [
            8.21035,
            46.757553,
            1745.0
          ],
          [
            8.210324,
            46.757578,
            1745.0
          ],
          [
            8.210287,
            46.757603,
            1745.0
          ],
          [
            8.210251,
            46.757609,
            1745.0
          ],
          [
            8.210188,
            46.757603,
            1744.0
          ],
          [
            8.210171,
            46.757621,
            1744.0
          ],
          [
            8.210161,
            46.757621,
            1744.0
          ],
          [
            8.210144,
            46.757609,
            1744.0
          ],
          [
            8.210018,
            46.757688,
            1743.0
          ],
          [
            8.209964,
            46.757707,
            1743.0
          ],
          [
            8.209911,
            46.757719,
            1742.0
          ],
          [
            8.209865,
            46.757744,
            1742.0
          ],
          [
            8.209829,
            46.757756,
            1742.0
          ],
          [
            8.209794,
            46.757775,
            1742.0
          ],
          [
            8.209748,
            46.757793,
            1741.0
          ],
          [
            8.209731,
            46.757812,
            1741.0
          ],
          [
            8.209695,
            46.757843,
            1741.0
          ],
          [
            8.209649,
            46.757867,
            1740.0
          ],
          [
            8.209614,
            46.757886,
            1740.0
          ],
          [
            8.209551,
            46.757904,
            1740.0
          ],
          [
            8.209496,
            46.757929,
            1739.0
          ],
          [
            8.209442,
            46.757947,
            1739.0
          ],
          [
            8.209398,
            46.757972,
            1738.0
          ],
          [
            8.209371,
            46.75799,
            1738.0
          ],
          [
            8.209345,
            46.758015,
            1737.0
          ],
          [
            8.209326,
            46.75804,
            1737.0
          ],
          [
            8.209308,
            46.758052,
            1737.0
          ],
          [
            8.209308,
            46.75807,
            1736.0
          ],
          [
            8.209299,
            46.758089,
            1736.0
          ],
          [
            8.20929,
            46.758114,
            1736.0
          ],
          [
            8.209282,
            46.758132,
            1736.0
          ],
          [
            8.209272,
            46.758144,
            1735.0
          ],
          [
            8.209263,
            46.758163,
            1735.0
          ],
          [
            8.209236,
            46.758175,
            1735.0
          ],
          [
            8.2092,
            46.758211,
            1734.0
          ],
          [
            8.209182,
            46.75823,
            1734.0
          ],
          [
            8.209182,
            46.758242,
            1734.0
          ],
          [
            8.209165,
            46.758249,
            1734.0
          ],
          [
            8.209138,
            46.758267,
            1733.0
          ],
          [
            8.209092,
            46.758292,
            1733.0
          ],
          [
            8.209029,
            46.758323,
            1732.0
          ],
          [
            8.208958,
            46.75836,
            1731.0
          ],
          [
            8.208922,
            46.758384,
            1731.0
          ],
          [
            8.208886,
            46.758403,
            1730.0
          ],
          [
            8.208859,
            46.758415,
            1730.0
          ],
          [
            8.208832,
            46.758421,
            1729.0
          ],
          [
            8.208814,
            46.758427,
            1729.0
          ],
          [
            8.208796,
            46.758427,
            1729.0
          ],
          [
            8.208769,
            46.758427,
            1729.0
          ],
          [
            8.208742,
            46.758421,
            1728.0
          ],
          [
            8.208697,
            46.758415,
            1728.0
          ],
          [
            8.20867,
            46.758409,
            1727.0
          ],
          [
            8.208607,
            46.758397,
            1726.0
          ],
          [
            8.208563,
            46.758391,
            1726.0
          ],
          [
            8.208517,
            46.758384,
            1725.0
          ],
          [
            8.20849,
            46.758372,
            1725.0
          ],
          [
            8.208446,
            46.758366,
            1724.0
          ],
          [
            8.208392,
            46.75836,
            1724.0
          ],
          [
            8.208311,
            46.758354,
            1723.0
          ],
          [
            8.208248,
            46.758341,
            1722.0
          ],
          [
            8.208213,
            46.758329,
            1721.0
          ],
          [
            8.208186,
            46.758329,
            1721.0
          ],
          [
            8.208158,
            46.758329,
            1720.0
          ],
          [
            8.20815,
            46.758329,
            1720.0
          ],
          [
            8.208131,
            46.758335,
            1720.0
          ],
          [
            8.208123,
            46.758341,
            1720.0
          ],
          [
            8.208096,
            46.758341,
            1720.0
          ],
          [
            8.208041,
            46.758341,
            1719.0
          ],
          [
            8.208006,
            46.758341,
            1718.0
          ],
          [
            8.207978,
            46.758335,
            1718.0
          ],
          [
            8.207951,
            46.758335,
            1718.0
          ],
          [
            8.207898,
            46.758335,
            1717.0
          ],
          [
            8.207871,
            46.758329,
            1717.0
          ],
          [
            8.207835,
            46.758329,
            1716.0
          ],
          [
            8.207771,
            46.758323,
            1715.0
          ],
          [
            8.207737,
            46.758323,
            1715.0
          ],
          [
            8.207691,
            46.758323,
            1714.0
          ],
          [
            8.207637,
            46.758329,
            1714.0
          ],
          [
            8.207601,
            46.758329,
            1713.0
          ],
          [
            8.207584,
            46.758323,
            1713.0
          ],
          [
            8.207557,
            46.758323,
            1713.0
          ],
          [
            8.20753,
            46.758329,
            1712.0
          ],
          [
            8.207502,
            46.75836,
            1712.0
          ],
          [
            8.207484,
            46.758403,
            1711.0
          ],
          [
            8.207475,
            46.758458,
            1710.0
          ],
          [
            8.20744,
            46.758519,
            1708.0
          ],
          [
            8.207385,
            46.758587,
            1707.0
          ],
          [
            8.207341,
            46.758643,
            1705.0
          ],
          [
            8.207261,
            46.758698,
            1704.0
          ],
          [
            8.207152,
            46.758753,
            1702.0
          ],
          [
            8.207081,
            46.758803,
            1700.0
          ],
          [
            8.207035,
            46.758833,
            1699.0
          ],
          [
            8.207008,
            46.758889,
            1698.0
          ],
          [
            8.206919,
            46.758993,
            1695.0
          ],
          [
            8.206882,
            46.759061,
            1693.0
          ],
          [
            8.206838,
            46.759117,
            1692.0
          ],
          [
            8.206792,
            46.759154,
            1691.0
          ],
          [
            8.206695,
            46.759227,
            1689.0
          ],
          [
            8.20637,
            46.759412,
            1683.0
          ],
          [
            8.206326,
            46.759363,
            1683.0
          ],
          [
            8.206253,
            46.759319,
            1683.0
          ],
          [
            8.206163,
            46.759289,
            1683.0
          ],
          [
            8.205922,
            46.759227,
            1683.0
          ],
          [
            8.205624,
            46.759178,
            1682.0
          ],
          [
            8.205374,
            46.759123,
            1682.0
          ],
          [
            8.205121,
            46.759036,
            1682.0
          ],
          [
            8.204924,
            46.758962,
            1682.0
          ],
          [
            8.204808,
            46.758895,
            1681.0
          ],
          [
            8.204745,
            46.758821,
            1681.0
          ],
          [
            8.2047,
            46.758741,
            1681.0
          ],
          [
            8.204708,
            46.758686,
            1681.0
          ],
          [
            8.204735,
            46.758624,
            1681.0
          ],
          [
            8.204619,
            46.758612,
            1681.0
          ],
          [
            8.204395,
            46.7586,
            1681.0
          ],
          [
            8.204232,
            46.7586,
            1680.0
          ],
          [
            8.204079,
            46.758575,
            1680.0
          ],
          [
            8.203892,
            46.758563,
            1680.0
          ],
          [
            8.203792,
            46.758575,
            1679.0
          ],
          [
            8.203703,
            46.758618,
            1678.0
          ],
          [
            8.203603,
            46.758673,
            1677.0
          ],
          [
            8.203236,
            46.758796,
            1673.0
          ],
          [
            8.203163,
            46.758803,
            1672.0
          ],
          [
            8.2031,
            46.758821,
            1672.0
          ],
          [
            8.203011,
            46.758858,
            1671.0
          ],
          [
            8.202939,
            46.758901,
            1670.0
          ],
          [
            8.202867,
            46.758938,
            1669.0
          ],
          [
            8.202804,
            46.758969,
            1668.0
          ],
          [
            8.20275,
            46.759005,
            1667.0
          ],
          [
            8.202714,
            46.759042,
            1666.0
          ],
          [
            8.202661,
            46.759055,
            1666.0
          ],
          [
            8.202607,
            46.759061,
            1665.0
          ],
          [
            8.202571,
            46.759055,
            1664.0
          ],
          [
            8.202534,
            46.759036,
            1664.0
          ],
          [
            8.202463,
            46.758938,
            1662.0
          ],
          [
            8.202418,
            46.758901,
            1661.0
          ],
          [
            8.202364,
            46.758871,
            1660.0
          ],
          [
            8.202292,
            46.758852,
            1659.0
          ],
          [
            8.202202,
            46.758827,
            1658.0
          ],
          [
            8.202121,
            46.758796,
            1657.0
          ],
          [
            8.202058,
            46.758778,
            1657.0
          ],
          [
            8.202005,
            46.758778,
            1656.0
          ],
          [
            8.201969,
            46.758778,
            1656.0
          ],
          [
            8.201932,
            46.758772,
            1655.0
          ],
          [
            8.201905,
            46.758765,
            1655.0
          ],
          [
            8.201888,
            46.758765,
            1655.0
          ],
          [
            8.201816,
            46.758753,
            1654.0
          ],
          [
            8.201745,
            46.758735,
            1653.0
          ],
          [
            8.201708,
            46.758741,
            1653.0
          ],
          [
            8.201691,
            46.758747,
            1653.0
          ],
          [
            8.201672,
            46.758747,
            1653.0
          ],
          [
            8.201601,
            46.758728,
            1652.0
          ],
          [
            8.201565,
            46.75871,
            1651.0
          ],
          [
            8.201529,
            46.758704,
            1651.0
          ],
          [
            8.201484,
            46.758704,
            1651.0
          ],
          [
            8.201456,
            46.758716,
            1650.0
          ],
          [
            8.201421,
            46.758722,
            1650.0
          ],
          [
            8.201366,
            46.758735,
            1649.0
          ],
          [
            8.201331,
            46.758735,
            1649.0
          ],
          [
            8.20125,
            46.758716,
            1648.0
          ],
          [
            8.201205,
            46.75871,
            1648.0
          ],
          [
            8.201152,
            46.758704,
            1647.0
          ],
          [
            8.201079,
            46.75871,
            1646.0
          ],
          [
            8.201026,
            46.758716,
            1646.0
          ],
          [
            8.200953,
            46.758704,
            1645.0
          ],
          [
            8.200863,
            46.75871,
            1644.0
          ],
          [
            8.200739,
            46.758722,
            1643.0
          ],
          [
            8.200613,
            46.758747,
            1641.0
          ],
          [
            8.20054,
            46.758765,
            1641.0
          ],
          [
            8.20046,
            46.758809,
            1639.0
          ],
          [
            8.200334,
            46.758864,
            1638.0
          ],
          [
            8.200208,
            46.758932,
            1636.0
          ],
          [
            8.199858,
            46.758673,
            1630.0
          ],
          [
            8.199787,
            46.758606,
            1629.0
          ],
          [
            8.199732,
            46.758532,
            1628.0
          ],
          [
            8.199714,
            46.758495,
            1628.0
          ],
          [
            8.199697,
            46.758458,
            1628.0
          ],
          [
            8.19967,
            46.758384,
            1627.0
          ],
          [
            8.19966,
            46.758236,
            1626.0
          ],
          [
            8.199651,
            46.758205,
            1626.0
          ],
          [
            8.199607,
            46.758101,
            1625.0
          ],
          [
            8.19958,
            46.75804,
            1625.0
          ],
          [
            8.199544,
            46.757959,
            1624.0
          ],
          [
            8.199481,
            46.757886,
            1623.0
          ],
          [
            8.1994,
            46.757818,
            1623.0
          ],
          [
            8.199301,
            46.757725,
            1622.0
          ],
          [
            8.199202,
            46.757553,
            1620.0
          ],
          [
            8.199166,
            46.757461,
            1619.0
          ],
          [
            8.199148,
            46.757363,
            1616.0
          ],
          [
            8.199148,
            46.757221,
            1612.0
          ],
          [
            8.199166,
            46.757098,
            1609.0
          ],
          [
            8.199166,
            46.756882,
            1603.0
          ],
          [
            8.199104,
            46.756741,
            1599.0
          ],
          [
            8.198968,
            46.756612,
            1594.0
          ],
          [
            8.198672,
            46.756365,
            1587.0
          ],
          [
            8.198492,
            46.756236,
            1584.0
          ],
          [
            8.198466,
            46.756218,
            1584.0
          ],
          [
            8.198439,
            46.756199,
            1584.0
          ],
          [
            8.19842,
            46.756181,
            1583.0
          ],
          [
            8.198366,
            46.756107,
            1582.0
          ],
          [
            8.198313,
            46.756058,
            1581.0
          ],
          [
            8.198295,
            46.756033,
            1581.0
          ],
          [
            8.198286,
            46.756015,
            1581.0
          ],
          [
            8.198259,
            46.755984,
            1580.0
          ],
          [
            8.198286,
            46.755953,
            1580.0
          ],
          [
            8.198295,
            46.755947,
            1580.0
          ],
          [
            8.198376,
            46.755935,
            1580.0
          ],
          [
            8.198403,
            46.755922,
            1580.0
          ],
          [
            8.198439,
            46.755898,
            1579.0
          ],
          [
            8.198456,
            46.755879,
            1578.0
          ],
          [
            8.198475,
            46.755836,
            1577.0
          ],
          [
            8.198502,
            46.755818,
            1576.0
          ],
          [
            8.198645,
            46.7558,
            1573.0
          ],
          [
            8.198699,
            46.755793,
            1571.0
          ],
          [
            8.198789,
            46.755763,
            1569.0
          ],
          [
            8.198905,
            46.755726,
            1568.0
          ],
          [
            8.198986,
            46.755682,
            1566.0
          ],
          [
            8.199041,
            46.755664,
            1566.0
          ],
          [
            8.199175,
            46.755608,
            1564.0
          ],
          [
            8.19931,
            46.755559,
            1562.0
          ],
          [
            8.199427,
            46.755535,
            1560.0
          ],
          [
            8.199651,
            46.755504,
            1557.0
          ],
          [
            8.199921,
            46.755442,
            1554.0
          ],
          [
            8.200047,
            46.755405,
            1552.0
          ],
          [
            8.20011,
            46.755387,
            1551.0
          ],
          [
            8.200163,
            46.755362,
            1550.0
          ],
          [
            8.200217,
            46.755331,
            1550.0
          ],
          [
            8.200234,
            46.755325,
            1549.0
          ],
          [
            8.200324,
            46.755301,
            1549.0
          ],
          [
            8.200622,
            46.755227,
            1546.0
          ],
          [
            8.200639,
            46.755227,
            1546.0
          ],
          [
            8.200649,
            46.755215,
            1545.0
          ],
          [
            8.200639,
            46.755209,
            1545.0
          ],
          [
            8.200613,
            46.755209,
            1545.0
          ],
          [
            8.200146,
            46.755202,
            1541.0
          ],
          [
            8.199705,
            46.755184,
            1537.0
          ],
          [
            8.199634,
            46.755178,
            1536.0
          ],
          [
            8.199571,
            46.755159,
            1535.0
          ],
          [
            8.199517,
            46.755134,
            1534.0
          ],
          [
            8.19949,
            46.755128,
            1534.0
          ],
          [
            8.199364,
            46.755128,
            1533.0
          ],
          [
            8.19931,
            46.755128,
            1532.0
          ],
          [
            8.199301,
            46.755104,
            1532.0
          ],
          [
            8.19975,
            46.755042,
            1530.0
          ],
          [
            8.200234,
            46.754907,
            1527.0
          ],
          [
            8.200639,
            46.754747,
            1525.0
          ],
          [
            8.20098,
            46.754636,
            1523.0
          ],
          [
            8.201232,
            46.754568,
            1522.0
          ],
          [
            8.201412,
            46.754531,
            1521.0
          ],
          [
            8.201609,
            46.754513,
            1520.0
          ],
          [
            8.201708,
            46.754489,
            1519.0
          ],
          [
            8.201781,
            46.754452,
            1518.0
          ],
          [
            8.201842,
            46.75439,
            1517.0
          ],
          [
            8.201888,
            46.754328,
            1517.0
          ],
          [
            8.201924,
            46.754249,
            1516.0
          ],
          [
            8.201942,
            46.754107,
            1514.0
          ],
          [
            8.201978,
            46.753978,
            1513.0
          ],
          [
            8.202058,
            46.753811,
            1511.0
          ],
          [
            8.202095,
            46.753756,
            1510.0
          ],
          [
            8.202184,
            46.753701,
            1509.0
          ],
          [
            8.202418,
            46.753577,
            1507.0
          ],
          [
            8.202903,
            46.753276,
            1502.0
          ],
          [
            8.203226,
            46.753128,
            1499.0
          ],
          [
            8.203397,
            46.753042,
            1497.0
          ],
          [
            8.203513,
            46.752938,
            1495.0
          ],
          [
            8.203658,
            46.752728,
            1492.0
          ],
          [
            8.203775,
            46.75258,
            1490.0
          ],
          [
            8.203882,
            46.7525,
            1490.0
          ],
          [
            8.203999,
            46.752415,
            1490.0
          ],
          [
            8.204098,
            46.752402,
            1490.0
          ],
          [
            8.204134,
            46.752396,
            1490.0
          ],
          [
            8.204169,
            46.75239,
            1490.0
          ],
          [
            8.204205,
            46.752371,
            1490.0
          ],
          [
            8.204242,
            46.752353,
            1490.0
          ],
          [
            8.204691,
            46.7521,
            1490.0
          ],
          [
            8.204771,
            46.752045,
            1490.0
          ],
          [
            8.204817,
            46.752014,
            1490.0
          ],
          [
            8.204861,
            46.751983,
            1490.0
          ],
          [
            8.205167,
            46.751682,
            1488.0
          ],
          [
            8.20523,
            46.751639,
            1488.0
          ],
          [
            8.205266,
            46.751621,
            1487.0
          ],
          [
            8.20532,
            46.751596,
            1487.0
          ],
          [
            8.205714,
            46.751405,
            1485.0
          ],
          [
            8.20585,
            46.751343,
            1484.0
          ],
          [
            8.206066,
            46.751238,
            1483.0
          ],
          [
            8.206129,
            46.751208,
            1483.0
          ],
          [
            8.206182,
            46.751183,
            1482.0
          ],
          [
            8.206253,
            46.751165,
            1482.0
          ],
          [
            8.206316,
            46.751153,
            1482.0
          ],
          [
            8.206398,
            46.751134,
            1481.0
          ],
          [
            8.206452,
            46.751122,
            1481.0
          ],
          [
            8.206488,
            46.751122,
            1481.0
          ],
          [
            8.206515,
            46.751122,
            1481.0
          ],
          [
            8.20655,
            46.751122,
            1481.0
          ],
          [
            8.206622,
            46.751122,
            1480.0
          ],
          [
            8.206676,
            46.751116,
            1480.0
          ],
          [
            8.206712,
            46.75111,
            1480.0
          ],
          [
            8.206775,
            46.751085,
            1480.0
          ],
          [
            8.206901,
            46.751017,
            1479.0
          ],
          [
            8.206945,
            46.750992,
            1479.0
          ],
          [
            8.207134,
            46.7509,
            1477.0
          ],
          [
            8.207179,
            46.75087,
            1477.0
          ],
          [
            8.207232,
            46.750826,
            1477.0
          ],
          [
            8.207251,
            46.75082,
            1476.0
          ],
          [
            8.207332,
            46.75074,
            1476.0
          ],
          [
            8.207421,
            46.750666,
            1475.0
          ],
          [
            8.207484,
            46.75063,
            1474.0
          ],
          [
            8.20753,
            46.750605,
            1474.0
          ],
          [
            8.207565,
            46.750586,
            1474.0
          ],
          [
            8.20762,
            46.750574,
            1474.0
          ],
          [
            8.207674,
            46.750562,
            1473.0
          ],
          [
            8.207727,
            46.750537,
            1473.0
          ],
          [
            8.207781,
            46.7505,
            1473.0
          ],
          [
            8.207861,
            46.750426,
            1472.0
          ],
          [
            8.207943,
            46.750309,
            1471.0
          ],
          [
            8.207987,
            46.750106,
            1468.0
          ],
          [
            8.20788,
            46.749946,
            1464.0
          ],
          [
            8.207763,
            46.749768,
            1460.0
          ],
          [
            8.207745,
            46.749693,
            1459.0
          ],
          [
            8.207835,
            46.749546,
            1455.0
          ],
          [
            8.208131,
            46.749478,
            1451.0
          ],
          [
            8.208473,
            46.74922,
            1444.0
          ],
          [
            8.208374,
            46.748771,
            1435.0
          ],
          [
            8.208024,
            46.748407,
            1424.0
          ],
          [
            8.208033,
            46.747995,
            1413.0
          ],
          [
            8.208077,
            46.747878,
            1410.0
          ],
          [
            8.208194,
            46.747693,
            1410.0
          ],
          [
            8.208176,
            46.74757,
            1411.0
          ],
          [
            8.208221,
            46.747496,
            1411.0
          ],
          [
            8.208454,
            46.747435,
            1412.0
          ],
          [
            8.208653,
            46.747422,
            1413.0
          ],
          [
            8.208779,
            46.747416,
            1413.0
          ],
          [
            8.209102,
            46.747453,
            1414.0
          ],
          [
            8.209129,
            46.747453,
            1414.0
          ],
          [
            8.209345,
            46.747496,
            1414.0
          ],
          [
            8.209695,
            46.747656,
            1415.0
          ],
          [
            8.210035,
            46.747761,
            1416.0
          ],
          [
            8.210395,
            46.747823,
            1417.0
          ],
          [
            8.210987,
            46.747872,
            1419.0
          ],
          [
            8.211769,
            46.748001,
            1424.0
          ],
          [
            8.211895,
            46.748001,
            1426.0
          ],
          [
            8.212228,
            46.747964,
            1430.0
          ],
          [
            8.212471,
            46.747927,
            1433.0
          ],
          [
            8.212677,
            46.747915,
            1436.0
          ],
          [
            8.213593,
            46.747619,
            1449.0
          ],
          [
            8.213764,
            46.747595,
            1451.0
          ],
          [
            8.213934,
            46.747595,
            1452.0
          ],
          [
            8.214024,
            46.747607,
            1453.0
          ],
          [
            8.214016,
            46.747583,
            1453.0
          ],
          [
            8.214024,
            46.747546,
            1453.0
          ],
          [
            8.214293,
            46.747047,
            1449.0
          ],
          [
            8.214348,
            46.746986,
            1449.0
          ],
          [
            8.214402,
            46.746924,
            1448.0
          ],
          [
            8.214465,
            46.746887,
            1448.0
          ],
          [
            8.214779,
            46.746795,
            1446.0
          ],
          [
            8.214886,
            46.746758,
            1445.0
          ],
          [
            8.215362,
            46.74653,
            1442.0
          ],
          [
            8.215542,
            46.746438,
            1441.0
          ],
          [
            8.21566,
            46.746357,
            1440.0
          ],
          [
            8.215803,
            46.746216,
            1438.0
          ],
          [
            8.216153,
            46.745834,
            1434.0
          ],
          [
            8.216396,
            46.745533,
            1431.0
          ],
          [
            8.216584,
            46.745231,
            1429.0
          ],
          [
            8.216647,
            46.745145,
            1429.0
          ],
          [
            8.216746,
            46.745065,
            1428.0
          ],
          [
            8.217043,
            46.744874,
            1427.0
          ],
          [
            8.217195,
            46.744794,
            1426.0
          ],
          [
            8.217276,
            46.744739,
            1426.0
          ],
          [
            8.217348,
            46.744689,
            1425.0
          ],
          [
            8.217402,
            46.744634,
            1425.0
          ],
          [
            8.217446,
            46.744585,
            1425.0
          ],
          [
            8.217582,
            46.744381,
            1424.0
          ],
          [
            8.217735,
            46.744185,
            1423.0
          ],
          [
            8.217806,
            46.744019,
            1422.0
          ],
          [
            8.217572,
            46.743914,
            1421.0
          ],
          [
            8.217492,
            46.74387,
            1420.0
          ],
          [
            8.217339,
            46.74376,
            1419.0
          ],
          [
            8.217285,
            46.743717,
            1419.0
          ],
          [
            8.217258,
            46.74368,
            1418.0
          ],
          [
            8.217249,
            46.743655,
            1418.0
          ],
          [
            8.217232,
            46.743593,
            1417.0
          ],
          [
            8.217195,
            46.743181,
            1413.0
          ],
          [
            8.21724,
            46.74304,
            1410.0
          ],
          [
            8.217258,
            46.742898,
            1407.0
          ],
          [
            8.217159,
            46.742775,
            1404.0
          ],
          [
            8.216989,
            46.74272,
            1402.0
          ],
          [
            8.21689,
            46.742664,
            1400.0
          ],
          [
            8.216782,
            46.742646,
            1398.0
          ],
          [
            8.216647,
            46.742639,
            1395.0
          ],
          [
            8.216486,
            46.742658,
            1392.0
          ],
          [
            8.216342,
            46.742676,
            1388.0
          ],
          [
            8.216153,
            46.742714,
            1384.0
          ],
          [
            8.215983,
            46.742769,
            1380.0
          ],
          [
            8.215874,
            46.742836,
            1377.0
          ],
          [
            8.21583,
            46.742941,
            1374.0
          ],
          [
            8.215695,
            46.743003,
            1372.0
          ],
          [
            8.215542,
            46.743021,
            1369.0
          ],
          [
            8.215515,
            46.742997,
            1368.0
          ],
          [
            8.215515,
            46.742898,
            1366.0
          ],
          [
            8.215471,
            46.742775,
            1362.0
          ],
          [
            8.215435,
            46.742714,
            1361.0
          ],
          [
            8.215372,
            46.742695,
            1360.0
          ],
          [
            8.215291,
            46.742695,
            1358.0
          ],
          [
            8.215219,
            46.742732,
            1357.0
          ],
          [
            8.215156,
            46.742806,
            1356.0
          ],
          [
            8.215111,
            46.742873,
            1354.0
          ],
          [
            8.215048,
            46.742929,
            1353.0
          ],
          [
            8.214995,
            46.742954,
            1352.0
          ],
          [
            8.214905,
            46.742941,
            1351.0
          ],
          [
            8.214653,
            46.742842,
            1347.0
          ],
          [
            8.214608,
            46.742806,
            1346.0
          ],
          [
            8.21459,
            46.742769,
            1345.0
          ],
          [
            8.21459,
            46.742658,
            1343.0
          ],
          [
            8.214572,
            46.742609,
            1342.0
          ],
          [
            8.214509,
            46.742565,
            1341.0
          ],
          [
            8.214402,
            46.742523,
            1339.0
          ],
          [
            8.214249,
            46.742461,
            1338.0
          ],
          [
            8.213997,
            46.742368,
            1335.0
          ],
          [
            8.213962,
            46.742221,
            1334.0
          ],
          [
            8.213943,
            46.742159,
            1333.0
          ],
          [
            8.213916,
            46.742098,
            1332.0
          ],
          [
            8.213737,
            46.741901,
            1328.0
          ],
          [
            8.213656,
            46.74182,
            1325.0
          ],
          [
            8.213593,
            46.741759,
            1323.0
          ],
          [
            8.213135,
            46.741544,
            1309.0
          ],
          [
            8.212937,
            46.741495,
            1304.0
          ],
          [
            8.212704,
            46.74147,
            1299.0
          ],
          [
            8.212561,
            46.74147,
            1295.0
          ],
          [
            8.212551,
            46.741452,
            1295.0
          ],
          [
            8.212595,
            46.741408,
            1293.0
          ],
          [
            8.212731,
            46.741285,
            1290.0
          ],
          [
            8.212901,
            46.741328,
            1290.0
          ],
          [
            8.213243,
            46.741316,
            1290.0
          ],
          [
            8.213477,
            46.741328,
            1289.0
          ],
          [
            8.21371,
            46.741273,
            1288.0
          ],
          [
            8.214079,
            46.741218,
            1287.0
          ],
          [
            8.214222,
            46.741174,
            1287.0
          ],
          [
            8.214528,
            46.741027,
            1285.0
          ],
          [
            8.214743,
            46.740928,
            1284.0
          ],
          [
            8.214985,
            46.740891,
            1283.0
          ],
          [
            8.215308,
            46.740996,
            1282.0
          ],
          [
            8.215488,
            46.741008,
            1281.0
          ],
          [
            8.215542,
            46.740978,
            1281.0
          ],
          [
            8.215551,
            46.740971,
            1281.0
          ],
          [
            8.21566,
            46.740866,
            1280.0
          ],
          [
            8.215668,
            46.74086,
            1280.0
          ],
          [
            8.21557,
            46.740442,
            1280.0
          ],
          [
            8.215605,
            46.740294,
            1280.0
          ],
          [
            8.215624,
            46.740227,
            1280.0
          ],
          [
            8.21557,
            46.740066,
            1280.0
          ],
          [
            8.215381,
            46.740005,
            1280.0
          ],
          [
            8.215335,
            46.739987,
            1280.0
          ],
          [
            8.215308,
            46.739962,
            1280.0
          ],
          [
            8.215282,
            46.739943,
            1280.0
          ],
          [
            8.215264,
            46.739912,
            1280.0
          ],
          [
            8.215245,
            46.739875,
            1280.0
          ],
          [
            8.215237,
            46.739795,
            1280.0
          ],
          [
            8.215245,
            46.739531,
            1278.0
          ],
          [
            8.215282,
            46.73942,
            1276.0
          ],
          [
            8.215345,
            46.739315,
            1275.0
          ],
          [
            8.215381,
            46.739278,
            1274.0
          ],
          [
            8.21539,
            46.739235,
            1274.0
          ],
          [
            8.215362,
            46.739155,
            1272.0
          ],
          [
            8.215318,
            46.739087,
            1271.0
          ],
          [
            8.215138,
            46.73889,
            1268.0
          ],
          [
            8.214905,
            46.738761,
            1266.0
          ],
          [
            8.214779,
            46.738656,
            1264.0
          ],
          [
            8.214662,
            46.738533,
            1262.0
          ],
          [
            8.214429,
            46.738281,
            1258.0
          ],
          [
            8.214266,
            46.738139,
            1256.0
          ],
          [
            8.214033,
            46.737955,
            1252.0
          ],
          [
            8.213997,
            46.73801,
            1251.0
          ],
          [
            8.213989,
            46.738016,
            1251.0
          ],
          [
            8.213979,
            46.738016,
            1251.0
          ],
          [
            8.21397,
            46.738016,
            1251.0
          ],
          [
            8.213809,
            46.737905,
            1247.0
          ],
          [
            8.213764,
            46.737862,
            1246.0
          ],
          [
            8.213701,
            46.737801,
            1244.0
          ],
          [
            8.213647,
            46.737733,
            1241.0
          ],
          [
            8.213593,
            46.737665,
            1239.0
          ],
          [
            8.213576,
            46.737653,
            1239.0
          ],
          [
            8.21345,
            46.737579,
            1237.0
          ],
          [
            8.21344,
            46.737585,
            1236.0
          ],
          [
            8.213431,
            46.737616,
            1236.0
          ],
          [
            8.213414,
            46.737647,
            1235.0
          ],
          [
            8.213404,
            46.737678,
            1234.0
          ],
          [
            8.213387,
            46.737696,
            1234.0
          ],
          [
            8.213377,
            46.737709,
            1234.0
          ],
          [
            8.213368,
            46.737715,
            1233.0
          ],
          [
            8.213341,
            46.737727,
            1233.0
          ],
          [
            8.213314,
            46.737733,
            1233.0
          ],
          [
            8.213278,
            46.737739,
            1232.0
          ],
          [
            8.213234,
            46.737752,
            1231.0
          ],
          [
            8.21318,
            46.73777,
            1230.0
          ],
          [
            8.213072,
            46.737813,
            1229.0
          ],
          [
            8.213027,
            46.737825,
            1228.0
          ],
          [
            8.212982,
            46.737844,
            1227.0
          ],
          [
            8.212911,
            46.737874,
            1226.0
          ],
          [
            8.212901,
            46.737874,
            1226.0
          ],
          [
            8.212892,
            46.737874,
            1226.0
          ],
          [
            8.212884,
            46.737874,
            1226.0
          ],
          [
            8.212874,
            46.737874,
            1225.0
          ],
          [
            8.212865,
            46.737868,
            1225.0
          ],
          [
            8.212865,
            46.737862,
            1225.0
          ],
          [
            8.212857,
            46.737856,
            1225.0
          ],
          [
            8.212857,
            46.737844,
            1225.0
          ],
          [
            8.212865,
            46.737782,
            1223.0
          ],
          [
            8.212865,
            46.73777,
            1223.0
          ],
          [
            8.212857,
            46.737752,
            1223.0
          ],
          [
            8.212848,
            46.737733,
            1222.0
          ],
          [
            8.21283,
            46.737721,
            1222.0
          ],
          [
            8.212821,
            46.737696,
            1221.0
          ],
          [
            8.212802,
            46.737671,
            1221.0
          ],
          [
            8.212775,
            46.737616,
            1220.0
          ],
          [
            8.212748,
            46.737591,
            1219.0
          ],
          [
            8.21274,
            46.737579,
            1219.0
          ],
          [
            8.212704,
            46.737554,
            1218.0
          ],
          [
            8.212677,
            46.737512,
            1217.0
          ],
          [
            8.212658,
            46.737462,
            1216.0
          ],
          [
            8.21265,
            46.737401,
            1215.0
          ],
          [
            8.212668,
            46.737357,
            1214.0
          ],
          [
            8.212632,
            46.737357,
            1213.0
          ],
          [
            8.212605,
            46.737363,
            1213.0
          ],
          [
            8.212587,
            46.737376,
            1213.0
          ],
          [
            8.212578,
            46.737394,
            1212.0
          ],
          [
            8.212569,
            46.737438,
            1211.0
          ],
          [
            8.212425,
            46.737302,
            1207.0
          ],
          [
            8.212389,
            46.737271,
            1206.0
          ],
          [
            8.212326,
            46.73721,
            1204.0
          ],
          [
            8.212345,
            46.737167,
            1203.0
          ],
          [
            8.212389,
            46.737142,
            1202.0
          ],
          [
            8.212398,
            46.737092,
            1200.0
          ],
          [
            8.212381,
            46.73705,
            1200.0
          ],
          [
            8.212408,
            46.736964,
            1200.0
          ],
          [
            8.212398,
            46.736933,
            1198.0
          ],
          [
            8.212345,
            46.736889,
            1195.0
          ],
          [
            8.212299,
            46.736877,
            1194.0
          ],
          [
            8.212236,
            46.736865,
            1191.0
          ],
          [
            8.212102,
            46.736859,
            1188.0
          ],
          [
            8.211985,
            46.736834,
            1186.0
          ],
          [
            8.211878,
            46.736803,
            1183.0
          ],
          [
            8.211832,
            46.736797,
            1183.0
          ],
          [
            8.211788,
            46.736803,
            1182.0
          ],
          [
            8.211662,
            46.736865,
            1179.0
          ],
          [
            8.21159,
            46.736883,
            1178.0
          ],
          [
            8.211329,
            46.736883,
            1173.0
          ],
          [
            8.211213,
            46.736865,
            1171.0
          ],
          [
            8.211014,
            46.736809,
            1167.0
          ],
          [
            8.210898,
            46.736785,
            1165.0
          ],
          [
            8.210817,
            46.736773,
            1163.0
          ],
          [
            8.210628,
            46.736761,
            1160.0
          ],
          [
            8.210593,
            46.736754,
            1159.0
          ],
          [
            8.210566,
            46.73673,
            1158.0
          ],
          [
            8.210557,
            46.736674,
            1157.0
          ],
          [
            8.210574,
            46.736545,
            1154.0
          ],
          [
            8.210628,
            46.73636,
            1149.0
          ],
          [
            8.210683,
            46.736237,
            1145.0
          ],
          [
            8.210664,
            46.736169,
            1143.0
          ],
          [
            8.210566,
            46.73604,
            1139.0
          ],
          [
            8.210448,
            46.735997,
            1138.0
          ],
          [
            8.210287,
            46.735954,
            1135.0
          ],
          [
            8.21,
            46.735935,
            1132.0
          ],
          [
            8.209892,
            46.735898,
            1130.0
          ],
          [
            8.209775,
            46.735824,
            1128.0
          ],
          [
            8.209695,
            46.735763,
            1127.0
          ],
          [
            8.209614,
            46.735695,
            1125.0
          ],
          [
            8.209569,
            46.735627,
            1124.0
          ],
          [
            8.209569,
            46.735584,
            1123.0
          ],
          [
            8.209578,
            46.735547,
            1123.0
          ],
          [
            8.209595,
            46.735498,
            1122.0
          ],
          [
            8.209605,
            46.735443,
            1121.0
          ],
          [
            8.209578,
            46.735326,
            1119.0
          ],
          [
            8.209578,
            46.735277,
            1118.0
          ],
          [
            8.209605,
            46.735049,
            1113.0
          ],
          [
            8.209614,
            46.734969,
            1112.0
          ],
          [
            8.209649,
            46.734901,
            1111.0
          ],
          [
            8.209704,
            46.734833,
            1109.0
          ],
          [
            8.209731,
            46.734766,
            1107.0
          ],
          [
            8.209721,
            46.734716,
            1106.0
          ],
          [
            8.209695,
            46.734667,
            1105.0
          ],
          [
            8.209605,
            46.734581,
            1102.0
          ],
          [
            8.209469,
            46.734458,
            1098.0
          ],
          [
            8.209398,
            46.734408,
            1097.0
          ],
          [
            8.209362,
            46.734384,
            1096.0
          ],
          [
            8.209318,
            46.734371,
            1095.0
          ],
          [
            8.209272,
            46.734377,
            1094.0
          ],
          [
            8.208985,
            46.734384,
            1090.0
          ],
          [
            8.208823,
            46.734396,
            1087.0
          ],
          [
            8.208752,
            46.734396,
            1086.0
          ],
          [
            8.208697,
            46.734384,
            1085.0
          ],
          [
            8.20867,
            46.734347,
            1084.0
          ],
          [
            8.208643,
            46.734316,
            1083.0
          ],
          [
            8.208634,
            46.734286,
            1082.0
          ],
          [
            8.208643,
            46.73423,
            1081.0
          ],
          [
            8.208662,
            46.734187,
            1080.0
          ],
          [
            8.208742,
            46.7341,
            1077.0
          ],
          [
            8.208814,
            46.734015,
            1074.0
          ],
          [
            8.208814,
            46.733965,
            1073.0
          ],
          [
            8.208733,
            46.73386,
            1070.0
          ],
          [
            8.208563,
            46.733583,
            1067.0
          ],
          [
            8.208599,
            46.733547,
            1067.0
          ],
          [
            8.208689,
            46.733436,
            1066.0
          ],
          [
            8.209003,
            46.733226,
            1063.0
          ],
          [
            8.209029,
            46.733214,
            1063.0
          ],
          [
            8.209282,
            46.733072,
            1061.0
          ],
          [
            8.209434,
            46.732838,
            1059.0
          ],
          [
            8.209532,
            46.732734,
            1057.0
          ],
          [
            8.209551,
            46.732709,
            1057.0
          ],
          [
            8.209496,
            46.732647,
            1056.0
          ],
          [
            8.209641,
            46.73261,
            1056.0
          ],
          [
            8.209748,
            46.732586,
            1056.0
          ],
          [
            8.209874,
            46.732549,
            1055.0
          ],
          [
            8.210008,
            46.7325,
            1055.0
          ],
          [
            8.210098,
            46.732463,
            1054.0
          ],
          [
            8.210198,
            46.732413,
            1054.0
          ],
          [
            8.210242,
            46.732389,
            1054.0
          ],
          [
            8.210332,
            46.732327,
            1053.0
          ],
          [
            8.210503,
            46.73221,
            1052.0
          ],
          [
            8.210538,
            46.732179,
            1052.0
          ],
          [
            8.210404,
            46.732081,
            1050.0
          ],
          [
            8.210171,
            46.731915,
            1046.0
          ],
          [
            8.210144,
            46.731902,
            1046.0
          ],
          [
            8.210117,
            46.73189,
            1045.0
          ],
          [
            8.210071,
            46.731872,
            1045.0
          ],
          [
            8.210027,
            46.731859,
            1044.0
          ],
          [
            8.209901,
            46.731841,
            1043.0
          ],
          [
            8.209865,
            46.731835,
            1042.0
          ],
          [
            8.209838,
            46.731829,
            1042.0
          ],
          [
            8.209821,
            46.731817,
            1042.0
          ],
          [
            8.209802,
            46.731804,
            1041.0
          ],
          [
            8.209649,
            46.731693,
            1039.0
          ],
          [
            8.209595,
            46.731656,
            1039.0
          ],
          [
            8.209569,
            46.731644,
            1039.0
          ],
          [
            8.209542,
            46.731631,
            1039.0
          ],
          [
            8.209255,
            46.731546,
            1037.0
          ],
          [
            8.208716,
            46.731416,
            1034.0
          ],
          [
            8.208616,
            46.731403,
            1034.0
          ],
          [
            8.208463,
            46.731403,
            1033.0
          ],
          [
            8.208364,
            46.731403,
            1033.0
          ],
          [
            8.20806,
            46.731434,
            1031.0
          ],
          [
            8.20797,
            46.731447,
            1031.0
          ],
          [
            8.207853,
            46.731471,
            1030.0
          ],
          [
            8.20779,
            46.731484,
            1029.0
          ],
          [
            8.207674,
            46.731515,
            1028.0
          ],
          [
            8.207611,
            46.731527,
            1028.0
          ],
          [
            8.207458,
            46.731558,
            1026.0
          ],
          [
            8.207385,
            46.731576,
            1025.0
          ],
          [
            8.207322,
            46.731595,
            1025.0
          ],
          [
            8.207242,
            46.731631,
            1024.0
          ],
          [
            8.207108,
            46.731718,
            1022.0
          ],
          [
            8.206936,
            46.731847,
            1020.0
          ],
          [
            8.206756,
            46.731995,
            1016.0
          ],
          [
            8.206703,
            46.732032,
            1015.0
          ],
          [
            8.206658,
            46.732057,
            1015.0
          ],
          [
            8.206586,
            46.732075,
            1014.0
          ],
          [
            8.206523,
            46.732093,
            1013.0
          ],
          [
            8.206433,
            46.732106,
            1012.0
          ],
          [
            8.20629,
            46.732124,
            1010.0
          ],
          [
            8.206182,
            46.732142,
            1008.0
          ],
          [
            8.206074,
            46.732167,
            1007.0
          ],
          [
            8.205984,
            46.732198,
            1006.0
          ],
          [
            8.205894,
            46.732235,
            1005.0
          ],
          [
            8.205832,
            46.732266,
            1004.0
          ],
          [
            8.205706,
            46.732266,
            1002.0
          ],
          [
            8.205544,
            46.732303,
            1000.0
          ],
          [
            8.205463,
            46.732352,
            999.0
          ],
          [
            8.205391,
            46.732419,
            998.0
          ],
          [
            8.205347,
            46.7325,
            997.0
          ],
          [
            8.205274,
            46.732568,
            996.0
          ],
          [
            8.205221,
            46.73261,
            996.0
          ],
          [
            8.205167,
            46.73266,
            995.0
          ],
          [
            8.205087,
            46.732709,
            994.0
          ],
          [
            8.205068,
            46.732728,
            994.0
          ],
          [
            8.204942,
            46.732771,
            993.0
          ],
          [
            8.204852,
            46.732789,
            992.0
          ],
          [
            8.20479,
            46.732789,
            992.0
          ],
          [
            8.2047,
            46.732783,
            991.0
          ],
          [
            8.204592,
            46.732771,
            990.0
          ],
          [
            8.204511,
            46.732752,
            989.0
          ],
          [
            8.204431,
            46.732728,
            988.0
          ],
          [
            8.204179,
            46.732629,
            985.0
          ],
          [
            8.204062,
            46.732592,
            984.0
          ],
          [
            8.204026,
            46.732586,
            983.0
          ],
          [
            8.203892,
            46.732549,
            982.0
          ],
          [
            8.203389,
            46.732469,
            975.0
          ],
          [
            8.202966,
            46.732419,
            969.0
          ],
          [
            8.202804,
            46.732395,
            966.0
          ],
          [
            8.202616,
            46.732352,
            964.0
          ],
          [
            8.202463,
            46.732315,
            962.0
          ],
          [
            8.202148,
            46.732223,
            958.0
          ],
          [
            8.202068,
            46.732192,
            957.0
          ],
          [
            8.202022,
            46.732173,
            957.0
          ],
          [
            8.201987,
            46.732173,
            956.0
          ],
          [
            8.20196,
            46.732173,
            956.0
          ],
          [
            8.201942,
            46.732186,
            956.0
          ],
          [
            8.201932,
            46.732204,
            955.0
          ],
          [
            8.201924,
            46.732229,
            955.0
          ],
          [
            8.201924,
            46.73226,
            955.0
          ],
          [
            8.201942,
            46.732291,
            954.0
          ],
          [
            8.201969,
            46.732315,
            954.0
          ],
          [
            8.202095,
            46.732457,
            951.0
          ],
          [
            8.202221,
            46.732568,
            949.0
          ],
          [
            8.202247,
            46.732604,
            949.0
          ],
          [
            8.202265,
            46.732641,
            948.0
          ],
          [
            8.202265,
            46.732672,
            947.0
          ],
          [
            8.202247,
            46.732703,
            947.0
          ],
          [
            8.202221,
            46.732728,
            946.0
          ],
          [
            8.202175,
            46.732746,
            946.0
          ],
          [
            8.202131,
            46.732759,
            945.0
          ],
          [
            8.202032,
            46.732759,
            944.0
          ],
          [
            8.201969,
            46.732752,
            943.0
          ],
          [
            8.201915,
            46.732734,
            942.0
          ],
          [
            8.201861,
            46.732715,
            942.0
          ],
          [
            8.201691,
            46.732592,
            938.0
          ],
          [
            8.201322,
            46.732346,
            931.0
          ],
          [
            8.201125,
            46.732229,
            928.0
          ],
          [
            8.200945,
            46.73213,
            925.0
          ],
          [
            8.200756,
            46.732013,
            922.0
          ],
          [
            8.200676,
            46.73197,
            920.0
          ],
          [
            8.200603,
            46.731915,
            919.0
          ],
          [
            8.200414,
            46.731761,
            915.0
          ],
          [
            8.200234,
            46.731607,
            912.0
          ],
          [
            8.200181,
            46.73157,
            911.0
          ],
          [
            8.200146,
            46.731552,
            910.0
          ],
          [
            8.200127,
            46.731552,
            910.0
          ],
          [
            8.200118,
            46.731552,
            910.0
          ],
          [
            8.2001,
            46.731564,
            910.0
          ],
          [
            8.200083,
            46.731607,
            909.0
          ],
          [
            8.200028,
            46.731724,
            907.0
          ],
          [
            8.200001,
            46.731847,
            906.0
          ],
          [
            8.199993,
            46.731872,
            905.0
          ],
          [
            8.199966,
            46.731884,
            905.0
          ],
          [
            8.199947,
            46.731884,
            905.0
          ],
          [
            8.19993,
            46.731878,
            905.0
          ],
          [
            8.199894,
            46.731847,
            904.0
          ],
          [
            8.199831,
            46.731767,
            903.0
          ],
          [
            8.199813,
            46.731724,
            902.0
          ],
          [
            8.199804,
            46.731662,
            901.0
          ],
          [
            8.199795,
            46.731576,
            900.0
          ],
          [
            8.199804,
            46.731539,
            899.0
          ],
          [
            8.199804,
            46.731502,
            899.0
          ],
          [
            8.19984,
            46.731403,
            897.0
          ],
          [
            8.19984,
            46.731379,
            897.0
          ],
          [
            8.199831,
            46.731367,
            896.0
          ],
          [
            8.199813,
            46.731355,
            896.0
          ],
          [
            8.199795,
            46.731355,
            896.0
          ],
          [
            8.199777,
            46.731361,
            896.0
          ],
          [
            8.199741,
            46.731403,
            895.0
          ],
          [
            8.199714,
            46.731428,
            894.0
          ],
          [
            8.199615,
            46.731478,
            893.0
          ],
          [
            8.199552,
            46.731496,
            892.0
          ],
          [
            8.199525,
            46.731502,
            892.0
          ],
          [
            8.199454,
            46.731509,
            891.0
          ],
          [
            8.199408,
            46.731509,
            891.0
          ],
          [
            8.199391,
            46.731496,
            890.0
          ],
          [
            8.199382,
            46.731478,
            890.0
          ],
          [
            8.199391,
            46.731459,
            890.0
          ],
          [
            8.199435,
            46.731422,
            889.0
          ],
          [
            8.199498,
            46.731373,
            888.0
          ],
          [
            8.199534,
            46.731336,
            887.0
          ],
          [
            8.199571,
            46.731293,
            886.0
          ],
          [
            8.199588,
            46.731256,
            886.0
          ],
          [
            8.199597,
            46.731219,
            885.0
          ],
          [
            8.199597,
            46.731096,
            883.0
          ],
          [
            8.199597,
            46.731078,
            883.0
          ],
          [
            8.199588,
            46.731047,
            882.0
          ],
          [
            8.199571,
            46.731028,
            882.0
          ],
          [
            8.199571,
            46.731022,
            882.0
          ],
          [
            8.199544,
            46.731016,
            881.0
          ],
          [
            8.199525,
            46.731016,
            881.0
          ],
          [
            8.199481,
            46.731028,
            881.0
          ],
          [
            8.199454,
            46.731041,
            880.0
          ],
          [
            8.199391,
            46.731133,
            879.0
          ],
          [
            8.199292,
            46.731194,
            877.0
          ],
          [
            8.199238,
            46.731225,
            876.0
          ],
          [
            8.199166,
            46.731256,
            875.0
          ],
          [
            8.199104,
            46.731275,
            875.0
          ],
          [
            8.199058,
            46.731281,
            874.0
          ],
          [
            8.199005,
            46.731293,
            873.0
          ],
          [
            8.198942,
            46.731293,
            873.0
          ],
          [
            8.198879,
            46.731287,
            872.0
          ],
          [
            8.198834,
            46.731281,
            871.0
          ],
          [
            8.198519,
            46.731188,
            868.0
          ],
          [
            8.198385,
            46.731151,
            867.0
          ],
          [
            8.198313,
            46.731127,
            866.0
          ],
          [
            8.198124,
            46.731059,
            865.0
          ],
          [
            8.198062,
            46.731028,
            864.0
          ],
          [
            8.198016,
            46.730997,
            864.0
          ],
          [
            8.197926,
            46.730917,
            862.0
          ],
          [
            8.197909,
            46.730886,
            862.0
          ],
          [
            8.1979,
            46.730844,
            861.0
          ],
          [
            8.197917,
            46.730739,
            860.0
          ],
          [
            8.197917,
            46.730702,
            860.0
          ],
          [
            8.197909,
            46.730671,
            859.0
          ],
          [
            8.197882,
            46.73064,
            858.0
          ],
          [
            8.197854,
            46.730628,
            858.0
          ],
          [
            8.197819,
            46.730616,
            857.0
          ],
          [
            8.197774,
            46.730622,
            857.0
          ],
          [
            8.197747,
            46.730628,
            856.0
          ],
          [
            8.197711,
            46.73064,
            856.0
          ],
          [
            8.197523,
            46.730801,
            852.0
          ],
          [
            8.197477,
            46.730831,
            851.0
          ],
          [
            8.19745,
            46.730844,
            851.0
          ],
          [
            8.197414,
            46.73085,
            850.0
          ],
          [
            8.197397,
            46.730838,
            850.0
          ],
          [
            8.197378,
            46.730819,
            849.0
          ],
          [
            8.19736,
            46.730788,
            849.0
          ],
          [
            8.19737,
            46.730751,
            848.0
          ],
          [
            8.197387,
            46.730708,
            847.0
          ],
          [
            8.197406,
            46.730665,
            846.0
          ],
          [
            8.19745,
            46.730616,
            845.0
          ],
          [
            8.19746,
            46.730597,
            845.0
          ],
          [
            8.197468,
            46.730573,
            844.0
          ],
          [
            8.19746,
            46.73056,
            844.0
          ],
          [
            8.19745,
            46.730554,
            844.0
          ],
          [
            8.197433,
            46.730548,
            844.0
          ],
          [
            8.197397,
            46.730548,
            843.0
          ],
          [
            8.197108,
            46.730604,
            839.0
          ],
          [
            8.196938,
            46.730622,
            837.0
          ],
          [
            8.196695,
            46.730646,
            835.0
          ],
          [
            8.196579,
            46.730646,
            833.0
          ],
          [
            8.196318,
            46.730622,
            830.0
          ],
          [
            8.196292,
            46.73061,
            830.0
          ],
          [
            8.196274,
            46.730597,
            830.0
          ],
          [
            8.196274,
            46.730579,
            829.0
          ],
          [
            8.196282,
            46.730567,
            829.0
          ],
          [
            8.196471,
            46.730418,
            826.0
          ],
          [
            8.196516,
            46.730369,
            825.0
          ],
          [
            8.196605,
            46.730265,
            823.0
          ],
          [
            8.196668,
            46.730203,
            822.0
          ],
          [
            8.196768,
            46.730117,
            821.0
          ],
          [
            8.196902,
            46.730031,
            819.0
          ],
          [
            8.196902,
            46.730025,
            818.0
          ],
          [
            8.196911,
            46.730018,
            818.0
          ],
          [
            8.196911,
            46.730006,
            818.0
          ],
          [
            8.196911,
            46.73,
            818.0
          ],
          [
            8.196894,
            46.729987,
            818.0
          ],
          [
            8.196875,
            46.729981,
            817.0
          ],
          [
            8.196848,
            46.729981,
            817.0
          ],
          [
            8.196588,
            46.729994,
            814.0
          ],
          [
            8.196516,
            46.729987,
            813.0
          ],
          [
            8.196426,
            46.729987,
            812.0
          ],
          [
            8.196336,
            46.729975,
            811.0
          ],
          [
            8.196175,
            46.72995,
            809.0
          ],
          [
            8.196148,
            46.729938,
            809.0
          ],
          [
            8.196129,
            46.729926,
            809.0
          ],
          [
            8.196121,
            46.729914,
            808.0
          ],
          [
            8.196121,
            46.729901,
            808.0
          ],
          [
            8.196129,
            46.729883,
            808.0
          ],
          [
            8.196139,
            46.729877,
            808.0
          ],
          [
            8.196156,
            46.729865,
            808.0
          ],
          [
            8.196166,
            46.729859,
            807.0
          ],
          [
            8.196192,
            46.729852,
            807.0
          ],
          [
            8.196219,
            46.729852,
            807.0
          ],
          [
            8.196355,
            46.729859,
            805.0
          ],
          [
            8.196445,
            46.729859,
            804.0
          ],
          [
            8.196508,
            46.729852,
            804.0
          ],
          [
            8.196561,
            46.729846,
            803.0
          ],
          [
            8.196722,
            46.729828,
            801.0
          ],
          [
            8.196957,
            46.729809,
            798.0
          ],
          [
            8.19701,
            46.729797,
            798.0
          ],
          [
            8.197064,
            46.729778,
            797.0
          ],
          [
            8.1971,
            46.729754,
            796.0
          ],
          [
            8.197154,
            46.729716,
            795.0
          ],
          [
            8.197217,
            46.729667,
            794.0
          ],
          [
            8.197288,
            46.7296,
            793.0
          ],
          [
            8.197324,
            46.729575,
            792.0
          ],
          [
            8.19737,
            46.72955,
            791.0
          ],
          [
            8.197433,
            46.72952,
            790.0
          ],
          [
            8.197496,
            46.729507,
            789.0
          ],
          [
            8.197567,
            46.729501,
            788.0
          ],
          [
            8.197792,
            46.729501,
            786.0
          ],
          [
            8.197827,
            46.729495,
            785.0
          ],
          [
            8.197846,
            46.729489,
            785.0
          ],
          [
            8.197846,
            46.729476,
            785.0
          ],
          [
            8.197846,
            46.72947,
            785.0
          ],
          [
            8.197827,
            46.729464,
            784.0
          ],
          [
            8.1978,
            46.729458,
            784.0
          ],
          [
            8.197711,
            46.729452,
            783.0
          ],
          [
            8.197639,
            46.729439,
            782.0
          ],
          [
            8.19754,
            46.729415,
            781.0
          ],
          [
            8.19746,
            46.72939,
            779.0
          ],
          [
            8.197378,
            46.729384,
            778.0
          ],
          [
            8.197324,
            46.72939,
            777.0
          ],
          [
            8.197253,
            46.729403,
            776.0
          ],
          [
            8.19719,
            46.729421,
            776.0
          ],
          [
            8.197082,
            46.729445,
            774.0
          ],
          [
            8.196974,
            46.729482,
            772.0
          ],
          [
            8.196848,
            46.729513,
            771.0
          ],
          [
            8.19675,
            46.729532,
            769.0
          ],
          [
            8.196642,
            46.72955,
            768.0
          ],
          [
            8.196508,
            46.729563,
            766.0
          ],
          [
            8.196364,
            46.729575,
            764.0
          ],
          [
            8.196292,
            46.729569,
            763.0
          ],
          [
            8.196265,
            46.729569,
            763.0
          ],
          [
            8.196246,
            46.729557,
            763.0
          ],
          [
            8.196255,
            46.729544,
            763.0
          ],
          [
            8.196265,
            46.729538,
            762.0
          ],
          [
            8.196328,
            46.729526,
            762.0
          ],
          [
            8.196435,
            46.729495,
            760.0
          ],
          [
            8.196489,
            46.729476,
            759.0
          ],
          [
            8.196571,
            46.729445,
            758.0
          ],
          [
            8.196642,
            46.729409,
            757.0
          ],
          [
            8.19666,
            46.72939,
            757.0
          ],
          [
            8.196668,
            46.729378,
            756.0
          ],
          [
            8.19666,
            46.729372,
            756.0
          ],
          [
            8.196642,
            46.729366,
            756.0
          ],
          [
            8.196615,
            46.729372,
            756.0
          ],
          [
            8.196579,
            46.729384,
            755.0
          ],
          [
            8.196552,
            46.72939,
            755.0
          ],
          [
            8.196435,
            46.729421,
            753.0
          ],
          [
            8.196292,
            46.729433,
            751.0
          ],
          [
            8.196238,
            46.729439,
            751.0
          ],
          [
            8.196005,
            46.729501,
            748.0
          ],
          [
            8.195798,
            46.729544,
            745.0
          ],
          [
            8.195735,
            46.729557,
            744.0
          ],
          [
            8.195689,
            46.729557,
            744.0
          ],
          [
            8.195474,
            46.729563,
            741.0
          ],
          [
            8.19542,
            46.729563,
            740.0
          ],
          [
            8.195366,
            46.729569,
            740.0
          ],
          [
            8.195313,
            46.729581,
            739.0
          ],
          [
            8.195276,
            46.729588,
            739.0
          ],
          [
            8.195259,
            46.729594,
            739.0
          ],
          [
            8.19524,
            46.729588,
            738.0
          ],
          [
            8.19524,
            46.729575,
            738.0
          ],
          [
            8.19525,
            46.729563,
            738.0
          ],
          [
            8.195276,
            46.72955,
            738.0
          ],
          [
            8.195366,
            46.72952,
            736.0
          ],
          [
            8.19559,
            46.729452,
            734.0
          ],
          [
            8.195762,
            46.729384,
            732.0
          ],
          [
            8.195852,
            46.729329,
            730.0
          ],
          [
            8.196039,
            46.729199,
            727.0
          ],
          [
            8.196184,
            46.729089,
            725.0
          ],
          [
            8.196391,
            46.728978,
            722.0
          ],
          [
            8.196408,
            46.728965,
            721.0
          ],
          [
            8.196418,
            46.728953,
            721.0
          ],
          [
            8.196399,
            46.728934,
            721.0
          ],
          [
            8.196381,
            46.728934,
            721.0
          ],
          [
            8.196345,
            46.728934,
            720.0
          ],
          [
            8.196139,
            46.728996,
            718.0
          ],
          [
            8.195986,
            46.729052,
            716.0
          ],
          [
            8.195816,
            46.729107,
            714.0
          ],
          [
            8.195726,
            46.729126,
            713.0
          ],
          [
            8.195626,
            46.729138,
            712.0
          ],
          [
            8.195339,
            46.729156,
            709.0
          ],
          [
            8.195267,
            46.729156,
            708.0
          ],
          [
            8.195187,
            46.729162,
            707.0
          ],
          [
            8.195079,
            46.729187,
            706.0
          ],
          [
            8.195007,
            46.729205,
            705.0
          ],
          [
            8.194934,
            46.72923,
            704.0
          ],
          [
            8.19489,
            46.729249,
            703.0
          ],
          [
            8.194854,
            46.729273,
            703.0
          ],
          [
            8.194818,
            46.729298,
            702.0
          ],
          [
            8.1948,
            46.729304,
            702.0
          ],
          [
            8.194773,
            46.729304,
            702.0
          ],
          [
            8.194764,
            46.729298,
            702.0
          ],
          [
            8.194764,
            46.729286,
            701.0
          ],
          [
            8.194773,
            46.729267,
            701.0
          ],
          [
            8.194837,
            46.729199,
            700.0
          ],
          [
            8.194908,
            46.729138,
            698.0
          ],
          [
            8.195052,
            46.729008,
            696.0
          ],
          [
            8.195142,
            46.728916,
            694.0
          ],
          [
            8.195232,
            46.728836,
            693.0
          ],
          [
            8.195357,
            46.728719,
            691.0
          ],
          [
            8.195519,
            46.728578,
            688.0
          ],
          [
            8.195537,
            46.728565,
            688.0
          ],
          [
            8.195537,
            46.728541,
            687.0
          ],
          [
            8.195529,
            46.728534,
            687.0
          ],
          [
            8.19551,
            46.728534,
            687.0
          ],
          [
            8.195483,
            46.728541,
            687.0
          ],
          [
            8.195456,
            46.728553,
            686.0
          ],
          [
            8.195294,
            46.728627,
            684.0
          ],
          [
            8.195232,
            46.728645,
            684.0
          ],
          [
            8.195114,
            46.728676,
            682.0
          ],
          [
            8.195007,
            46.7287,
            681.0
          ],
          [
            8.194917,
            46.728719,
            680.0
          ],
          [
            8.194827,
            46.728725,
            679.0
          ],
          [
            8.194756,
            46.728731,
            678.0
          ],
          [
            8.194693,
            46.728744,
            677.0
          ],
          [
            8.194647,
            46.728762,
            676.0
          ],
          [
            8.194584,
            46.728787,
            676.0
          ],
          [
            8.194477,
            46.728855,
            674.0
          ],
          [
            8.194378,
            46.728922,
            672.0
          ],
          [
            8.194324,
            46.728978,
            670.0
          ],
          [
            8.194171,
            46.729132,
            667.0
          ],
          [
            8.194162,
            46.729138,
            667.0
          ],
          [
            8.194145,
            46.729144,
            667.0
          ],
          [
            8.194127,
            46.729144,
            667.0
          ],
          [
            8.194118,
            46.729138,
            667.0
          ],
          [
            8.194108,
            46.729126,
            666.0
          ],
          [
            8.194118,
            46.729101,
            666.0
          ],
          [
            8.194162,
            46.729021,
            665.0
          ],
          [
            8.194234,
            46.728842,
            662.0
          ],
          [
            8.194297,
            46.72875,
            660.0
          ],
          [
            8.194351,
            46.728688,
            659.0
          ],
          [
            8.194405,
            46.728615,
            658.0
          ],
          [
            8.194432,
            46.728584,
            657.0
          ],
          [
            8.194432,
            46.728571,
            657.0
          ],
          [
            8.194423,
            46.728565,
            657.0
          ],
          [
            8.194405,
            46.728559,
            656.0
          ],
          [
            8.194387,
            46.728565,
            656.0
          ],
          [
            8.194324,
            46.72859,
            655.0
          ],
          [
            8.194252,
            46.728627,
            654.0
          ],
          [
            8.194127,
            46.728676,
            653.0
          ],
          [
            8.193947,
            46.728744,
            650.0
          ],
          [
            8.193875,
            46.728774,
            649.0
          ],
          [
            8.193812,
            46.728805,
            648.0
          ],
          [
            8.193749,
            46.728849,
            647.0
          ],
          [
            8.193686,
            46.72891,
            646.0
          ],
          [
            8.193659,
            46.728953,
            645.0
          ],
          [
            8.193642,
            46.728996,
            644.0
          ],
          [
            8.193624,
            46.729046,
            644.0
          ],
          [
            8.193632,
            46.729076,
            643.0
          ],
          [
            8.193651,
            46.729144,
            642.0
          ],
          [
            8.193651,
            46.729156,
            642.0
          ],
          [
            8.193642,
            46.729169,
            641.0
          ],
          [
            8.193624,
            46.729169,
            641.0
          ],
          [
            8.193605,
            46.729162,
            641.0
          ],
          [
            8.193588,
            46.72915,
            641.0
          ],
          [
            8.193489,
            46.728953,
            637.0
          ],
          [
            8.193318,
            46.72859,
            631.0
          ],
          [
            8.193202,
            46.728325,
            629.0
          ],
          [
            8.193049,
            46.728023,
            628.0
          ],
          [
            8.193003,
            46.727789,
            627.0
          ],
          [
            8.192806,
            46.72787,
            626.0
          ],
          [
            8.192689,
            46.727882,
            626.0
          ],
          [
            8.192573,
            46.727901,
            626.0
          ],
          [
            8.192294,
            46.727937,
            625.0
          ],
          [
            8.191701,
            46.728011,
            623.0
          ],
          [
            8.191584,
            46.728029,
            622.0
          ],
          [
            8.191512,
            46.728042,
            621.0
          ],
          [
            8.190856,
            46.728165,
            616.0
          ],
          [
            8.190821,
            46.728171,
            615.0
          ],
          [
            8.19056,
            46.728239,
            614.0
          ],
          [
            8.190533,
            46.728356,
            612.0
          ],
          [
            8.190426,
            46.728411,
            612.0
          ],
          [
            8.190165,
            46.728609,
            609.0
          ],
          [
            8.190156,
            46.728621,
            609.0
          ],
          [
            8.190039,
            46.728688,
            608.0
          ],
          [
            8.189141,
            46.729132,
            601.0
          ],
          [
            8.189007,
            46.729095,
            600.0
          ],
          [
            8.188881,
            46.728978,
            600.0
          ],
          [
            8.188566,
            46.728694,
            600.0
          ],
          [
            8.188539,
            46.72867,
            600.0
          ],
          [
            8.188468,
            46.728602,
            600.0
          ],
          [
            8.188386,
            46.728522,
            600.0
          ],
          [
            8.187892,
            46.728073,
            600.0
          ],
          [
            8.187443,
            46.727666,
            599.0
          ],
          [
            8.187317,
            46.727561,
            599.0
          ],
          [
            8.187219,
            46.727469,
            599.0
          ],
          [
            8.187129,
            46.727383,
            599.0
          ],
          [
            8.18703,
            46.727303,
            599.0
          ],
          [
            8.186895,
            46.727211,
            599.0
          ],
          [
            8.18677,
            46.727143,
            599.0
          ],
          [
            8.186508,
            46.727124,
            594.0
          ],
          [
            8.186284,
            46.727124,
            591.0
          ],
          [
            8.186158,
            46.727118,
            591.0
          ],
          [
            8.186114,
            46.727118,
            591.0
          ],
          [
            8.186068,
            46.727124,
            591.0
          ],
          [
            8.185395,
            46.727253,
            591.0
          ],
          [
            8.184892,
            46.72734,
            591.0
          ],
          [
            8.18481,
            46.727377,
            591.0
          ],
          [
            8.184667,
            46.727408,
            591.0
          ],
          [
            8.184542,
            46.727451,
            591.0
          ],
          [
            8.184363,
            46.727506,
            592.0
          ],
          [
            8.184066,
            46.727561,
            592.0
          ],
          [
            8.184047,
            46.727561,
            592.0
          ]
        ]
      }
    }
  ]
}