{
  "type": "FeatureCollection",
  "features": [
    {
      "type": "Feature",
      "properties": {},
      "geometry": {
        "type": "LineString",
        "coordinates": [
          [
            8.610272,
            46.999491,
            440.0
          ],
          [
            8.610209,
            46.999528,
            440.0
          ],
          [
            8.6101,
            46.999577,
            440.0
          ],
          [
            8.610073,
            46.999546,
            440.0
          ],
          [
            8.609903,
            46.999368,
            440.0
          ],
          [
            8.609786,
            46.99927,
            440.0
          ],
          [
            8.60975,
            46.999215,
            440.0
          ],
          [
            8.609706,
            46.999123,
            440.0
          ],
          [
            8.609687,
            46.999044,
            440.0
          ],
          [
            8.609678,
            46.998983,
            440.0
          ],
          [
            8.609678,
            46.998909,
            440.0
          ],
          [
            8.60966,
            46.998799,
            440.0
          ],
          [
            8.609643,
            46.998756,
            440.0
          ],
          [
            8.609633,
            46.998713,
            440.0
          ],
          [
            8.609597,
            46.99867,
            440.0
          ],
          [
            8.609534,
            46.998615,
            440.0
          ],
          [
            8.609498,
            46.998596,
            440.0
          ],
          [
            8.609463,
            46.99859,
            440.0
          ],
          [
            8.609418,
            46.998596,
            440.0
          ],
          [
            8.609408,
            46.998541,
            440.0
          ],
          [
            8.609354,
            46.99837,
            440.0
          ],
          [
            8.60931,
            46.998272,
            440.0
          ],
          [
            8.609265,
            46.998198,
            440.0
          ],
          [
            8.609247,
            46.998168,
            440.0
          ],
          [
            8.609167,
            46.998051,
            440.0
          ],
          [
            8.609041,
            46.997923,
            440.0
          ],
          [
            8.608932,
            46.997825,
            440.0
          ],
          [
            8.608825,
            46.997733,
            440.0
          ],
          [
            8.608726,
            46.997665,
            440.0
          ],
          [
            8.608538,
            46.997549,
            440.0
          ],
          [
            8.608295,
            46.997408,
            440.0
          ],
          [
            8.608088,
            46.997292,
            440.0
          ],
          [
            8.607909,
            46.997175,
            440.0
          ],
          [
            8.607836,
            46.997133,
            440.0
          ],
          [
            8.607765,
            46.997083,
            440.0
          ],
          [
            8.607657,
            46.996998,
            440.0
          ],
          [
            8.607549,
            46.996912,
            440.0
          ],
          [
            8.607352,
            46.996722,
            440.0
          ],
          [
            8.607253,
            46.996618,
            440.0
          ],
          [
            8.607226,
            46.996575,
            440.0
          ],
          [
            8.607154,
            46.996471,
            440.0
          ],
          [
            8.607028,
            46.996293,
            440.0
          ],
          [
            8.606911,
            46.996127,
            440.0
          ],
          [
            8.606633,
            46.995711,
            440.0
          ],
          [
            8.606597,
            46.995655,
            440.0
          ],
          [
            8.606561,
            46.995606,
            440.0
          ],
          [
            8.606391,
            46.99535,
            440.0
          ],
          [
            8.606148,
            46.994975,
            440.0
          ],
          [
            8.606085,
            46.994884,
            440.0
          ],
          [
            8.606014,
            46.994774,
            440.0
          ],
          [
            8.605968,
            46.994706,
            440.0
          ],
          [
            8.606031,
            46.9947,
            440.0
          ],
          [
            8.606049,
            46.9947,
            440.0
          ],
          [
            8.606067,
            46.994651,
            440.0
          ],
          [
            8.606102,
            46.994553,
            440.0
          ],
          [
            8.606121,
            46.994528,
            440.0
          ],
          [
            8.606139,
            46.994522,
            440.0
          ],
          [
            8.606165,
            46.994498,
            440.0
          ],
          [
            8.60622,
            46.994485,
            440.0
          ],
          [
            8.606291,
            46.994485,
            440.0
          ],
          [
            8.606301,
            46.994473,
            440.0
          ],
          [
            8.606255,
            46.99443,
            441.0
          ],
          [
            8.606417,
            46.99443,
            443.0
          ],
          [
            8.606588,
            46.994405,
            446.0
          ],
          [
            8.606696,
            46.994381,
            448.0
          ],
          [
            8.606894,
            46.994314,
            451.0
          ],
          [
            8.606983,
            46.994277,
            453.0
          ],
          [
            8.607064,
            46.994228,
            454.0
          ],
          [
            8.607154,
            46.994173,
            455.0
          ],
          [
            8.607217,
            46.994075,
            457.0
          ],
          [
            8.607406,
            46.993971,
            460.0
          ],
          [
            8.607523,
            46.993872,
            461.0
          ],
          [
            8.607586,
            46.993928,
            462.0
          ],
          [
            8.607612,
            46.993909,
            462.0
          ],
          [
            8.607683,
            46.993891,
            463.0
          ],
          [
            8.607773,
            46.993891,
            463.0
          ],
          [
            8.607846,
            46.993909,
            464.0
          ],
          [
            8.607873,
            46.993965,
            464.0
          ],
          [
            8.607936,
            46.994136,
            466.0
          ],
          [
            8.608035,
            46.994234,
            467.0
          ],
          [
            8.608152,
            46.994283,
            468.0
          ],
          [
            8.608322,
            46.994308,
            469.0
          ],
          [
            8.608511,
            46.994302,
            470.0
          ],
          [
            8.608636,
            46.994295,
            471.0
          ],
          [
            8.608752,
            46.99432,
            472.0
          ],
          [
            8.608915,
            46.994412,
            474.0
          ],
          [
            8.608987,
            46.99443,
            474.0
          ],
          [
            8.609463,
            46.994461,
            479.0
          ],
          [
            8.609507,
            46.994461,
            479.0
          ],
          [
            8.609544,
            46.994442,
            479.0
          ],
          [
            8.609561,
            46.99432,
            481.0
          ],
          [
            8.609597,
            46.994234,
            482.0
          ],
          [
            8.60966,
            46.994155,
            483.0
          ],
          [
            8.609723,
            46.9941,
            484.0
          ],
          [
            8.609714,
            46.994032,
            484.0
          ],
          [
            8.609643,
            46.994014,
            485.0
          ],
          [
            8.609507,
            46.994026,
            486.0
          ],
          [
            8.609373,
            46.994001,
            487.0
          ],
          [
            8.60931,
            46.993934,
            488.0
          ],
          [
            8.609318,
            46.993823,
            489.0
          ],
          [
            8.609418,
            46.993756,
            490.0
          ],
          [
            8.609526,
            46.993744,
            491.0
          ],
          [
            8.609651,
            46.99375,
            492.0
          ],
          [
            8.609733,
            46.993799,
            493.0
          ],
          [
            8.60992,
            46.993891,
            494.0
          ],
          [
            8.610037,
            46.994069,
            496.0
          ],
          [
            8.610154,
            46.994149,
            497.0
          ],
          [
            8.610289,
            46.994167,
            498.0
          ],
          [
            8.610442,
            46.99413,
            499.0
          ],
          [
            8.610559,
            46.994044,
            500.0
          ],
          [
            8.610612,
            46.993922,
            501.0
          ],
          [
            8.610639,
            46.993707,
            503.0
          ],
          [
            8.610712,
            46.993652,
            504.0
          ],
          [
            8.610838,
            46.993658,
            505.0
          ],
          [
            8.610954,
            46.993756,
            507.0
          ],
          [
            8.610962,
            46.993768,
            507.0
          ],
          [
            8.610989,
            46.993885,
            508.0
          ],
          [
            8.611044,
            46.993983,
            509.0
          ],
          [
            8.611251,
            46.994038,
            511.0
          ],
          [
            8.611538,
            46.994001,
            512.0
          ],
          [
            8.611637,
            46.993934,
            513.0
          ],
          [
            8.611628,
            46.99386,
            514.0
          ],
          [
            8.611628,
            46.993842,
            514.0
          ],
          [
            8.611475,
            46.993628,
            511.0
          ],
          [
            8.611412,
            46.993493,
            510.0
          ],
          [
            8.611286,
            46.993321,
            510.0
          ],
          [
            8.611224,
            46.993192,
            512.0
          ],
          [
            8.611251,
            46.993076,
            514.0
          ],
          [
            8.611376,
            46.992886,
            518.0
          ],
          [
            8.611547,
            46.992464,
            524.0
          ],
          [
            8.611565,
            46.992353,
            525.0
          ],
          [
            8.611492,
            46.992175,
            527.0
          ],
          [
            8.611582,
            46.991955,
            530.0
          ],
          [
            8.611322,
            46.990742,
            547.0
          ],
          [
            8.611331,
            46.990699,
            547.0
          ],
          [
            8.611376,
            46.990656,
            548.0
          ],
          [
            8.611431,
            46.990656,
            549.0
          ],
          [
            8.611484,
            46.990693,
            550.0
          ],
          [
            8.611574,
            46.990791,
            553.0
          ],
          [
            8.6117,
            46.990944,
            557.0
          ],
          [
            8.611781,
            46.991017,
            560.0
          ],
          [
            8.611897,
            46.991042,
            562.0
          ],
          [
            8.612364,
            46.991146,
            571.0
          ],
          [
            8.61284,
            46.991409,
            582.0
          ],
          [
            8.613299,
            46.991636,
            590.0
          ],
          [
            8.613712,
            46.991863,
            597.0
          ],
          [
            8.613739,
            46.991532,
            603.0
          ],
          [
            8.613865,
            46.991171,
            610.0
          ],
          [
            8.613756,
            46.991054,
            612.0
          ],
          [
            8.613729,
            46.990864,
            616.0
          ],
          [
            8.613819,
            46.99057,
            622.0
          ],
          [
            8.613874,
            46.990386,
            625.0
          ],
          [
            8.613928,
            46.990227,
            628.0
          ],
          [
            8.613954,
            46.990056,
            632.0
          ],
          [
            8.613964,
            46.989853,
            636.0
          ],
          [
            8.613999,
            46.98973,
            639.0
          ],
          [
            8.614161,
            46.989553,
            640.0
          ],
          [
            8.61417,
            46.989424,
            640.0
          ],
          [
            8.614188,
            46.989302,
            640.0
          ],
          [
            8.614268,
            46.988842,
            643.0
          ],
          [
            8.614377,
            46.988719,
            646.0
          ],
          [
            8.614574,
            46.988621,
            650.0
          ],
          [
            8.614744,
            46.988584,
            654.0
          ],
          [
            8.614916,
            46.988621,
            659.0
          ],
          [
            8.61497,
            46.989063,
            658.0
          ],
          [
            8.615293,
            46.988891,
            662.0
          ],
          [
            8.615473,
            46.988726,
            667.0
          ],
          [
            8.615562,
            46.988683,
            668.0
          ],
          [
            8.615813,
            46.988615,
            670.0
          ],
          [
            8.615849,
            46.988499,
            674.0
          ],
          [
            8.615849,
            46.988432,
            676.0
          ],
          [
            8.615715,
            46.988107,
            685.0
          ],
          [
            8.615706,
            46.988033,
            687.0
          ],
          [
            8.615689,
            46.987935,
            689.0
          ],
          [
            8.615715,
            46.987684,
            699.0
          ],
          [
            8.615723,
            46.987561,
            701.0
          ],
          [
            8.615616,
            46.986942,
            705.0
          ],
          [
            8.615589,
            46.986728,
            706.0
          ],
          [
            8.615607,
            46.986649,
            707.0
          ],
          [
            8.61558,
            46.98644,
            704.0
          ],
          [
            8.615589,
            46.986342,
            702.0
          ],
          [
            8.615599,
            46.98628,
            702.0
          ],
          [
            8.61558,
            46.986225,
            701.0
          ],
          [
            8.615572,
            46.986195,
            700.0
          ],
          [
            8.615562,
            46.98614,
            700.0
          ],
          [
            8.61558,
            46.986054,
            699.0
          ],
          [
            8.615616,
            46.985913,
            698.0
          ],
          [
            8.615689,
            46.98568,
            695.0
          ],
          [
            8.615733,
            46.985637,
            695.0
          ],
          [
            8.615786,
            46.9856,
            694.0
          ],
          [
            8.615895,
            46.985558,
            694.0
          ],
          [
            8.615993,
            46.985521,
            693.0
          ],
          [
            8.616092,
            46.985484,
            692.0
          ],
          [
            8.616165,
            46.985435,
            691.0
          ],
          [
            8.616191,
            46.98538,
            691.0
          ],
          [
            8.616199,
            46.985306,
            690.0
          ],
          [
            8.616236,
            46.985251,
            690.0
          ],
          [
            8.616335,
            46.984927,
            686.0
          ],
          [
            8.616434,
            46.984773,
            684.0
          ],
          [
            8.616586,
            46.984589,
            682.0
          ],
          [
            8.616712,
            46.984491,
            681.0
          ],
          [
            8.616847,
            46.984393,
            679.0
          ],
          [
            8.616918,
            46.98435,
            678.0
          ],
          [
            8.616964,
            46.984314,
            678.0
          ],
          [
            8.617071,
            46.984234,
            676.0
          ],
          [
            8.617117,
            46.984209,
            675.0
          ],
          [
            8.617152,
            46.984166,
            674.0
          ],
          [
            8.617188,
            46.984136,
            673.0
          ],
          [
            8.617224,
            46.98408,
            672.0
          ],
          [
            8.617251,
            46.984037,
            672.0
          ],
          [
            8.617287,
            46.983964,
            670.0
          ],
          [
            8.617314,
            46.983903,
            669.0
          ],
          [
            8.617323,
            46.983823,
            668.0
          ],
          [
            8.617377,
            46.983461,
            661.0
          ],
          [
            8.617413,
            46.983204,
            659.0
          ],
          [
            8.617448,
            46.983057,
            658.0
          ],
          [
            8.617448,
            46.983033,
            657.0
          ],
          [
            8.617457,
            46.982947,
            657.0
          ],
          [
            8.617494,
            46.982622,
            655.0
          ],
          [
            8.617511,
            46.982456,
            653.0
          ],
          [
            8.617494,
            46.98242,
            653.0
          ],
          [
            8.617538,
            46.982364,
            653.0
          ],
          [
            8.617584,
            46.982315,
            653.0
          ],
          [
            8.617683,
            46.98223,
            652.0
          ],
          [
            8.617736,
            46.98215,
            652.0
          ],
          [
            8.617781,
            46.982083,
            651.0
          ],
          [
            8.617807,
            46.982028,
            651.0
          ],
          [
            8.617853,
            46.981966,
            651.0
          ],
          [
            8.617889,
            46.981936,
            651.0
          ],
          [
            8.617943,
            46.981905,
            650.0
          ],
          [
            8.618132,
            46.981837,
            649.0
          ],
          [
            8.61823,
            46.981801,
            649.0
          ],
          [
            8.618347,
            46.981758,
            648.0
          ],
          [
            8.618392,
            46.981733,
            647.0
          ],
          [
            8.618463,
            46.981666,
            646.0
          ],
          [
            8.618536,
            46.981666,
            646.0
          ],
          [
            8.618572,
            46.981654,
            646.0
          ],
          [
            8.618626,
            46.981629,
            646.0
          ],
          [
            8.618815,
            46.98147,
            646.0
          ],
          [
            8.618931,
            46.981396,
            647.0
          ],
          [
            8.619002,
            46.981372,
            647.0
          ],
          [
            8.619182,
            46.981292,
            647.0
          ],
          [
            8.619407,
            46.981212,
            647.0
          ],
          [
            8.619425,
            46.981206,
            647.0
          ],
          [
            8.619757,
            46.981078,
            648.0
          ],
          [
            8.619802,
            46.981053,
            648.0
          ],
          [
            8.619964,
            46.980943,
            648.0
          ],
          [
            8.620036,
            46.980875,
            648.0
          ],
          [
            8.620081,
            46.980789,
            649.0
          ],
          [
            8.62009,
            46.980716,
            649.0
          ],
          [
            8.61991,
            46.98052,
            649.0
          ],
          [
            8.619551,
            46.980152,
            650.0
          ],
          [
            8.619497,
            46.980072,
            651.0
          ],
          [
            8.619478,
            46.979999,
            651.0
          ],
          [
            8.61947,
            46.979901,
            652.0
          ],
          [
            8.619434,
            46.979619,
            655.0
          ],
          [
            8.619461,
            46.979539,
            656.0
          ],
          [
            8.619452,
            46.979472,
            657.0
          ],
          [
            8.619415,
            46.979392,
            658.0
          ],
          [
            8.619335,
            46.979337,
            659.0
          ],
          [
            8.619281,
            46.9793,
            659.0
          ],
          [
            8.619146,
            46.979208,
            661.0
          ],
          [
            8.618905,
            46.979092,
            663.0
          ],
          [
            8.618788,
            46.979018,
            664.0
          ],
          [
            8.618742,
            46.978939,
            665.0
          ],
          [
            8.618715,
            46.978896,
            666.0
          ],
          [
            8.618293,
            46.978265,
            675.0
          ],
          [
            8.618159,
            46.978068,
            678.0
          ],
          [
            8.618132,
            46.977982,
            680.0
          ],
          [
            8.617834,
            46.977002,
            687.0
          ],
          [
            8.617807,
            46.976855,
            688.0
          ],
          [
            8.617817,
            46.975942,
            690.0
          ],
          [
            8.617862,
            46.975837,
            690.0
          ],
          [
            8.617907,
            46.975556,
            690.0
          ],
          [
            8.617924,
            46.975378,
            690.0
          ],
          [
            8.618069,
            46.975059,
            690.0
          ],
          [
            8.618149,
            46.974906,
            690.0
          ],
          [
            8.61823,
            46.974857,
            690.0
          ],
          [
            8.618356,
            46.974734,
            690.0
          ],
          [
            8.618662,
            46.974409,
            693.0
          ],
          [
            8.618715,
            46.974323,
            694.0
          ],
          [
            8.618715,
            46.974219,
            695.0
          ],
          [
            8.618689,
            46.974127,
            696.0
          ],
          [
            8.618652,
            46.974047,
            697.0
          ],
          [
            8.618526,
            46.973913,
            698.0
          ],
          [
            8.618293,
            46.973692,
            702.0
          ],
          [
            8.61806,
            46.973465,
            706.0
          ],
          [
            8.617817,
            46.973294,
            710.0
          ],
          [
            8.617727,
            46.973183,
            711.0
          ],
          [
            8.617647,
            46.973005,
            714.0
          ],
          [
            8.61761,
            46.97284,
            717.0
          ],
          [
            8.61761,
            46.972466,
            722.0
          ],
          [
            8.617593,
            46.971811,
            730.0
          ],
          [
            8.61762,
            46.971657,
            732.0
          ],
          [
            8.617664,
            46.971442,
            735.0
          ],
          [
            8.617647,
            46.971283,
            737.0
          ],
          [
            8.617538,
            46.971118,
            739.0
          ],
          [
            8.617358,
            46.970952,
            742.0
          ],
          [
            8.617251,
            46.970811,
            744.0
          ],
          [
            8.61717,
            46.970652,
            746.0
          ],
          [
            8.617125,
            46.970511,
            748.0
          ],
          [
            8.617027,
            46.970241,
            752.0
          ],
          [
            8.616972,
            46.970051,
            755.0
          ],
          [
            8.616972,
            46.969928,
            757.0
          ],
          [
            8.617008,
            46.969806,
            758.0
          ],
          [
            8.617071,
            46.96972,
            760.0
          ],
          [
            8.617188,
            46.96964,
            761.0
          ],
          [
            8.617358,
            46.969597,
            763.0
          ],
          [
            8.617476,
            46.969597,
            764.0
          ],
          [
            8.617547,
            46.96961,
            765.0
          ],
          [
            8.617746,
            46.969665,
            767.0
          ],
          [
            8.617853,
            46.969653,
            768.0
          ],
          [
            8.61797,
            46.969634,
            769.0
          ],
          [
            8.618123,
            46.969579,
            771.0
          ],
          [
            8.618176,
            46.969518,
            772.0
          ],
          [
            8.618212,
            46.969432,
            773.0
          ],
          [
            8.618212,
            46.969327,
            775.0
          ],
          [
            8.618167,
            46.969113,
            778.0
          ],
          [
            8.618186,
            46.968904,
            781.0
          ],
          [
            8.618149,
            46.968543,
            787.0
          ],
          [
            8.61806,
            46.968347,
            791.0
          ],
          [
            8.617871,
            46.968163,
            795.0
          ],
          [
            8.617746,
            46.968059,
            797.0
          ],
          [
            8.617683,
            46.967973,
            799.0
          ],
          [
            8.617593,
            46.967856,
            801.0
          ],
          [
            8.617331,
            46.96777,
            804.0
          ],
          [
            8.617188,
            46.967654,
            806.0
          ],
          [
            8.617125,
            46.967562,
            808.0
          ],
          [
            8.617098,
            46.967427,
            810.0
          ],
          [
            8.617107,
            46.96736,
            811.0
          ],
          [
            8.617107,
            46.967262,
            812.0
          ],
          [
            8.617018,
            46.966949,
            818.0
          ],
          [
            8.616972,
            46.966845,
            820.0
          ],
          [
            8.616901,
            46.966753,
            820.0
          ],
          [
            8.616775,
            46.966661,
            820.0
          ],
          [
            8.616694,
            46.966576,
            820.0
          ],
          [
            8.616631,
            46.966453,
            820.0
          ],
          [
            8.616605,
            46.966348,
            820.0
          ],
          [
            8.616595,
            46.966232,
            820.0
          ],
          [
            8.616685,
            46.965796,
            820.0
          ],
          [
            8.616721,
            46.965735,
            820.0
          ],
          [
            8.616811,
            46.965619,
            820.0
          ],
          [
            8.616955,
            46.965472,
            819.0
          ],
          [
            8.617054,
            46.965306,
            818.0
          ],
          [
            8.617107,
            46.965245,
            818.0
          ],
          [
            8.61726,
            46.965153,
            817.0
          ],
          [
            8.617781,
            46.964975,
            815.0
          ],
          [
            8.617934,
            46.964902,
            814.0
          ],
          [
            8.618077,
            46.964797,
            814.0
          ],
          [
            8.618266,
            46.96473,
            813.0
          ],
          [
            8.618545,
            46.964693,
            812.0
          ],
          [
            8.618752,
            46.964638,
            811.0
          ],
          [
            8.619075,
            46.964528,
            810.0
          ],
          [
            8.619174,
            46.964473,
            809.0
          ],
          [
            8.619209,
            46.964405,
            809.0
          ],
          [
            8.619191,
            46.964215,
            807.0
          ],
          [
            8.619255,
            46.964123,
            807.0
          ],
          [
            8.619362,
            46.963921,
            805.0
          ],
          [
            8.619407,
            46.963761,
            804.0
          ],
          [
            8.61947,
            46.963523,
            803.0
          ],
          [
            8.619461,
            46.963191,
            801.0
          ],
          [
            8.619335,
            46.962731,
            799.0
          ],
          [
            8.619318,
            46.962511,
            798.0
          ],
          [
            8.619326,
            46.962413,
            797.0
          ],
          [
            8.619362,
            46.962314,
            797.0
          ],
          [
            8.619425,
            46.962204,
            797.0
          ],
          [
            8.620081,
            46.961769,
            794.0
          ],
          [
            8.620413,
            46.961542,
            793.0
          ],
          [
            8.620647,
            46.961358,
            792.0
          ],
          [
            8.620809,
            46.961217,
            791.0
          ],
          [
            8.620899,
            46.961119,
            791.0
          ],
          [
            8.621176,
            46.960984,
            790.0
          ],
          [
            8.621465,
            46.960757,
            786.0
          ],
          [
            8.621742,
            46.960328,
            778.0
          ],
          [
            8.621905,
            46.960113,
            772.0
          ],
          [
            8.622048,
            46.959813,
            769.0
          ],
          [
            8.622255,
            46.95947,
            767.0
          ],
          [
            8.622452,
            46.959237,
            765.0
          ],
          [
            8.622847,
            46.958881,
            763.0
          ],
          [
            8.623197,
            46.958678,
            762.0
          ],
          [
            8.623323,
            46.958636,
            761.0
          ],
          [
            8.623476,
            46.95866,
            761.0
          ],
          [
            8.623647,
            46.958642,
            759.0
          ],
          [
            8.624159,
            46.958728,
            750.0
          ],
          [
            8.624474,
            46.958783,
            748.0
          ],
          [
            8.624599,
            46.958832,
            748.0
          ],
          [
            8.624805,
            46.958887,
            747.0
          ],
          [
            8.625048,
            46.959035,
            745.0
          ],
          [
            8.625138,
            46.959041,
            745.0
          ],
          [
            8.625201,
            46.958887,
            743.0
          ],
          [
            8.625318,
            46.958666,
            742.0
          ],
          [
            8.625543,
            46.958526,
            740.0
          ],
          [
            8.625534,
            46.958428,
            738.0
          ],
          [
            8.625273,
            46.958011,
            727.0
          ],
          [
            8.625255,
            46.957876,
            725.0
          ],
          [
            8.62548,
            46.957385,
            719.0
          ],
          [
            8.625578,
            46.957318,
            717.0
          ],
          [
            8.625857,
            46.957287,
            715.0
          ],
          [
            8.62618,
            46.956999,
            710.0
          ],
          [
            8.62627,
            46.956876,
            708.0
          ],
          [
            8.626629,
            46.956515,
            705.0
          ],
          [
            8.626828,
            46.956416,
            703.0
          ],
          [
            8.626952,
            46.956275,
            702.0
          ],
          [
            8.626998,
            46.956201,
            701.0
          ],
          [
            8.626998,
            46.956165,
            701.0
          ],
          [
            8.626998,
            46.956091,
            700.0
          ],
          [
            8.627016,
            46.95603,
            700.0
          ],
          [
            8.627151,
            46.955809,
            696.0
          ],
          [
            8.627222,
            46.955386,
            691.0
          ],
          [
            8.627231,
            46.955214,
            688.0
          ],
          [
            8.627195,
            46.95511,
            687.0
          ],
          [
            8.627079,
            46.95489,
            684.0
          ],
          [
            8.626863,
            46.954644,
            681.0
          ],
          [
            8.626612,
            46.95443,
            677.0
          ],
          [
            8.626503,
            46.954307,
            675.0
          ],
          [
            8.626503,
            46.954258,
            674.0
          ],
          [
            8.626602,
            46.95416,
            672.0
          ],
          [
            8.62662,
            46.954099,
            671.0
          ],
          [
            8.626602,
            46.954038,
            670.0
          ],
          [
            8.626522,
            46.953951,
            669.0
          ],
          [
            8.626486,
            46.95389,
            668.0
          ],
          [
            8.626432,
            46.9537,
            666.0
          ],
          [
            8.62636,
            46.953614,
            665.0
          ],
          [
            8.626163,
            46.953486,
            664.0
          ],
          [
            8.626109,
            46.953424,
            663.0
          ],
          [
            8.62609,
            46.953369,
            662.0
          ],
          [
            8.626117,
            46.953313,
            662.0
          ],
          [
            8.626163,
            46.953258,
            661.0
          ],
          [
            8.626306,
            46.953179,
            660.0
          ],
          [
            8.626333,
            46.95316,
            660.0
          ],
          [
            8.62636,
            46.95313,
            659.0
          ],
          [
            8.626369,
            46.953099,
            659.0
          ],
          [
            8.626369,
            46.953056,
            659.0
          ],
          [
            8.626279,
            46.953105,
            658.0
          ],
          [
            8.626189,
            46.953148,
            657.0
          ],
          [
            8.626109,
            46.953179,
            656.0
          ],
          [
            8.626054,
            46.953203,
            655.0
          ],
          [
            8.626019,
            46.953221,
            655.0
          ],
          [
            8.625983,
            46.95324,
            655.0
          ],
          [
            8.625956,
            46.953264,
            654.0
          ],
          [
            8.625929,
            46.953295,
            654.0
          ],
          [
            8.62591,
            46.95332,
            653.0
          ],
          [
            8.625902,
            46.953344,
            653.0
          ],
          [
            8.625884,
            46.953332,
            653.0
          ],
          [
            8.625874,
            46.95332,
            652.0
          ],
          [
            8.625866,
            46.953301,
            652.0
          ],
          [
            8.625857,
            46.953264,
            651.0
          ],
          [
            8.625857,
            46.95324,
            650.0
          ],
          [
            8.625857,
            46.953215,
            650.0
          ],
          [
            8.625874,
            46.953191,
            649.0
          ],
          [
            8.625893,
            46.953166,
            648.0
          ],
          [
            8.62591,
            46.953142,
            648.0
          ],
          [
            8.626,
            46.953081,
            646.0
          ],
          [
            8.626027,
            46.95305,
            645.0
          ],
          [
            8.626046,
            46.953032,
            645.0
          ],
          [
            8.626063,
            46.953007,
            644.0
          ],
          [
            8.626073,
            46.952983,
            644.0
          ],
          [
            8.626073,
            46.952946,
            643.0
          ],
          [
            8.626073,
            46.952915,
            642.0
          ],
          [
            8.626063,
            46.952884,
            642.0
          ],
          [
            8.626054,
            46.952847,
            641.0
          ],
          [
            8.626027,
            46.952811,
            640.0
          ],
          [
            8.626,
            46.952768,
            639.0
          ],
          [
            8.625964,
            46.952731,
            637.0
          ],
          [
            8.625731,
            46.952517,
            630.0
          ],
          [
            8.625713,
            46.952492,
            629.0
          ],
          [
            8.625696,
            46.952461,
            628.0
          ],
          [
            8.625696,
            46.952431,
            628.0
          ],
          [
            8.625704,
            46.9524,
            627.0
          ],
          [
            8.625767,
            46.952277,
            624.0
          ],
          [
            8.625786,
            46.952259,
            624.0
          ],
          [
            8.625786,
            46.952234,
            623.0
          ],
          [
            8.625767,
            46.952222,
            623.0
          ],
          [
            8.625776,
            46.952198,
            623.0
          ],
          [
            8.625749,
            46.952173,
            622.0
          ],
          [
            8.625453,
            46.951989,
            611.0
          ],
          [
            8.625237,
            46.951879,
            605.0
          ],
          [
            8.625184,
            46.95186,
            604.0
          ],
          [
            8.625138,
            46.95186,
            603.0
          ],
          [
            8.624977,
            46.951829,
            600.0
          ],
          [
            8.624842,
            46.951829,
            598.0
          ],
          [
            8.624815,
            46.951848,
            597.0
          ],
          [
            8.624689,
            46.952008,
            593.0
          ],
          [
            8.624536,
            46.952167,
            587.0
          ],
          [
            8.624132,
            46.952253,
            570.0
          ],
          [
            8.624015,
            46.952449,
            570.0
          ],
          [
            8.62397,
            46.95259,
            570.0
          ],
          [
            8.623952,
            46.952676,
            570.0
          ],
          [
            8.62397,
            46.953221,
            558.0
          ],
          [
            8.623692,
            46.952909,
            550.0
          ],
          [
            8.623396,
            46.952786,
            547.0
          ],
          [
            8.623333,
            46.952547,
            543.0
          ],
          [
            8.623413,
            46.952289,
            540.0
          ],
          [
            8.623593,
            46.951811,
            540.0
          ],
          [
            8.62379,
            46.951314,
            531.0
          ],
          [
            8.623979,
            46.951186,
            526.0
          ],
          [
            8.624069,
            46.951149,
            524.0
          ],
          [
            8.624618,
            46.950812,
            511.0
          ],
          [
            8.624922,
            46.950622,
            505.0
          ],
          [
            8.624941,
            46.950579,
            504.0
          ],
          [
            8.624914,
            46.950487,
            502.0
          ],
          [
            8.624887,
            46.950462,
            501.0
          ],
          [
            8.624752,
            46.950444,
            499.0
          ],
          [
            8.624698,
            46.95045,
            498.0
          ],
          [
            8.624644,
            46.950493,
            496.0
          ],
          [
            8.624518,
            46.950474,
            494.0
          ],
          [
            8.624518,
            46.950462,
            493.0
          ],
          [
            8.624564,
            46.950407,
            491.0
          ],
          [
            8.624599,
            46.950321,
            489.0
          ],
          [
            8.624689,
            46.950229,
            487.0
          ],
          [
            8.624707,
            46.950187,
            486.0
          ],
          [
            8.624725,
            46.950168,
            485.0
          ],
          [
            8.624832,
            46.950137,
            483.0
          ],
          [
            8.624968,
            46.95007,
            481.0
          ],
          [
            8.624994,
            46.950039,
            480.0
          ],
          [
            8.624994,
            46.950002,
            479.0
          ],
          [
            8.624985,
            46.949972,
            478.0
          ],
          [
            8.624905,
            46.949978,
            477.0
          ],
          [
            8.624895,
            46.949965,
            477.0
          ],
          [
            8.62486,
            46.949953,
            477.0
          ],
          [
            8.624868,
            46.949898,
            476.0
          ],
          [
            8.62486,
            46.949671,
            474.0
          ],
          [
            8.624195,
            46.949702,
            471.0
          ],
          [
            8.623853,
            46.949757,
            469.0
          ],
          [
            8.623692,
            46.949788,
            467.0
          ],
          [
            8.623522,
            46.949818,
            466.0
          ],
          [
            8.62335,
            46.949837,
            464.0
          ],
          [
            8.623171,
            46.949837,
            462.0
          ],
          [
            8.623,
            46.949837,
            461.0
          ],
          [
            8.622794,
            46.949837,
            459.0
          ],
          [
            8.622694,
            46.949831,
            458.0
          ],
          [
            8.622641,
            46.949824,
            458.0
          ],
          [
            8.622597,
            46.949806,
            458.0
          ],
          [
            8.622551,
            46.949782,
            457.0
          ],
          [
            8.622515,
            46.949739,
            457.0
          ],
          [
            8.622318,
            46.949438,
            454.0
          ],
          [
            8.622237,
            46.949316,
            452.0
          ],
          [
            8.62212,
            46.949242,
            451.0
          ],
          [
            8.621931,
            46.949126,
            450.0
          ],
          [
            8.621796,
            46.949076,
            449.0
          ],
          [
            8.621635,
            46.949009,
            448.0
          ],
          [
            8.621581,
            46.94899,
            448.0
          ],
          [
            8.62132,
            46.948874,
            447.0
          ],
          [
            8.62106,
            46.948758,
            445.0
          ],
          [
            8.621042,
            46.948709,
            445.0
          ],
          [
            8.620997,
            46.948647,
            445.0
          ],
          [
            8.620943,
            46.948598,
            444.0
          ],
          [
            8.620899,
            46.948561,
            444.0
          ],
          [
            8.620844,
            46.948537,
            444.0
          ],
          [
            8.62079,
            46.948518,
            443.0
          ],
          [
            8.62071,
            46.9485,
            443.0
          ],
          [
            8.62061,
            46.948494,
            443.0
          ],
          [
            8.620557,
            46.948487,
            442.0
          ],
          [
            8.620547,
            46.948444,
            442.0
          ],
          [
            8.620602,
            46.948255,
            441.0
          ],
          [
            8.620647,
            46.948101,
            440.0
          ],
          [
            8.620727,
            46.947862,
            440.0
          ],
          [
            8.620754,
            46.947801,
            440.0
          ],
          [
            8.62079,
            46.94774,
            440.0
          ],
          [
            8.620943,
            46.947586,
            440.0
          ],
          [
            8.620952,
            46.947568,
            440.0
          ],
          [
            8.620943,
            46.947549,
            440.0
          ],
          [
            8.620907,
            46.947506,
            440.0
          ],
          [
            8.620899,
            46.947476,
            440.0
          ],
          [
            8.620899,
            46.947445,
            440.0
          ],
          [
            8.620916,
            46.947415,
            441.0
          ],
          [
            8.620952,
            46.947384,
            441.0
          ],
          [
            8.621069,
            46.947292,
            443.0
          ],
          [
            8.621078,
            46.947237,
            444.0
          ],
          [
            8.620926,
            46.946851,
            452.0
          ],
          [
            8.6207,
            46.946654,
            462.0
          ],
          [
            8.620763,
            46.946617,
            465.0
          ],
          [
            8.62071,
            46.946543,
            465.0
          ],
          [
            8.620637,
            46.94644,
            466.0
          ],
          [
            8.620574,
            46.946317,
            468.0
          ],
          [
            8.620547,
            46.94628,
            468.0
          ],
          [
            8.62053,
            46.946249,
            468.0
          ],
          [
            8.620413,
            46.946145,
            470.0
          ],
          [
            8.620377,
            46.946102,
            479.0
          ],
          [
            8.62035,
            46.946041,
            478.0
          ],
          [
            8.620341,
            46.945992,
            477.0
          ],
          [
            8.620341,
            46.9459,
            476.0
          ],
          [
            8.620368,
            46.94582,
            474.0
          ],
          [
            8.620404,
            46.945753,
            473.0
          ],
          [
            8.620476,
            46.945673,
            471.0
          ],
          [
            8.620486,
            46.945611,
            470.0
          ],
          [
            8.620719,
            46.945422,
            466.0
          ],
          [
            8.620637,
            46.944845,
            468.0
          ],
          [
            8.62062,
            46.94479,
            468.0
          ],
          [
            8.62053,
            46.94463,
            469.0
          ],
          [
            8.620188,
            46.944563,
            470.0
          ],
          [
            8.620171,
            46.944545,
            470.0
          ],
          [
            8.620018,
            46.944514,
            470.0
          ],
          [
            8.619964,
            46.94452,
            470.0
          ],
          [
            8.619505,
            46.944342,
            470.0
          ],
          [
            8.619497,
            46.944287,
            470.0
          ],
          [
            8.619767,
            46.944079,
            470.0
          ],
          [
            8.619937,
            46.943919,
            471.0
          ],
          [
            8.619991,
            46.943888,
            471.0
          ],
          [
            8.620036,
            46.943851,
            471.0
          ],
          [
            8.620234,
            46.943759,
            472.0
          ],
          [
            8.620243,
            46.943747,
            472.0
          ],
          [
            8.620243,
            46.943735,
            472.0
          ],
          [
            8.620251,
            46.943686,
            472.0
          ],
          [
            8.62026,
            46.943643,
            472.0
          ],
          [
            8.620306,
            46.943606,
            472.0
          ],
          [
            8.620368,
            46.943588,
            472.0
          ],
          [
            8.620377,
            46.94357,
            472.0
          ],
          [
            8.620377,
            46.943551,
            473.0
          ],
          [
            8.620306,
            46.943397,
            473.0
          ],
          [
            8.620098,
            46.943134,
            474.0
          ],
          [
            8.619874,
            46.943024,
            475.0
          ],
          [
            8.619784,
            46.942974,
            475.0
          ],
          [
            8.619704,
            46.942919,
            475.0
          ],
          [
            8.61965,
            46.942864,
            476.0
          ],
          [
            8.619605,
            46.942808,
            476.0
          ],
          [
            8.619488,
            46.942613,
            477.0
          ],
          [
            8.619452,
            46.942613,
            476.0
          ],
          [
            8.619425,
            46.942564,
            474.0
          ],
          [
            8.619354,
            46.942508,
            471.0
          ],
          [
            8.619236,
            46.94241,
            468.0
          ],
          [
            8.619209,
            46.942398,
            467.0
          ],
          [
            8.619228,
            46.942435,
            467.0
          ],
          [
            8.619255,
            46.942502,
            465.0
          ],
          [
            8.619281,
            46.942539,
            464.0
          ],
          [
            8.619255,
            46.942533,
            464.0
          ],
          [
            8.619191,
            46.94249,
            463.0
          ],
          [
            8.619138,
            46.942447,
            461.0
          ],
          [
            8.619075,
            46.94241,
            460.0
          ],
          [
            8.619084,
            46.942447,
            459.0
          ],
          [
            8.619119,
            46.942533,
            457.0
          ],
          [
            8.619146,
            46.942582,
            456.0
          ],
          [
            8.619119,
            46.942576,
            455.0
          ],
          [
            8.619002,
            46.942514,
            453.0
          ],
          [
            8.618994,
            46.942508,
            453.0
          ],
          [
            8.618985,
            46.942465,
            452.0
          ],
          [
            8.618958,
            46.942459,
            451.0
          ],
          [
            8.618966,
            46.942502,
            450.0
          ],
          [
            8.618949,
            46.942539,
            449.0
          ],
          [
            8.618966,
            46.942576,
            449.0
          ],
          [
            8.619002,
            46.942625,
            448.0
          ],
          [
            8.619021,
            46.94265,
            447.0
          ],
          [
            8.619012,
            46.942668,
            447.0
          ],
          [
            8.618985,
            46.942656,
            446.0
          ],
          [
            8.618905,
            46.942619,
            445.0
          ],
          [
            8.618895,
            46.942607,
            445.0
          ],
          [
            8.618878,
            46.942619,
            445.0
          ],
          [
            8.618886,
            46.94265,
            444.0
          ],
          [
            8.618939,
            46.942711,
            443.0
          ],
          [
            8.618922,
            46.942717,
            442.0
          ],
          [
            8.618895,
            46.942717,
            442.0
          ],
          [
            8.618805,
            46.942668,
            441.0
          ],
          [
            8.618841,
            46.942747,
            440.0
          ],
          [
            8.61885,
            46.942772,
            440.0
          ],
          [
            8.618805,
            46.942772,
            440.0
          ],
          [
            8.61876,
            46.942747,
            440.0
          ],
          [
            8.618706,
            46.942729,
            440.0
          ],
          [
            8.618643,
            46.94268,
            440.0
          ],
          [
            8.618589,
            46.942631,
            440.0
          ],
          [
            8.618536,
            46.942514,
            440.0
          ],
          [
            8.6184,
            46.942447,
            440.0
          ],
          [
            8.618356,
            46.942373,
            440.0
          ],
          [
            8.61823,
            46.942318,
            440.0
          ],
          [
            8.618086,
            46.942239,
            440.0
          ],
          [
            8.617907,
            46.942202,
            440.0
          ],
          [
            8.617574,
            46.942005,
            440.0
          ],
          [
            8.617557,
            46.941913,
            440.0
          ],
          [
            8.617494,
            46.941888,
            440.0
          ],
          [
            8.617421,
            46.941846,
            440.0
          ],
          [
            8.616972,
            46.941687,
            440.0
          ],
          [
            8.616811,
            46.941601,
            440.0
          ],
          [
            8.616586,
            46.941508,
            440.0
          ],
          [
            8.616505,
            46.941361,
            440.0
          ],
          [
            8.616524,
            46.94111,
            440.0
          ],
          [
            8.616469,
            46.941073,
            440.0
          ],
          [
            8.616371,
            46.941048,
            440.0
          ],
          [
            8.616335,
            46.940956,
            440.0
          ],
          [
            8.616218,
            46.940944,
            440.0
          ],
          [
            8.616102,
            46.940926,
            440.0
          ],
          [
            8.616065,
            46.940932,
            440.0
          ],
          [
            8.61602,
            46.940907,
            440.0
          ],
          [
            8.616012,
            46.940865,
            440.0
          ],
          [
            8.615939,
            46.940797,
            440.0
          ],
          [
            8.615912,
            46.940742,
            441.0
          ],
          [
            8.615796,
            46.940681,
            444.0
          ],
          [
            8.615823,
            46.940533,
            448.0
          ],
          [
            8.61593,
            46.940613,
            450.0
          ],
          [
            8.61593,
            46.940533,
            450.0
          ],
          [
            8.615985,
            46.940447,
            450.0
          ],
          [
            8.616165,
            46.940441,
            450.0
          ],
          [
            8.616281,
            46.940392,
            450.0
          ],
          [
            8.616371,
            46.940337,
            450.0
          ],
          [
            8.616398,
            46.940282,
            450.0
          ],
          [
            8.616371,
            46.940221,
            450.0
          ],
          [
            8.616344,
            46.94019,
            449.0
          ],
          [
            8.616299,
            46.940294,
            446.0
          ],
          [
            8.616263,
            46.940221,
            444.0
          ],
          [
            8.616263,
            46.940184,
            443.0
          ],
          [
            8.616191,
            46.940153,
            442.0
          ],
          [
            8.616146,
            46.940141,
            441.0
          ],
          [
            8.616075,
            46.940141,
            440.0
          ],
          [
            8.615958,
            46.940116,
            440.0
          ],
          [
            8.615886,
            46.940079,
            440.0
          ],
          [
            8.615903,
            46.940018,
            440.0
          ],
          [
            8.615895,
            46.939987,
            440.0
          ],
          [
            8.615958,
            46.939939,
            440.0
          ],
          [
            8.61602,
            46.93992,
            440.0
          ],
          [
            8.616092,
            46.939902,
            440.0
          ],
          [
            8.616209,
            46.939828,
            440.0
          ],
          [
            8.616209,
            46.939773,
            440.0
          ],
          [
            8.616173,
            46.939705,
            440.0
          ],
          [
            8.616146,
            46.939638,
            440.0
          ],
          [
            8.616092,
            46.939527,
            440.0
          ],
          [
            8.616065,
            46.939472,
            440.0
          ],
          [
            8.61584,
            46.93919,
            440.0
          ],
          [
            8.615849,
            46.939074,
            440.0
          ],
          [
            8.615868,
            46.939031,
            440.0
          ],
          [
            8.615886,
            46.939,
            440.0
          ],
          [
            8.615903,
            46.938927,
            440.0
          ],
          [
            8.615868,
            46.938828,
            440.0
          ],
          [
            8.61584,
            46.938791,
            440.0
          ],
          [
            8.615643,
            46.938516,
            440.0
          ],
          [
            8.615607,
            46.938417,
            440.0
          ],
          [
            8.615607,
            46.938374,
            440.0
          ],
          [
            8.615616,
            46.938356,
            440.0
          ],
          [
            8.615706,
            46.938387,
            440.0
          ],
          [
            8.615689,
            46.938325,
            440.0
          ],
          [
            8.615293,
            46.937908,
            440.0
          ],
          [
            8.61522,
            46.937865,
            440.0
          ],
          [
            8.615113,
            46.937791,
            440.0
          ],
          [
            8.61496,
            46.937712,
            440.0
          ],
          [
            8.614798,
            46.937614,
            440.0
          ],
          [
            8.614718,
            46.937583,
            440.0
          ],
          [
            8.61453,
            46.937295,
            440.0
          ],
          [
            8.614314,
            46.937172,
            440.0
          ],
          [
            8.61417,
            46.937056,
            440.0
          ],
          [
            8.613972,
            46.936927,
            440.0
          ],
          [
            8.613909,
            46.936792,
            440.0
          ],
          [
            8.613882,
            46.936694,
            440.0
          ],
          [
            8.613775,
            46.936411,
            440.0
          ],
          [
            8.613721,
            46.936387,
            440.0
          ],
          [
            8.613685,
            46.936332,
            440.0
          ],
          [
            8.613702,
            46.936295,
            440.0
          ],
          [
            8.613685,
            46.93624,
            440.0
          ],
          [
            8.613658,
            46.936203,
            440.0
          ],
          [
            8.613676,
            46.936093,
            440.0
          ],
          [
            8.613622,
            46.936062,
            440.0
          ],
          [
            8.613541,
            46.935927,
            440.0
          ],
          [
            8.613415,
            46.935835,
            440.0
          ],
          [
            8.613425,
            46.93578,
            440.0
          ],
          [
            8.613389,
            46.935743,
            440.0
          ],
          [
            8.613226,
            46.9354,
            440.0
          ],
          [
            8.613128,
            46.935308,
            440.0
          ],
          [
            8.613119,
            46.93524,
            440.0
          ],
          [
            8.613128,
            46.935185,
            440.0
          ],
          [
            8.613083,
            46.935136,
            440.0
          ],
          [
            8.613092,
            46.935056,
            440.0
          ],
          [
            8.612939,
            46.93494,
            440.0
          ],
          [
            8.612849,
            46.934885,
            440.0
          ],
          [
            8.612939,
            46.934848,
            440.0
          ],
          [
            8.612975,
            46.934823,
            440.0
          ],
          [
            8.613029,
            46.934541,
            440.0
          ],
          [
            8.61301,
            46.934492,
            440.0
          ],
          [
            8.613039,
            46.9344,
            440.0
          ],
          [
            8.61293,
            46.934338,
            440.0
          ],
          [
            8.612876,
            46.934197,
            440.0
          ],
          [
            8.612823,
            46.934209,
            440.0
          ],
          [
            8.612786,
            46.934209,
            440.0
          ],
          [
            8.612687,
            46.934222,
            440.0
          ],
          [
            8.612534,
            46.934081,
            440.0
          ],
          [
            8.612553,
            46.934075,
            440.0
          ],
          [
            8.61257,
            46.93405,
            440.0
          ],
          [
            8.612633,
            46.933946,
            440.0
          ],
          [
            8.612643,
            46.933866,
            440.0
          ],
          [
            8.61266,
            46.933725,
            440.0
          ],
          [
            8.61266,
            46.933566,
            440.0
          ],
          [
            8.612616,
            46.933412,
            440.0
          ],
          [
            8.612499,
            46.93332,
            440.0
          ],
          [
            8.61241,
            46.933265,
            440.0
          ],
          [
            8.612347,
            46.93321,
            440.0
          ],
          [
            8.612283,
            46.933191,
            440.0
          ],
          [
            8.612211,
            46.933167,
            440.0
          ],
          [
            8.612148,
            46.933142,
            440.0
          ],
          [
            8.612113,
            46.933118,
            440.0
          ],
          [
            8.612077,
            46.933093,
            440.0
          ],
          [
            8.612014,
            46.933081,
            440.0
          ],
          [
            8.611968,
            46.933063,
            440.0
          ],
          [
            8.61196,
            46.933038,
            440.0
          ],
          [
            8.611941,
            46.933001,
            440.0
          ],
          [
            8.611915,
            46.932927,
            440.0
          ],
          [
            8.611888,
            46.932872,
            440.0
          ],
          [
            8.611897,
            46.93278,
            440.0
          ],
          [
            8.611852,
            46.932713,
            440.0
          ],
          [
            8.611817,
            46.932731,
            440.0
          ],
          [
            8.611708,
            46.932615,
            440.0
          ],
          [
            8.611744,
            46.932596,
            440.0
          ],
          [
            8.61179,
            46.932578,
            440.0
          ],
          [
            8.611844,
            46.932517,
            440.0
          ],
          [
            8.61188,
            46.932486,
            440.0
          ],
          [
            8.611941,
            46.932461,
            442.0
          ],
          [
            8.611933,
            46.932529,
            445.0
          ],
          [
            8.611951,
            46.93256,
            446.0
          ],
          [
            8.611996,
            46.93259,
            448.0
          ],
          [
            8.612031,
            46.932633,
            450.0
          ],
          [
            8.612058,
            46.932615,
            450.0
          ],
          [
            8.61205,
            46.932541,
            451.0
          ],
          [
            8.612077,
            46.932455,
            452.0
          ],
          [
            8.612058,
            46.932424,
            452.0
          ],
          [
            8.611951,
            46.932326,
            454.0
          ],
          [
            8.611951,
            46.932302,
            454.0
          ],
          [
            8.611968,
            46.932296,
            454.0
          ],
          [
            8.612058,
            46.932326,
            455.0
          ],
          [
            8.61214,
            46.932381,
            456.0
          ],
          [
            8.612176,
            46.932338,
            462.0
          ],
          [
            8.612257,
            46.932216,
            470.0
          ],
          [
            8.61223,
            46.932173,
            470.0
          ],
          [
            8.612148,
            46.93197,
            466.0
          ],
          [
            8.612121,
            46.931927,
            465.0
          ],
          [
            8.612104,
            46.931805,
            462.0
          ],
          [
            8.612041,
            46.93167,
            458.0
          ],
          [
            8.61196,
            46.931529,
            453.0
          ],
          [
            8.612023,
            46.931259,
            450.0
          ],
          [
            8.611978,
            46.931087,
            450.0
          ],
          [
            8.611897,
            46.930738,
            450.0
          ],
          [
            8.611852,
            46.930541,
            450.0
          ],
          [
            8.611844,
            46.930407,
            450.0
          ],
          [
            8.611834,
            46.930026,
            450.0
          ],
          [
            8.611735,
            46.930002,
            450.0
          ],
          [
            8.611708,
            46.929971,
            450.0
          ],
          [
            8.611672,
            46.929971,
            450.0
          ],
          [
            8.611645,
            46.929928,
            450.0
          ],
          [
            8.611672,
            46.929885,
            450.0
          ],
          [
            8.611645,
            46.929842,
            450.0
          ],
          [
            8.611654,
            46.929799,
            450.0
          ],
          [
            8.611601,
            46.929713,
            452.0
          ],
          [
            8.611484,
            46.929688,
            454.0
          ],
          [
            8.611376,
            46.929615,
            456.0
          ],
          [
            8.611402,
            46.929597,
            457.0
          ],
          [
            8.611457,
            46.929621,
            458.0
          ],
          [
            8.61152,
            46.929621,
            459.0
          ],
          [
            8.611439,
            46.929578,
            460.0
          ],
          [
            8.611439,
            46.929419,
            462.0
          ],
          [
            8.611376,
            46.929314,
            464.0
          ],
          [
            8.611322,
            46.92918,
            466.0
          ],
          [
            8.611341,
            46.929026,
            469.0
          ],
          [
            8.611412,
            46.929075,
            470.0
          ],
          [
            8.611457,
            46.929137,
            471.0
          ],
          [
            8.611484,
            46.92902,
            473.0
          ],
          [
            8.611457,
            46.928934,
            475.0
          ],
          [
            8.611385,
            46.92886,
            476.0
          ],
          [
            8.611196,
            46.928756,
            479.0
          ],
          [
            8.611385,
            46.928762,
            481.0
          ],
          [
            8.611367,
            46.928732,
            482.0
          ],
          [
            8.611251,
            46.928658,
            484.0
          ],
          [
            8.611259,
            46.928591,
            485.0
          ],
          [
            8.611331,
            46.928578,
            485.0
          ],
          [
            8.611511,
            46.92864,
            487.0
          ],
          [
            8.611681,
            46.928707,
            489.0
          ],
          [
            8.61179,
            46.928781,
            491.0
          ],
          [
            8.611834,
            46.928897,
            494.0
          ],
          [
            8.611907,
            46.92875,
            497.0
          ],
          [
            8.611951,
            46.928995,
            502.0
          ],
          [
            8.612023,
            46.928829,
            505.0
          ],
          [
            8.612077,
            46.928762,
            506.0
          ],
          [
            8.612086,
            46.928591,
            510.0
          ],
          [
            8.612184,
            46.928529,
            510.0
          ],
          [
            8.612238,
            46.928437,
            510.0
          ],
          [
            8.612301,
            46.928351,
            510.0
          ],
          [
            8.612364,
            46.928272,
            510.0
          ],
          [
            8.612473,
            46.928167,
            510.0
          ],
          [
            8.612562,
            46.928081,
            510.0
          ],
          [
            8.612633,
            46.928001,
            510.0
          ],
          [
            8.612723,
            46.927897,
            510.0
          ],
          [
            8.612786,
            46.927787,
            510.0
          ],
          [
            8.61284,
            46.927689,
            510.0
          ],
          [
            8.612876,
            46.927578,
            510.0
          ],
          [
            8.612903,
            46.927449,
            510.0
          ],
          [
            8.612922,
            46.927327,
            510.0
          ],
          [
            8.612939,
            46.927087,
            510.0
          ],
          [
            8.612975,
            46.926793,
            510.0
          ],
          [
            8.612949,
            46.926775,
            510.0
          ],
          [
            8.612939,
            46.926762,
            510.0
          ],
          [
            8.612912,
            46.926719,
            510.0
          ],
          [
            8.612859,
            46.926639,
            510.0
          ],
          [
            8.61275,
            46.926505,
            510.0
          ],
          [
            8.612562,
            46.926327,
            510.0
          ],
          [
            8.612526,
            46.926277,
            510.0
          ],
          [
            8.612507,
            46.926234,
            510.0
          ],
          [
            8.612499,
            46.926204,
            510.0
          ],
          [
            8.612507,
            46.926167,
            510.0
          ],
          [
            8.612534,
            46.926131,
            510.0
          ],
          [
            8.612562,
            46.9261,
            510.0
          ],
          [
            8.612607,
            46.926069,
            510.0
          ],
          [
            8.612769,
            46.925996,
            510.0
          ],
          [
            8.61284,
            46.925953,
            510.0
          ],
          [
            8.613173,
            46.925811,
            510.0
          ],
          [
            8.613253,
            46.925664,
            510.0
          ],
          [
            8.613272,
            46.9254,
            510.0
          ],
          [
            8.613316,
            46.925308,
            510.0
          ],
          [
            8.61337,
            46.925247,
            510.0
          ],
          [
            8.613586,
            46.9251,
            511.0
          ],
          [
            8.613882,
            46.924799,
            513.0
          ],
          [
            8.614178,
            46.92451,
            515.0
          ],
          [
            8.614538,
            46.924253,
            517.0
          ],
          [
            8.614987,
            46.923995,
            519.0
          ],
          [
            8.615096,
            46.923934,
            520.0
          ],
          [
            8.615499,
            46.923719,
            516.0
          ],
          [
            8.615589,
            46.923633,
            511.0
          ],
          [
            8.61575,
            46.923529,
            510.0
          ],
          [
            8.616226,
            46.923259,
            510.0
          ],
          [
            8.616398,
            46.923167,
            510.0
          ],
          [
            8.616568,
            46.923075,
            510.0
          ],
          [
            8.616981,
            46.92286,
            510.0
          ],
          [
            8.617233,
            46.922744,
            508.0
          ],
          [
            8.617511,
            46.922652,
            507.0
          ],
          [
            8.6177,
            46.922621,
            506.0
          ],
          [
            8.61788,
            46.922609,
            508.0
          ],
          [
            8.617871,
            46.922585,
            505.0
          ],
          [
            8.617862,
            46.922535,
            503.0
          ],
          [
            8.61797,
            46.922486,
            501.0
          ],
          [
            8.618042,
            46.922449,
            500.0
          ],
          [
            8.618104,
            46.922406,
            499.0
          ],
          [
            8.618365,
            46.922204,
            496.0
          ],
          [
            8.618419,
            46.922173,
            496.0
          ],
          [
            8.61849,
            46.922143,
            495.0
          ],
          [
            8.618616,
            46.922112,
            494.0
          ],
          [
            8.618589,
            46.922075,
            494.0
          ],
          [
            8.618679,
            46.92205,
            493.0
          ],
          [
            8.618895,
            46.922081,
            492.0
          ],
          [
            8.619111,
            46.922149,
            490.0
          ],
          [
            8.619048,
            46.922112,
            489.0
          ],
          [
            8.618966,
            46.922075,
            487.0
          ],
          [
            8.618913,
            46.922026,
            486.0
          ],
          [
            8.618859,
            46.921983,
            484.0
          ],
          [
            8.618778,
            46.922001,
            483.0
          ],
          [
            8.618725,
            46.921977,
            482.0
          ],
          [
            8.618878,
            46.921921,
            479.0
          ],
          [
            8.618976,
            46.921946,
            478.0
          ],
          [
            8.619308,
            46.922063,
            473.0
          ],
          [
            8.619497,
            46.922063,
            470.0
          ],
          [
            8.619694,
            46.922001,
            469.0
          ],
          [
            8.619524,
            46.921977,
            468.0
          ],
          [
            8.619551,
            46.92194,
            467.0
          ],
          [
            8.619677,
            46.921958,
            467.0
          ],
          [
            8.619767,
            46.921977,
            466.0
          ],
          [
            8.619838,
            46.921977,
            466.0
          ],
          [
            8.620018,
            46.92202,
            464.0
          ],
          [
            8.620144,
            46.922007,
            464.0
          ],
          [
            8.62027,
            46.921971,
            463.0
          ],
          [
            8.620413,
            46.921921,
            462.0
          ],
          [
            8.620547,
            46.921879,
            461.0
          ],
          [
            8.620727,
            46.921756,
            460.0
          ],
          [
            8.620962,
            46.921578,
            460.0
          ],
          [
            8.62105,
            46.921486,
            460.0
          ],
          [
            8.621105,
            46.921431,
            460.0
          ],
          [
            8.621176,
            46.921376,
            460.0
          ],
          [
            8.621249,
            46.921333,
            460.0
          ],
          [
            8.62123,
            46.921406,
            460.0
          ],
          [
            8.62123,
            46.921474,
            460.0
          ],
          [
            8.621293,
            46.921412,
            460.0
          ],
          [
            8.621365,
            46.92137,
            461.0
          ],
          [
            8.621293,
            46.921516,
            465.0
          ],
          [
            8.621438,
            46.9214,
            469.0
          ],
          [
            8.621455,
            46.921333,
            470.0
          ],
          [
            8.621428,
            46.921265,
            470.0
          ],
          [
            8.621383,
            46.921228,
            469.0
          ],
          [
            8.621375,
            46.921161,
            469.0
          ],
          [
            8.621491,
            46.921081,
            468.0
          ],
          [
            8.621679,
            46.920867,
            465.0
          ],
          [
            8.621851,
            46.920725,
            463.0
          ],
          [
            8.621922,
            46.920688,
            463.0
          ],
          [
            8.622075,
            46.920529,
            461.0
          ],
          [
            8.622138,
            46.920529,
            460.0
          ],
          [
            8.622102,
            46.920474,
            460.0
          ],
          [
            8.622174,
            46.920449,
            460.0
          ],
          [
            8.622255,
            46.920369,
            460.0
          ],
          [
            8.622335,
            46.920326,
            460.0
          ],
          [
            8.622434,
            46.920203,
            460.0
          ],
          [
            8.622444,
            46.920155,
            460.0
          ],
          [
            8.622452,
            46.919897,
            460.0
          ],
          [
            8.622578,
            46.91978,
            460.0
          ],
          [
            8.622668,
            46.919566,
            460.0
          ],
          [
            8.622713,
            46.919541,
            460.0
          ],
          [
            8.622721,
            46.919517,
            460.0
          ],
          [
            8.622721,
            46.919437,
            460.0
          ],
          [
            8.622713,
            46.919381,
            460.0
          ],
          [
            8.622694,
            46.91929,
            460.0
          ],
          [
            8.622631,
            46.91913,
            461.0
          ],
          [
            8.62265,
            46.919019,
            463.0
          ],
          [
            8.622641,
            46.918933,
            464.0
          ],
          [
            8.622641,
            46.918891,
            465.0
          ],
          [
            8.622721,
            46.918756,
            467.0
          ],
          [
            8.622721,
            46.918676,
            468.0
          ],
          [
            8.62283,
            46.918565,
            470.0
          ],
          [
            8.622893,
            46.918504,
            470.0
          ],
          [
            8.622973,
            46.918449,
            470.0
          ],
          [
            8.623073,
            46.9184,
            470.0
          ],
          [
            8.62309,
            46.918388,
            470.0
          ],
          [
            8.623207,
            46.918351,
            469.0
          ],
          [
            8.623342,
            46.918289,
            468.0
          ],
          [
            8.623476,
            46.918209,
            467.0
          ],
          [
            8.623612,
            46.918123,
            466.0
          ],
          [
            8.623746,
            46.917995,
            464.0
          ],
          [
            8.623836,
            46.917915,
            463.0
          ],
          [
            8.623962,
            46.917811,
            462.0
          ],
          [
            8.624015,
            46.917682,
            461.0
          ],
          [
            8.624052,
            46.917547,
            459.0
          ],
          [
            8.624142,
            46.917461,
            458.0
          ],
          [
            8.624142,
            46.917258,
            454.0
          ],
          [
            8.624159,
            46.917216,
            454.0
          ],
          [
            8.624195,
            46.917179,
            453.0
          ],
          [
            8.624294,
            46.917093,
            451.0
          ],
          [
            8.624365,
            46.916964,
            450.0
          ],
          [
            8.624429,
            46.916853,
            450.0
          ],
          [
            8.624482,
            46.916792,
            450.0
          ],
          [
            8.624482,
            46.916749,
            450.0
          ],
          [
            8.624419,
            46.916664,
            450.0
          ],
          [
            8.624411,
            46.916645,
            450.0
          ],
          [
            8.624402,
            46.916577,
            450.0
          ],
          [
            8.624411,
            46.916516,
            450.0
          ],
          [
            8.624581,
            46.916123,
            450.0
          ],
          [
            8.624689,
            46.915798,
            451.0
          ],
          [
            8.624644,
            46.915706,
            451.0
          ],
          [
            8.624492,
            46.915626,
            452.0
          ],
          [
            8.624402,
            46.915565,
            453.0
          ],
          [
            8.624329,
            46.915479,
            454.0
          ],
          [
            8.624285,
            46.915418,
            455.0
          ],
          [
            8.624258,
            46.915338,
            455.0
          ],
          [
            8.624115,
            46.915356,
            456.0
          ],
          [
            8.62397,
            46.915375,
            457.0
          ],
          [
            8.624195,
            46.915252,
            459.0
          ],
          [
            8.624239,
            46.915233,
            459.0
          ],
          [
            8.624285,
            46.915221,
            459.0
          ],
          [
            8.624348,
            46.915215,
            459.0
          ],
          [
            8.624402,
            46.915221,
            460.0
          ],
          [
            8.624446,
            46.915233,
            460.0
          ],
          [
            8.624465,
            46.915209,
            460.0
          ],
          [
            8.624438,
            46.915129,
            460.0
          ],
          [
            8.624402,
            46.915111,
            460.0
          ],
          [
            8.624132,
            46.914835,
            460.0
          ],
          [
            8.62406,
            46.914761,
            460.0
          ],
          [
            8.62397,
            46.914645,
            460.0
          ],
          [
            8.623943,
            46.914663,
            460.0
          ],
          [
            8.623916,
            46.914749,
            458.0
          ],
          [
            8.623863,
            46.914785,
            456.0
          ],
          [
            8.623773,
            46.914853,
            454.0
          ],
          [
            8.623656,
            46.914915,
            452.0
          ],
          [
            8.623584,
            46.914939,
            451.0
          ],
          [
            8.623522,
            46.914933,
            450.0
          ],
          [
            8.62345,
            46.914902,
            450.0
          ],
          [
            8.623386,
            46.914902,
            450.0
          ],
          [
            8.623333,
            46.91489,
            450.0
          ],
          [
            8.62326,
            46.914871,
            449.0
          ],
          [
            8.623207,
            46.914847,
            449.0
          ],
          [
            8.623126,
            46.914785,
            449.0
          ],
          [
            8.623036,
            46.9147,
            449.0
          ],
          [
            8.622956,
            46.914608,
            448.0
          ],
          [
            8.622776,
            46.914368,
            448.0
          ],
          [
            8.622713,
            46.914258,
            447.0
          ],
          [
            8.62248,
            46.913945,
            446.0
          ],
          [
            8.622344,
            46.913835,
            446.0
          ],
          [
            8.6223,
            46.913755,
            445.0
          ],
          [
            8.62221,
            46.913657,
            445.0
          ],
          [
            8.622094,
            46.913509,
            445.0
          ],
          [
            8.621958,
            46.913319,
            444.0
          ],
          [
            8.621941,
            46.913288,
            444.0
          ],
          [
            8.621914,
            46.913239,
            444.0
          ],
          [
            8.621778,
            46.912933,
            443.0
          ],
          [
            8.621725,
            46.912779,
            442.0
          ],
          [
            8.621679,
            46.91262,
            442.0
          ],
          [
            8.621652,
            46.912485,
            441.0
          ],
          [
            8.621635,
            46.912355,
            441.0
          ],
          [
            8.621635,
            46.912215,
            441.0
          ],
          [
            8.621644,
            46.91208,
            440.0
          ],
          [
            8.621679,
            46.911773,
            440.0
          ],
          [
            8.621734,
            46.911459,
            440.0
          ],
          [
            8.621761,
            46.911325,
            440.0
          ],
          [
            8.621805,
            46.911202,
            440.0
          ],
          [
            8.621851,
            46.911085,
            440.0
          ],
          [
            8.621985,
            46.91076,
            440.0
          ],
          [
            8.622192,
            46.910263,
            440.0
          ],
          [
            8.622218,
            46.910189,
            440.0
          ],
          [
            8.622264,
            46.91011,
            440.0
          ],
          [
            8.622344,
            46.909962,
            440.0
          ],
          [
            8.62239,
            46.909919,
            440.0
          ],
          [
            8.622425,
            46.909876,
            440.0
          ],
          [
            8.62247,
            46.909827,
            440.0
          ],
          [
            8.622524,
            46.909766,
            440.0
          ],
          [
            8.622578,
            46.909705,
            440.0
          ],
          [
            8.622704,
            46.909594,
            440.0
          ],
          [
            8.622821,
            46.90949,
            440.0
          ],
          [
            8.622928,
            46.909398,
            440.0
          ],
          [
            8.623117,
            46.909251,
            439.0
          ],
          [
            8.62353,
            46.908968,
            439.0
          ],
          [
            8.623952,
            46.908612,
            439.0
          ],
          [
            8.624042,
            46.908545,
            439.0
          ],
          [
            8.62415,
            46.908447,
            439.0
          ],
          [
            8.624258,
            46.908324,
            439.0
          ],
          [
            8.624411,
            46.908146,
            439.0
          ],
          [
            8.624509,
            46.907986,
            438.0
          ],
          [
            8.624572,
            46.907882,
            438.0
          ],
          [
            8.624644,
            46.907753,
            438.0
          ],
          [
            8.624654,
            46.907729,
            438.0
          ],
          [
            8.624671,
            46.907643,
            438.0
          ],
          [
            8.624689,
            46.9076,
            438.0
          ],
          [
            8.624707,
            46.907563,
            438.0
          ],
          [
            8.624744,
            46.907495,
            438.0
          ],
          [
            8.624805,
            46.907293,
            438.0
          ],
          [
            8.624851,
            46.907158,
            438.0
          ],
          [
            8.624905,
            46.906949,
            438.0
          ],
          [
            8.624931,
            46.906796,
            438.0
          ],
          [
            8.624968,
            46.906593,
            437.0
          ],
          [
            8.625031,
            46.906157,
            437.0
          ],
          [
            8.625075,
            46.905746,
            437.0
          ],
          [
            8.625111,
            46.905427,
            437.0
          ],
          [
            8.625121,
            46.905231,
            437.0
          ],
          [
            8.625121,
            46.905046,
            436.0
          ],
          [
            8.625111,
            46.904912,
            436.0
          ],
          [
            8.625102,
            46.904783,
            436.0
          ],
          [
            8.625084,
            46.90461,
            436.0
          ],
          [
            8.625031,
            46.904402,
            436.0
          ],
          [
            8.624977,
            46.904199,
            436.0
          ],
          [
            8.624887,
            46.903911,
            436.0
          ],
          [
            8.624878,
            46.903886,
            436.0
          ],
          [
            8.62486,
            46.903868,
            436.0
          ],
          [
            8.624707,
            46.903776,
            436.0
          ],
          [
            8.624671,
            46.903745,
            436.0
          ],
          [
            8.624654,
            46.903721,
            435.0
          ],
          [
            8.624581,
            46.903672,
            435.0
          ],
          [
            8.624518,
            46.903611,
            435.0
          ],
          [
            8.624501,
            46.903592,
            435.0
          ],
          [
            8.624492,
            46.903574,
            435.0
          ],
          [
            8.624492,
            46.903555,
            435.0
          ],
          [
            8.624492,
            46.903531,
            435.0
          ],
          [
            8.624536,
            46.903414,
            435.0
          ],
          [
            8.624536,
            46.903389,
            435.0
          ],
          [
            8.624536,
            46.903359,
            435.0
          ],
          [
            8.624384,
            46.902984,
            435.0
          ],
          [
            8.624375,
            46.90296,
            435.0
          ],
          [
            8.624375,
            46.902935,
            435.0
          ],
          [
            8.624384,
            46.90288,
            435.0
          ],
          [
            8.624384,
            46.902831,
            435.0
          ],
          [
            8.624365,
            46.902751,
            435.0
          ],
          [
            8.624329,
            46.90261,
            435.0
          ],
          [
            8.624321,
            46.902408,
            435.0
          ],
          [
            8.624302,
            46.902321,
            435.0
          ],
          [
            8.624195,
            46.902058,
            434.0
          ],
          [
            8.62415,
            46.901953,
            434.0
          ],
          [
            8.624069,
            46.901793,
            434.0
          ],
          [
            8.62406,
            46.901787,
            434.0
          ],
          [
            8.624033,
            46.901763,
            434.0
          ],
          [
            8.624042,
            46.901745,
            434.0
          ],
          [
            8.624052,
            46.901732,
            434.0
          ],
          [
            8.624052,
            46.90172,
            434.0
          ],
          [
            8.624052,
            46.901579,
            434.0
          ],
          [
            8.624052,
            46.901321,
            434.0
          ],
          [
            8.624042,
            46.901241,
            434.0
          ],
          [
            8.624006,
            46.901137,
            434.0
          ],
          [
            8.623998,
            46.901057,
            434.0
          ],
          [
            8.623962,
            46.900824,
            433.0
          ],
          [
            8.623935,
            46.900591,
            433.0
          ],
          [
            8.623908,
            46.90029,
            433.0
          ],
          [
            8.623899,
            46.900143,
            433.0
          ],
          [
            8.623899,
            46.899646,
            433.0
          ],
          [
            8.62388,
            46.898436,
            432.0
          ],
          [
            8.623889,
            46.898375,
            432.0
          ],
          [
            8.623908,
            46.898319,
            432.0
          ],
          [
            8.623926,
            46.898264,
            432.0
          ],
          [
            8.624033,
            46.89808,
            432.0
          ],
          [
            8.624078,
            46.898,
            432.0
          ],
          [
            8.624105,
            46.897933,
            432.0
          ],
          [
            8.624115,
            46.897859,
            432.0
          ],
          [
            8.624115,
            46.897804,
            431.0
          ],
          [
            8.624115,
            46.897737,
            431.0
          ],
          [
            8.624042,
            46.897737,
            431.0
          ],
          [
            8.623989,
            46.897731,
            431.0
          ],
          [
            8.623943,
            46.897718,
            431.0
          ],
          [
            8.623899,
            46.8977,
            432.0
          ],
          [
            8.623746,
            46.897638,
            432.0
          ],
          [
            8.623629,
            46.8977,
            432.0
          ],
          [
            8.623602,
            46.897681,
            432.0
          ],
          [
            8.623566,
            46.897669,
            432.0
          ],
          [
            8.62353,
            46.897657,
            432.0
          ],
          [
            8.623494,
            46.897644,
            432.0
          ],
          [
            8.623423,
            46.897632,
            432.0
          ],
          [
            8.623369,
            46.897626,
            432.0
          ],
          [
            8.623333,
            46.897626,
            432.0
          ],
          [
            8.622668,
            46.897651,
            432.0
          ],
          [
            8.62248,
            46.897657,
            432.0
          ],
          [
            8.622417,
            46.897614,
            432.0
          ],
          [
            8.622291,
            46.89762,
            432.0
          ],
          [
            8.622201,
            46.89762,
            432.0
          ],
          [
            8.621805,
            46.897638,
            432.0
          ],
          [
            8.621589,
            46.897651,
            432.0
          ],
          [
            8.6215,
            46.897663,
            432.0
          ],
          [
            8.621402,
            46.897681,
            432.0
          ],
          [
            8.621285,
            46.897731,
            432.0
          ],
          [
            8.621203,
            46.897792,
            432.0
          ],
          [
            8.621123,
            46.897847,
            433.0
          ],
          [
            8.62097,
            46.897914,
            433.0
          ],
          [
            8.620916,
            46.897933,
            433.0
          ],
          [
            8.62088,
            46.897945,
            433.0
          ],
          [
            8.620836,
            46.897951,
            433.0
          ],
          [
            8.620773,
            46.897951,
            433.0
          ],
          [
            8.620683,
            46.897945,
            433.0
          ],
          [
            8.620557,
            46.897926,
            433.0
          ],
          [
            8.620458,
            46.897902,
            433.0
          ],
          [
            8.620251,
            46.897847,
            433.0
          ],
          [
            8.620171,
            46.897816,
            433.0
          ],
          [
            8.62009,
            46.897792,
            433.0
          ],
          [
            8.62009,
            46.897792,
            433.0
          ],
          [
            8.620081,
            46.897792,
            433.0
          ],
          [
            8.619892,
            46.897767,
            433.0
          ],
          [
            8.619614,
            46.897718,
            433.0
          ],
          [
            8.619442,
            46.897687,
            433.0
          ],
          [
            8.619398,
            46.897663,
            433.0
          ],
          [
            8.619461,
            46.897552,
            433.0
          ],
          [
            8.619398,
            46.897534,
            433.0
          ],
          [
            8.619146,
            46.89746,
            433.0
          ],
          [
            8.619119,
            46.897454,
            433.0
          ],
          [
            8.619264,
            46.897208,
            435.0
          ],
          [
            8.619272,
            46.897196,
            435.0
          ],
          [
            8.619272,
            46.897196,
            435.0
          ],
          [
            8.619308,
            46.897159,
            435.0
          ],
          [
            8.619354,
            46.897104,
            435.0
          ],
          [
            8.61983,
            46.896343,
            433.0
          ],
          [
            8.620054,
            46.895974,
            433.0
          ],
          [
            8.620071,
            46.895883,
            433.0
          ],
          [
            8.620071,
            46.895791,
            433.0
          ],
          [
            8.620054,
            46.895735,
            432.0
          ],
          [
            8.620054,
            46.895699,
            432.0
          ],
          [
            8.620063,
            46.895649,
            432.0
          ],
          [
            8.620098,
            46.895569,
            432.0
          ],
          [
            8.620117,
            46.895545,
            432.0
          ],
          [
            8.620171,
            46.89552,
            432.0
          ],
          [
            8.620207,
            46.895539,
            432.0
          ],
          [
            8.620243,
            46.895557,
            432.0
          ],
          [
            8.620287,
            46.895569,
            432.0
          ],
          [
            8.620341,
            46.895575,
            432.0
          ],
          [
            8.620404,
            46.895569,
            432.0
          ],
          [
            8.62053,
            46.895551,
            432.0
          ],
          [
            8.620521,
            46.895502,
            432.0
          ],
          [
            8.620512,
            46.895453,
            432.0
          ],
          [
            8.620512,
            46.89541,
            432.0
          ],
          [
            8.620521,
            46.895367,
            432.0
          ],
          [
            8.620539,
            46.895312,
            432.0
          ],
          [
            8.620557,
            46.895269,
            432.0
          ],
          [
            8.620584,
            46.895213,
            432.0
          ],
          [
            8.620656,
            46.895226,
            432.0
          ],
          [
            8.620926,
            46.894827,
            432.0
          ],
          [
            8.621159,
            46.894403,
            432.0
          ],
          [
            8.621572,
            46.893716,
            432.0
          ],
          [
            8.621616,
            46.893636,
            432.0
          ],
          [
            8.621635,
            46.893611,
            432.0
          ],
          [
            8.621652,
            46.893587,
            432.0
          ],
          [
            8.621689,
            46.893562,
            432.0
          ],
          [
            8.621715,
            46.89355,
            432.0
          ],
          [
            8.621761,
            46.893532,
            432.0
          ],
          [
            8.621805,
            46.893514,
            432.0
          ],
          [
            8.621851,
            46.893495,
            432.0
          ],
          [
            8.621914,
            46.893489,
            432.0
          ],
          [
            8.621931,
            46.893452,
            432.0
          ],
          [
            8.621941,
            46.893434,
            432.0
          ],
          [
            8.621976,
            46.893366,
            432.0
          ],
          [
            8.621985,
            46.893353,
            432.0
          ],
          [
            8.622004,
            46.893317,
            432.0
          ],
          [
            8.621976,
            46.893286,
            432.0
          ],
          [
            8.621968,
            46.893255,
            432.0
          ],
          [
            8.621949,
            46.893224,
            432.0
          ],
          [
            8.621941,
            46.893188,
            432.0
          ],
          [
            8.621941,
            46.893151,
            432.0
          ],
          [
            8.621949,
            46.893114,
            432.0
          ],
          [
            8.621958,
            46.893078,
            432.0
          ],
          [
            8.621976,
            46.893047,
            432.0
          ],
          [
            8.621994,
            46.89301,
            432.0
          ],
          [
            8.622031,
            46.892942,
            432.0
          ],
          [
            8.622111,
            46.892838,
            432.0
          ],
          [
            8.6223,
            46.892525,
            432.0
          ],
          [
            8.622857,
            46.891653,
            432.0
          ],
          [
            8.623046,
            46.89134,
            432.0
          ],
          [
            8.623396,
            46.890745,
            432.0
          ],
          [
            8.623656,
            46.890339,
            432.0
          ],
          [
            8.623818,
            46.890063,
            432.0
          ],
          [
            8.623979,
            46.889787,
            431.0
          ],
          [
            8.624088,
            46.889566,
            431.0
          ],
          [
            8.624195,
            46.889406,
            431.0
          ],
          [
            8.62415,
            46.889406,
            431.0
          ],
          [
            8.624105,
            46.889406,
            431.0
          ],
          [
            8.624025,
            46.889418,
            431.0
          ],
          [
            8.623952,
            46.889431,
            431.0
          ],
          [
            8.623899,
            46.889449,
            431.0
          ],
          [
            8.623926,
            46.889492,
            431.0
          ],
          [
            8.623943,
            46.889566,
            431.0
          ],
          [
            8.623943,
            46.889634,
            431.0
          ],
          [
            8.623935,
            46.889701,
            431.0
          ],
          [
            8.623916,
            46.88975,
            431.0
          ],
          [
            8.623889,
            46.889799,
            431.0
          ],
          [
            8.623692,
            46.890118,
            431.0
          ],
          [
            8.623692,
            46.890118,
            431.0
          ],
          [
            8.623889,
            46.889799,
            431.0
          ],
          [
            8.623916,
            46.88975,
            431.0
          ],
          [
            8.623935,
            46.889701,
            431.0
          ],
          [
            8.623943,
            46.889634,
            431.0
          ],
          [
            8.623943,
            46.889566,
            431.0
          ],
          [
            8.623926,
            46.889492,
            431.0
          ],
          [
            8.623899,
            46.889449,
            431.0
          ],
          [
            8.623952,
            46.889431,
            431.0
          ],
          [
            8.624025,
            46.889418,
            431.0
          ],
          [
            8.624105,
            46.889406,
            431.0
          ],
          [
            8.62415,
            46.889406,
            431.0
          ],
          [
            8.624195,
            46.889406,
            431.0
          ],
          [
            8.625534,
            46.887227,
            435.0
          ],
          [
            8.62592,
            46.886595,
            437.0
          ],
          [
            8.626323,
            46.88595,
            438.0
          ],
          [
            8.626549,
            46.885545,
            438.0
          ],
          [
            8.626656,
            46.885372,
            439.0
          ],
          [
            8.627151,
            46.88458,
            440.0
          ],
          [
            8.627662,
            46.883752,
            442.0
          ],
          [
            8.62769,
            46.883691,
            442.0
          ],
          [
            8.627698,
            46.883629,
            442.0
          ],
          [
            8.627662,
            46.883568,
            442.0
          ],
          [
            8.627627,
            46.883531,
            442.0
          ],
          [
            8.627205,
            46.883248,
            443.0
          ],
          [
            8.627195,
            46.883242,
            443.0
          ],
          [
            8.627195,
            46.883193,
            443.0
          ],
          [
            8.627186,
            46.883168,
            443.0
          ],
          [
            8.627178,
            46.883138,
            443.0
          ],
          [
            8.627186,
            46.883113,
            443.0
          ],
          [
            8.627195,
            46.883088,
            443.0
          ],
          [
            8.627249,
            46.883039,
            443.0
          ],
          [
            8.627241,
            46.883039,
            443.0
          ],
          [
            8.627205,
            46.883021,
            443.0
          ],
          [
            8.627168,
            46.883003,
            443.0
          ],
          [
            8.627168,
            46.882997,
            443.0
          ],
          [
            8.627186,
            46.882984,
            443.0
          ],
          [
            8.627878,
            46.882321,
            442.0
          ],
          [
            8.628084,
            46.882125,
            441.0
          ],
          [
            8.628354,
            46.881867,
            441.0
          ],
          [
            8.628426,
            46.881799,
            441.0
          ],
          [
            8.628516,
            46.881726,
            440.0
          ],
          [
            8.628614,
            46.881652,
            440.0
          ],
          [
            8.628713,
            46.88159,
            440.0
          ],
          [
            8.628822,
            46.881535,
            440.0
          ],
          [
            8.629342,
            46.881056,
            440.0
          ],
          [
            8.62945,
            46.881063,
            440.0
          ],
          [
            8.629576,
            46.881013,
            440.0
          ],
          [
            8.629621,
            46.880989,
            440.0
          ],
          [
            8.629702,
            46.88075,
            440.0
          ],
          [
            8.629719,
            46.880688,
            440.0
          ],
          [
            8.630025,
            46.87976,
            440.0
          ],
          [
            8.630134,
            46.879331,
            440.0
          ],
          [
            8.630168,
            46.87927,
            440.0
          ],
          [
            8.63034,
            46.878619,
            440.0
          ],
          [
            8.630358,
            46.878533,
            440.0
          ],
          [
            8.630367,
            46.878459,
            440.0
          ],
          [
            8.63043,
            46.878103,
            440.0
          ],
          [
            8.630025,
            46.878054,
            440.0
          ],
          [
            8.630025,
            46.878041,
            440.0
          ],
          [
            8.630025,
            46.878017,
            440.0
          ],
          [
            8.630034,
            46.877992,
            440.0
          ],
          [
            8.630071,
            46.877796,
            440.0
          ],
          [
            8.630079,
            46.877771,
            440.0
          ],
          [
            8.630079,
            46.877753,
            440.0
          ],
          [
            8.630071,
            46.877735,
            440.0
          ],
          [
            8.630061,
            46.877716,
            440.0
          ],
          [
            8.630025,
            46.877661,
            440.0
          ],
          [
            8.630016,
            46.877636,
            440.0
          ],
          [
            8.630016,
            46.877611,
            440.0
          ],
          [
            8.630016,
            46.877587,
            440.0
          ],
          [
            8.630052,
            46.877465,
            440.0
          ],
          [
            8.630079,
            46.877354,
            440.0
          ],
          [
            8.630187,
            46.877317,
            440.0
          ],
          [
            8.630231,
            46.877348,
            440.0
          ],
          [
            8.630277,
            46.877372,
            441.0
          ],
          [
            8.630331,
            46.877397,
            441.0
          ],
          [
            8.630394,
            46.877403,
            441.0
          ],
          [
            8.630591,
            46.87744,
            441.0
          ],
          [
            8.631346,
            46.87755,
            443.0
          ],
          [
            8.6314,
            46.877556,
            443.0
          ],
          [
            8.631436,
            46.87755,
            443.0
          ],
          [
            8.631472,
            46.877544,
            444.0
          ],
          [
            8.631507,
            46.877526,
            444.0
          ],
          [
            8.631526,
            46.877513,
            444.0
          ],
          [
            8.631552,
            46.877501,
            444.0
          ],
          [
            8.63157,
            46.877483,
            444.0
          ],
          [
            8.631579,
            46.877465,
            444.0
          ],
          [
            8.631597,
            46.877446,
            444.0
          ],
          [
            8.631597,
            46.877421,
            444.0
          ],
          [
            8.631597,
            46.877397,
            444.0
          ],
          [
            8.631589,
            46.877372,
            444.0
          ],
          [
            8.63157,
            46.877341,
            444.0
          ],
          [
            8.631543,
            46.877323,
            445.0
          ],
          [
            8.631507,
            46.877298,
            445.0
          ],
          [
            8.631463,
            46.87728,
            445.0
          ],
          [
            8.631409,
            46.877268,
            445.0
          ],
          [
            8.631426,
            46.877218,
            445.0
          ],
          [
            8.6314,
            46.8772,
            445.0
          ],
          [
            8.631373,
            46.877175,
            445.0
          ],
          [
            8.631354,
            46.877157,
            445.0
          ],
          [
            8.631354,
            46.877139,
            445.0
          ],
          [
            8.631472,
            46.876801,
            447.0
          ],
          [
            8.631489,
            46.87674,
            447.0
          ],
          [
            8.631526,
            46.876672,
            447.0
          ],
          [
            8.631552,
            46.876623,
            447.0
          ],
          [
            8.631562,
            46.876605,
            447.0
          ],
          [
            8.631615,
            46.876537,
            448.0
          ],
          [
            8.631687,
            46.876469,
            448.0
          ],
          [
            8.631768,
            46.876408,
            448.0
          ],
          [
            8.631939,
            46.876279,
            449.0
          ],
          [
            8.631876,
            46.876242,
            449.0
          ],
          [
            8.631822,
            46.876211,
            449.0
          ],
          [
            8.631786,
            46.876193,
            449.0
          ],
          [
            8.631606,
            46.876162,
            449.0
          ],
          [
            8.631615,
            46.876131,
            447.0
          ],
          [
            8.631633,
            46.876076,
            447.0
          ],
          [
            8.63166,
            46.875978,
            447.0
          ],
          [
            8.631687,
            46.875985,
            447.0
          ],
          [
            8.631713,
            46.875905,
            448.0
          ],
          [
            8.631732,
            46.875905,
            448.0
          ],
          [
            8.631742,
            46.875861,
            450.0
          ],
          [
            8.631795,
            46.875714,
            450.0
          ],
          [
            8.631795,
            46.875714,
            450.0
          ]
        ]
      }
    }
  ]
}