{
  "type": "FeatureCollection",
  "features": [
    {
      "type": "Feature",
      "properties": {},
      "geometry": {
        "type": "LineString",
        "coordinates": [
          [
            8.341945,
            47.08424,
            421.0
          ],
          [
            8.342062,
            47.084313,
            421.0
          ],
          [
            8.341836,
            47.08446,
            421.0
          ],
          [
            8.34181,
            47.084478,
            421.0
          ],
          [
            8.341702,
            47.084436,
            420.0
          ],
          [
            8.341531,
            47.084411,
            420.0
          ],
          [
            8.341351,
            47.084527,
            421.0
          ],
          [
            8.341244,
            47.084699,
            421.0
          ],
          [
            8.341217,
            47.084784,
            421.0
          ],
          [
            8.341181,
            47.08487,
            421.0
          ],
          [
            8.341154,
            47.084937,
            421.0
          ],
          [
            8.341073,
            47.08501,
            421.0
          ],
          [
            8.340965,
            47.085114,
            420.0
          ],
          [
            8.340867,
            47.085175,
            420.0
          ],
          [
            8.340785,
            47.085206,
            420.0
          ],
          [
            8.340435,
            47.084986,
            420.0
          ],
          [
            8.339672,
            47.084448,
            420.0
          ],
          [
            8.338531,
            47.083671,
            421.0
          ],
          [
            8.338378,
            47.083738,
            422.0
          ],
          [
            8.338343,
            47.083763,
            422.0
          ],
          [
            8.338261,
            47.083818,
            423.0
          ],
          [
            8.337947,
            47.084013,
            425.0
          ],
          [
            8.33783,
            47.08397,
            426.0
          ],
          [
            8.337534,
            47.083769,
            427.0
          ],
          [
            8.337336,
            47.083885,
            429.0
          ],
          [
            8.336788,
            47.083836,
            437.0
          ],
          [
            8.336357,
            47.083757,
            443.0
          ],
          [
            8.335081,
            47.083237,
            460.0
          ],
          [
            8.334381,
            47.082979,
            474.0
          ],
          [
            8.333995,
            47.083035,
            484.0
          ],
          [
            8.333896,
            47.082992,
            485.0
          ],
          [
            8.33367,
            47.082881,
            487.0
          ],
          [
            8.333599,
            47.082851,
            487.0
          ],
          [
            8.333519,
            47.082845,
            488.0
          ],
          [
            8.333483,
            47.082784,
            488.0
          ],
          [
            8.333446,
            47.082753,
            488.0
          ],
          [
            8.333284,
            47.082686,
            489.0
          ],
          [
            8.332601,
            47.082454,
            491.0
          ],
          [
            8.332395,
            47.08238,
            492.0
          ],
          [
            8.332135,
            47.082301,
            492.0
          ],
          [
            8.331928,
            47.082246,
            493.0
          ],
          [
            8.331829,
            47.082258,
            493.0
          ],
          [
            8.331703,
            47.082258,
            493.0
          ],
          [
            8.331496,
            47.08224,
            493.0
          ],
          [
            8.331192,
            47.08224,
            494.0
          ],
          [
            8.330949,
            47.082234,
            494.0
          ],
          [
            8.330733,
            47.082227,
            494.0
          ],
          [
            8.330275,
            47.082191,
            495.0
          ],
          [
            8.330131,
            47.082203,
            495.0
          ],
          [
            8.329934,
            47.082221,
            495.0
          ],
          [
            8.329512,
            47.082227,
            496.0
          ],
          [
            8.329449,
            47.082246,
            496.0
          ],
          [
            8.329332,
            47.082172,
            496.0
          ],
          [
            8.329018,
            47.082013,
            496.0
          ],
          [
            8.328802,
            47.081927,
            497.0
          ],
          [
            8.328596,
            47.081817,
            497.0
          ],
          [
            8.328236,
            47.081603,
            497.0
          ],
          [
            8.327886,
            47.081365,
            498.0
          ],
          [
            8.327374,
            47.081145,
            499.0
          ],
          [
            8.327238,
            47.081102,
            499.0
          ],
          [
            8.326808,
            47.081047,
            499.0
          ],
          [
            8.326538,
            47.081071,
            500.0
          ],
          [
            8.326376,
            47.081065,
            500.0
          ],
          [
            8.325712,
            47.080863,
            499.0
          ],
          [
            8.32494,
            47.080618,
            498.0
          ],
          [
            8.324768,
            47.080539,
            498.0
          ],
          [
            8.324661,
            47.080472,
            497.0
          ],
          [
            8.324194,
            47.080215,
            497.0
          ],
          [
            8.324022,
            47.080129,
            496.0
          ],
          [
            8.323843,
            47.08008,
            496.0
          ],
          [
            8.323573,
            47.080001,
            496.0
          ],
          [
            8.323349,
            47.079909,
            495.0
          ],
          [
            8.323026,
            47.079762,
            495.0
          ],
          [
            8.322774,
            47.079597,
            494.0
          ],
          [
            8.322594,
            47.079468,
            494.0
          ],
          [
            8.322433,
            47.079364,
            493.0
          ],
          [
            8.322181,
            47.079175,
            493.0
          ],
          [
            8.322011,
            47.079089,
            493.0
          ],
          [
            8.321822,
            47.079004,
            492.0
          ],
          [
            8.321705,
            47.078918,
            492.0
          ],
          [
            8.321615,
            47.078789,
            492.0
          ],
          [
            8.321535,
            47.078716,
            492.0
          ],
          [
            8.321391,
            47.078624,
            491.0
          ],
          [
            8.321346,
            47.078581,
            491.0
          ],
          [
            8.321275,
            47.078606,
            491.0
          ],
          [
            8.321175,
            47.078612,
            491.0
          ],
          [
            8.321076,
            47.0786,
            491.0
          ],
          [
            8.320726,
            47.078496,
            490.0
          ],
          [
            8.319703,
            47.078159,
            485.0
          ],
          [
            8.319604,
            47.078117,
            485.0
          ],
          [
            8.319531,
            47.078068,
            484.0
          ],
          [
            8.319477,
            47.078013,
            484.0
          ],
          [
            8.319397,
            47.077982,
            483.0
          ],
          [
            8.319244,
            47.07797,
            483.0
          ],
          [
            8.319038,
            47.077958,
            482.0
          ],
          [
            8.317367,
            47.077878,
            469.0
          ],
          [
            8.317223,
            47.077866,
            469.0
          ],
          [
            8.317017,
            47.077847,
            468.0
          ],
          [
            8.316837,
            47.077841,
            466.0
          ],
          [
            8.316638,
            47.077847,
            464.0
          ],
          [
            8.316522,
            47.077854,
            462.0
          ],
          [
            8.316414,
            47.077878,
            461.0
          ],
          [
            8.316279,
            47.077952,
            459.0
          ],
          [
            8.316145,
            47.078001,
            458.0
          ],
          [
            8.315902,
            47.078043,
            456.0
          ],
          [
            8.315651,
            47.078056,
            453.0
          ],
          [
            8.315292,
            47.078062,
            450.0
          ],
          [
            8.315057,
            47.078062,
            448.0
          ],
          [
            8.314816,
            47.07808,
            447.0
          ],
          [
            8.314573,
            47.078111,
            445.0
          ],
          [
            8.314447,
            47.078129,
            444.0
          ],
          [
            8.31434,
            47.078165,
            444.0
          ],
          [
            8.314088,
            47.078263,
            442.0
          ],
          [
            8.313881,
            47.078343,
            440.0
          ],
          [
            8.313638,
            47.078434,
            438.0
          ],
          [
            8.313315,
            47.078538,
            435.0
          ],
          [
            8.313235,
            47.078496,
            435.0
          ],
          [
            8.313216,
            47.078514,
            436.0
          ],
          [
            8.313162,
            47.078557,
            436.0
          ],
          [
            8.312147,
            47.079279,
            439.0
          ],
          [
            8.312013,
            47.079401,
            439.0
          ],
          [
            8.311751,
            47.079615,
            439.0
          ],
          [
            8.311698,
            47.07967,
            439.0
          ],
          [
            8.311627,
            47.079719,
            439.0
          ],
          [
            8.311294,
            47.079946,
            431.0
          ],
          [
            8.311087,
            47.079756,
            431.0
          ],
          [
            8.311078,
            47.079664,
            432.0
          ],
          [
            8.310755,
            47.079334,
            433.0
          ],
          [
            8.310432,
            47.079028,
            434.0
          ],
          [
            8.310315,
            47.078924,
            434.0
          ],
          [
            8.30948,
            47.078196,
            437.0
          ],
          [
            8.309363,
            47.078104,
            437.0
          ],
          [
            8.309344,
            47.078086,
            437.0
          ],
          [
            8.309084,
            47.07786,
            438.0
          ],
          [
            8.308994,
            47.077768,
            438.0
          ],
          [
            8.30894,
            47.077676,
            439.0
          ],
          [
            8.308923,
            47.077615,
            439.0
          ],
          [
            8.308923,
            47.077584,
            439.0
          ],
          [
            8.308923,
            47.077541,
            439.0
          ],
          [
            8.308877,
            47.077541,
            439.0
          ],
          [
            8.308833,
            47.077529,
            439.0
          ],
          [
            8.308797,
            47.077511,
            439.0
          ],
          [
            8.308554,
            47.077327,
            440.0
          ],
          [
            8.3085,
            47.077309,
            440.0
          ],
          [
            8.308428,
            47.077302,
            440.0
          ],
          [
            8.308348,
            47.077333,
            440.0
          ],
          [
            8.308239,
            47.077407,
            440.0
          ],
          [
            8.308051,
            47.077529,
            440.0
          ],
          [
            8.307701,
            47.077737,
            440.0
          ],
          [
            8.307619,
            47.077749,
            440.0
          ],
          [
            8.307539,
            47.077743,
            440.0
          ],
          [
            8.307458,
            47.077701,
            440.0
          ],
          [
            8.305221,
            47.076238,
            438.0
          ],
          [
            8.303981,
            47.075425,
            438.0
          ],
          [
            8.303623,
            47.075155,
            438.0
          ],
          [
            8.303451,
            47.075039,
            437.0
          ],
          [
            8.303227,
            47.074905,
            437.0
          ],
          [
            8.303038,
            47.074783,
            437.0
          ],
          [
            8.302885,
            47.074654,
            437.0
          ],
          [
            8.302769,
            47.074538,
            437.0
          ],
          [
            8.302635,
            47.074458,
            437.0
          ],
          [
            8.302382,
            47.074317,
            437.0
          ],
          [
            8.302095,
            47.074134,
            437.0
          ],
          [
            8.301987,
            47.074085,
            437.0
          ],
          [
            8.301879,
            47.074103,
            437.0
          ],
          [
            8.301537,
            47.073975,
            437.0
          ],
          [
            8.301187,
            47.073785,
            436.0
          ],
          [
            8.300874,
            47.073596,
            436.0
          ],
          [
            8.300622,
            47.073387,
            436.0
          ],
          [
            8.300262,
            47.073167,
            436.0
          ],
          [
            8.299921,
            47.072935,
            436.0
          ],
          [
            8.299732,
            47.072739,
            436.0
          ],
          [
            8.299643,
            47.07266,
            436.0
          ],
          [
            8.299319,
            47.072562,
            435.0
          ],
          [
            8.299095,
            47.072464,
            435.0
          ],
          [
            8.298627,
            47.072249,
            435.0
          ],
          [
            8.298358,
            47.072102,
            435.0
          ],
          [
            8.297253,
            47.071509,
            434.0
          ],
          [
            8.296948,
            47.071424,
            434.0
          ],
          [
            8.296417,
            47.07113,
            434.0
          ],
          [
            8.296256,
            47.07105,
            434.0
          ],
          [
            8.295375,
            47.070543,
            434.0
          ],
          [
            8.295195,
            47.070432,
            433.0
          ],
          [
            8.294954,
            47.07031,
            433.0
          ],
          [
            8.294495,
            47.070034,
            433.0
          ],
          [
            8.294163,
            47.069698,
            433.0
          ],
          [
            8.293929,
            47.06938,
            433.0
          ],
          [
            8.293857,
            47.0693,
            433.0
          ],
          [
            8.293767,
            47.069264,
            433.0
          ],
          [
            8.293732,
            47.069331,
            432.0
          ],
          [
            8.293723,
            47.069453,
            431.0
          ],
          [
            8.29357,
            47.06957,
            430.0
          ],
          [
            8.292968,
            47.070053,
            432.0
          ],
          [
            8.292861,
            47.070145,
            432.0
          ],
          [
            8.29269,
            47.069961,
            432.0
          ],
          [
            8.292402,
            47.069772,
            432.0
          ],
          [
            8.291935,
            47.069466,
            433.0
          ],
          [
            8.291629,
            47.069276,
            433.0
          ],
          [
            8.291342,
            47.069172,
            433.0
          ],
          [
            8.29127,
            47.069111,
            433.0
          ],
          [
            8.291226,
            47.06908,
            433.0
          ],
          [
            8.290937,
            47.068921,
            433.0
          ],
          [
            8.290408,
            47.068597,
            433.0
          ],
          [
            8.290318,
            47.068536,
            433.0
          ],
          [
            8.290157,
            47.068438,
            433.0
          ],
          [
            8.290004,
            47.068346,
            433.0
          ],
          [
            8.289717,
            47.068193,
            434.0
          ],
          [
            8.289438,
            47.06804,
            434.0
          ],
          [
            8.289258,
            47.067978,
            434.0
          ],
          [
            8.289042,
            47.06796,
            434.0
          ],
          [
            8.288881,
            47.067942,
            434.0
          ],
          [
            8.288423,
            47.067777,
            434.0
          ],
          [
            8.288189,
            47.067716,
            434.0
          ],
          [
            8.287605,
            47.067587,
            434.0
          ],
          [
            8.286878,
            47.067471,
            434.0
          ],
          [
            8.286832,
            47.067514,
            434.0
          ],
          [
            8.286679,
            47.067563,
            433.0
          ],
          [
            8.286563,
            47.067618,
            433.0
          ],
          [
            8.286473,
            47.067661,
            433.0
          ],
          [
            8.285962,
            47.067911,
            431.0
          ],
          [
            8.285576,
            47.068083,
            430.0
          ],
          [
            8.28492,
            47.068395,
            430.0
          ],
          [
            8.28483,
            47.068462,
            430.0
          ],
          [
            8.284685,
            47.068744,
            430.0
          ],
          [
            8.284381,
            47.06938,
            430.0
          ],
          [
            8.284245,
            47.069686,
            430.0
          ],
          [
            8.284155,
            47.069759,
            430.0
          ],
          [
            8.284092,
            47.069869,
            430.0
          ],
          [
            8.283949,
            47.069949,
            430.0
          ],
          [
            8.283859,
            47.069998,
            431.0
          ],
          [
            8.28385,
            47.070004,
            431.0
          ],
          [
            8.283689,
            47.070169,
            431.0
          ],
          [
            8.283671,
            47.070187,
            431.0
          ],
          [
            8.283671,
            47.0702,
            431.0
          ],
          [
            8.283679,
            47.070243,
            431.0
          ],
          [
            8.283671,
            47.070267,
            431.0
          ],
          [
            8.283643,
            47.070334,
            431.0
          ],
          [
            8.283626,
            47.070359,
            431.0
          ],
          [
            8.283492,
            47.070475,
            431.0
          ],
          [
            8.283347,
            47.070579,
            432.0
          ],
          [
            8.283347,
            47.070579,
            432.0
          ],
          [
            8.283329,
            47.070592,
            432.0
          ],
          [
            8.282907,
            47.070873,
            432.0
          ],
          [
            8.282727,
            47.071025,
            432.0
          ],
          [
            8.282511,
            47.07116,
            433.0
          ],
          [
            8.282484,
            47.071136,
            433.0
          ],
          [
            8.282476,
            47.071117,
            433.0
          ],
          [
            8.282494,
            47.071099,
            433.0
          ],
          [
            8.28262,
            47.071019,
            433.0
          ],
          [
            8.282637,
            47.071007,
            433.0
          ],
          [
            8.282637,
            47.070989,
            433.0
          ],
          [
            8.282629,
            47.070983,
            433.0
          ],
          [
            8.282484,
            47.070885,
            434.0
          ],
          [
            8.28227,
            47.070744,
            434.0
          ],
          [
            8.282215,
            47.070781,
            434.0
          ],
          [
            8.282242,
            47.070799,
            435.0
          ],
          [
            8.282278,
            47.070769,
            435.0
          ],
          [
            8.282323,
            47.070738,
            435.0
          ],
          [
            8.282171,
            47.070635,
            435.0
          ],
          [
            8.28227,
            47.070567,
            435.0
          ],
          [
            8.282395,
            47.070481,
            436.0
          ],
          [
            8.2827,
            47.070273,
            435.0
          ],
          [
            8.282763,
            47.07023,
            435.0
          ],
          [
            8.2828,
            47.070187,
            435.0
          ],
          [
            8.282817,
            47.070157,
            435.0
          ],
          [
            8.282836,
            47.070126,
            435.0
          ],
          [
            8.282808,
            47.070071,
            435.0
          ],
          [
            8.2827,
            47.069949,
            435.0
          ],
          [
            8.28262,
            47.069888,
            435.0
          ],
          [
            8.282547,
            47.069833,
            435.0
          ],
          [
            8.281847,
            47.069221,
            436.0
          ],
          [
            8.281758,
            47.069178,
            437.0
          ],
          [
            8.281704,
            47.06919,
            437.0
          ],
          [
            8.281658,
            47.069196,
            437.0
          ],
          [
            8.281587,
            47.069178,
            437.0
          ],
          [
            8.281452,
            47.069141,
            436.0
          ],
          [
            8.281299,
            47.069172,
            434.0
          ],
          [
            8.2812,
            47.06919,
            434.0
          ],
          [
            8.281012,
            47.068976,
            435.0
          ],
          [
            8.280599,
            47.068603,
            436.0
          ],
          [
            8.280482,
            47.068487,
            436.0
          ],
          [
            8.280446,
            47.068419,
            436.0
          ],
          [
            8.280392,
            47.068395,
            436.0
          ],
          [
            8.280356,
            47.068389,
            436.0
          ],
          [
            8.280347,
            47.068377,
            436.0
          ],
          [
            8.28032,
            47.068346,
            436.0
          ],
          [
            8.280302,
            47.068315,
            438.0
          ],
          [
            8.280293,
            47.068309,
            438.0
          ],
          [
            8.279924,
            47.068517,
            438.0
          ],
          [
            8.279718,
            47.068652,
            438.0
          ],
          [
            8.27961,
            47.068725,
            438.0
          ],
          [
            8.279404,
            47.068902,
            438.0
          ],
          [
            8.279144,
            47.069117,
            438.0
          ],
          [
            8.278702,
            47.069509,
            438.0
          ],
          [
            8.278496,
            47.069686,
            438.0
          ],
          [
            8.278245,
            47.069912,
            438.0
          ],
          [
            8.278119,
            47.070028,
            438.0
          ],
          [
            8.278119,
            47.070028,
            438.0
          ],
          [
            8.277993,
            47.070138,
            438.0
          ],
          [
            8.277939,
            47.070194,
            438.0
          ],
          [
            8.27758,
            47.0705,
            438.0
          ],
          [
            8.277347,
            47.070702,
            437.0
          ],
          [
            8.27696,
            47.071025,
            438.0
          ],
          [
            8.276655,
            47.071295,
            439.0
          ],
          [
            8.276251,
            47.071626,
            440.0
          ],
          [
            8.276079,
            47.071748,
            440.0
          ],
          [
            8.275945,
            47.071815,
            440.0
          ],
          [
            8.275702,
            47.071907,
            440.0
          ],
          [
            8.275559,
            47.071968,
            440.0
          ],
          [
            8.275423,
            47.072047,
            440.0
          ],
          [
            8.275316,
            47.072115,
            440.0
          ],
          [
            8.275263,
            47.072139,
            440.0
          ],
          [
            8.27511,
            47.072206,
            440.0
          ],
          [
            8.274976,
            47.072249,
            440.0
          ],
          [
            8.27485,
            47.072292,
            440.0
          ],
          [
            8.274723,
            47.072323,
            447.0
          ],
          [
            8.274561,
            47.07236,
            447.0
          ],
          [
            8.274373,
            47.072396,
            447.0
          ],
          [
            8.274121,
            47.072439,
            447.0
          ],
          [
            8.273852,
            47.07247,
            447.0
          ],
          [
            8.273609,
            47.072494,
            447.0
          ],
          [
            8.273429,
            47.072507,
            447.0
          ],
          [
            8.273259,
            47.072513,
            447.0
          ],
          [
            8.273035,
            47.072513,
            447.0
          ],
          [
            8.272873,
            47.072513,
            447.0
          ],
          [
            8.272712,
            47.072507,
            447.0
          ],
          [
            8.272559,
            47.072488,
            447.0
          ],
          [
            8.272316,
            47.072458,
            447.0
          ],
          [
            8.272064,
            47.072415,
            447.0
          ],
          [
            8.27193,
            47.072384,
            447.0
          ],
          [
            8.271884,
            47.072378,
            447.0
          ],
          [
            8.271849,
            47.072378,
            447.0
          ],
          [
            8.271813,
            47.072384,
            447.0
          ],
          [
            8.271768,
            47.072402,
            447.0
          ],
          [
            8.271723,
            47.072421,
            447.0
          ],
          [
            8.271678,
            47.072451,
            447.0
          ],
          [
            8.271634,
            47.072488,
            447.0
          ],
          [
            8.271544,
            47.072482,
            447.0
          ],
          [
            8.271498,
            47.072451,
            447.0
          ],
          [
            8.271255,
            47.072317,
            447.0
          ],
          [
            8.271121,
            47.072249,
            447.0
          ],
          [
            8.270924,
            47.072121,
            447.0
          ],
          [
            8.270628,
            47.071913,
            447.0
          ],
          [
            8.270439,
            47.071778,
            448.0
          ],
          [
            8.270186,
            47.071595,
            448.0
          ],
          [
            8.269936,
            47.071405,
            448.0
          ],
          [
            8.26981,
            47.071319,
            448.0
          ],
          [
            8.269737,
            47.07124,
            448.0
          ],
          [
            8.269468,
            47.070989,
            448.0
          ],
          [
            8.269234,
            47.070769,
            448.0
          ],
          [
            8.269028,
            47.070579,
            448.0
          ],
          [
            8.268768,
            47.070353,
            448.0
          ],
          [
            8.268498,
            47.07012,
            448.0
          ],
          [
            8.268102,
            47.069784,
            448.0
          ],
          [
            8.267905,
            47.069631,
            448.0
          ],
          [
            8.267878,
            47.069594,
            448.0
          ],
          [
            8.267878,
            47.069539,
            448.0
          ],
          [
            8.267888,
            47.069429,
            448.0
          ],
          [
            8.267905,
            47.069141,
            448.0
          ],
          [
            8.267905,
            47.069117,
            448.0
          ],
          [
            8.267905,
            47.069104,
            448.0
          ],
          [
            8.267923,
            47.069092,
            448.0
          ],
          [
            8.267932,
            47.069092,
            448.0
          ],
          [
            8.267941,
            47.069086,
            448.0
          ],
          [
            8.267932,
            47.06908,
            448.0
          ],
          [
            8.267888,
            47.069043,
            448.0
          ],
          [
            8.26786,
            47.069019,
            448.0
          ],
          [
            8.267825,
            47.068988,
            448.0
          ],
          [
            8.267815,
            47.068982,
            448.0
          ],
          [
            8.267798,
            47.068939,
            448.0
          ],
          [
            8.267762,
            47.06889,
            448.0
          ],
          [
            8.267663,
            47.068872,
            448.0
          ],
          [
            8.267591,
            47.068805,
            448.0
          ],
          [
            8.26724,
            47.068517,
            448.0
          ],
          [
            8.267106,
            47.068407,
            448.0
          ],
          [
            8.267087,
            47.068377,
            448.0
          ],
          [
            8.26672,
            47.068089,
            448.0
          ],
          [
            8.266342,
            47.067777,
            448.0
          ],
          [
            8.266018,
            47.067508,
            448.0
          ],
          [
            8.265705,
            47.067232,
            449.0
          ],
          [
            8.265498,
            47.067048,
            449.0
          ],
          [
            8.265418,
            47.066963,
            449.0
          ],
          [
            8.265389,
            47.066957,
            449.0
          ],
          [
            8.265309,
            47.066841,
            449.0
          ],
          [
            8.265156,
            47.0667,
            449.0
          ],
          [
            8.264976,
            47.066535,
            449.0
          ],
          [
            8.264806,
            47.066388,
            449.0
          ],
          [
            8.264599,
            47.066216,
            449.0
          ],
          [
            8.26451,
            47.066174,
            449.0
          ],
          [
            8.264384,
            47.066069,
            449.0
          ],
          [
            8.264339,
            47.066008,
            449.0
          ],
          [
            8.263791,
            47.065568,
            449.0
          ],
          [
            8.262794,
            47.064821,
            449.0
          ],
          [
            8.262399,
            47.064448,
            449.0
          ],
          [
            8.262282,
            47.064418,
            449.0
          ],
          [
            8.262165,
            47.06432,
            449.0
          ],
          [
            8.261662,
            47.063824,
            449.0
          ],
          [
            8.261357,
            47.063604,
            449.0
          ],
          [
            8.261284,
            47.063549,
            449.0
          ],
          [
            8.260674,
            47.063034,
            450.0
          ],
          [
            8.260359,
            47.062772,
            450.0
          ],
          [
            8.260135,
            47.062576,
            450.0
          ],
          [
            8.260081,
            47.062484,
            450.0
          ],
          [
            8.259542,
            47.062,
            450.0
          ],
          [
            8.259066,
            47.061566,
            450.0
          ],
          [
            8.25868,
            47.061223,
            450.0
          ],
          [
            8.258437,
            47.061003,
            450.0
          ],
          [
            8.258248,
            47.060826,
            450.0
          ],
          [
            8.258024,
            47.060611,
            450.0
          ],
          [
            8.257854,
            47.060452,
            450.0
          ],
          [
            8.257745,
            47.060226,
            450.0
          ],
          [
            8.257592,
            47.060097,
            450.0
          ],
          [
            8.257628,
            47.060049,
            450.0
          ],
          [
            8.25815,
            47.059779,
            450.0
          ],
          [
            8.25815,
            47.059755,
            450.0
          ],
          [
            8.258068,
            47.059651,
            450.0
          ],
          [
            8.258005,
            47.059528,
            450.0
          ],
          [
            8.257288,
            47.058861,
            450.0
          ],
          [
            8.257206,
            47.058757,
            450.0
          ],
          [
            8.257036,
            47.058886,
            450.0
          ],
          [
            8.256982,
            47.058947,
            450.0
          ],
          [
            8.256883,
            47.058984,
            450.0
          ],
          [
            8.256659,
            47.059039,
            450.0
          ],
          [
            8.256353,
            47.059149,
            450.0
          ],
          [
            8.256281,
            47.059167,
            450.0
          ],
          [
            8.256156,
            47.059155,
            451.0
          ],
          [
            8.25603,
            47.059118,
            451.0
          ],
          [
            8.255796,
            47.058904,
            451.0
          ],
          [
            8.255401,
            47.058524,
            451.0
          ],
          [
            8.25523,
            47.058359,
            451.0
          ],
          [
            8.255131,
            47.058243,
            451.0
          ],
          [
            8.254736,
            47.057864,
            452.0
          ],
          [
            8.254278,
            47.057429,
            452.0
          ],
          [
            8.254223,
            47.057374,
            452.0
          ],
          [
            8.25408,
            47.057234,
            452.0
          ],
          [
            8.253909,
            47.057087,
            452.0
          ],
          [
            8.253766,
            47.056915,
            452.0
          ],
          [
            8.253676,
            47.056743,
            452.0
          ],
          [
            8.253596,
            47.056566,
            452.0
          ],
          [
            8.253496,
            47.056248,
            453.0
          ],
          [
            8.253478,
            47.056132,
            453.0
          ],
          [
            8.253478,
            47.056101,
            453.0
          ],
          [
            8.25347,
            47.056021,
            453.0
          ],
          [
            8.253487,
            47.055856,
            453.0
          ],
          [
            8.253514,
            47.055691,
            453.0
          ],
          [
            8.253703,
            47.054889,
            453.0
          ],
          [
            8.253802,
            47.054614,
            454.0
          ],
          [
            8.253999,
            47.054081,
            454.0
          ],
          [
            8.254188,
            47.053659,
            454.0
          ],
          [
            8.254196,
            47.053635,
            454.0
          ],
          [
            8.254223,
            47.053604,
            454.0
          ],
          [
            8.254341,
            47.053659,
            454.0
          ],
          [
            8.254341,
            47.053653,
            454.0
          ],
          [
            8.254376,
            47.053623,
            454.0
          ],
          [
            8.254386,
            47.053616,
            454.0
          ],
          [
            8.254395,
            47.05361,
            454.0
          ],
          [
            8.25443,
            47.05358,
            454.0
          ],
          [
            8.254439,
            47.053567,
            454.0
          ],
          [
            8.254323,
            47.053506,
            454.0
          ],
          [
            8.254188,
            47.053451,
            455.0
          ],
          [
            8.254062,
            47.053402,
            455.0
          ],
          [
            8.254053,
            47.053378,
            455.0
          ],
          [
            8.254044,
            47.053341,
            455.0
          ],
          [
            8.254044,
            47.053316,
            455.0
          ],
          [
            8.254233,
            47.052631,
            455.0
          ],
          [
            8.254269,
            47.052386,
            455.0
          ],
          [
            8.254278,
            47.052098,
            456.0
          ],
          [
            8.254251,
            47.051811,
            456.0
          ],
          [
            8.254286,
            47.051682,
            456.0
          ],
          [
            8.254162,
            47.05126,
            456.0
          ],
          [
            8.253973,
            47.050899,
            457.0
          ],
          [
            8.25372,
            47.050611,
            457.0
          ],
          [
            8.253424,
            47.050403,
            457.0
          ],
          [
            8.252831,
            47.050103,
            457.0
          ],
          [
            8.252365,
            47.049883,
            458.0
          ],
          [
            8.252194,
            47.049803,
            458.0
          ],
          [
            8.252086,
            47.049778,
            458.0
          ],
          [
            8.251978,
            47.049772,
            458.0
          ],
          [
            8.251475,
            47.049729,
            458.0
          ],
          [
            8.251223,
            47.049699,
            458.0
          ],
          [
            8.251007,
            47.049656,
            458.0
          ],
          [
            8.249112,
            47.049081,
            459.0
          ],
          [
            8.248627,
            47.048977,
            460.0
          ],
          [
            8.248385,
            47.048922,
            460.0
          ],
          [
            8.24808,
            47.049001,
            460.0
          ],
          [
            8.247846,
            47.049038,
            460.0
          ],
          [
            8.247738,
            47.049044,
            460.0
          ],
          [
            8.247612,
            47.049044,
            460.0
          ],
          [
            8.247495,
            47.049032,
            460.0
          ],
          [
            8.246992,
            47.048934,
            460.0
          ],
          [
            8.246723,
            47.048879,
            461.0
          ],
          [
            8.246535,
            47.048836,
            461.0
          ],
          [
            8.246372,
            47.048793,
            461.0
          ],
          [
            8.246238,
            47.048732,
            461.0
          ],
          [
            8.246166,
            47.048683,
            461.0
          ],
          [
            8.246103,
            47.04861,
            461.0
          ],
          [
            8.246004,
            47.048445,
            461.0
          ],
          [
            8.245959,
            47.048402,
            461.0
          ],
          [
            8.245906,
            47.048371,
            461.0
          ],
          [
            8.245816,
            47.04834,
            461.0
          ],
          [
            8.245672,
            47.048322,
            461.0
          ],
          [
            8.245501,
            47.048328,
            461.0
          ],
          [
            8.24534,
            47.048316,
            461.0
          ],
          [
            8.245196,
            47.048291,
            461.0
          ],
          [
            8.244441,
            47.048144,
            462.0
          ],
          [
            8.244055,
            47.048058,
            462.0
          ],
          [
            8.243516,
            47.047942,
            462.0
          ],
          [
            8.24312,
            47.047802,
            462.0
          ],
          [
            8.242753,
            47.047716,
            463.0
          ],
          [
            8.242187,
            47.047539,
            463.0
          ],
          [
            8.241818,
            47.047428,
            463.0
          ],
          [
            8.241405,
            47.047336,
            463.0
          ],
          [
            8.241019,
            47.047336,
            463.0
          ],
          [
            8.240659,
            47.047312,
            464.0
          ],
          [
            8.24022,
            47.047208,
            464.0
          ],
          [
            8.239878,
            47.04711,
            464.0
          ],
          [
            8.239644,
            47.047018,
            464.0
          ],
          [
            8.239411,
            47.047006,
            464.0
          ],
          [
            8.239159,
            47.047055,
            464.0
          ],
          [
            8.238962,
            47.047103,
            464.0
          ],
          [
            8.238791,
            47.047103,
            464.0
          ],
          [
            8.23862,
            47.047067,
            465.0
          ],
          [
            8.238459,
            47.047006,
            465.0
          ],
          [
            8.238342,
            47.046957,
            465.0
          ],
          [
            8.238054,
            47.046939,
            465.0
          ],
          [
            8.237983,
            47.046987,
            465.0
          ],
          [
            8.237856,
            47.047055,
            465.0
          ],
          [
            8.23773,
            47.047049,
            465.0
          ],
          [
            8.23756,
            47.046945,
            465.0
          ],
          [
            8.237407,
            47.046847,
            465.0
          ],
          [
            8.237264,
            47.046847,
            465.0
          ],
          [
            8.237111,
            47.046841,
            465.0
          ],
          [
            8.236751,
            47.046773,
            466.0
          ],
          [
            8.236464,
            47.046706,
            466.0
          ],
          [
            8.236258,
            47.046651,
            466.0
          ],
          [
            8.235998,
            47.046682,
            466.0
          ],
          [
            8.235835,
            47.0467,
            466.0
          ],
          [
            8.235683,
            47.046675,
            466.0
          ],
          [
            8.234757,
            47.046547,
            466.0
          ],
          [
            8.234101,
            47.046424,
            467.0
          ],
          [
            8.234002,
            47.046387,
            467.0
          ],
          [
            8.233868,
            47.0464,
            467.0
          ],
          [
            8.233581,
            47.046369,
            467.0
          ],
          [
            8.233491,
            47.046326,
            467.0
          ],
          [
            8.233348,
            47.046326,
            467.0
          ],
          [
            8.233159,
            47.046283,
            467.0
          ],
          [
            8.233015,
            47.046289,
            467.0
          ],
          [
            8.232862,
            47.046228,
            467.0
          ],
          [
            8.23261,
            47.046192,
            467.0
          ],
          [
            8.232467,
            47.046198,
            467.0
          ],
          [
            8.232306,
            47.046167,
            468.0
          ],
          [
            8.231883,
            47.046106,
            468.0
          ],
          [
            8.231587,
            47.046106,
            468.0
          ],
          [
            8.23138,
            47.046039,
            468.0
          ],
          [
            8.231218,
            47.046027,
            468.0
          ],
          [
            8.231092,
            47.04599,
            468.0
          ],
          [
            8.230904,
            47.04599,
            468.0
          ],
          [
            8.230598,
            47.045947,
            468.0
          ],
          [
            8.230176,
            47.045867,
            469.0
          ],
          [
            8.22978,
            47.045812,
            469.0
          ],
          [
            8.229476,
            47.045763,
            469.0
          ],
          [
            8.229386,
            47.045733,
            469.0
          ],
          [
            8.229125,
            47.045708,
            469.0
          ],
          [
            8.228631,
            47.045684,
            469.0
          ],
          [
            8.228119,
            47.045616,
            469.0
          ],
          [
            8.227778,
            47.045543,
            470.0
          ],
          [
            8.227499,
            47.045469,
            470.0
          ],
          [
            8.226826,
            47.045408,
            470.0
          ],
          [
            8.225909,
            47.04531,
            470.0
          ],
          [
            8.225685,
            47.04531,
            470.0
          ],
          [
            8.225559,
            47.045274,
            470.0
          ],
          [
            8.225415,
            47.045274,
            470.0
          ],
          [
            8.225262,
            47.045231,
            470.0
          ],
          [
            8.224912,
            47.0452,
            471.0
          ],
          [
            8.224633,
            47.045133,
            471.0
          ],
          [
            8.22439,
            47.045139,
            471.0
          ],
          [
            8.223987,
            47.045096,
            471.0
          ],
          [
            8.223511,
            47.045017,
            471.0
          ],
          [
            8.22334,
            47.04501,
            471.0
          ],
          [
            8.223205,
            47.04498,
            471.0
          ],
          [
            8.222935,
            47.044949,
            471.0
          ],
          [
            8.222666,
            47.044937,
            471.0
          ],
          [
            8.222486,
            47.044863,
            471.0
          ],
          [
            8.22228,
            47.044839,
            471.0
          ],
          [
            8.221983,
            47.044784,
            472.0
          ],
          [
            8.221714,
            47.044784,
            472.0
          ],
          [
            8.221427,
            47.044722,
            472.0
          ],
          [
            8.221184,
            47.044704,
            472.0
          ],
          [
            8.220842,
            47.044649,
            472.0
          ],
          [
            8.220555,
            47.044612,
            472.0
          ],
          [
            8.220456,
            47.044594,
            472.0
          ],
          [
            8.220394,
            47.044594,
            472.0
          ],
          [
            8.220358,
            47.044606,
            472.0
          ],
          [
            8.220312,
            47.044612,
            472.0
          ],
          [
            8.220285,
            47.044612,
            472.0
          ],
          [
            8.220052,
            47.044588,
            473.0
          ],
          [
            8.219935,
            47.044569,
            473.0
          ],
          [
            8.219702,
            47.044423,
            473.0
          ],
          [
            8.219001,
            47.044276,
            473.0
          ],
          [
            8.218723,
            47.044227,
            473.0
          ],
          [
            8.218165,
            47.044166,
            474.0
          ],
          [
            8.217834,
            47.044135,
            474.0
          ],
          [
            8.217268,
            47.044061,
            474.0
          ],
          [
            8.216989,
            47.044012,
            474.0
          ],
          [
            8.215937,
            47.043945,
            475.0
          ],
          [
            8.215767,
            47.04392,
            475.0
          ],
          [
            8.215452,
            47.043896,
            475.0
          ],
          [
            8.214706,
            47.04381,
            475.0
          ],
          [
            8.214096,
            47.043719,
            476.0
          ],
          [
            8.213647,
            47.043627,
            476.0
          ],
          [
            8.212811,
            47.043499,
            476.0
          ],
          [
            8.212416,
            47.043425,
            477.0
          ],
          [
            8.211932,
            47.043358,
            477.0
          ],
          [
            8.211653,
            47.043333,
            477.0
          ],
          [
            8.211177,
            47.04329,
            477.0
          ],
          [
            8.210961,
            47.04326,
            477.0
          ],
          [
            8.21009,
            47.043125,
            478.0
          ],
          [
            8.209758,
            47.04307,
            478.0
          ],
          [
            8.209641,
            47.043063,
            478.0
          ],
          [
            8.209461,
            47.043076,
            478.0
          ],
          [
            8.20929,
            47.043051,
            478.0
          ],
          [
            8.208643,
            47.043174,
            479.0
          ],
          [
            8.207727,
            47.04307,
            479.0
          ],
          [
            8.207377,
            47.042935,
            479.0
          ],
          [
            8.207098,
            47.042941,
            479.0
          ],
          [
            8.206622,
            47.042904,
            480.0
          ],
          [
            8.20637,
            47.04285,
            480.0
          ],
          [
            8.205832,
            47.042837,
            480.0
          ],
          [
            8.205221,
            47.042764,
            480.0
          ],
          [
            8.204762,
            47.042764,
            480.0
          ],
          [
            8.204521,
            47.042715,
            480.0
          ],
          [
            8.204196,
            47.042691,
            480.0
          ],
          [
            8.203766,
            47.042629,
            481.0
          ],
          [
            8.203649,
            47.042562,
            481.0
          ],
          [
            8.203505,
            47.042574,
            481.0
          ],
          [
            8.20329,
            47.042562,
            481.0
          ],
          [
            8.202597,
            47.042482,
            481.0
          ],
          [
            8.202311,
            47.04258,
            480.0
          ],
          [
            8.202095,
            47.042599,
            480.0
          ],
          [
            8.20063,
            47.042452,
            480.0
          ],
          [
            8.20037,
            47.042427,
            480.0
          ],
          [
            8.200064,
            47.042366,
            480.0
          ],
          [
            8.199974,
            47.042353,
            480.0
          ],
          [
            8.199571,
            47.042372,
            481.0
          ],
          [
            8.199221,
            47.04236,
            481.0
          ],
          [
            8.197774,
            47.04228,
            482.0
          ],
          [
            8.195645,
            47.042304,
            484.0
          ],
          [
            8.193219,
            47.042439,
            486.0
          ],
          [
            8.19276,
            47.042452,
            486.0
          ],
          [
            8.192492,
            47.042415,
            486.0
          ],
          [
            8.191728,
            47.042072,
            487.0
          ],
          [
            8.191692,
            47.042011,
            487.0
          ],
          [
            8.191494,
            47.041944,
            487.0
          ],
          [
            8.191414,
            47.041907,
            487.0
          ],
          [
            8.191324,
            47.041925,
            487.0
          ],
          [
            8.191036,
            47.041944,
            488.0
          ],
          [
            8.190228,
            47.042005,
            488.0
          ],
          [
            8.189428,
            47.042041,
            488.0
          ],
          [
            8.189221,
            47.042035,
            489.0
          ],
          [
            8.189051,
            47.042066,
            489.0
          ],
          [
            8.188629,
            47.042109,
            489.0
          ],
          [
            8.188566,
            47.042115,
            489.0
          ],
          [
            8.188431,
            47.042127,
            489.0
          ],
          [
            8.188225,
            47.042145,
            489.0
          ],
          [
            8.188215,
            47.042145,
            489.0
          ],
          [
            8.187066,
            47.042255,
            490.0
          ],
          [
            8.186653,
            47.042292,
            490.0
          ],
          [
            8.185287,
            47.042427,
            491.0
          ],
          [
            8.185108,
            47.042439,
            491.0
          ],
          [
            8.18421,
            47.042562,
            491.0
          ],
          [
            8.184101,
            47.042556,
            491.0
          ],
          [
            8.184021,
            47.042543,
            491.0
          ],
          [
            8.18394,
            47.042531,
            492.0
          ],
          [
            8.183868,
            47.042525,
            492.0
          ],
          [
            8.18385,
            47.042568,
            492.0
          ],
          [
            8.183814,
            47.042605,
            492.0
          ],
          [
            8.183697,
            47.042648,
            492.0
          ],
          [
            8.183518,
            47.04266,
            492.0
          ],
          [
            8.183202,
            47.042654,
            492.0
          ],
          [
            8.183068,
            47.042678,
            492.0
          ],
          [
            8.182942,
            47.042672,
            492.0
          ],
          [
            8.18234,
            47.042678,
            493.0
          ],
          [
            8.181684,
            47.042678,
            493.0
          ],
          [
            8.181181,
            47.042654,
            493.0
          ],
          [
            8.180768,
            47.042629,
            493.0
          ],
          [
            8.180311,
            47.042642,
            494.0
          ],
          [
            8.180149,
            47.042666,
            494.0
          ],
          [
            8.17996,
            47.042672,
            494.0
          ],
          [
            8.17881,
            47.04266,
            495.0
          ],
          [
            8.178128,
            47.042672,
            495.0
          ],
          [
            8.177562,
            47.042648,
            495.0
          ],
          [
            8.17722,
            47.042648,
            495.0
          ],
          [
            8.177158,
            47.042592,
            495.0
          ],
          [
            8.177086,
            47.042482,
            496.0
          ],
          [
            8.177086,
            47.042433,
            496.0
          ],
          [
            8.176376,
            47.04236,
            496.0
          ],
          [
            8.176088,
            47.042347,
            496.0
          ],
          [
            8.175818,
            47.042286,
            496.0
          ],
          [
            8.175612,
            47.042237,
            496.0
          ],
          [
            8.175522,
            47.042188,
            497.0
          ],
          [
            8.174902,
            47.041815,
            497.0
          ],
          [
            8.174678,
            47.041686,
            497.0
          ],
          [
            8.174552,
            47.041668,
            497.0
          ],
          [
            8.173897,
            47.041735,
            498.0
          ],
          [
            8.17378,
            47.041735,
            498.0
          ],
          [
            8.173573,
            47.041686,
            498.0
          ],
          [
            8.173384,
            47.041662,
            498.0
          ],
          [
            8.172989,
            47.041509,
            498.0
          ],
          [
            8.172927,
            47.041502,
            498.0
          ],
          [
            8.172791,
            47.041466,
            498.0
          ],
          [
            8.171057,
            47.040364,
            500.0
          ],
          [
            8.170618,
            47.040187,
            500.0
          ],
          [
            8.170411,
            47.040082,
            500.0
          ],
          [
            8.169989,
            47.039739,
            500.0
          ],
          [
            8.169539,
            47.039544,
            500.0
          ],
          [
            8.169432,
            47.03947,
            500.0
          ],
          [
            8.169342,
            47.039342,
            500.0
          ],
          [
            8.169342,
            47.039182,
            500.0
          ],
          [
            8.169162,
            47.039152,
            500.0
          ],
          [
            8.168713,
            47.039084,
            500.0
          ],
          [
            8.16847,
            47.039023,
            500.0
          ],
          [
            8.168344,
            47.038974,
            500.0
          ],
          [
            8.168201,
            47.038876,
            500.0
          ],
          [
            8.167967,
            47.038687,
            500.0
          ],
          [
            8.167896,
            47.038632,
            500.0
          ],
          [
            8.167841,
            47.038595,
            500.0
          ],
          [
            8.167788,
            47.03857,
            500.0
          ],
          [
            8.167734,
            47.038558,
            500.0
          ],
          [
            8.167662,
            47.038546,
            500.0
          ],
          [
            8.167608,
            47.038546,
            500.0
          ],
          [
            8.167554,
            47.038552,
            500.0
          ],
          [
            8.167482,
            47.03857,
            500.0
          ],
          [
            8.167411,
            47.038595,
            500.0
          ],
          [
            8.167241,
            47.038656,
            501.0
          ],
          [
            8.167159,
            47.038675,
            501.0
          ],
          [
            8.167069,
            47.038687,
            501.0
          ],
          [
            8.167015,
            47.038681,
            501.0
          ],
          [
            8.166962,
            47.038675,
            501.0
          ],
          [
            8.166916,
            47.038656,
            501.0
          ],
          [
            8.166881,
            47.038638,
            501.0
          ],
          [
            8.166836,
            47.038607,
            501.0
          ],
          [
            8.166755,
            47.038503,
            501.0
          ],
          [
            8.166692,
            47.038423,
            501.0
          ],
          [
            8.16662,
            47.03835,
            501.0
          ],
          [
            8.16653,
            47.038258,
            501.0
          ],
          [
            8.166459,
            47.038203,
            501.0
          ],
          [
            8.166378,
            47.038142,
            501.0
          ],
          [
            8.166189,
            47.038044,
            501.0
          ],
          [
            8.165964,
            47.037903,
            502.0
          ],
          [
            8.165694,
            47.037774,
            502.0
          ],
          [
            8.165604,
            47.037732,
            502.0
          ],
          [
            8.165254,
            47.037609,
            502.0
          ],
          [
            8.165067,
            47.037554,
            502.0
          ],
          [
            8.165165,
            47.037315,
            503.0
          ],
          [
            8.164321,
            47.037046,
            503.0
          ],
          [
            8.163459,
            47.036813,
            504.0
          ],
          [
            8.163404,
            47.036807,
            504.0
          ],
          [
            8.163036,
            47.036782,
            504.0
          ],
          [
            8.162658,
            47.036758,
            504.0
          ],
          [
            8.162299,
            47.036684,
            505.0
          ],
          [
            8.162075,
            47.036672,
            505.0
          ],
          [
            8.161878,
            47.036697,
            505.0
          ],
          [
            8.161375,
            47.036831,
            505.0
          ],
          [
            8.161212,
            47.036856,
            505.0
          ],
          [
            8.160826,
            47.03688,
            506.0
          ],
          [
            8.159775,
            47.036923,
            506.0
          ],
          [
            8.159415,
            47.036966,
            506.0
          ],
          [
            8.158706,
            47.037101,
            507.0
          ],
          [
            8.157889,
            47.037303,
            507.0
          ],
          [
            8.157296,
            47.037462,
            508.0
          ],
          [
            8.157107,
            47.03748,
            508.0
          ],
          [
            8.156496,
            47.037395,
            508.0
          ],
          [
            8.156496,
            47.037352,
            508.0
          ],
          [
            8.155499,
            47.037725,
            509.0
          ],
          [
            8.155364,
            47.037756,
            509.0
          ],
          [
            8.154853,
            47.037891,
            510.0
          ],
          [
            8.153999,
            47.038221,
            510.0
          ],
          [
            8.153658,
            47.038325,
            510.0
          ],
          [
            8.153325,
            47.038405,
            510.0
          ],
          [
            8.152849,
            47.038485,
            510.0
          ],
          [
            8.152121,
            47.038619,
            511.0
          ],
          [
            8.152004,
            47.038717,
            511.0
          ],
          [
            8.151637,
            47.038864,
            511.0
          ],
          [
            8.150657,
            47.03906,
            512.0
          ],
          [
            8.150163,
            47.03909,
            512.0
          ],
          [
            8.14993,
            47.039164,
            512.0
          ],
          [
            8.149633,
            47.039262,
            512.0
          ],
          [
            8.149085,
            47.039348,
            513.0
          ],
          [
            8.148106,
            47.039507,
            513.0
          ],
          [
            8.147648,
            47.039575,
            513.0
          ],
          [
            8.147387,
            47.039532,
            514.0
          ],
          [
            8.146714,
            47.039678,
            514.0
          ],
          [
            8.146354,
            47.039709,
            514.0
          ],
          [
            8.14604,
            47.039721,
            514.0
          ],
          [
            8.145546,
            47.039599,
            515.0
          ],
          [
            8.145259,
            47.039562,
            515.0
          ],
          [
            8.145043,
            47.039519,
            515.0
          ],
          [
            8.144773,
            47.039801,
            515.0
          ],
          [
            8.144666,
            47.039856,
            515.0
          ],
          [
            8.144387,
            47.039929,
            515.0
          ],
          [
            8.144108,
            47.039997,
            515.0
          ],
          [
            8.143884,
            47.040015,
            516.0
          ],
          [
            8.143515,
            47.040064,
            516.0
          ],
          [
            8.143148,
            47.040119,
            516.0
          ],
          [
            8.142949,
            47.040187,
            516.0
          ],
          [
            8.142473,
            47.040266,
            516.0
          ],
          [
            8.142141,
            47.040358,
            517.0
          ],
          [
            8.1418,
            47.040377,
            517.0
          ],
          [
            8.14162,
            47.040413,
            517.0
          ],
          [
            8.140785,
            47.040756,
            517.0
          ],
          [
            8.140326,
            47.040884,
            518.0
          ],
          [
            8.139905,
            47.041032,
            518.0
          ],
          [
            8.139267,
            47.041301,
            518.0
          ],
          [
            8.139257,
            47.041337,
            518.0
          ],
          [
            8.139213,
            47.041411,
            518.0
          ],
          [
            8.138943,
            47.041533,
            519.0
          ],
          [
            8.138054,
            47.041932,
            519.0
          ],
          [
            8.137372,
            47.042176,
            519.0
          ],
          [
            8.136716,
            47.04239,
            520.0
          ],
          [
            8.13623,
            47.042482,
            520.0
          ],
          [
            8.135664,
            47.042568,
            520.0
          ],
          [
            8.135072,
            47.042697,
            520.0
          ],
          [
            8.134523,
            47.042788,
            520.0
          ],
          [
            8.133993,
            47.042911,
            521.0
          ],
          [
            8.133517,
            47.042996,
            521.0
          ],
          [
            8.13314,
            47.043057,
            521.0
          ],
          [
            8.132808,
            47.043186,
            522.0
          ],
          [
            8.132242,
            47.043302,
            522.0
          ],
          [
            8.132071,
            47.043394,
            522.0
          ],
          [
            8.131613,
            47.043523,
            523.0
          ],
          [
            8.130651,
            47.043847,
            523.0
          ],
          [
            8.1281,
            47.044466,
            525.0
          ],
          [
            8.127615,
            47.044514,
            526.0
          ],
          [
            8.127355,
            47.044539,
            526.0
          ],
          [
            8.12589,
            47.044551,
            527.0
          ],
          [
            8.124301,
            47.044392,
            528.0
          ],
          [
            8.123627,
            47.044135,
            529.0
          ],
          [
            8.123349,
            47.044123,
            529.0
          ],
          [
            8.122252,
            47.044221,
            530.0
          ],
          [
            8.122145,
            47.044239,
            530.0
          ],
          [
            8.122019,
            47.04427,
            530.0
          ],
          [
            8.121884,
            47.04427,
            530.0
          ],
          [
            8.121678,
            47.044245,
            530.0
          ],
          [
            8.121569,
            47.044258,
            530.0
          ],
          [
            8.121453,
            47.044288,
            530.0
          ],
          [
            8.121416,
            47.044313,
            530.0
          ],
          [
            8.121372,
            47.04435,
            530.0
          ],
          [
            8.121319,
            47.044386,
            530.0
          ],
          [
            8.121246,
            47.044429,
            530.0
          ],
          [
            8.121192,
            47.044453,
            530.0
          ],
          [
            8.12112,
            47.044478,
            530.0
          ],
          [
            8.120977,
            47.044508,
            530.0
          ],
          [
            8.120833,
            47.044527,
            530.0
          ],
          [
            8.120734,
            47.044533,
            530.0
          ],
          [
            8.120627,
            47.044533,
            530.0
          ],
          [
            8.120573,
            47.044527,
            530.0
          ],
          [
            8.120527,
            47.044496,
            530.0
          ],
          [
            8.1205,
            47.044502,
            530.0
          ],
          [
            8.120474,
            47.044496,
            530.0
          ],
          [
            8.120464,
            47.044496,
            530.0
          ],
          [
            8.120447,
            47.04449,
            530.0
          ],
          [
            8.12042,
            47.044478,
            530.0
          ],
          [
            8.120374,
            47.044447,
            530.0
          ],
          [
            8.12034,
            47.044411,
            531.0
          ],
          [
            8.120321,
            47.044398,
            531.0
          ],
          [
            8.120294,
            47.044392,
            531.0
          ],
          [
            8.120258,
            47.04438,
            531.0
          ],
          [
            8.120034,
            47.04435,
            531.0
          ],
          [
            8.119988,
            47.044343,
            531.0
          ],
          [
            8.119934,
            47.044337,
            531.0
          ],
          [
            8.119908,
            47.044337,
            531.0
          ],
          [
            8.119835,
            47.04435,
            531.0
          ],
          [
            8.119755,
            47.044362,
            531.0
          ],
          [
            8.119719,
            47.044374,
            532.0
          ],
          [
            8.119665,
            47.044398,
            532.0
          ],
          [
            8.119584,
            47.044441,
            532.0
          ],
          [
            8.119531,
            47.044466,
            532.0
          ],
          [
            8.119414,
            47.044496,
            532.0
          ],
          [
            8.119234,
            47.044533,
            532.0
          ],
          [
            8.119153,
            47.044557,
            532.0
          ],
          [
            8.119108,
            47.044576,
            533.0
          ],
          [
            8.119063,
            47.044606,
            533.0
          ],
          [
            8.118965,
            47.044716,
            533.0
          ],
          [
            8.118902,
            47.044784,
            533.0
          ],
          [
            8.118856,
            47.04482,
            533.0
          ],
          [
            8.118803,
            47.044851,
            533.0
          ],
          [
            8.118732,
            47.044882,
            533.0
          ],
          [
            8.117877,
            47.045164,
            535.0
          ],
          [
            8.117581,
            47.045249,
            535.0
          ],
          [
            8.117294,
            47.045329,
            536.0
          ],
          [
            8.11715,
            47.045377,
            536.0
          ],
          [
            8.117069,
            47.045414,
            536.0
          ],
          [
            8.116835,
            47.045537,
            537.0
          ],
          [
            8.116655,
            47.045628,
            537.0
          ],
          [
            8.116558,
            47.045684,
            537.0
          ],
          [
            8.116476,
            47.045739,
            537.0
          ],
          [
            8.116242,
            47.045923,
            538.0
          ],
          [
            8.116018,
            47.046094,
            538.0
          ],
          [
            8.115856,
            47.046216,
            539.0
          ],
          [
            8.115703,
            47.046344,
            539.0
          ],
          [
            8.115659,
            47.046381,
            539.0
          ],
          [
            8.115596,
            47.046418,
            539.0
          ],
          [
            8.115497,
            47.046461,
            539.0
          ],
          [
            8.11538,
            47.04651,
            540.0
          ],
          [
            8.115191,
            47.046639,
            540.0
          ],
          [
            8.115074,
            47.0467,
            540.0
          ],
          [
            8.114958,
            47.046755,
            540.0
          ],
          [
            8.114913,
            47.046792,
            540.0
          ],
          [
            8.114877,
            47.046835,
            540.0
          ],
          [
            8.114797,
            47.046908,
            540.0
          ],
          [
            8.114554,
            47.047091,
            540.0
          ],
          [
            8.114419,
            47.047177,
            540.0
          ],
          [
            8.114329,
            47.04722,
            540.0
          ],
          [
            8.114221,
            47.047281,
            541.0
          ],
          [
            8.113728,
            47.047612,
            541.0
          ],
          [
            8.113342,
            47.048009,
            542.0
          ],
          [
            8.11317,
            47.048506,
            542.0
          ],
          [
            8.113053,
            47.048781,
            542.0
          ],
          [
            8.112927,
            47.048971,
            543.0
          ],
          [
            8.112793,
            47.049111,
            543.0
          ],
          [
            8.112541,
            47.049216,
            543.0
          ],
          [
            8.112254,
            47.049332,
            543.0
          ],
          [
            8.111975,
            47.04943,
            544.0
          ],
          [
            8.111374,
            47.049583,
            544.0
          ],
          [
            8.110871,
            47.049729,
            544.0
          ],
          [
            8.110763,
            47.049742,
            544.0
          ],
          [
            8.110665,
            47.049742,
            545.0
          ],
          [
            8.110602,
            47.049723,
            545.0
          ],
          [
            8.11052,
            47.04968,
            545.0
          ],
          [
            8.110386,
            47.049595,
            545.0
          ],
          [
            8.110071,
            47.049387,
            545.0
          ],
          [
            8.109837,
            47.049234,
            545.0
          ],
          [
            8.109604,
            47.049118,
            546.0
          ],
          [
            8.109182,
            47.048989,
            546.0
          ],
          [
            8.108948,
            47.048958,
            546.0
          ],
          [
            8.108661,
            47.048977,
            546.0
          ],
          [
            8.108095,
            47.048983,
            547.0
          ],
          [
            8.108013,
            47.049007,
            547.0
          ],
          [
            8.107979,
            47.049032,
            547.0
          ],
          [
            8.107933,
            47.049056,
            547.0
          ],
          [
            8.107421,
            47.049552,
            548.0
          ],
          [
            8.107331,
            47.049674,
            548.0
          ],
          [
            8.10726,
            47.049809,
            548.0
          ],
          [
            8.107071,
            47.050293,
            548.0
          ],
          [
            8.10699,
            47.050482,
            549.0
          ],
          [
            8.10691,
            47.050574,
            549.0
          ],
          [
            8.106711,
            47.050776,
            549.0
          ],
          [
            8.106604,
            47.050917,
            549.0
          ],
          [
            8.106505,
            47.050997,
            549.0
          ],
          [
            8.106191,
            47.05115,
            550.0
          ],
          [
            8.106118,
            47.051193,
            550.0
          ],
          [
            8.105929,
            47.051315,
            550.0
          ],
          [
            8.105841,
            47.051376,
            550.0
          ],
          [
            8.105715,
            47.051498,
            550.0
          ],
          [
            8.105489,
            47.051792,
            557.0
          ],
          [
            8.105418,
            47.051866,
            559.0
          ],
          [
            8.105292,
            47.051946,
            562.0
          ],
          [
            8.105149,
            47.052001,
            564.0
          ],
          [
            8.10504,
            47.052031,
            566.0
          ],
          [
            8.104933,
            47.052092,
            568.0
          ],
          [
            8.104736,
            47.052239,
            571.0
          ],
          [
            8.104637,
            47.0523,
            572.0
          ],
          [
            8.104547,
            47.052349,
            574.0
          ],
          [
            8.104457,
            47.05241,
            575.0
          ],
          [
            8.104403,
            47.052459,
            576.0
          ],
          [
            8.104358,
            47.052551,
            577.0
          ],
          [
            8.104277,
            47.052606,
            578.0
          ],
          [
            8.104197,
            47.052686,
            579.0
          ],
          [
            8.104143,
            47.052741,
            580.0
          ],
          [
            8.103945,
            47.05301,
            582.0
          ],
          [
            8.10381,
            47.053163,
            583.0
          ],
          [
            8.103747,
            47.053224,
            584.0
          ],
          [
            8.103658,
            47.053304,
            584.0
          ],
          [
            8.103522,
            47.053408,
            585.0
          ],
          [
            8.103514,
            47.053445,
            585.0
          ],
          [
            8.103495,
            47.053488,
            585.0
          ],
          [
            8.103388,
            47.053721,
            583.0
          ],
          [
            8.103369,
            47.053769,
            583.0
          ],
          [
            8.103352,
            47.0538,
            583.0
          ],
          [
            8.103325,
            47.053837,
            582.0
          ],
          [
            8.103298,
            47.053861,
            582.0
          ],
          [
            8.103262,
            47.053885,
            582.0
          ],
          [
            8.103226,
            47.05391,
            582.0
          ],
          [
            8.103181,
            47.053928,
            582.0
          ],
          [
            8.103109,
            47.053953,
            581.0
          ],
          [
            8.102768,
            47.054038,
            579.0
          ],
          [
            8.102696,
            47.054063,
            578.0
          ],
          [
            8.102652,
            47.054081,
            577.0
          ],
          [
            8.102615,
            47.054106,
            576.0
          ],
          [
            8.102589,
            47.05413,
            576.0
          ],
          [
            8.102562,
            47.054173,
            575.0
          ],
          [
            8.102552,
            47.05421,
            574.0
          ],
          [
            8.102562,
            47.054247,
            573.0
          ],
          [
            8.10257,
            47.054289,
            573.0
          ],
          [
            8.102597,
            47.054345,
            571.0
          ],
          [
            8.102803,
            47.054712,
            565.0
          ],
          [
            8.102831,
            47.054809,
            563.0
          ],
          [
            8.102885,
            47.055024,
            560.0
          ],
          [
            8.102975,
            47.05525,
            556.0
          ],
          [
            8.103046,
            47.055416,
            552.0
          ],
          [
            8.103055,
            47.055477,
            551.0
          ],
          [
            8.103019,
            47.055514,
            551.0
          ],
          [
            8.102966,
            47.055544,
            550.0
          ],
          [
            8.102417,
            47.055611,
            550.0
          ],
          [
            8.1024,
            47.055617,
            550.0
          ],
          [
            8.102139,
            47.055654,
            550.0
          ],
          [
            8.101986,
            47.055685,
            550.0
          ],
          [
            8.101879,
            47.055715,
            550.0
          ],
          [
            8.10161,
            47.055825,
            550.0
          ],
          [
            8.101528,
            47.055862,
            550.0
          ],
          [
            8.101501,
            47.055874,
            550.0
          ],
          [
            8.101457,
            47.055911,
            550.0
          ],
          [
            8.10143,
            47.055936,
            550.0
          ],
          [
            8.101313,
            47.056064,
            550.0
          ],
          [
            8.101241,
            47.056138,
            550.0
          ],
          [
            8.101097,
            47.056303,
            551.0
          ],
          [
            8.101071,
            47.056291,
            551.0
          ],
          [
            8.100918,
            47.056224,
            553.0
          ],
          [
            8.100864,
            47.056193,
            554.0
          ],
          [
            8.100828,
            47.056162,
            554.0
          ],
          [
            8.100648,
            47.055923,
            558.0
          ],
          [
            8.100602,
            47.055881,
            558.0
          ],
          [
            8.100549,
            47.05585,
            559.0
          ],
          [
            8.100505,
            47.055832,
            559.0
          ],
          [
            8.100459,
            47.055832,
            560.0
          ],
          [
            8.100415,
            47.055838,
            560.0
          ],
          [
            8.100333,
            47.055868,
            561.0
          ],
          [
            8.10001,
            47.05604,
            563.0
          ],
          [
            8.099956,
            47.056064,
            563.0
          ],
          [
            8.099767,
            47.056138,
            565.0
          ],
          [
            8.09956,
            47.05623,
            566.0
          ],
          [
            8.0993,
            47.056352,
            568.0
          ],
          [
            8.099184,
            47.056413,
            569.0
          ],
          [
            8.099076,
            47.05648,
            569.0
          ],
          [
            8.098465,
            47.056829,
            575.0
          ],
          [
            8.098321,
            47.056897,
            576.0
          ],
          [
            8.098069,
            47.056982,
            577.0
          ],
          [
            8.097926,
            47.057025,
            578.0
          ],
          [
            8.097612,
            47.057087,
            581.0
          ],
          [
            8.097369,
            47.057117,
            583.0
          ],
          [
            8.09701,
            47.057129,
            587.0
          ],
          [
            8.096758,
            47.057129,
            589.0
          ],
          [
            8.096399,
            47.057105,
            592.0
          ],
          [
            8.096157,
            47.057105,
            594.0
          ],
          [
            8.095681,
            47.05716,
            598.0
          ],
          [
            8.095482,
            47.057191,
            599.0
          ],
          [
            8.095492,
            47.057154,
            599.0
          ],
          [
            8.095501,
            47.057123,
            599.0
          ],
          [
            8.095555,
            47.057044,
            599.0
          ],
          [
            8.095555,
            47.057019,
            598.0
          ],
          [
            8.095518,
            47.056927,
            598.0
          ],
          [
            8.095501,
            47.056897,
            598.0
          ],
          [
            8.095447,
            47.056841,
            598.0
          ],
          [
            8.095285,
            47.056737,
            597.0
          ],
          [
            8.095142,
            47.056664,
            597.0
          ],
          [
            8.094943,
            47.056572,
            596.0
          ],
          [
            8.094908,
            47.05656,
            596.0
          ],
          [
            8.09462,
            47.056468,
            596.0
          ],
          [
            8.094252,
            47.056334,
            595.0
          ],
          [
            8.09347,
            47.056077,
            593.0
          ],
          [
            8.093354,
            47.056034,
            592.0
          ],
          [
            8.09321,
            47.05596,
            592.0
          ],
          [
            8.092887,
            47.055776,
            591.0
          ],
          [
            8.092581,
            47.055605,
            590.0
          ],
          [
            8.0917,
            47.055079,
            584.0
          ],
          [
            8.09161,
            47.055024,
            583.0
          ],
          [
            8.091576,
            47.054993,
            583.0
          ],
          [
            8.091576,
            47.054987,
            583.0
          ],
          [
            8.091584,
            47.054969,
            583.0
          ],
          [
            8.091521,
            47.054907,
            582.0
          ],
          [
            8.091486,
            47.054864,
            582.0
          ],
          [
            8.091494,
            47.054816,
            581.0
          ],
          [
            8.091602,
            47.054748,
            580.0
          ],
          [
            8.091746,
            47.054626,
            579.0
          ],
          [
            8.091989,
            47.054437,
            577.0
          ],
          [
            8.091853,
            47.0544,
            576.0
          ],
          [
            8.091782,
            47.054381,
            576.0
          ],
          [
            8.091629,
            47.054345,
            575.0
          ],
          [
            8.09144,
            47.054308,
            574.0
          ],
          [
            8.09118,
            47.054271,
            573.0
          ],
          [
            8.091054,
            47.054259,
            572.0
          ],
          [
            8.090955,
            47.054265,
            572.0
          ],
          [
            8.090595,
            47.054345,
            570.0
          ],
          [
            8.090344,
            47.054388,
            567.0
          ],
          [
            8.090075,
            47.054449,
            563.0
          ],
          [
            8.089815,
            47.05451,
            560.0
          ],
          [
            8.089499,
            47.054553,
            560.0
          ],
          [
            8.089006,
            47.054632,
            560.0
          ],
          [
            8.088494,
            47.054767,
            560.0
          ],
          [
            8.08835,
            47.054816,
            560.0
          ],
          [
            8.088153,
            47.054883,
            560.0
          ],
          [
            8.087874,
            47.05503,
            560.0
          ],
          [
            8.087794,
            47.055067,
            560.0
          ],
          [
            8.087731,
            47.055085,
            560.0
          ],
          [
            8.087649,
            47.055103,
            560.0
          ],
          [
            8.087407,
            47.055152,
            560.0
          ],
          [
            8.087263,
            47.055165,
            560.0
          ],
          [
            8.087155,
            47.055189,
            560.0
          ],
          [
            8.087029,
            47.055201,
            560.0
          ],
          [
            8.086077,
            47.055299,
            560.0
          ],
          [
            8.085691,
            47.055342,
            560.0
          ],
          [
            8.085484,
            47.055361,
            560.0
          ],
          [
            8.085413,
            47.055373,
            560.0
          ],
          [
            8.084972,
            47.05541,
            560.0
          ],
          [
            8.084945,
            47.05541,
            560.0
          ],
          [
            8.084702,
            47.055416,
            560.0
          ],
          [
            8.084415,
            47.055416,
            560.0
          ],
          [
            8.084073,
            47.055391,
            561.0
          ],
          [
            8.083625,
            47.055348,
            561.0
          ],
          [
            8.083544,
            47.055342,
            561.0
          ],
          [
            8.083427,
            47.055324,
            561.0
          ],
          [
            8.083293,
            47.055287,
            561.0
          ],
          [
            8.083247,
            47.055287,
            562.0
          ],
          [
            8.083211,
            47.055293,
            562.0
          ],
          [
            8.083086,
            47.055324,
            562.0
          ],
          [
            8.082825,
            47.055379,
            562.0
          ],
          [
            8.082637,
            47.055416,
            562.0
          ],
          [
            8.082591,
            47.055373,
            562.0
          ],
          [
            8.082494,
            47.055299,
            563.0
          ],
          [
            8.082431,
            47.055318,
            563.0
          ],
          [
            8.082331,
            47.055348,
            563.0
          ],
          [
            8.082314,
            47.055348,
            563.0
          ],
          [
            8.082115,
            47.055404,
            563.0
          ],
          [
            8.082035,
            47.05541,
            563.0
          ],
          [
            8.081972,
            47.055416,
            563.0
          ],
          [
            8.081846,
            47.055416,
            563.0
          ],
          [
            8.081702,
            47.055428,
            563.0
          ],
          [
            8.081568,
            47.055447,
            563.0
          ],
          [
            8.081469,
            47.055459,
            563.0
          ],
          [
            8.081362,
            47.055477,
            563.0
          ],
          [
            8.08137,
            47.055514,
            564.0
          ],
          [
            8.081388,
            47.055556,
            565.0
          ],
          [
            8.081209,
            47.055575,
            564.0
          ],
          [
            8.080643,
            47.055636,
            564.0
          ],
          [
            8.080526,
            47.055654,
            564.0
          ],
          [
            8.080526,
            47.055642,
            564.0
          ],
          [
            8.080517,
            47.055611,
            564.0
          ],
          [
            8.080507,
            47.055581,
            564.0
          ],
          [
            8.080507,
            47.055575,
            564.0
          ],
          [
            8.080507,
            47.055563,
            564.0
          ],
          [
            8.080499,
            47.055538,
            564.0
          ],
          [
            8.08049,
            47.055514,
            564.0
          ],
          [
            8.080471,
            47.05552,
            564.0
          ],
          [
            8.080391,
            47.055538,
            564.0
          ],
          [
            8.080354,
            47.055538,
            564.0
          ],
          [
            8.080283,
            47.055544,
            565.0
          ],
          [
            8.08014,
            47.05555,
            565.0
          ],
          [
            8.079771,
            47.055599,
            565.0
          ],
          [
            8.079555,
            47.055624,
            565.0
          ],
          [
            8.079547,
            47.055587,
            565.0
          ],
          [
            8.079519,
            47.055514,
            565.0
          ],
          [
            8.079511,
            47.055477,
            565.0
          ],
          [
            8.079475,
            47.055397,
            565.0
          ],
          [
            8.079708,
            47.055367,
            567.0
          ]
        ]
      }
    }
  ]
}