{
  "type": "FeatureCollection",
  "features": [
    {
      "type": "Feature",
      "properties": {},
      "geometry": {
        "type": "LineString",
        "coordinates": [
          [
            8.599374,
            46.705919,
            913.0
          ],
          [
            8.599383,
            46.705938,
            913.0
          ],
          [
            8.599312,
            46.705956,
            913.0
          ],
          [
            8.59924,
            46.705827,
            913.0
          ],
          [
            8.599213,
            46.705784,
            913.0
          ],
          [
            8.599186,
            46.705734,
            914.0
          ],
          [
            8.599104,
            46.705635,
            914.0
          ],
          [
            8.599033,
            46.705544,
            914.0
          ],
          [
            8.598988,
            46.705488,
            914.0
          ],
          [
            8.598934,
            46.705401,
            914.0
          ],
          [
            8.59889,
            46.705328,
            915.0
          ],
          [
            8.598863,
            46.705272,
            915.0
          ],
          [
            8.598836,
            46.705211,
            915.0
          ],
          [
            8.598817,
            46.705155,
            915.0
          ],
          [
            8.5988,
            46.7051,
            915.0
          ],
          [
            8.598764,
            46.705007,
            915.0
          ],
          [
            8.598746,
            46.704909,
            916.0
          ],
          [
            8.598728,
            46.704835,
            916.0
          ],
          [
            8.59871,
            46.704711,
            916.0
          ],
          [
            8.598701,
            46.704564,
            917.0
          ],
          [
            8.598691,
            46.704447,
            917.0
          ],
          [
            8.59871,
            46.704286,
            917.0
          ],
          [
            8.598718,
            46.704127,
            918.0
          ],
          [
            8.598718,
            46.704052,
            918.0
          ],
          [
            8.598718,
            46.703966,
            918.0
          ],
          [
            8.59871,
            46.703818,
            918.0
          ],
          [
            8.598674,
            46.703634,
            919.0
          ],
          [
            8.598567,
            46.703344,
            920.0
          ],
          [
            8.598485,
            46.703215,
            920.0
          ],
          [
            8.598387,
            46.703067,
            920.0
          ],
          [
            8.598072,
            46.702747,
            920.0
          ],
          [
            8.597794,
            46.702475,
            920.0
          ],
          [
            8.597659,
            46.702316,
            920.0
          ],
          [
            8.597559,
            46.702179,
            920.0
          ],
          [
            8.597362,
            46.701841,
            920.0
          ],
          [
            8.59729,
            46.701699,
            920.0
          ],
          [
            8.597209,
            46.70157,
            920.0
          ],
          [
            8.59712,
            46.701453,
            920.0
          ],
          [
            8.596949,
            46.701231,
            920.0
          ],
          [
            8.596833,
            46.701071,
            920.0
          ],
          [
            8.596752,
            46.700917,
            920.0
          ],
          [
            8.596689,
            46.700763,
            920.0
          ],
          [
            8.596563,
            46.700467,
            920.0
          ],
          [
            8.596401,
            46.700048,
            920.0
          ],
          [
            8.596284,
            46.699697,
            920.0
          ],
          [
            8.596221,
            46.699419,
            920.0
          ],
          [
            8.596186,
            46.69921,
            920.0
          ],
          [
            8.596167,
            46.699075,
            920.0
          ],
          [
            8.596177,
            46.698933,
            920.0
          ],
          [
            8.596204,
            46.698681,
            920.0
          ],
          [
            8.596248,
            46.698434,
            920.0
          ],
          [
            8.596437,
            46.697565,
            920.0
          ],
          [
            8.596401,
            46.697553,
            920.0
          ],
          [
            8.596303,
            46.697535,
            920.0
          ],
          [
            8.596276,
            46.697535,
            920.0
          ],
          [
            8.59632,
            46.697417,
            920.0
          ],
          [
            8.59633,
            46.69738,
            920.0
          ],
          [
            8.59633,
            46.697343,
            920.0
          ],
          [
            8.596311,
            46.697313,
            919.0
          ],
          [
            8.596204,
            46.697109,
            917.0
          ],
          [
            8.596068,
            46.696802,
            914.0
          ],
          [
            8.595997,
            46.696647,
            912.0
          ],
          [
            8.595844,
            46.696512,
            911.0
          ],
          [
            8.595718,
            46.696456,
            910.0
          ],
          [
            8.595592,
            46.696413,
            910.0
          ],
          [
            8.59553,
            46.696395,
            910.0
          ],
          [
            8.595485,
            46.696377,
            910.0
          ],
          [
            8.595458,
            46.696352,
            910.0
          ],
          [
            8.595449,
            46.696327,
            910.0
          ],
          [
            8.595485,
            46.696296,
            910.0
          ],
          [
            8.595575,
            46.696161,
            910.0
          ],
          [
            8.595601,
            46.696105,
            910.0
          ],
          [
            8.595601,
            46.69605,
            910.0
          ],
          [
            8.595601,
            46.695994,
            910.0
          ],
          [
            8.595584,
            46.695939,
            910.0
          ],
          [
            8.595521,
            46.695741,
            910.0
          ],
          [
            8.595467,
            46.695643,
            910.0
          ],
          [
            8.595431,
            46.695569,
            910.0
          ],
          [
            8.595305,
            46.695366,
            910.0
          ],
          [
            8.595108,
            46.695218,
            911.0
          ],
          [
            8.594569,
            46.694565,
            917.0
          ],
          [
            8.594488,
            46.69451,
            918.0
          ],
          [
            8.594407,
            46.694472,
            919.0
          ],
          [
            8.594353,
            46.694441,
            919.0
          ],
          [
            8.594317,
            46.694404,
            919.0
          ],
          [
            8.594254,
            46.694269,
            921.0
          ],
          [
            8.594192,
            46.694164,
            921.0
          ],
          [
            8.594146,
            46.694115,
            922.0
          ],
          [
            8.594047,
            46.694016,
            923.0
          ],
          [
            8.593993,
            46.693967,
            923.0
          ],
          [
            8.59393,
            46.69393,
            924.0
          ],
          [
            8.593867,
            46.693881,
            925.0
          ],
          [
            8.593814,
            46.693832,
            925.0
          ],
          [
            8.593733,
            46.693727,
            926.0
          ],
          [
            8.593661,
            46.693647,
            927.0
          ],
          [
            8.593517,
            46.693517,
            928.0
          ],
          [
            8.5935,
            46.693492,
            928.0
          ],
          [
            8.593508,
            46.693468,
            929.0
          ],
          [
            8.593536,
            46.693419,
            929.0
          ],
          [
            8.593544,
            46.693388,
            929.0
          ],
          [
            8.593544,
            46.693357,
            930.0
          ],
          [
            8.593481,
            46.693277,
            930.0
          ],
          [
            8.593446,
            46.69324,
            930.0
          ],
          [
            8.593401,
            46.693216,
            930.0
          ],
          [
            8.593275,
            46.693173,
            931.0
          ],
          [
            8.593248,
            46.693154,
            931.0
          ],
          [
            8.593221,
            46.693142,
            931.0
          ],
          [
            8.593204,
            46.693123,
            931.0
          ],
          [
            8.593194,
            46.693098,
            931.0
          ],
          [
            8.593185,
            46.69308,
            931.0
          ],
          [
            8.593194,
            46.693061,
            931.0
          ],
          [
            8.593212,
            46.693049,
            931.0
          ],
          [
            8.593275,
            46.693018,
            932.0
          ],
          [
            8.593293,
            46.693,
            932.0
          ],
          [
            8.593301,
            46.692981,
            932.0
          ],
          [
            8.593311,
            46.692963,
            932.0
          ],
          [
            8.593275,
            46.692846,
            932.0
          ],
          [
            8.59323,
            46.692747,
            933.0
          ],
          [
            8.593221,
            46.692717,
            933.0
          ],
          [
            8.593221,
            46.692679,
            933.0
          ],
          [
            8.593248,
            46.692482,
            934.0
          ],
          [
            8.593267,
            46.692439,
            934.0
          ],
          [
            8.593293,
            46.692396,
            934.0
          ],
          [
            8.59341,
            46.692279,
            935.0
          ],
          [
            8.593508,
            46.692174,
            935.0
          ],
          [
            8.59358,
            46.692094,
            935.0
          ],
          [
            8.593688,
            46.691958,
            936.0
          ],
          [
            8.593733,
            46.691884,
            936.0
          ],
          [
            8.593743,
            46.691848,
            936.0
          ],
          [
            8.593743,
            46.691774,
            937.0
          ],
          [
            8.593743,
            46.691749,
            937.0
          ],
          [
            8.59377,
            46.691669,
            937.0
          ],
          [
            8.593796,
            46.691558,
            938.0
          ],
          [
            8.593796,
            46.691515,
            938.0
          ],
          [
            8.593787,
            46.691459,
            938.0
          ],
          [
            8.593743,
            46.691355,
            938.0
          ],
          [
            8.593733,
            46.691342,
            938.0
          ],
          [
            8.59367,
            46.691281,
            939.0
          ],
          [
            8.593661,
            46.691256,
            939.0
          ],
          [
            8.593607,
            46.691121,
            939.0
          ],
          [
            8.59358,
            46.691009,
            940.0
          ],
          [
            8.593563,
            46.690973,
            940.0
          ],
          [
            8.593536,
            46.690942,
            940.0
          ],
          [
            8.5935,
            46.690917,
            941.0
          ],
          [
            8.593365,
            46.690849,
            944.0
          ],
          [
            8.593284,
            46.690818,
            945.0
          ],
          [
            8.593221,
            46.690787,
            946.0
          ],
          [
            8.593122,
            46.690615,
            950.0
          ],
          [
            8.593095,
            46.690535,
            952.0
          ],
          [
            8.593068,
            46.690455,
            953.0
          ],
          [
            8.593032,
            46.690369,
            955.0
          ],
          [
            8.592978,
            46.690319,
            956.0
          ],
          [
            8.592942,
            46.690289,
            957.0
          ],
          [
            8.592915,
            46.690252,
            957.0
          ],
          [
            8.592888,
            46.690153,
            959.0
          ],
          [
            8.592898,
            46.690073,
            960.0
          ],
          [
            8.592825,
            46.689956,
            963.0
          ],
          [
            8.592799,
            46.6899,
            965.0
          ],
          [
            8.592772,
            46.689875,
            966.0
          ],
          [
            8.592762,
            46.689833,
            967.0
          ],
          [
            8.592772,
            46.689753,
            969.0
          ],
          [
            8.592754,
            46.689728,
            970.0
          ],
          [
            8.592772,
            46.689648,
            970.0
          ],
          [
            8.592772,
            46.689593,
            970.0
          ],
          [
            8.592781,
            46.689506,
            970.0
          ],
          [
            8.592781,
            46.689463,
            970.0
          ],
          [
            8.592727,
            46.689389,
            970.0
          ],
          [
            8.592727,
            46.689365,
            970.0
          ],
          [
            8.592727,
            46.689328,
            969.0
          ],
          [
            8.592762,
            46.689161,
            967.0
          ],
          [
            8.592762,
            46.689137,
            967.0
          ],
          [
            8.592754,
            46.689112,
            966.0
          ],
          [
            8.592718,
            46.68905,
            966.0
          ],
          [
            8.592682,
            46.689013,
            965.0
          ],
          [
            8.592664,
            46.689,
            965.0
          ],
          [
            8.592601,
            46.688988,
            964.0
          ],
          [
            8.592584,
            46.688976,
            964.0
          ],
          [
            8.592565,
            46.688927,
            963.0
          ],
          [
            8.592538,
            46.688902,
            963.0
          ],
          [
            8.592449,
            46.688822,
            962.0
          ],
          [
            8.592422,
            46.688785,
            961.0
          ],
          [
            8.592412,
            46.688766,
            961.0
          ],
          [
            8.592376,
            46.688754,
            960.0
          ],
          [
            8.592368,
            46.688742,
            960.0
          ],
          [
            8.592349,
            46.688723,
            960.0
          ],
          [
            8.592322,
            46.688717,
            960.0
          ],
          [
            8.592278,
            46.688717,
            960.0
          ],
          [
            8.592233,
            46.688705,
            961.0
          ],
          [
            8.59208,
            46.688693,
            962.0
          ],
          [
            8.592045,
            46.688674,
            962.0
          ],
          [
            8.592026,
            46.688656,
            963.0
          ],
          [
            8.592053,
            46.688606,
            963.0
          ],
          [
            8.592179,
            46.688471,
            965.0
          ],
          [
            8.592206,
            46.68844,
            966.0
          ],
          [
            8.592179,
            46.688354,
            967.0
          ],
          [
            8.59217,
            46.688206,
            968.0
          ],
          [
            8.592162,
            46.688132,
            969.0
          ],
          [
            8.59199,
            46.687947,
            974.0
          ],
          [
            8.591919,
            46.687854,
            978.0
          ],
          [
            8.591955,
            46.68775,
            980.0
          ],
          [
            8.591963,
            46.687688,
            982.0
          ],
          [
            8.591955,
            46.687657,
            982.0
          ],
          [
            8.591936,
            46.687584,
            983.0
          ],
          [
            8.591865,
            46.687534,
            985.0
          ],
          [
            8.59173,
            46.687485,
            987.0
          ],
          [
            8.591693,
            46.687454,
            987.0
          ],
          [
            8.591685,
            46.687417,
            988.0
          ],
          [
            8.591667,
            46.687368,
            989.0
          ],
          [
            8.591685,
            46.687282,
            990.0
          ],
          [
            8.59173,
            46.687257,
            990.0
          ],
          [
            8.591783,
            46.687226,
            990.0
          ],
          [
            8.59172,
            46.687134,
            991.0
          ],
          [
            8.591676,
            46.687128,
            991.0
          ],
          [
            8.591577,
            46.687103,
            992.0
          ],
          [
            8.591523,
            46.687054,
            992.0
          ],
          [
            8.591613,
            46.686955,
            994.0
          ],
          [
            8.591865,
            46.686819,
            996.0
          ],
          [
            8.5919,
            46.686751,
            996.0
          ],
          [
            8.592188,
            46.686554,
            999.0
          ],
          [
            8.592359,
            46.686462,
            1000.0
          ],
          [
            8.592412,
            46.686357,
            1000.0
          ],
          [
            8.592422,
            46.686314,
            1000.0
          ],
          [
            8.592341,
            46.686191,
            1000.0
          ],
          [
            8.592349,
            46.686043,
            1000.0
          ],
          [
            8.592431,
            46.685913,
            1000.0
          ],
          [
            8.592502,
            46.685741,
            1000.0
          ],
          [
            8.592512,
            46.685679,
            1000.0
          ],
          [
            8.592575,
            46.685636,
            999.0
          ],
          [
            8.592556,
            46.685605,
            999.0
          ],
          [
            8.592529,
            46.685482,
            996.0
          ],
          [
            8.592584,
            46.685426,
            995.0
          ],
          [
            8.592611,
            46.685297,
            993.0
          ],
          [
            8.592556,
            46.685229,
            991.0
          ],
          [
            8.592565,
            46.685162,
            990.0
          ],
          [
            8.592548,
            46.685106,
            990.0
          ],
          [
            8.592395,
            46.68502,
            996.0
          ],
          [
            8.592251,
            46.684983,
            1000.0
          ],
          [
            8.592107,
            46.684872,
            1001.0
          ],
          [
            8.591946,
            46.684792,
            1002.0
          ],
          [
            8.59172,
            46.684718,
            1003.0
          ],
          [
            8.591586,
            46.68465,
            1003.0
          ],
          [
            8.591443,
            46.684545,
            1004.0
          ],
          [
            8.591424,
            46.68449,
            1004.0
          ],
          [
            8.591433,
            46.684429,
            1005.0
          ],
          [
            8.591479,
            46.684373,
            1005.0
          ],
          [
            8.591514,
            46.68436,
            1005.0
          ],
          [
            8.591613,
            46.684385,
            1006.0
          ],
          [
            8.59172,
            46.684385,
            1006.0
          ],
          [
            8.591775,
            46.684379,
            1006.0
          ],
          [
            8.591829,
            46.684354,
            1006.0
          ],
          [
            8.591856,
            46.684323,
            1007.0
          ],
          [
            8.5919,
            46.684262,
            1007.0
          ],
          [
            8.591928,
            46.684213,
            1007.0
          ],
          [
            8.591936,
            46.684132,
            1008.0
          ],
          [
            8.591919,
            46.684052,
            1008.0
          ],
          [
            8.591865,
            46.68388,
            1009.0
          ],
          [
            8.591846,
            46.683782,
            1010.0
          ],
          [
            8.591838,
            46.683664,
            1010.0
          ],
          [
            8.591856,
            46.683479,
            1012.0
          ],
          [
            8.591838,
            46.683417,
            1013.0
          ],
          [
            8.59182,
            46.683417,
            1013.0
          ],
          [
            8.591793,
            46.683417,
            1013.0
          ],
          [
            8.591757,
            46.683411,
            1013.0
          ],
          [
            8.59172,
            46.683393,
            1013.0
          ],
          [
            8.591693,
            46.683381,
            1014.0
          ],
          [
            8.591676,
            46.683356,
            1014.0
          ],
          [
            8.591667,
            46.683332,
            1014.0
          ],
          [
            8.591659,
            46.683301,
            1014.0
          ],
          [
            8.591667,
            46.683239,
            1015.0
          ],
          [
            8.591712,
            46.682555,
            1020.0
          ],
          [
            8.59172,
            46.682524,
            1020.0
          ],
          [
            8.59173,
            46.682499,
            1020.0
          ],
          [
            8.591982,
            46.682049,
            1020.0
          ],
          [
            8.591972,
            46.681932,
            1020.0
          ],
          [
            8.592026,
            46.681729,
            1020.0
          ],
          [
            8.592099,
            46.68131,
            1024.0
          ],
          [
            8.592107,
            46.681267,
            1025.0
          ],
          [
            8.592125,
            46.681223,
            1025.0
          ],
          [
            8.592143,
            46.681193,
            1025.0
          ],
          [
            8.592233,
            46.681094,
            1027.0
          ],
          [
            8.592242,
            46.681076,
            1027.0
          ],
          [
            8.592251,
            46.681057,
            1027.0
          ],
          [
            8.592259,
            46.681033,
            1028.0
          ],
          [
            8.592305,
            46.680675,
            1032.0
          ],
          [
            8.592278,
            46.68049,
            1034.0
          ],
          [
            8.592206,
            46.680416,
            1035.0
          ],
          [
            8.592152,
            46.680416,
            1036.0
          ],
          [
            8.592125,
            46.680429,
            1036.0
          ],
          [
            8.592162,
            46.680564,
            1038.0
          ],
          [
            8.592143,
            46.68057,
            1038.0
          ],
          [
            8.592018,
            46.680416,
            1040.0
          ],
          [
            8.591892,
            46.680311,
            1042.0
          ],
          [
            8.591739,
            46.680133,
            1046.0
          ],
          [
            8.591712,
            46.679997,
            1049.0
          ],
          [
            8.591667,
            46.679917,
            1050.0
          ],
          [
            8.591667,
            46.679905,
            1050.0
          ],
          [
            8.591703,
            46.679837,
            1051.0
          ],
          [
            8.591693,
            46.679819,
            1051.0
          ],
          [
            8.591676,
            46.679819,
            1051.0
          ],
          [
            8.591659,
            46.679837,
            1052.0
          ],
          [
            8.591569,
            46.679942,
            1055.0
          ],
          [
            8.59155,
            46.679923,
            1056.0
          ],
          [
            8.591542,
            46.67988,
            1057.0
          ],
          [
            8.591533,
            46.679825,
            1058.0
          ],
          [
            8.591479,
            46.6798,
            1059.0
          ],
          [
            8.591424,
            46.679788,
            1061.0
          ],
          [
            8.591353,
            46.679751,
            1063.0
          ],
          [
            8.591317,
            46.67972,
            1065.0
          ],
          [
            8.590957,
            46.679732,
            1075.0
          ],
          [
            8.59085,
            46.679769,
            1079.0
          ],
          [
            8.590921,
            46.679819,
            1080.0
          ],
          [
            8.590957,
            46.679831,
            1080.0
          ],
          [
            8.59102,
            46.679738,
            1080.0
          ],
          [
            8.591038,
            46.679695,
            1080.0
          ],
          [
            8.591065,
            46.679627,
            1080.0
          ],
          [
            8.591146,
            46.679214,
            1080.0
          ],
          [
            8.591173,
            46.67911,
            1080.0
          ],
          [
            8.591397,
            46.678327,
            1080.0
          ],
          [
            8.591406,
            46.678284,
            1080.0
          ],
          [
            8.591406,
            46.678235,
            1080.0
          ],
          [
            8.591397,
            46.678038,
            1080.0
          ],
          [
            8.591406,
            46.677988,
            1080.0
          ],
          [
            8.591416,
            46.677932,
            1080.0
          ],
          [
            8.591424,
            46.677877,
            1080.0
          ],
          [
            8.591514,
            46.677667,
            1080.0
          ],
          [
            8.591533,
            46.677618,
            1080.0
          ],
          [
            8.591542,
            46.677569,
            1081.0
          ],
          [
            8.591542,
            46.677526,
            1081.0
          ],
          [
            8.591542,
            46.677452,
            1081.0
          ],
          [
            8.591523,
            46.676983,
            1082.0
          ],
          [
            8.591487,
            46.676552,
            1083.0
          ],
          [
            8.591487,
            46.676416,
            1083.0
          ],
          [
            8.591479,
            46.676201,
            1083.0
          ],
          [
            8.591487,
            46.676003,
            1084.0
          ],
          [
            8.591523,
            46.675843,
            1084.0
          ],
          [
            8.591596,
            46.67564,
            1084.0
          ],
          [
            8.591703,
            46.675338,
            1085.0
          ],
          [
            8.591856,
            46.674968,
            1086.0
          ],
          [
            8.591963,
            46.674697,
            1086.0
          ],
          [
            8.59199,
            46.674598,
            1087.0
          ],
          [
            8.592018,
            46.674512,
            1087.0
          ],
          [
            8.592045,
            46.674407,
            1087.0
          ],
          [
            8.592053,
            46.67429,
            1087.0
          ],
          [
            8.592072,
            46.674166,
            1087.0
          ],
          [
            8.592072,
            46.67405,
            1088.0
          ],
          [
            8.592062,
            46.673926,
            1088.0
          ],
          [
            8.592062,
            46.673865,
            1088.0
          ],
          [
            8.592053,
            46.673797,
            1088.0
          ],
          [
            8.592035,
            46.67371,
            1088.0
          ],
          [
            8.592018,
            46.673649,
            1088.0
          ],
          [
            8.59199,
            46.6736,
            1089.0
          ],
          [
            8.591946,
            46.673507,
            1089.0
          ],
          [
            8.591928,
            46.673464,
            1089.0
          ],
          [
            8.591928,
            46.673427,
            1089.0
          ],
          [
            8.591928,
            46.673384,
            1089.0
          ],
          [
            8.591936,
            46.673261,
            1089.0
          ],
          [
            8.591936,
            46.673205,
            1089.0
          ],
          [
            8.591928,
            46.67315,
            1089.0
          ],
          [
            8.591909,
            46.673082,
            1090.0
          ],
          [
            8.591883,
            46.672965,
            1090.0
          ],
          [
            8.591856,
            46.672792,
            1090.0
          ],
          [
            8.591838,
            46.672613,
            1091.0
          ],
          [
            8.591829,
            46.672471,
            1091.0
          ],
          [
            8.591775,
            46.672065,
            1093.0
          ],
          [
            8.591748,
            46.671917,
            1093.0
          ],
          [
            8.591712,
            46.671787,
            1094.0
          ],
          [
            8.591667,
            46.671652,
            1094.0
          ],
          [
            8.591649,
            46.67159,
            1094.0
          ],
          [
            8.591613,
            46.67151,
            1095.0
          ],
          [
            8.591559,
            46.671411,
            1095.0
          ],
          [
            8.59147,
            46.671239,
            1095.0
          ],
          [
            8.591362,
            46.671048,
            1096.0
          ],
          [
            8.591209,
            46.670795,
            1097.0
          ],
          [
            8.59111,
            46.670635,
            1098.0
          ],
          [
            8.590967,
            46.670382,
            1098.0
          ],
          [
            8.590886,
            46.670258,
            1099.0
          ],
          [
            8.590823,
            46.67016,
            1099.0
          ],
          [
            8.590588,
            46.669839,
            1099.0
          ],
          [
            8.590544,
            46.669796,
            1099.0
          ],
          [
            8.590292,
            46.669611,
            1098.0
          ],
          [
            8.590202,
            46.669568,
            1098.0
          ],
          [
            8.590158,
            46.669501,
            1098.0
          ],
          [
            8.590158,
            46.669432,
            1098.0
          ],
          [
            8.590077,
            46.669285,
            1097.0
          ],
          [
            8.590005,
            46.669143,
            1096.0
          ],
          [
            8.589862,
            46.668748,
            1095.0
          ],
          [
            8.589718,
            46.668773,
            1095.0
          ],
          [
            8.589609,
            46.668416,
            1096.0
          ],
          [
            8.589546,
            46.668268,
            1096.0
          ],
          [
            8.589457,
            46.66807,
            1096.0
          ],
          [
            8.589493,
            46.66804,
            1097.0
          ],
          [
            8.589502,
            46.668009,
            1098.0
          ],
          [
            8.589512,
            46.667972,
            1099.0
          ],
          [
            8.589485,
            46.667891,
            1100.0
          ],
          [
            8.589466,
            46.667812,
            1102.0
          ],
          [
            8.589592,
            46.667799,
            1101.0
          ],
          [
            8.589592,
            46.667787,
            1100.0
          ],
          [
            8.589395,
            46.667312,
            1091.0
          ],
          [
            8.589376,
            46.667275,
            1090.0
          ],
          [
            8.589349,
            46.667214,
            1099.0
          ],
          [
            8.589286,
            46.667177,
            1104.0
          ],
          [
            8.589259,
            46.667133,
            1104.0
          ],
          [
            8.589143,
            46.667034,
            1105.0
          ],
          [
            8.589043,
            46.666918,
            1105.0
          ],
          [
            8.588946,
            46.666745,
            1106.0
          ],
          [
            8.58881,
            46.666424,
            1107.0
          ],
          [
            8.588774,
            46.666369,
            1107.0
          ],
          [
            8.588739,
            46.666326,
            1107.0
          ],
          [
            8.588712,
            46.666289,
            1107.0
          ],
          [
            8.588649,
            46.666227,
            1108.0
          ],
          [
            8.588567,
            46.666153,
            1108.0
          ],
          [
            8.588443,
            46.666092,
            1108.0
          ],
          [
            8.588424,
            46.666073,
            1108.0
          ],
          [
            8.588424,
            46.666067,
            1108.0
          ],
          [
            8.588414,
            46.666055,
            1109.0
          ],
          [
            8.588414,
            46.666011,
            1109.0
          ],
          [
            8.588414,
            46.665993,
            1109.0
          ],
          [
            8.588406,
            46.665974,
            1109.0
          ],
          [
            8.588397,
            46.665956,
            1109.0
          ],
          [
            8.58838,
            46.665943,
            1109.0
          ],
          [
            8.588353,
            46.665931,
            1109.0
          ],
          [
            8.588334,
            46.665925,
            1109.0
          ],
          [
            8.588307,
            46.665919,
            1109.0
          ],
          [
            8.588271,
            46.665919,
            1109.0
          ],
          [
            8.588254,
            46.665919,
            1109.0
          ],
          [
            8.588227,
            46.665925,
            1109.0
          ],
          [
            8.5882,
            46.665937,
            1109.0
          ],
          [
            8.588173,
            46.66595,
            1109.0
          ],
          [
            8.588164,
            46.665968,
            1109.0
          ],
          [
            8.588154,
            46.665986,
            1110.0
          ],
          [
            8.588127,
            46.665974,
            1110.0
          ],
          [
            8.588083,
            46.665968,
            1110.0
          ],
          [
            8.588056,
            46.665968,
            1110.0
          ],
          [
            8.588028,
            46.665968,
            1110.0
          ],
          [
            8.587921,
            46.665913,
            1111.0
          ],
          [
            8.587957,
            46.665882,
            1113.0
          ],
          [
            8.587921,
            46.665864,
            1114.0
          ],
          [
            8.587877,
            46.665888,
            1115.0
          ],
          [
            8.58776,
            46.665999,
            1120.0
          ],
          [
            8.587751,
            46.666017,
            1120.0
          ],
          [
            8.587751,
            46.666036,
            1120.0
          ],
          [
            8.58776,
            46.666061,
            1120.0
          ],
          [
            8.587777,
            46.666104,
            1120.0
          ],
          [
            8.587804,
            46.666141,
            1120.0
          ],
          [
            8.587822,
            46.666171,
            1120.0
          ],
          [
            8.587877,
            46.666233,
            1121.0
          ],
          [
            8.587858,
            46.666239,
            1121.0
          ],
          [
            8.587822,
            46.666258,
            1121.0
          ],
          [
            8.587732,
            46.666159,
            1121.0
          ],
          [
            8.587714,
            46.666129,
            1121.0
          ],
          [
            8.587688,
            46.666086,
            1121.0
          ],
          [
            8.58767,
            46.666036,
            1121.0
          ],
          [
            8.587661,
            46.665993,
            1121.0
          ],
          [
            8.587661,
            46.665937,
            1122.0
          ],
          [
            8.58767,
            46.665888,
            1122.0
          ],
          [
            8.587688,
            46.665851,
            1122.0
          ],
          [
            8.587714,
            46.665802,
            1122.0
          ],
          [
            8.587741,
            46.665764,
            1122.0
          ],
          [
            8.587804,
            46.665709,
            1122.0
          ],
          [
            8.588118,
            46.665469,
            1123.0
          ],
          [
            8.588173,
            46.66542,
            1123.0
          ],
          [
            8.588208,
            46.66537,
            1123.0
          ],
          [
            8.588244,
            46.665315,
            1123.0
          ],
          [
            8.588271,
            46.66526,
            1124.0
          ],
          [
            8.58829,
            46.665198,
            1124.0
          ],
          [
            8.588298,
            46.665142,
            1124.0
          ],
          [
            8.588298,
            46.66508,
            1124.0
          ],
          [
            8.58828,
            46.665013,
            1124.0
          ],
          [
            8.588208,
            46.66476,
            1125.0
          ],
          [
            8.588101,
            46.664322,
            1126.0
          ],
          [
            8.588011,
            46.664032,
            1127.0
          ],
          [
            8.587921,
            46.663792,
            1127.0
          ],
          [
            8.587481,
            46.662917,
            1130.0
          ],
          [
            8.587346,
            46.662695,
            1130.0
          ],
          [
            8.587175,
            46.662454,
            1130.0
          ],
          [
            8.586986,
            46.662226,
            1130.0
          ],
          [
            8.586789,
            46.661973,
            1130.0
          ],
          [
            8.586762,
            46.66193,
            1130.0
          ],
          [
            8.586745,
            46.661887,
            1130.0
          ],
          [
            8.586735,
            46.661863,
            1130.0
          ],
          [
            8.586735,
            46.661826,
            1130.0
          ],
          [
            8.586735,
            46.661788,
            1130.0
          ],
          [
            8.586753,
            46.661757,
            1130.0
          ],
          [
            8.586772,
            46.661733,
            1130.0
          ],
          [
            8.586807,
            46.661702,
            1130.0
          ],
          [
            8.586835,
            46.66169,
            1130.0
          ],
          [
            8.586861,
            46.661671,
            1130.0
          ],
          [
            8.586896,
            46.661659,
            1131.0
          ],
          [
            8.586951,
            46.661653,
            1131.0
          ],
          [
            8.586933,
            46.66161,
            1132.0
          ],
          [
            8.586942,
            46.661492,
            1134.0
          ],
          [
            8.586906,
            46.661468,
            1135.0
          ],
          [
            8.586852,
            46.661437,
            1136.0
          ],
          [
            8.586619,
            46.661326,
            1139.0
          ],
          [
            8.586349,
            46.661197,
            1142.0
          ],
          [
            8.58625,
            46.66116,
            1142.0
          ],
          [
            8.586043,
            46.661061,
            1144.0
          ],
          [
            8.585999,
            46.66103,
            1144.0
          ],
          [
            8.58572,
            46.660814,
            1147.0
          ],
          [
            8.585684,
            46.660709,
            1148.0
          ],
          [
            8.585648,
            46.66066,
            1149.0
          ],
          [
            8.585604,
            46.660611,
            1149.0
          ],
          [
            8.585675,
            46.66058,
            1150.0
          ],
          [
            8.585703,
            46.660611,
            1150.0
          ],
          [
            8.58573,
            46.660623,
            1150.0
          ],
          [
            8.585747,
            46.660623,
            1150.0
          ],
          [
            8.585756,
            46.660556,
            1151.0
          ],
          [
            8.585774,
            46.660463,
            1152.0
          ],
          [
            8.585783,
            46.660438,
            1153.0
          ],
          [
            8.585827,
            46.660395,
            1153.0
          ],
          [
            8.585837,
            46.660389,
            1154.0
          ],
          [
            8.585846,
            46.660371,
            1154.0
          ],
          [
            8.585882,
            46.660234,
            1156.0
          ],
          [
            8.585882,
            46.660198,
            1156.0
          ],
          [
            8.585891,
            46.660149,
            1157.0
          ],
          [
            8.585882,
            46.660112,
            1157.0
          ],
          [
            8.585882,
            46.660062,
            1158.0
          ],
          [
            8.585846,
            46.659976,
            1159.0
          ],
          [
            8.58581,
            46.659914,
            1160.0
          ],
          [
            8.585764,
            46.659852,
            1161.0
          ],
          [
            8.585271,
            46.659255,
            1169.0
          ],
          [
            8.585082,
            46.659039,
            1170.0
          ],
          [
            8.584965,
            46.658946,
            1170.0
          ],
          [
            8.584894,
            46.658872,
            1171.0
          ],
          [
            8.584831,
            46.658792,
            1172.0
          ],
          [
            8.584759,
            46.658657,
            1173.0
          ],
          [
            8.584696,
            46.658582,
            1174.0
          ],
          [
            8.584642,
            46.658558,
            1174.0
          ],
          [
            8.58413,
            46.658397,
            1177.0
          ],
          [
            8.584103,
            46.658373,
            1178.0
          ],
          [
            8.584005,
            46.658237,
            1179.0
          ],
          [
            8.583833,
            46.658009,
            1183.0
          ],
          [
            8.583699,
            46.657861,
            1188.0
          ],
          [
            8.583654,
            46.657787,
            1190.0
          ],
          [
            8.583619,
            46.657688,
            1192.0
          ],
          [
            8.583573,
            46.657633,
            1193.0
          ],
          [
            8.583474,
            46.657553,
            1195.0
          ],
          [
            8.583412,
            46.657491,
            1197.0
          ],
          [
            8.583367,
            46.657472,
            1198.0
          ],
          [
            8.583322,
            46.65746,
            1198.0
          ],
          [
            8.583294,
            46.657442,
            1199.0
          ],
          [
            8.583007,
            46.657183,
            1203.0
          ],
          [
            8.58298,
            46.657109,
            1204.0
          ],
          [
            8.582944,
            46.65698,
            1205.0
          ],
          [
            8.582936,
            46.656813,
            1207.0
          ],
          [
            8.582917,
            46.656677,
            1208.0
          ],
          [
            8.582908,
            46.656542,
            1210.0
          ],
          [
            8.582927,
            46.65643,
            1211.0
          ],
          [
            8.58298,
            46.656289,
            1213.0
          ],
          [
            8.582998,
            46.656214,
            1215.0
          ],
          [
            8.582998,
            46.656196,
            1215.0
          ],
          [
            8.582998,
            46.656184,
            1215.0
          ],
          [
            8.582971,
            46.656178,
            1216.0
          ],
          [
            8.582701,
            46.656418,
            1220.0
          ],
          [
            8.582638,
            46.656467,
            1222.0
          ],
          [
            8.582567,
            46.656505,
            1223.0
          ],
          [
            8.582495,
            46.656566,
            1224.0
          ],
          [
            8.582441,
            46.656652,
            1226.0
          ],
          [
            8.582361,
            46.657059,
            1233.0
          ],
          [
            8.582351,
            46.657072,
            1234.0
          ],
          [
            8.582334,
            46.657078,
            1234.0
          ],
          [
            8.582315,
            46.657078,
            1234.0
          ],
          [
            8.582298,
            46.657065,
            1234.0
          ],
          [
            8.582208,
            46.656905,
            1238.0
          ],
          [
            8.582154,
            46.656801,
            1240.0
          ],
          [
            8.582109,
            46.65672,
            1241.0
          ],
          [
            8.582072,
            46.656646,
            1242.0
          ],
          [
            8.582038,
            46.65664,
            1242.0
          ],
          [
            8.582011,
            46.656646,
            1242.0
          ],
          [
            8.581975,
            46.656652,
            1243.0
          ],
          [
            8.582064,
            46.656801,
            1245.0
          ],
          [
            8.581983,
            46.656825,
            1245.0
          ],
          [
            8.581975,
            46.656825,
            1245.0
          ],
          [
            8.581956,
            46.656819,
            1246.0
          ],
          [
            8.581948,
            46.656813,
            1246.0
          ],
          [
            8.581875,
            46.656677,
            1247.0
          ],
          [
            8.581768,
            46.656492,
            1250.0
          ],
          [
            8.581759,
            46.656461,
            1250.0
          ],
          [
            8.581759,
            46.656424,
            1251.0
          ],
          [
            8.581759,
            46.656381,
            1251.0
          ],
          [
            8.581776,
            46.656345,
            1252.0
          ],
          [
            8.581804,
            46.656264,
            1253.0
          ],
          [
            8.581848,
            46.656196,
            1254.0
          ],
          [
            8.581983,
            46.656036,
            1256.0
          ],
          [
            8.582082,
            46.655938,
            1257.0
          ],
          [
            8.582225,
            46.655826,
            1259.0
          ],
          [
            8.58237,
            46.655666,
            1261.0
          ],
          [
            8.58254,
            46.6555,
            1262.0
          ],
          [
            8.58263,
            46.655376,
            1263.0
          ],
          [
            8.582657,
            46.655327,
            1263.0
          ],
          [
            8.582701,
            46.655222,
            1264.0
          ],
          [
            8.582711,
            46.655191,
            1264.0
          ],
          [
            8.582728,
            46.655179,
            1264.0
          ],
          [
            8.582756,
            46.655166,
            1265.0
          ],
          [
            8.582783,
            46.65516,
            1265.0
          ],
          [
            8.582818,
            46.65516,
            1265.0
          ],
          [
            8.582873,
            46.65516,
            1265.0
          ],
          [
            8.582908,
            46.655154,
            1265.0
          ],
          [
            8.583017,
            46.655129,
            1266.0
          ],
          [
            8.583043,
            46.655117,
            1266.0
          ],
          [
            8.583061,
            46.655099,
            1266.0
          ],
          [
            8.58334,
            46.654784,
            1269.0
          ],
          [
            8.583376,
            46.654741,
            1269.0
          ],
          [
            8.583537,
            46.654593,
            1270.0
          ],
          [
            8.583663,
            46.654476,
            1272.0
          ],
          [
            8.583717,
            46.654414,
            1272.0
          ],
          [
            8.583753,
            46.654371,
            1273.0
          ],
          [
            8.583879,
            46.654211,
            1275.0
          ],
          [
            8.584022,
            46.654001,
            1277.0
          ],
          [
            8.584049,
            46.653952,
            1278.0
          ],
          [
            8.584481,
            46.653323,
            1285.0
          ],
          [
            8.584579,
            46.653188,
            1287.0
          ],
          [
            8.584661,
            46.653045,
            1288.0
          ],
          [
            8.584705,
            46.652966,
            1289.0
          ],
          [
            8.584741,
            46.652879,
            1290.0
          ],
          [
            8.584751,
            46.652811,
            1291.0
          ],
          [
            8.584751,
            46.652731,
            1292.0
          ],
          [
            8.584751,
            46.652663,
            1292.0
          ],
          [
            8.584732,
            46.652589,
            1293.0
          ],
          [
            8.584696,
            46.652503,
            1294.0
          ],
          [
            8.584561,
            46.652306,
            1297.0
          ],
          [
            8.584498,
            46.652182,
            1298.0
          ],
          [
            8.584481,
            46.652108,
            1299.0
          ],
          [
            8.584481,
            46.652046,
            1299.0
          ],
          [
            8.584489,
            46.651985,
            1300.0
          ],
          [
            8.584535,
            46.651911,
            1301.0
          ],
          [
            8.584598,
            46.651824,
            1302.0
          ],
          [
            8.584669,
            46.651757,
            1303.0
          ],
          [
            8.584912,
            46.651578,
            1305.0
          ],
          [
            8.585118,
            46.651393,
            1308.0
          ],
          [
            8.585254,
            46.651257,
            1310.0
          ],
          [
            8.585343,
            46.65114,
            1311.0
          ],
          [
            8.585378,
            46.651054,
            1312.0
          ],
          [
            8.585451,
            46.650751,
            1316.0
          ],
          [
            8.585468,
            46.650603,
            1318.0
          ],
          [
            8.585468,
            46.650536,
            1319.0
          ],
          [
            8.585468,
            46.650468,
            1320.0
          ],
          [
            8.585468,
            46.650425,
            1320.0
          ],
          [
            8.585468,
            46.650419,
            1320.0
          ],
          [
            8.585487,
            46.650363,
            1321.0
          ],
          [
            8.585487,
            46.650357,
            1321.0
          ],
          [
            8.585504,
            46.650314,
            1321.0
          ],
          [
            8.585567,
            46.65024,
            1322.0
          ],
          [
            8.585657,
            46.650147,
            1323.0
          ],
          [
            8.585801,
            46.650043,
            1325.0
          ],
          [
            8.585954,
            46.649913,
            1326.0
          ],
          [
            8.585999,
            46.649845,
            1327.0
          ],
          [
            8.58608,
            46.649777,
            1328.0
          ],
          [
            8.586223,
            46.649685,
            1329.0
          ],
          [
            8.58642,
            46.649586,
            1331.0
          ],
          [
            8.586502,
            46.649537,
            1332.0
          ],
          [
            8.586709,
            46.649426,
            1334.0
          ],
          [
            8.586942,
            46.649308,
            1336.0
          ],
          [
            8.587085,
            46.649241,
            1338.0
          ],
          [
            8.587166,
            46.64921,
            1338.0
          ],
          [
            8.587238,
            46.649185,
            1339.0
          ],
          [
            8.587311,
            46.649173,
            1340.0
          ],
          [
            8.587409,
            46.649167,
            1340.0
          ],
          [
            8.587499,
            46.649167,
            1341.0
          ],
          [
            8.587588,
            46.649173,
            1342.0
          ],
          [
            8.58767,
            46.649185,
            1343.0
          ],
          [
            8.587741,
            46.64921,
            1343.0
          ],
          [
            8.587912,
            46.649272,
            1345.0
          ],
          [
            8.587967,
            46.64929,
            1345.0
          ],
          [
            8.588038,
            46.649308,
            1346.0
          ],
          [
            8.588118,
            46.649314,
            1346.0
          ],
          [
            8.588173,
            46.649314,
            1347.0
          ],
          [
            8.58829,
            46.649314,
            1348.0
          ],
          [
            8.588343,
            46.649321,
            1348.0
          ],
          [
            8.588388,
            46.649327,
            1349.0
          ],
          [
            8.588433,
            46.649345,
            1349.0
          ],
          [
            8.588469,
            46.649364,
            1349.0
          ],
          [
            8.588504,
            46.649401,
            1350.0
          ],
          [
            8.58855,
            46.649426,
            1350.0
          ],
          [
            8.588586,
            46.649438,
            1350.0
          ],
          [
            8.588667,
            46.649457,
            1351.0
          ],
          [
            8.58872,
            46.649457,
            1351.0
          ],
          [
            8.588756,
            46.649457,
            1351.0
          ],
          [
            8.588783,
            46.649445,
            1351.0
          ],
          [
            8.58881,
            46.649432,
            1352.0
          ],
          [
            8.58882,
            46.649407,
            1352.0
          ],
          [
            8.588829,
            46.649383,
            1352.0
          ],
          [
            8.588829,
            46.649321,
            1352.0
          ],
          [
            8.588829,
            46.649296,
            1353.0
          ],
          [
            8.588864,
            46.649192,
            1353.0
          ],
          [
            8.588873,
            46.649154,
            1354.0
          ],
          [
            8.588864,
            46.649117,
            1354.0
          ],
          [
            8.588856,
            46.649093,
            1354.0
          ],
          [
            8.588829,
            46.649062,
            1354.0
          ],
          [
            8.588793,
            46.649038,
            1355.0
          ],
          [
            8.588766,
            46.649019,
            1355.0
          ],
          [
            8.58873,
            46.649007,
            1355.0
          ],
          [
            8.588684,
            46.648988,
            1355.0
          ],
          [
            8.588091,
            46.648877,
            1358.0
          ],
          [
            8.588074,
            46.648871,
            1358.0
          ],
          [
            8.588074,
            46.648865,
            1358.0
          ],
          [
            8.588074,
            46.648852,
            1358.0
          ],
          [
            8.588074,
            46.648846,
            1358.0
          ],
          [
            8.588083,
            46.64884,
            1358.0
          ],
          [
            8.588101,
            46.648834,
            1359.0
          ],
          [
            8.588118,
            46.648834,
            1359.0
          ],
          [
            8.588613,
            46.648877,
            1362.0
          ],
          [
            8.5889,
            46.648908,
            1364.0
          ],
          [
            8.589116,
            46.648951,
            1365.0
          ],
          [
            8.58925,
            46.648976,
            1366.0
          ],
          [
            8.58943,
            46.649007,
            1368.0
          ],
          [
            8.589512,
            46.649013,
            1368.0
          ],
          [
            8.589565,
            46.649013,
            1369.0
          ],
          [
            8.589628,
            46.648994,
            1369.0
          ],
          [
            8.589691,
            46.648976,
            1370.0
          ],
          [
            8.590328,
            46.648624,
            1375.0
          ],
          [
            8.590472,
            46.648525,
            1377.0
          ],
          [
            8.590688,
            46.64834,
            1379.0
          ],
          [
            8.590894,
            46.648168,
            1382.0
          ],
          [
            8.591209,
            46.647896,
            1386.0
          ],
          [
            8.591227,
            46.647872,
            1386.0
          ],
          [
            8.591227,
            46.647847,
            1386.0
          ],
          [
            8.591227,
            46.647829,
            1387.0
          ],
          [
            8.591209,
            46.647804,
            1387.0
          ],
          [
            8.591183,
            46.647786,
            1387.0
          ],
          [
            8.591154,
            46.647767,
            1388.0
          ],
          [
            8.591083,
            46.647742,
            1388.0
          ],
          [
            8.59094,
            46.647699,
            1389.0
          ],
          [
            8.590607,
            46.647631,
            1400.0
          ],
          [
            8.590544,
            46.647613,
            1400.0
          ],
          [
            8.590454,
            46.647582,
            1399.0
          ],
          [
            8.590391,
            46.647539,
            1398.0
          ],
          [
            8.590347,
            46.647508,
            1394.0
          ],
          [
            8.59032,
            46.647489,
            1392.0
          ],
          [
            8.590311,
            46.647471,
            1391.0
          ],
          [
            8.590292,
            46.647452,
            1390.0
          ],
          [
            8.590292,
            46.647261,
            1382.0
          ],
          [
            8.590292,
            46.64712,
            1384.0
          ],
          [
            8.590292,
            46.647095,
            1385.0
          ],
          [
            8.590301,
            46.647076,
            1385.0
          ],
          [
            8.59032,
            46.647058,
            1386.0
          ],
          [
            8.590347,
            46.647045,
            1387.0
          ],
          [
            8.590382,
            46.647039,
            1388.0
          ],
          [
            8.590418,
            46.647033,
            1389.0
          ],
          [
            8.590464,
            46.647039,
            1390.0
          ],
          [
            8.590517,
            46.647058,
            1391.0
          ],
          [
            8.590714,
            46.647113,
            1396.0
          ],
          [
            8.590823,
            46.647132,
            1399.0
          ],
          [
            8.591074,
            46.647163,
            1400.0
          ],
          [
            8.591119,
            46.647163,
            1400.0
          ],
          [
            8.591154,
            46.647163,
            1400.0
          ],
          [
            8.591173,
            46.647157,
            1400.0
          ],
          [
            8.591191,
            46.647157,
            1400.0
          ],
          [
            8.591209,
            46.647144,
            1400.0
          ],
          [
            8.591217,
            46.647132,
            1400.0
          ],
          [
            8.591227,
            46.647113,
            1400.0
          ],
          [
            8.591227,
            46.647101,
            1400.0
          ],
          [
            8.591227,
            46.647082,
            1400.0
          ],
          [
            8.591217,
            46.647064,
            1400.0
          ],
          [
            8.5912,
            46.647051,
            1400.0
          ],
          [
            8.591173,
            46.647039,
            1400.0
          ],
          [
            8.591038,
            46.647008,
            1400.0
          ],
          [
            8.590993,
            46.647021,
            1400.0
          ],
          [
            8.590967,
            46.647027,
            1400.0
          ],
          [
            8.590706,
            46.647014,
            1400.0
          ],
          [
            8.590634,
            46.647002,
            1400.0
          ],
          [
            8.590562,
            46.646984,
            1400.0
          ],
          [
            8.590499,
            46.646959,
            1400.0
          ],
          [
            8.590454,
            46.646928,
            1401.0
          ],
          [
            8.59041,
            46.646891,
            1402.0
          ],
          [
            8.590382,
            46.64686,
            1402.0
          ],
          [
            8.590364,
            46.646823,
            1403.0
          ],
          [
            8.59023,
            46.646534,
            1408.0
          ],
          [
            8.590221,
            46.646497,
            1409.0
          ],
          [
            8.590221,
            46.646466,
            1409.0
          ],
          [
            8.59023,
            46.646355,
            1411.0
          ],
          [
            8.590248,
            46.646299,
            1412.0
          ],
          [
            8.590185,
            46.646151,
            1415.0
          ],
          [
            8.590167,
            46.646083,
            1417.0
          ],
          [
            8.590167,
            46.646009,
            1418.0
          ],
          [
            8.590175,
            46.645899,
            1420.0
          ],
          [
            8.590221,
            46.645793,
            1423.0
          ],
          [
            8.590284,
            46.645689,
            1425.0
          ],
          [
            8.590391,
            46.645577,
            1427.0
          ],
          [
            8.590472,
            46.645516,
            1429.0
          ],
          [
            8.590499,
            46.645473,
            1430.0
          ],
          [
            8.590544,
            46.645442,
            1430.0
          ],
          [
            8.590562,
            46.645461,
            1430.0
          ],
          [
            8.590517,
            46.645479,
            1430.0
          ],
          [
            8.590499,
            46.645461,
            1430.0
          ],
          [
            8.590491,
            46.645461,
            1430.0
          ],
          [
            8.59058,
            46.645405,
            1430.0
          ],
          [
            8.590651,
            46.645362,
            1430.0
          ],
          [
            8.590877,
            46.645257,
            1430.0
          ],
          [
            8.59093,
            46.645208,
            1430.0
          ],
          [
            8.59102,
            46.645128,
            1430.0
          ],
          [
            8.591236,
            46.645016,
            1430.0
          ],
          [
            8.591299,
            46.64501,
            1430.0
          ],
          [
            8.591353,
            46.644961,
            1430.0
          ],
          [
            8.591362,
            46.644936,
            1430.0
          ],
          [
            8.59138,
            46.644869,
            1430.0
          ],
          [
            8.591452,
            46.644634,
            1430.0
          ],
          [
            8.591838,
            46.643308,
            1430.0
          ],
          [
            8.591846,
            46.643259,
            1430.0
          ],
          [
            8.591846,
            46.64321,
            1430.0
          ],
          [
            8.591829,
            46.643135,
            1430.0
          ],
          [
            8.591829,
            46.643104,
            1430.0
          ],
          [
            8.591829,
            46.643074,
            1430.0
          ],
          [
            8.591883,
            46.642938,
            1430.0
          ],
          [
            8.591955,
            46.642568,
            1430.0
          ],
          [
            8.591963,
            46.64255,
            1430.0
          ],
          [
            8.59199,
            46.642445,
            1430.0
          ],
          [
            8.591999,
            46.64242,
            1430.0
          ],
          [
            8.592026,
            46.642402,
            1430.0
          ],
          [
            8.592072,
            46.642371,
            1430.0
          ],
          [
            8.592242,
            46.64229,
            1430.0
          ],
          [
            8.592286,
            46.642254,
            1430.0
          ],
          [
            8.592349,
            46.642198,
            1430.0
          ],
          [
            8.592368,
            46.642173,
            1430.0
          ],
          [
            8.592368,
            46.642136,
            1430.0
          ],
          [
            8.592368,
            46.642105,
            1430.0
          ],
          [
            8.592349,
            46.642075,
            1430.0
          ],
          [
            8.592259,
            46.642013,
            1430.0
          ],
          [
            8.592386,
            46.641773,
            1430.0
          ],
          [
            8.592431,
            46.641686,
            1430.0
          ],
          [
            8.592512,
            46.641526,
            1430.0
          ],
          [
            8.592638,
            46.641304,
            1430.0
          ],
          [
            8.592664,
            46.641266,
            1430.0
          ],
          [
            8.592942,
            46.640705,
            1433.0
          ],
          [
            8.593032,
            46.64057,
            1434.0
          ],
          [
            8.593643,
            46.640003,
            1439.0
          ],
          [
            8.593401,
            46.639854,
            1440.0
          ],
          [
            8.593536,
            46.639768,
            1440.0
          ],
          [
            8.593617,
            46.639694,
            1440.0
          ],
          [
            8.593715,
            46.639608,
            1440.0
          ],
          [
            8.593823,
            46.639503,
            1440.0
          ],
          [
            8.593922,
            46.639398,
            1440.0
          ],
          [
            8.594039,
            46.639262,
            1440.0
          ],
          [
            8.594146,
            46.639121,
            1440.0
          ],
          [
            8.594219,
            46.639009,
            1440.0
          ],
          [
            8.594299,
            46.638874,
            1440.0
          ],
          [
            8.594425,
            46.638584,
            1440.0
          ],
          [
            8.594569,
            46.638244,
            1440.0
          ],
          [
            8.594622,
            46.63806,
            1440.0
          ],
          [
            8.594722,
            46.637659,
            1440.0
          ],
          [
            8.594749,
            46.637566,
            1440.0
          ],
          [
            8.594766,
            46.637498,
            1440.0
          ],
          [
            8.594793,
            46.637387,
            1440.0
          ],
          [
            8.594802,
            46.637332,
            1440.0
          ],
          [
            8.594865,
            46.637129,
            1440.0
          ],
          [
            8.594739,
            46.637104,
            1440.0
          ],
          [
            8.594596,
            46.637067,
            1440.0
          ],
          [
            8.59428,
            46.636986,
            1440.0
          ],
          [
            8.594164,
            46.636949,
            1440.0
          ],
          [
            8.594039,
            46.636913,
            1440.0
          ],
          [
            8.594003,
            46.6369,
            1440.0
          ],
          [
            8.593984,
            46.636888,
            1440.0
          ],
          [
            8.59393,
            46.636869,
            1440.0
          ],
          [
            8.59393,
            46.636857,
            1440.0
          ],
          [
            8.593904,
            46.636838,
            1440.0
          ],
          [
            8.593867,
            46.63682,
            1440.0
          ],
          [
            8.593823,
            46.636807,
            1440.0
          ],
          [
            8.593563,
            46.636728,
            1440.0
          ],
          [
            8.593311,
            46.636653,
            1440.0
          ],
          [
            8.593284,
            46.636647,
            1440.0
          ],
          [
            8.593248,
            46.636641,
            1440.0
          ],
          [
            8.593204,
            46.636635,
            1440.0
          ],
          [
            8.593158,
            46.636635,
            1440.0
          ],
          [
            8.593041,
            46.636629,
            1440.0
          ],
          [
            8.593014,
            46.636629,
            1440.0
          ],
          [
            8.592988,
            46.636622,
            1440.0
          ],
          [
            8.592584,
            46.636499,
            1440.0
          ],
          [
            8.592404,
            46.636444,
            1440.0
          ],
          [
            8.592349,
            46.636425,
            1440.0
          ],
          [
            8.592296,
            46.6364,
            1440.0
          ],
          [
            8.592251,
            46.636375,
            1440.0
          ],
          [
            8.592206,
            46.636345,
            1440.0
          ],
          [
            8.592179,
            46.636308,
            1440.0
          ],
          [
            8.592162,
            46.636277,
            1440.0
          ],
          [
            8.592072,
            46.636086,
            1440.0
          ],
          [
            8.592072,
            46.636067,
            1440.0
          ],
          [
            8.592062,
            46.636043,
            1440.0
          ],
          [
            8.592062,
            46.636012,
            1440.0
          ],
          [
            8.59208,
            46.63595,
            1440.0
          ],
          [
            8.592026,
            46.635932,
            1440.0
          ],
          [
            8.59181,
            46.635814,
            1440.0
          ],
          [
            8.591523,
            46.635667,
            1440.0
          ],
          [
            8.591119,
            46.635395,
            1440.0
          ],
          [
            8.590814,
            46.635093,
            1440.0
          ],
          [
            8.590697,
            46.634975,
            1440.0
          ],
          [
            8.590651,
            46.634896,
            1440.0
          ],
          [
            8.590634,
            46.634865,
            1440.0
          ],
          [
            8.590427,
            46.634926,
            1440.0
          ],
          [
            8.590445,
            46.634963,
            1440.0
          ],
          [
            8.590347,
            46.634994,
            1440.0
          ],
          [
            8.590041,
            46.635111,
            1440.0
          ],
          [
            8.589619,
            46.635284,
            1440.0
          ],
          [
            8.589179,
            46.635457,
            1440.0
          ],
          [
            8.589098,
            46.635457,
            1440.0
          ],
          [
            8.588891,
            46.635537,
            1440.0
          ],
          [
            8.588594,
            46.635673,
            1440.0
          ],
          [
            8.5882,
            46.635839,
            1440.0
          ],
          [
            8.587724,
            46.63603,
            1440.0
          ],
          [
            8.587194,
            46.636246,
            1440.0
          ],
          [
            8.586529,
            46.636506,
            1440.0
          ],
          [
            8.586214,
            46.63666,
            1440.0
          ],
          [
            8.586124,
            46.636697,
            1440.0
          ],
          [
            8.58608,
            46.636715,
            1440.0
          ],
          [
            8.586053,
            46.636721,
            1440.0
          ],
          [
            8.585657,
            46.636801,
            1440.0
          ],
          [
            8.585504,
            46.636832,
            1440.0
          ],
          [
            8.585504,
            46.63682,
            1440.0
          ],
          [
            8.585451,
            46.636715,
            1440.0
          ],
          [
            8.585361,
            46.636536,
            1440.0
          ],
          [
            8.585317,
            46.636425,
            1440.0
          ],
          [
            8.58519,
            46.636067,
            1440.0
          ],
          [
            8.58511,
            46.635851,
            1440.0
          ],
          [
            8.585074,
            46.635734,
            1440.0
          ],
          [
            8.584965,
            46.635339,
            1440.0
          ],
          [
            8.584938,
            46.63516,
            1440.0
          ],
          [
            8.58493,
            46.635037,
            1440.0
          ],
          [
            8.584885,
            46.634803,
            1440.0
          ],
          [
            8.584858,
            46.634729,
            1440.0
          ],
          [
            8.58484,
            46.634667,
            1440.0
          ],
          [
            8.58484,
            46.634667,
            1440.0
          ],
          [
            8.584822,
            46.63463,
            1440.0
          ],
          [
            8.584741,
            46.634365,
            1440.0
          ],
          [
            8.584606,
            46.63405,
            1440.0
          ],
          [
            8.584544,
            46.633927,
            1440.0
          ],
          [
            8.584508,
            46.633804,
            1440.0
          ],
          [
            8.584489,
            46.633723,
            1440.0
          ],
          [
            8.584472,
            46.633656,
            1440.0
          ],
          [
            8.584481,
            46.633588,
            1440.0
          ],
          [
            8.584489,
            46.633508,
            1440.0
          ],
          [
            8.584525,
            46.633409,
            1440.0
          ],
          [
            8.584579,
            46.633249,
            1440.0
          ],
          [
            8.584625,
            46.633174,
            1440.0
          ],
          [
            8.584669,
            46.633088,
            1440.0
          ],
          [
            8.584714,
            46.63302,
            1440.0
          ],
          [
            8.584777,
            46.632946,
            1440.0
          ],
          [
            8.58484,
            46.632879,
            1440.0
          ],
          [
            8.585038,
            46.632675,
            1440.0
          ],
          [
            8.585172,
            46.632539,
            1440.0
          ],
          [
            8.58528,
            46.632428,
            1440.0
          ],
          [
            8.58537,
            46.632311,
            1440.0
          ],
          [
            8.585441,
            46.632212,
            1440.0
          ],
          [
            8.585523,
            46.632095,
            1440.0
          ],
          [
            8.585594,
            46.631984,
            1440.0
          ],
          [
            8.58563,
            46.631928,
            1440.0
          ],
          [
            8.585667,
            46.631861,
            1440.0
          ],
          [
            8.585684,
            46.631793,
            1440.0
          ],
          [
            8.585693,
            46.631725,
            1440.0
          ],
          [
            8.585693,
            46.631614,
            1440.0
          ],
          [
            8.585703,
            46.631552,
            1440.0
          ],
          [
            8.58572,
            46.631491,
            1440.0
          ],
          [
            8.585747,
            46.631429,
            1440.0
          ],
          [
            8.585764,
            46.631361,
            1440.0
          ],
          [
            8.585774,
            46.631293,
            1440.0
          ],
          [
            8.585774,
            46.631231,
            1440.0
          ],
          [
            8.585774,
            46.631157,
            1440.0
          ],
          [
            8.585764,
            46.631083,
            1440.0
          ],
          [
            8.585747,
            46.631022,
            1440.0
          ],
          [
            8.58573,
            46.630966,
            1440.0
          ],
          [
            8.585684,
            46.630868,
            1440.0
          ],
          [
            8.585648,
            46.630793,
            1440.0
          ],
          [
            8.585594,
            46.630713,
            1440.0
          ],
          [
            8.585558,
            46.630658,
            1440.0
          ],
          [
            8.585523,
            46.630602,
            1440.0
          ],
          [
            8.585451,
            46.630522,
            1440.0
          ],
          [
            8.58537,
            46.630442,
            1440.0
          ],
          [
            8.585271,
            46.630343,
            1440.0
          ],
          [
            8.585137,
            46.630245,
            1440.0
          ],
          [
            8.585047,
            46.630183,
            1440.0
          ],
          [
            8.584848,
            46.630066,
            1440.0
          ],
          [
            8.584462,
            46.629856,
            1440.0
          ],
          [
            8.58395,
            46.629615,
            1440.0
          ],
          [
            8.583439,
            46.629405,
            1440.0
          ],
          [
            8.582711,
            46.62914,
            1440.0
          ],
          [
            8.582514,
            46.62906,
            1440.0
          ],
          [
            8.582342,
            46.62898,
            1440.0
          ],
          [
            8.582109,
            46.62885,
            1440.0
          ],
          [
            8.581921,
            46.628739,
            1440.0
          ],
          [
            8.581696,
            46.628628,
            1440.0
          ],
          [
            8.581472,
            46.628523,
            1440.0
          ],
          [
            8.58121,
            46.628431,
            1440.0
          ],
          [
            8.580932,
            46.628307,
            1440.0
          ],
          [
            8.58077,
            46.628227,
            1440.0
          ],
          [
            8.580672,
            46.628171,
            1440.0
          ],
          [
            8.58051,
            46.628067,
            1440.0
          ],
          [
            8.580286,
            46.627943,
            1440.0
          ],
          [
            8.579953,
            46.62777,
            1440.0
          ],
          [
            8.579827,
            46.627721,
            1440.0
          ],
          [
            8.579657,
            46.627672,
            1440.0
          ],
          [
            8.579602,
            46.627758,
            1440.0
          ],
          [
            8.579567,
            46.627832,
            1440.0
          ],
          [
            8.579558,
            46.627851,
            1440.0
          ],
          [
            8.579522,
            46.627937,
            1440.0
          ],
          [
            8.579495,
            46.628048,
            1440.0
          ],
          [
            8.579477,
            46.628116,
            1440.0
          ],
          [
            8.579441,
            46.628184,
            1440.0
          ],
          [
            8.579414,
            46.628215,
            1440.0
          ],
          [
            8.579342,
            46.628258,
            1440.0
          ],
          [
            8.579288,
            46.628277,
            1440.0
          ],
          [
            8.579216,
            46.628289,
            1440.0
          ],
          [
            8.579145,
            46.628289,
            1440.0
          ],
          [
            8.578956,
            46.628271,
            1440.0
          ],
          [
            8.578759,
            46.628233,
            1440.0
          ],
          [
            8.578642,
            46.628209,
            1440.0
          ],
          [
            8.578543,
            46.628178,
            1440.0
          ],
          [
            8.578498,
            46.628153,
            1440.0
          ],
          [
            8.578426,
            46.628116,
            1440.0
          ],
          [
            8.57838,
            46.628079,
            1440.0
          ],
          [
            8.578327,
            46.628042,
            1440.0
          ],
          [
            8.578219,
            46.627949,
            1440.0
          ],
          [
            8.57813,
            46.627863,
            1440.0
          ],
          [
            8.578067,
            46.627789,
            1440.0
          ],
          [
            8.577977,
            46.627666,
            1440.0
          ],
          [
            8.577923,
            46.627598,
            1440.0
          ],
          [
            8.577869,
            46.627536,
            1440.0
          ],
          [
            8.5776,
            46.627203,
            1440.0
          ],
          [
            8.577546,
            46.627147,
            1440.0
          ],
          [
            8.577501,
            46.627104,
            1440.0
          ],
          [
            8.577438,
            46.627061,
            1440.0
          ],
          [
            8.577375,
            46.627018,
            1440.0
          ],
          [
            8.577384,
            46.626901,
            1440.0
          ],
          [
            8.577375,
            46.626827,
            1440.0
          ],
          [
            8.577375,
            46.626771,
            1440.0
          ],
          [
            8.577357,
            46.626709,
            1440.0
          ],
          [
            8.577338,
            46.62666,
            1440.0
          ],
          [
            8.577303,
            46.626586,
            1440.0
          ],
          [
            8.577248,
            46.626506,
            1440.0
          ],
          [
            8.577195,
            46.62642,
            1440.0
          ],
          [
            8.577105,
            46.626315,
            1440.0
          ],
          [
            8.57707,
            46.626266,
            1440.0
          ],
          [
            8.577042,
            46.626216,
            1440.0
          ],
          [
            8.577007,
            46.626148,
            1440.0
          ],
          [
            8.576988,
            46.626099,
            1440.0
          ],
          [
            8.576988,
            46.626056,
            1440.0
          ],
          [
            8.576998,
            46.626025,
            1440.0
          ],
          [
            8.577015,
            46.626,
            1440.0
          ],
          [
            8.577034,
            46.625975,
            1440.0
          ],
          [
            8.577061,
            46.625957,
            1440.0
          ],
          [
            8.577088,
            46.625938,
            1440.0
          ],
          [
            8.577124,
            46.625926,
            1440.0
          ],
          [
            8.577159,
            46.625914,
            1440.0
          ],
          [
            8.577214,
            46.625914,
            1440.0
          ],
          [
            8.577303,
            46.625907,
            1440.0
          ],
          [
            8.577348,
            46.625901,
            1440.0
          ],
          [
            8.577384,
            46.625895,
            1440.0
          ],
          [
            8.57742,
            46.625883,
            1440.0
          ],
          [
            8.577464,
            46.625852,
            1440.0
          ],
          [
            8.57751,
            46.625821,
            1440.0
          ],
          [
            8.577546,
            46.625784,
            1440.0
          ],
          [
            8.577573,
            46.625753,
            1440.0
          ],
          [
            8.57759,
            46.625728,
            1440.0
          ],
          [
            8.577608,
            46.625698,
            1440.0
          ],
          [
            8.577635,
            46.625655,
            1440.0
          ],
          [
            8.577653,
            46.625611,
            1440.0
          ],
          [
            8.577663,
            46.625574,
            1440.0
          ],
          [
            8.577671,
            46.625537,
            1440.0
          ],
          [
            8.577671,
            46.6255,
            1440.0
          ],
          [
            8.577671,
            46.625464,
            1440.0
          ],
          [
            8.577671,
            46.625414,
            1440.0
          ],
          [
            8.577671,
            46.625358,
            1440.0
          ],
          [
            8.577671,
            46.625309,
            1440.0
          ],
          [
            8.57768,
            46.625223,
            1440.0
          ],
          [
            8.577698,
            46.625142,
            1440.0
          ],
          [
            8.577725,
            46.625038,
            1440.0
          ],
          [
            8.577761,
            46.624939,
            1440.0
          ],
          [
            8.57778,
            46.624908,
            1440.0
          ],
          [
            8.577806,
            46.624865,
            1440.0
          ],
          [
            8.577877,
            46.624772,
            1440.0
          ],
          [
            8.577959,
            46.624674,
            1440.0
          ],
          [
            8.57804,
            46.624587,
            1440.0
          ],
          [
            8.578049,
            46.624569,
            1440.0
          ],
          [
            8.578049,
            46.624544,
            1440.0
          ],
          [
            8.57804,
            46.624532,
            1440.0
          ],
          [
            8.577994,
            46.624489,
            1440.0
          ],
          [
            8.577384,
            46.624396,
            1441.0
          ],
          [
            8.576476,
            46.624279,
            1442.0
          ],
          [
            8.57565,
            46.6241,
            1443.0
          ],
          [
            8.575417,
            46.624051,
            1443.0
          ],
          [
            8.575254,
            46.623964,
            1444.0
          ],
          [
            8.575164,
            46.623933,
            1444.0
          ],
          [
            8.574994,
            46.623921,
            1444.0
          ],
          [
            8.574653,
            46.623779,
            1444.0
          ],
          [
            8.57433,
            46.623612,
            1445.0
          ],
          [
            8.574141,
            46.623544,
            1445.0
          ],
          [
            8.573971,
            46.623489,
            1445.0
          ],
          [
            8.573908,
            46.623427,
            1445.0
          ],
          [
            8.573835,
            46.623298,
            1446.0
          ],
          [
            8.573665,
            46.623193,
            1446.0
          ],
          [
            8.57353,
            46.623137,
            1446.0
          ],
          [
            8.572874,
            46.622971,
            1447.0
          ],
          [
            8.572514,
            46.622854,
            1447.0
          ],
          [
            8.5723,
            46.622761,
            1447.0
          ],
          [
            8.572093,
            46.62265,
            1448.0
          ],
          [
            8.571967,
            46.622557,
            1448.0
          ],
          [
            8.571491,
            46.622181,
            1449.0
          ],
          [
            8.571321,
            46.622064,
            1449.0
          ],
          [
            8.571195,
            46.621996,
            1449.0
          ],
          [
            8.570969,
            46.621922,
            1449.0
          ],
          [
            8.570772,
            46.621885,
            1450.0
          ],
          [
            8.570458,
            46.621854,
            1450.0
          ],
          [
            8.570243,
            46.621836,
            1453.0
          ],
          [
            8.570279,
            46.621546,
            1450.0
          ],
          [
            8.570306,
            46.62141,
            1456.0
          ],
          [
            8.57034,
            46.621243,
            1456.0
          ],
          [
            8.570369,
            46.621114,
            1457.0
          ],
          [
            8.570377,
            46.621052,
            1457.0
          ],
          [
            8.570386,
            46.621015,
            1457.0
          ],
          [
            8.570403,
            46.620953,
            1458.0
          ],
          [
            8.570403,
            46.620867,
            1458.0
          ],
          [
            8.569774,
            46.620756,
            1458.0
          ],
          [
            8.56956,
            46.620719,
            1459.0
          ],
          [
            8.569254,
            46.620663,
            1459.0
          ],
          [
            8.569174,
            46.620657,
            1459.0
          ],
          [
            8.569021,
            46.620707,
            1459.0
          ],
          [
            8.56894,
            46.620713,
            1459.0
          ],
          [
            8.568715,
            46.620657,
            1459.0
          ],
          [
            8.568652,
            46.620713,
            1456.0
          ],
          [
            8.568545,
            46.620848,
            1450.0
          ],
          [
            8.568419,
            46.620984,
            1452.0
          ],
          [
            8.568409,
            46.621015,
            1452.0
          ],
          [
            8.568526,
            46.621096,
            1453.0
          ],
          [
            8.568698,
            46.621212,
            1455.0
          ],
          [
            8.568868,
            46.621478,
            1458.0
          ],
          [
            8.568948,
            46.621626,
            1459.0
          ],
          [
            8.56903,
            46.621682,
            1460.0
          ],
          [
            8.569101,
            46.621774,
            1462.0
          ],
          [
            8.569128,
            46.621811,
            1462.0
          ],
          [
            8.569128,
            46.621867,
            1464.0
          ],
          [
            8.568985,
            46.622083,
            1468.0
          ],
          [
            8.568895,
            46.622187,
            1470.0
          ],
          [
            8.568635,
            46.62215,
            1470.0
          ],
          [
            8.568374,
            46.622114,
            1470.0
          ],
          [
            8.568185,
            46.62207,
            1470.0
          ],
          [
            8.568077,
            46.622052,
            1470.0
          ],
          [
            8.567987,
            46.622021,
            1470.0
          ],
          [
            8.567889,
            46.621977,
            1470.0
          ],
          [
            8.567808,
            46.621934,
            1470.0
          ],
          [
            8.567503,
            46.621774,
            1471.0
          ],
          [
            8.566927,
            46.62149,
            1473.0
          ],
          [
            8.566469,
            46.621293,
            1475.0
          ],
          [
            8.566208,
            46.621188,
            1476.0
          ],
          [
            8.566029,
            46.621132,
            1476.0
          ],
          [
            8.565868,
            46.621089,
            1477.0
          ],
          [
            8.565724,
            46.621046,
            1477.0
          ],
          [
            8.565598,
            46.620978,
            1478.0
          ],
          [
            8.565535,
            46.620935,
            1478.0
          ],
          [
            8.565463,
            46.620879,
            1479.0
          ],
          [
            8.565319,
            46.620744,
            1479.0
          ],
          [
            8.56522,
            46.620645,
            1480.0
          ],
          [
            8.565158,
            46.620589,
            1480.0
          ],
          [
            8.565069,
            46.620528,
            1480.0
          ],
          [
            8.564979,
            46.62046,
            1480.0
          ],
          [
            8.56487,
            46.620392,
            1480.0
          ],
          [
            8.56478,
            46.620337,
            1481.0
          ],
          [
            8.564627,
            46.620262,
            1481.0
          ],
          [
            8.56444,
            46.62017,
            1481.0
          ],
          [
            8.564233,
            46.620084,
            1481.0
          ],
          [
            8.564061,
            46.619997,
            1481.0
          ],
          [
            8.563954,
            46.619929,
            1482.0
          ],
          [
            8.563837,
            46.619836,
            1482.0
          ],
          [
            8.563685,
            46.619689,
            1482.0
          ],
          [
            8.563514,
            46.619522,
            1482.0
          ],
          [
            8.563379,
            46.619411,
            1482.0
          ],
          [
            8.563281,
            46.619343,
            1483.0
          ],
          [
            8.563163,
            46.619275,
            1483.0
          ],
          [
            8.563056,
            46.619226,
            1483.0
          ],
          [
            8.562984,
            46.619195,
            1483.0
          ],
          [
            8.562866,
            46.61917,
            1483.0
          ],
          [
            8.562706,
            46.61914,
            1483.0
          ],
          [
            8.562633,
            46.619121,
            1483.0
          ],
          [
            8.562553,
            46.619096,
            1483.0
          ],
          [
            8.56248,
            46.619065,
            1483.0
          ],
          [
            8.562319,
            46.618997,
            1484.0
          ],
          [
            8.56196,
            46.618812,
            1484.0
          ],
          [
            8.561079,
            46.61835,
            1485.0
          ],
          [
            8.560927,
            46.618275,
            1485.0
          ],
          [
            8.560738,
            46.618202,
            1486.0
          ],
          [
            8.560522,
            46.618134,
            1486.0
          ],
          [
            8.560342,
            46.618078,
            1486.0
          ],
          [
            8.560182,
            46.618016,
            1486.0
          ],
          [
            8.560002,
            46.617936,
            1486.0
          ],
          [
            8.559786,
            46.617862,
            1487.0
          ],
          [
            8.559579,
            46.617807,
            1487.0
          ],
          [
            8.559381,
            46.617776,
            1487.0
          ],
          [
            8.55922,
            46.617739,
            1487.0
          ],
          [
            8.558753,
            46.617591,
            1488.0
          ],
          [
            8.558618,
            46.617566,
            1488.0
          ],
          [
            8.558484,
            46.617548,
            1488.0
          ],
          [
            8.558115,
            46.617523,
            1488.0
          ],
          [
            8.557513,
            46.617498,
            1489.0
          ],
          [
            8.557163,
            46.617442,
            1489.0
          ],
          [
            8.556813,
            46.617406,
            1490.0
          ],
          [
            8.556381,
            46.617412,
            1490.0
          ],
          [
            8.556138,
            46.617375,
            1490.0
          ],
          [
            8.555717,
            46.617288,
            1490.0
          ],
          [
            8.555384,
            46.617251,
            1490.0
          ],
          [
            8.554998,
            46.617159,
            1490.0
          ],
          [
            8.554396,
            46.617041,
            1490.0
          ],
          [
            8.553964,
            46.616912,
            1490.0
          ],
          [
            8.553821,
            46.616869,
            1490.0
          ],
          [
            8.553497,
            46.616801,
            1490.0
          ],
          [
            8.55321,
            46.61677,
            1490.0
          ],
          [
            8.553039,
            46.616727,
            1490.0
          ],
          [
            8.552815,
            46.616671,
            1490.0
          ],
          [
            8.552555,
            46.616585,
            1490.0
          ],
          [
            8.552295,
            46.616455,
            1490.0
          ],
          [
            8.552205,
            46.616419,
            1490.0
          ],
          [
            8.552105,
            46.616388,
            1490.0
          ],
          [
            8.552016,
            46.616363,
            1490.0
          ],
          [
            8.551962,
            46.616357,
            1490.0
          ],
          [
            8.551899,
            46.616357,
            1490.0
          ],
          [
            8.551826,
            46.616357,
            1490.0
          ],
          [
            8.551763,
            46.616369,
            1490.0
          ],
          [
            8.551576,
            46.616431,
            1490.0
          ],
          [
            8.551476,
            46.616455,
            1490.0
          ],
          [
            8.551396,
            46.616467,
            1490.0
          ],
          [
            8.551297,
            46.616474,
            1490.0
          ],
          [
            8.551171,
            46.61648,
            1490.0
          ],
          [
            8.551027,
            46.616474,
            1490.0
          ],
          [
            8.550901,
            46.616467,
            1490.0
          ],
          [
            8.550794,
            46.616455,
            1490.0
          ],
          [
            8.550668,
            46.616437,
            1490.0
          ],
          [
            8.550507,
            46.616406,
            1490.0
          ],
          [
            8.550147,
            46.616332,
            1490.0
          ],
          [
            8.549922,
            46.616264,
            1490.0
          ],
          [
            8.549392,
            46.616079,
            1490.0
          ],
          [
            8.549176,
            46.616005,
            1490.0
          ],
          [
            8.548916,
            46.615943,
            1490.0
          ],
          [
            8.548836,
            46.615918,
            1490.0
          ],
          [
            8.548737,
            46.615875,
            1490.0
          ],
          [
            8.548637,
            46.615814,
            1490.0
          ],
          [
            8.548547,
            46.615746,
            1490.0
          ],
          [
            8.548431,
            46.615635,
            1490.0
          ],
          [
            8.548314,
            46.615536,
            1490.0
          ],
          [
            8.548243,
            46.615492,
            1489.0
          ],
          [
            8.548125,
            46.615444,
            1488.0
          ],
          [
            8.547731,
            46.615264,
            1485.0
          ],
          [
            8.547649,
            46.615184,
            1484.0
          ],
          [
            8.547605,
            46.615141,
            1484.0
          ],
          [
            8.547568,
            46.615116,
            1484.0
          ],
          [
            8.547532,
            46.615104,
            1483.0
          ],
          [
            8.547479,
            46.615104,
            1483.0
          ],
          [
            8.547092,
            46.615085,
            1481.0
          ],
          [
            8.547029,
            46.615079,
            1480.0
          ],
          [
            8.546966,
            46.615073,
            1480.0
          ],
          [
            8.546886,
            46.615055,
            1480.0
          ],
          [
            8.546805,
            46.615037,
            1480.0
          ],
          [
            8.546733,
            46.615006,
            1480.0
          ],
          [
            8.54667,
            46.614968,
            1480.0
          ],
          [
            8.546616,
            46.614931,
            1480.0
          ],
          [
            8.546203,
            46.614598,
            1480.0
          ],
          [
            8.545853,
            46.614314,
            1480.0
          ],
          [
            8.545431,
            46.613975,
            1482.0
          ],
          [
            8.545035,
            46.613673,
            1483.0
          ],
          [
            8.544928,
            46.613586,
            1483.0
          ],
          [
            8.544829,
            46.613512,
            1484.0
          ],
          [
            8.544721,
            46.613451,
            1484.0
          ],
          [
            8.544622,
            46.613401,
            1484.0
          ],
          [
            8.544515,
            46.613358,
            1484.0
          ],
          [
            8.544425,
            46.613327,
            1485.0
          ],
          [
            8.544362,
            46.613308,
            1485.0
          ],
          [
            8.544299,
            46.613302,
            1485.0
          ],
          [
            8.544173,
            46.613308,
            1485.0
          ],
          [
            8.543903,
            46.613345,
            1486.0
          ],
          [
            8.543805,
            46.613358,
            1486.0
          ],
          [
            8.543706,
            46.613358,
            1486.0
          ],
          [
            8.543599,
            46.613339,
            1486.0
          ],
          [
            8.543473,
            46.613302,
            1487.0
          ],
          [
            8.542924,
            46.613087,
            1488.0
          ],
          [
            8.542601,
            46.612963,
            1489.0
          ],
          [
            8.542215,
            46.612815,
            1490.0
          ],
          [
            8.542098,
            46.612747,
            1490.0
          ],
          [
            8.542018,
            46.612692,
            1490.0
          ],
          [
            8.541918,
            46.612611,
            1490.0
          ],
          [
            8.541838,
            46.612537,
            1490.0
          ],
          [
            8.541496,
            46.612216,
            1491.0
          ],
          [
            8.541379,
            46.612124,
            1491.0
          ],
          [
            8.541272,
            46.61205,
            1491.0
          ],
          [
            8.541155,
            46.611988,
            1491.0
          ],
          [
            8.541047,
            46.611939,
            1491.0
          ],
          [
            8.540949,
            46.611908,
            1491.0
          ],
          [
            8.540643,
            46.611809,
            1491.0
          ],
          [
            8.540167,
            46.611648,
            1491.0
          ],
          [
            8.539897,
            46.611544,
            1491.0
          ],
          [
            8.539789,
            46.611513,
            1492.0
          ],
          [
            8.539699,
            46.611501,
            1492.0
          ],
          [
            8.539582,
            46.611488,
            1492.0
          ],
          [
            8.539402,
            46.611488,
            1492.0
          ],
          [
            8.539106,
            46.611507,
            1492.0
          ],
          [
            8.538837,
            46.611544,
            1492.0
          ],
          [
            8.538496,
            46.61158,
            1492.0
          ],
          [
            8.538299,
            46.61158,
            1492.0
          ],
          [
            8.538047,
            46.611562,
            1492.0
          ],
          [
            8.53784,
            46.611532,
            1492.0
          ],
          [
            8.537525,
            46.611432,
            1493.0
          ],
          [
            8.537534,
            46.611408,
            1493.0
          ],
          [
            8.537498,
            46.611371,
            1493.0
          ],
          [
            8.537435,
            46.611346,
            1493.0
          ],
          [
            8.537373,
            46.611346,
            1493.0
          ],
          [
            8.537328,
            46.611371,
            1493.0
          ],
          [
            8.537274,
            46.611426,
            1493.0
          ],
          [
            8.537211,
            46.611525,
            1493.0
          ],
          [
            8.537131,
            46.611661,
            1493.0
          ],
          [
            8.537005,
            46.611717,
            1493.0
          ],
          [
            8.536691,
            46.611796,
            1493.0
          ],
          [
            8.536259,
            46.611778,
            1493.0
          ],
          [
            8.535953,
            46.611723,
            1494.0
          ],
          [
            8.535836,
            46.611648,
            1494.0
          ],
          [
            8.535765,
            46.611507,
            1494.0
          ],
          [
            8.53571,
            46.611371,
            1494.0
          ],
          [
            8.535513,
            46.611192,
            1494.0
          ],
          [
            8.534947,
            46.610815,
            1494.0
          ],
          [
            8.534785,
            46.61076,
            1495.0
          ],
          [
            8.534697,
            46.610667,
            1495.0
          ],
          [
            8.534481,
            46.610439,
            1495.0
          ],
          [
            8.534328,
            46.610316,
            1495.0
          ],
          [
            8.534068,
            46.610112,
            1495.0
          ],
          [
            8.532747,
            46.609637,
            1496.0
          ],
          [
            8.532477,
            46.609557,
            1496.0
          ],
          [
            8.53228,
            46.609451,
            1496.0
          ],
          [
            8.532135,
            46.609347,
            1496.0
          ],
          [
            8.531642,
            46.609149,
            1497.0
          ],
          [
            8.531031,
            46.608952,
            1497.0
          ],
          [
            8.530294,
            46.608674,
            1497.0
          ],
          [
            8.530294,
            46.608674,
            1497.0
          ],
          [
            8.530043,
            46.608575,
            1497.0
          ],
          [
            8.529926,
            46.608551,
            1498.0
          ],
          [
            8.529881,
            46.608551,
            1498.0
          ],
          [
            8.529836,
            46.608557,
            1498.0
          ],
          [
            8.5298,
            46.608582,
            1498.0
          ],
          [
            8.529693,
            46.608649,
            1498.0
          ],
          [
            8.529665,
            46.608662,
            1498.0
          ],
          [
            8.529638,
            46.608656,
            1498.0
          ],
          [
            8.529737,
            46.608538,
            1498.0
          ],
          [
            8.529881,
            46.608347,
            1498.0
          ],
          [
            8.529907,
            46.608316,
            1498.0
          ],
          [
            8.528794,
            46.60789,
            1499.0
          ],
          [
            8.52256,
            46.605558,
            1505.0
          ],
          [
            8.521078,
            46.60515,
            1507.0
          ],
          [
            8.520422,
            46.604984,
            1508.0
          ],
          [
            8.51982,
            46.604749,
            1508.0
          ],
          [
            8.519479,
            46.604613,
            1509.0
          ],
          [
            8.519271,
            46.604521,
            1509.0
          ],
          [
            8.519083,
            46.604422,
            1509.0
          ],
          [
            8.518913,
            46.604335,
            1510.0
          ],
          [
            8.518733,
            46.604261,
            1510.0
          ],
          [
            8.518149,
            46.604039,
            1511.0
          ],
          [
            8.518086,
            46.604021,
            1511.0
          ],
          [
            8.518023,
            46.604002,
            1511.0
          ],
          [
            8.517888,
            46.603978,
            1511.0
          ],
          [
            8.517825,
            46.603965,
            1511.0
          ],
          [
            8.517781,
            46.603953,
            1512.0
          ],
          [
            8.51726,
            46.603762,
            1513.0
          ],
          [
            8.517143,
            46.603712,
            1513.0
          ],
          [
            8.517017,
            46.603638,
            1514.0
          ],
          [
            8.516927,
            46.603589,
            1514.0
          ],
          [
            8.51673,
            46.603502,
            1514.0
          ],
          [
            8.516631,
            46.603441,
            1515.0
          ],
          [
            8.51655,
            46.603373,
            1515.0
          ],
          [
            8.516531,
            46.603323,
            1515.0
          ],
          [
            8.516496,
            46.603317,
            1515.0
          ],
          [
            8.51647,
            46.603298,
            1515.0
          ],
          [
            8.51637,
            46.603219,
            1516.0
          ],
          [
            8.516353,
            46.603206,
            1516.0
          ],
          [
            8.516325,
            46.603194,
            1516.0
          ],
          [
            8.516298,
            46.603194,
            1516.0
          ],
          [
            8.516271,
            46.603194,
            1516.0
          ],
          [
            8.515939,
            46.603262,
            1517.0
          ],
          [
            8.515867,
            46.603262,
            1517.0
          ],
          [
            8.515841,
            46.603262,
            1517.0
          ],
          [
            8.515814,
            46.60325,
            1517.0
          ],
          [
            8.515697,
            46.603181,
            1517.0
          ],
          [
            8.515661,
            46.603169,
            1517.0
          ],
          [
            8.515625,
            46.603163,
            1517.0
          ],
          [
            8.515588,
            46.603163,
            1517.0
          ],
          [
            8.515552,
            46.603163,
            1518.0
          ],
          [
            8.515409,
            46.603219,
            1518.0
          ],
          [
            8.514879,
            46.603533,
            1519.0
          ],
          [
            8.514852,
            46.603552,
            1520.0
          ],
          [
            8.514825,
            46.603576,
            1520.0
          ],
          [
            8.514799,
            46.603614,
            1520.0
          ],
          [
            8.51478,
            46.603675,
            1520.0
          ],
          [
            8.514592,
            46.603793,
            1523.0
          ],
          [
            8.514565,
            46.603799,
            1523.0
          ],
          [
            8.514529,
            46.603793,
            1524.0
          ],
          [
            8.514447,
            46.60378,
            1525.0
          ],
          [
            8.514357,
            46.60378,
            1526.0
          ],
          [
            8.514151,
            46.60378,
            1528.0
          ],
          [
            8.514026,
            46.603755,
            1530.0
          ],
          [
            8.513738,
            46.603712,
            1530.0
          ],
          [
            8.513585,
            46.603681,
            1530.0
          ],
          [
            8.513451,
            46.603644,
            1530.0
          ],
          [
            8.513128,
            46.603521,
            1530.0
          ],
          [
            8.513082,
            46.603502,
            1530.0
          ],
          [
            8.513028,
            46.603478,
            1530.0
          ],
          [
            8.512875,
            46.603391,
            1530.0
          ],
          [
            8.512795,
            46.603354,
            1530.0
          ],
          [
            8.512741,
            46.603329,
            1530.0
          ],
          [
            8.512715,
            46.603305,
            1531.0
          ],
          [
            8.512642,
            46.603256,
            1531.0
          ],
          [
            8.512453,
            46.60315,
            1531.0
          ],
          [
            8.512418,
            46.603125,
            1531.0
          ],
          [
            8.512292,
            46.60304,
            1531.0
          ],
          [
            8.512212,
            46.602996,
            1531.0
          ],
          [
            8.512157,
            46.602971,
            1531.0
          ],
          [
            8.512095,
            46.602947,
            1531.0
          ],
          [
            8.511942,
            46.602891,
            1531.0
          ],
          [
            8.511906,
            46.602879,
            1531.0
          ],
          [
            8.51187,
            46.602861,
            1531.0
          ],
          [
            8.511753,
            46.602761,
            1531.0
          ],
          [
            8.511726,
            46.602743,
            1531.0
          ],
          [
            8.511681,
            46.602731,
            1531.0
          ],
          [
            8.511474,
            46.602682,
            1531.0
          ],
          [
            8.511376,
            46.602663,
            1531.0
          ],
          [
            8.511313,
            46.602651,
            1531.0
          ],
          [
            8.511259,
            46.602632,
            1531.0
          ],
          [
            8.511204,
            46.602583,
            1531.0
          ],
          [
            8.511151,
            46.602545,
            1531.0
          ],
          [
            8.511115,
            46.602533,
            1531.0
          ],
          [
            8.51108,
            46.602527,
            1531.0
          ],
          [
            8.510845,
            46.602527,
            1531.0
          ],
          [
            8.510774,
            46.602521,
            1531.0
          ],
          [
            8.510684,
            46.602509,
            1531.0
          ],
          [
            8.510594,
            46.602478,
            1531.0
          ],
          [
            8.510262,
            46.602311,
            1532.0
          ],
          [
            8.510181,
            46.602268,
            1532.0
          ],
          [
            8.510136,
            46.602231,
            1532.0
          ],
          [
            8.510073,
            46.6022,
            1532.0
          ],
          [
            8.509623,
            46.602009,
            1532.0
          ],
          [
            8.509327,
            46.601873,
            1532.0
          ],
          [
            8.50921,
            46.601861,
            1532.0
          ],
          [
            8.509147,
            46.60183,
            1532.0
          ],
          [
            8.509103,
            46.601792,
            1532.0
          ],
          [
            8.509085,
            46.601756,
            1532.0
          ],
          [
            8.509049,
            46.601725,
            1532.0
          ],
          [
            8.509004,
            46.601707,
            1532.0
          ],
          [
            8.507828,
            46.601349,
            1532.0
          ],
          [
            8.507279,
            46.601145,
            1533.0
          ],
          [
            8.507099,
            46.601021,
            1533.0
          ],
          [
            8.506803,
            46.601015,
            1533.0
          ],
          [
            8.506507,
            46.600996,
            1533.0
          ],
          [
            8.506417,
            46.600923,
            1534.0
          ],
          [
            8.506004,
            46.600768,
            1534.0
          ],
          [
            8.505815,
            46.600713,
            1534.0
          ],
          [
            8.505428,
            46.600614,
            1535.0
          ],
          [
            8.505204,
            46.600565,
            1535.0
          ],
          [
            8.504917,
            46.600465,
            1536.0
          ],
          [
            8.504746,
            46.60041,
            1536.0
          ],
          [
            8.504746,
            46.60041,
            1536.0
          ],
          [
            8.504665,
            46.60038,
            1536.0
          ],
          [
            8.504503,
            46.600398,
            1536.0
          ],
          [
            8.504243,
            46.600237,
            1536.0
          ],
          [
            8.503946,
            46.600052,
            1537.0
          ],
          [
            8.504072,
            46.599966,
            1538.0
          ],
          [
            8.504099,
            46.599935,
            1538.0
          ],
          [
            8.504117,
            46.599904,
            1538.0
          ],
          [
            8.504126,
            46.599873,
            1539.0
          ],
          [
            8.504145,
            46.5997,
            1540.0
          ],
          [
            8.504145,
            46.599639,
            1540.0
          ],
          [
            8.504126,
            46.599577,
            1540.0
          ],
          [
            8.50409,
            46.599521,
            1540.0
          ],
          [
            8.504046,
            46.599454,
            1540.0
          ],
          [
            8.503757,
            46.599151,
            1540.0
          ],
          [
            8.503417,
            46.598799,
            1540.0
          ],
          [
            8.503371,
            46.598731,
            1455.0
          ],
          [
            8.503228,
            46.598589,
            1412.0
          ],
          [
            8.503246,
            46.598577,
            1443.0
          ],
          [
            8.503614,
            46.598416,
            1516.0
          ],
          [
            8.503667,
            46.598392,
            1527.0
          ],
          [
            8.503722,
            46.598367,
            1538.0
          ],
          [
            8.503659,
            46.598355,
            1538.0
          ],
          [
            8.503587,
            46.598342,
            1538.0
          ]
        ]
      }
    }
  ]
}