{
  "type": "FeatureCollection",
  "features": [
    {
      "type": "Feature",
      "properties": {},
      "geometry": {
        "type": "LineString",
        "coordinates": [
          [
            8.311034,
            47.049797,
            440.0
          ],
          [
            8.310971,
            47.050183,
            440.0
          ],
          [
            8.310961,
            47.050244,
            440.0
          ],
          [
            8.310764,
            47.050232,
            440.0
          ],
          [
            8.310531,
            47.050214,
            440.0
          ],
          [
            8.310288,
            47.050195,
            440.0
          ],
          [
            8.310063,
            47.050177,
            440.0
          ],
          [
            8.309839,
            47.050158,
            440.0
          ],
          [
            8.30982,
            47.050201,
            440.0
          ],
          [
            8.309793,
            47.050195,
            440.0
          ],
          [
            8.309623,
            47.050183,
            440.0
          ],
          [
            8.309497,
            47.050177,
            440.0
          ],
          [
            8.309434,
            47.050207,
            440.0
          ],
          [
            8.309281,
            47.050097,
            440.0
          ],
          [
            8.309201,
            47.050017,
            440.0
          ],
          [
            8.30912,
            47.049968,
            440.0
          ],
          [
            8.309066,
            47.049944,
            440.0
          ],
          [
            8.308985,
            47.049938,
            440.0
          ],
          [
            8.308824,
            47.049895,
            440.0
          ],
          [
            8.307925,
            47.049534,
            440.0
          ],
          [
            8.307845,
            47.049497,
            440.0
          ],
          [
            8.307782,
            47.049473,
            440.0
          ],
          [
            8.307709,
            47.049448,
            440.0
          ],
          [
            8.307036,
            47.049173,
            440.0
          ],
          [
            8.306479,
            47.048946,
            440.0
          ],
          [
            8.30647,
            47.048934,
            440.0
          ],
          [
            8.306434,
            47.048891,
            440.0
          ],
          [
            8.306407,
            47.04883,
            440.0
          ],
          [
            8.306407,
            47.048787,
            440.0
          ],
          [
            8.306407,
            47.048781,
            440.0
          ],
          [
            8.306361,
            47.048738,
            440.0
          ],
          [
            8.306317,
            47.048701,
            440.0
          ],
          [
            8.306308,
            47.048689,
            440.0
          ],
          [
            8.30629,
            47.048683,
            440.0
          ],
          [
            8.306227,
            47.048646,
            440.0
          ],
          [
            8.306201,
            47.048634,
            440.0
          ],
          [
            8.305841,
            47.048487,
            440.0
          ],
          [
            8.305778,
            47.048463,
            440.0
          ],
          [
            8.305589,
            47.048396,
            440.0
          ],
          [
            8.305482,
            47.048328,
            440.0
          ],
          [
            8.305365,
            47.048279,
            440.0
          ],
          [
            8.305086,
            47.048156,
            440.0
          ],
          [
            8.305051,
            47.048144,
            440.0
          ],
          [
            8.30434,
            47.04785,
            440.0
          ],
          [
            8.304216,
            47.047808,
            440.0
          ],
          [
            8.30417,
            47.047789,
            440.0
          ],
          [
            8.304143,
            47.047765,
            440.0
          ],
          [
            8.304126,
            47.047783,
            440.0
          ],
          [
            8.304063,
            47.047857,
            440.0
          ],
          [
            8.304063,
            47.047869,
            440.0
          ],
          [
            8.304126,
            47.047899,
            440.0
          ],
          [
            8.304332,
            47.047967,
            440.0
          ],
          [
            8.304332,
            47.047967,
            440.0
          ],
          [
            8.304126,
            47.047899,
            440.0
          ],
          [
            8.304063,
            47.047869,
            440.0
          ],
          [
            8.304063,
            47.047857,
            440.0
          ],
          [
            8.304126,
            47.047783,
            440.0
          ],
          [
            8.304143,
            47.047765,
            440.0
          ],
          [
            8.304107,
            47.047716,
            440.0
          ],
          [
            8.30409,
            47.047661,
            440.0
          ],
          [
            8.304053,
            47.047661,
            440.0
          ],
          [
            8.303927,
            47.047643,
            440.0
          ],
          [
            8.30391,
            47.047643,
            440.0
          ],
          [
            8.30391,
            47.047637,
            440.0
          ],
          [
            8.303784,
            47.0476,
            440.0
          ],
          [
            8.303766,
            47.047594,
            440.0
          ],
          [
            8.30373,
            47.04763,
            440.0
          ],
          [
            8.303694,
            47.047655,
            440.0
          ],
          [
            8.303677,
            47.047661,
            440.0
          ],
          [
            8.303658,
            47.047661,
            440.0
          ],
          [
            8.30364,
            47.047655,
            440.0
          ],
          [
            8.303614,
            47.04763,
            440.0
          ],
          [
            8.303533,
            47.047569,
            440.0
          ],
          [
            8.303487,
            47.047532,
            440.0
          ],
          [
            8.303371,
            47.04749,
            440.0
          ],
          [
            8.303155,
            47.047391,
            440.0
          ],
          [
            8.302939,
            47.047293,
            440.0
          ],
          [
            8.302849,
            47.047257,
            440.0
          ],
          [
            8.302822,
            47.047244,
            440.0
          ],
          [
            8.302795,
            47.047269,
            440.0
          ],
          [
            8.302769,
            47.0473,
            440.0
          ],
          [
            8.302698,
            47.047269,
            440.0
          ],
          [
            8.302652,
            47.047257,
            440.0
          ],
          [
            8.302571,
            47.047214,
            440.0
          ],
          [
            8.30179,
            47.046878,
            440.0
          ],
          [
            8.3017,
            47.046841,
            440.0
          ],
          [
            8.300784,
            47.046443,
            447.0
          ],
          [
            8.301061,
            47.046051,
            449.0
          ],
          [
            8.301017,
            47.046051,
            450.0
          ],
          [
            8.30099,
            47.046033,
            450.0
          ],
          [
            8.300963,
            47.046002,
            450.0
          ],
          [
            8.300945,
            47.045996,
            450.0
          ],
          [
            8.300918,
            47.04599,
            450.0
          ],
          [
            8.300757,
            47.046008,
            450.0
          ],
          [
            8.300505,
            47.046027,
            451.0
          ],
          [
            8.300101,
            47.046063,
            452.0
          ],
          [
            8.300092,
            47.046063,
            452.0
          ],
          [
            8.299966,
            47.046082,
            452.0
          ],
          [
            8.299849,
            47.046106,
            453.0
          ],
          [
            8.299778,
            47.046131,
            453.0
          ],
          [
            8.299742,
            47.046155,
            453.0
          ],
          [
            8.299571,
            47.046326,
            454.0
          ],
          [
            8.299543,
            47.046344,
            454.0
          ],
          [
            8.299516,
            47.046314,
            450.0
          ],
          [
            8.299453,
            47.046344,
            450.0
          ],
          [
            8.299346,
            47.046357,
            451.0
          ],
          [
            8.299283,
            47.046344,
            451.0
          ],
          [
            8.299256,
            47.046344,
            452.0
          ],
          [
            8.29922,
            47.046326,
            452.0
          ],
          [
            8.29922,
            47.046326,
            452.0
          ],
          [
            8.299185,
            47.046314,
            452.0
          ],
          [
            8.299059,
            47.046216,
            453.0
          ],
          [
            8.29896,
            47.046173,
            454.0
          ],
          [
            8.298843,
            47.046149,
            455.0
          ],
          [
            8.298717,
            47.046149,
            456.0
          ],
          [
            8.29852,
            47.046155,
            457.0
          ],
          [
            8.298411,
            47.046143,
            458.0
          ],
          [
            8.298277,
            47.0461,
            459.0
          ],
          [
            8.297954,
            47.045996,
            465.0
          ],
          [
            8.297845,
            47.045966,
            470.0
          ],
          [
            8.297963,
            47.0458,
            470.0
          ],
          [
            8.297748,
            47.04572,
            470.0
          ],
          [
            8.297684,
            47.045702,
            470.0
          ],
          [
            8.297604,
            47.04569,
            470.0
          ],
          [
            8.297478,
            47.045677,
            470.0
          ],
          [
            8.297415,
            47.045659,
            470.0
          ],
          [
            8.297361,
            47.045635,
            470.0
          ],
          [
            8.297325,
            47.045622,
            471.0
          ],
          [
            8.297253,
            47.045586,
            472.0
          ],
          [
            8.297218,
            47.045567,
            472.0
          ],
          [
            8.297208,
            47.045555,
            472.0
          ],
          [
            8.297172,
            47.04553,
            473.0
          ],
          [
            8.297155,
            47.045524,
            473.0
          ],
          [
            8.297128,
            47.045512,
            474.0
          ],
          [
            8.297092,
            47.0455,
            474.0
          ],
          [
            8.297056,
            47.0455,
            474.0
          ],
          [
            8.296759,
            47.045475,
            477.0
          ],
          [
            8.296606,
            47.045463,
            479.0
          ],
          [
            8.296562,
            47.045457,
            480.0
          ],
          [
            8.296507,
            47.045439,
            480.0
          ],
          [
            8.296382,
            47.045396,
            482.0
          ],
          [
            8.296283,
            47.045365,
            483.0
          ],
          [
            8.296274,
            47.045359,
            484.0
          ],
          [
            8.296266,
            47.045353,
            484.0
          ],
          [
            8.296237,
            47.045347,
            484.0
          ],
          [
            8.29622,
            47.045341,
            484.0
          ],
          [
            8.296149,
            47.045243,
            486.0
          ],
          [
            8.29614,
            47.045237,
            487.0
          ],
          [
            8.296211,
            47.045213,
            486.0
          ],
          [
            8.296211,
            47.045207,
            486.0
          ],
          [
            8.296193,
            47.045176,
            487.0
          ],
          [
            8.296176,
            47.045158,
            488.0
          ],
          [
            8.296166,
            47.045145,
            488.0
          ],
          [
            8.29614,
            47.045158,
            488.0
          ],
          [
            8.296086,
            47.045164,
            489.0
          ],
          [
            8.29604,
            47.04517,
            489.0
          ],
          [
            8.295996,
            47.045151,
            489.0
          ],
          [
            8.29604,
            47.045059,
            490.0
          ],
          [
            8.296086,
            47.044998,
            490.0
          ],
          [
            8.296086,
            47.0449,
            492.0
          ],
          [
            8.296077,
            47.044876,
            492.0
          ],
          [
            8.296077,
            47.044857,
            493.0
          ],
          [
            8.296067,
            47.044845,
            493.0
          ],
          [
            8.29596,
            47.044771,
            495.0
          ],
          [
            8.295977,
            47.044655,
            497.0
          ],
          [
            8.295996,
            47.044594,
            498.0
          ],
          [
            8.29604,
            47.044539,
            499.0
          ],
          [
            8.29605,
            47.044521,
            499.0
          ],
          [
            8.29605,
            47.044502,
            500.0
          ],
          [
            8.29604,
            47.044484,
            500.0
          ],
          [
            8.296031,
            47.044472,
            500.0
          ],
          [
            8.296004,
            47.044453,
            501.0
          ],
          [
            8.295987,
            47.044429,
            501.0
          ],
          [
            8.295977,
            47.044398,
            501.0
          ],
          [
            8.295969,
            47.044368,
            502.0
          ],
          [
            8.295969,
            47.044294,
            503.0
          ],
          [
            8.296004,
            47.044166,
            505.0
          ],
          [
            8.295914,
            47.044129,
            506.0
          ],
          [
            8.2956,
            47.044031,
            510.0
          ],
          [
            8.295528,
            47.043994,
            511.0
          ],
          [
            8.295501,
            47.04397,
            512.0
          ],
          [
            8.295474,
            47.043927,
            513.0
          ],
          [
            8.295457,
            47.043853,
            514.0
          ],
          [
            8.295438,
            47.043804,
            516.0
          ],
          [
            8.295384,
            47.043658,
            519.0
          ],
          [
            8.295367,
            47.043603,
            520.0
          ],
          [
            8.295331,
            47.043541,
            521.0
          ],
          [
            8.295134,
            47.043327,
            523.0
          ],
          [
            8.294998,
            47.043186,
            525.0
          ],
          [
            8.294692,
            47.042892,
            529.0
          ],
          [
            8.294002,
            47.04255,
            538.0
          ],
          [
            8.293966,
            47.042531,
            539.0
          ],
          [
            8.29401,
            47.042513,
            539.0
          ],
          [
            8.294037,
            47.042494,
            538.0
          ],
          [
            8.2941,
            47.042445,
            538.0
          ],
          [
            8.294109,
            47.042421,
            538.0
          ],
          [
            8.294127,
            47.042384,
            537.0
          ],
          [
            8.294127,
            47.04236,
            537.0
          ],
          [
            8.294118,
            47.042298,
            536.0
          ],
          [
            8.2941,
            47.042255,
            536.0
          ],
          [
            8.293992,
            47.042121,
            535.0
          ],
          [
            8.293786,
            47.041858,
            532.0
          ],
          [
            8.293723,
            47.041778,
            531.0
          ],
          [
            8.293624,
            47.041643,
            530.0
          ],
          [
            8.293553,
            47.041558,
            530.0
          ],
          [
            8.293516,
            47.041509,
            529.0
          ],
          [
            8.293516,
            47.04149,
            529.0
          ],
          [
            8.293516,
            47.041472,
            529.0
          ],
          [
            8.293516,
            47.041453,
            529.0
          ],
          [
            8.293373,
            47.041404,
            529.0
          ],
          [
            8.293264,
            47.041368,
            528.0
          ],
          [
            8.293256,
            47.041362,
            528.0
          ],
          [
            8.293264,
            47.041356,
            528.0
          ],
          [
            8.293283,
            47.041337,
            528.0
          ],
          [
            8.293291,
            47.041307,
            528.0
          ],
          [
            8.293274,
            47.041264,
            527.0
          ],
          [
            8.293256,
            47.041252,
            527.0
          ],
          [
            8.292815,
            47.041062,
            524.0
          ],
          [
            8.292753,
            47.041019,
            524.0
          ],
          [
            8.29269,
            47.040952,
            523.0
          ],
          [
            8.292671,
            47.040933,
            523.0
          ],
          [
            8.292671,
            47.040927,
            523.0
          ],
          [
            8.292708,
            47.040897,
            523.0
          ],
          [
            8.292734,
            47.040872,
            522.0
          ],
          [
            8.292744,
            47.040872,
            522.0
          ],
          [
            8.292815,
            47.040872,
            522.0
          ],
          [
            8.293148,
            47.040854,
            519.0
          ],
          [
            8.293471,
            47.040848,
            517.0
          ],
          [
            8.293732,
            47.04086,
            515.0
          ],
          [
            8.293893,
            47.040878,
            514.0
          ],
          [
            8.293947,
            47.040878,
            513.0
          ],
          [
            8.293983,
            47.040866,
            513.0
          ],
          [
            8.294163,
            47.04078,
            512.0
          ],
          [
            8.294243,
            47.04075,
            511.0
          ],
          [
            8.294352,
            47.040713,
            510.0
          ],
          [
            8.294459,
            47.040688,
            509.0
          ],
          [
            8.294585,
            47.040664,
            508.0
          ],
          [
            8.294819,
            47.040645,
            507.0
          ],
          [
            8.295044,
            47.040639,
            505.0
          ],
          [
            8.295178,
            47.040639,
            504.0
          ],
          [
            8.295277,
            47.040651,
            503.0
          ],
          [
            8.295403,
            47.04067,
            502.0
          ],
          [
            8.295511,
            47.040694,
            502.0
          ],
          [
            8.29561,
            47.040731,
            501.0
          ],
          [
            8.295851,
            47.040602,
            496.0
          ],
          [
            8.296031,
            47.040438,
            491.0
          ],
          [
            8.296211,
            47.040535,
            489.0
          ],
          [
            8.296327,
            47.04048,
            485.0
          ],
          [
            8.296373,
            47.040425,
            482.0
          ],
          [
            8.296803,
            47.039776,
            460.0
          ],
          [
            8.29684,
            47.039715,
            459.0
          ],
          [
            8.296616,
            47.039648,
            459.0
          ],
          [
            8.296409,
            47.039617,
            458.0
          ],
          [
            8.296625,
            47.03928,
            457.0
          ],
          [
            8.296696,
            47.039274,
            456.0
          ],
          [
            8.296822,
            47.039109,
            456.0
          ],
          [
            8.296832,
            47.039103,
            456.0
          ],
          [
            8.296903,
            47.039084,
            455.0
          ],
          [
            8.296912,
            47.039078,
            455.0
          ],
          [
            8.296921,
            47.039078,
            455.0
          ],
          [
            8.296992,
            47.039054,
            455.0
          ],
          [
            8.297011,
            47.039047,
            455.0
          ],
          [
            8.297128,
            47.03909,
            455.0
          ],
          [
            8.297172,
            47.039103,
            455.0
          ],
          [
            8.297208,
            47.039103,
            455.0
          ],
          [
            8.297253,
            47.03909,
            455.0
          ],
          [
            8.297271,
            47.039078,
            455.0
          ],
          [
            8.297298,
            47.03906,
            455.0
          ],
          [
            8.297343,
            47.03895,
            455.0
          ],
          [
            8.297352,
            47.038931,
            455.0
          ],
          [
            8.297352,
            47.038919,
            455.0
          ],
          [
            8.297343,
            47.038901,
            455.0
          ],
          [
            8.297352,
            47.038901,
            455.0
          ],
          [
            8.297424,
            47.038913,
            455.0
          ],
          [
            8.297469,
            47.038919,
            455.0
          ],
          [
            8.297505,
            47.038925,
            455.0
          ],
          [
            8.297541,
            47.038938,
            455.0
          ],
          [
            8.297595,
            47.03895,
            455.0
          ],
          [
            8.297648,
            47.038968,
            455.0
          ],
          [
            8.297837,
            47.038992,
            455.0
          ],
          [
            8.298071,
            47.03876,
            455.0
          ],
          [
            8.298044,
            47.038748,
            455.0
          ],
          [
            8.297918,
            47.038693,
            455.0
          ],
          [
            8.297874,
            47.038711,
            455.0
          ],
          [
            8.297702,
            47.038626,
            454.0
          ],
          [
            8.297549,
            47.038546,
            454.0
          ],
          [
            8.297019,
            47.038245,
            454.0
          ],
          [
            8.297038,
            47.038178,
            454.0
          ],
          [
            8.297155,
            47.037946,
            453.0
          ],
          [
            8.297549,
            47.037212,
            452.0
          ],
          [
            8.297631,
            47.037064,
            452.0
          ],
          [
            8.297721,
            47.037015,
            452.0
          ],
          [
            8.297765,
            47.036997,
            452.0
          ],
          [
            8.297702,
            47.036911,
            452.0
          ],
          [
            8.297694,
            47.036893,
            452.0
          ],
          [
            8.297675,
            47.036874,
            452.0
          ],
          [
            8.297621,
            47.036758,
            452.0
          ],
          [
            8.297451,
            47.036403,
            451.0
          ],
          [
            8.297379,
            47.03625,
            451.0
          ],
          [
            8.297361,
            47.036207,
            451.0
          ],
          [
            8.297325,
            47.036134,
            451.0
          ],
          [
            8.297235,
            47.035956,
            451.0
          ],
          [
            8.297119,
            47.035742,
            450.0
          ],
          [
            8.297046,
            47.035638,
            450.0
          ],
          [
            8.297109,
            47.03562,
            450.0
          ],
          [
            8.297369,
            47.03554,
            450.0
          ],
          [
            8.297424,
            47.03554,
            450.0
          ],
          [
            8.297495,
            47.035546,
            450.0
          ],
          [
            8.297505,
            47.035393,
            450.0
          ],
          [
            8.297514,
            47.035344,
            450.0
          ],
          [
            8.297541,
            47.035026,
            450.0
          ],
          [
            8.297558,
            47.034824,
            450.0
          ],
          [
            8.297577,
            47.034597,
            450.0
          ],
          [
            8.297612,
            47.034297,
            450.0
          ],
          [
            8.297621,
            47.034193,
            450.0
          ],
          [
            8.297631,
            47.034126,
            450.0
          ],
          [
            8.297639,
            47.034101,
            450.0
          ],
          [
            8.297648,
            47.034064,
            450.0
          ],
          [
            8.297721,
            47.033979,
            450.0
          ],
          [
            8.297801,
            47.03396,
            450.0
          ],
          [
            8.298178,
            47.034028,
            450.0
          ],
          [
            8.299005,
            47.034187,
            450.0
          ],
          [
            8.299472,
            47.034346,
            450.0
          ],
          [
            8.299598,
            47.034407,
            450.0
          ],
          [
            8.299895,
            47.034542,
            450.0
          ],
          [
            8.300011,
            47.034591,
            450.0
          ],
          [
            8.300101,
            47.034615,
            450.0
          ],
          [
            8.300371,
            47.034664,
            450.0
          ],
          [
            8.300281,
            47.035148,
            450.0
          ],
          [
            8.300442,
            47.035166,
            450.0
          ],
          [
            8.300711,
            47.035215,
            450.0
          ],
          [
            8.300891,
            47.035246,
            450.0
          ],
          [
            8.30099,
            47.035276,
            450.0
          ],
          [
            8.301287,
            47.035368,
            450.0
          ],
          [
            8.301484,
            47.035436,
            450.0
          ],
          [
            8.301601,
            47.03546,
            450.0
          ],
          [
            8.30178,
            47.035497,
            450.0
          ],
          [
            8.302132,
            47.035558,
            450.0
          ],
          [
            8.302329,
            47.035577,
            450.0
          ],
          [
            8.302455,
            47.035583,
            450.0
          ],
          [
            8.302482,
            47.035546,
            450.0
          ],
          [
            8.302482,
            47.035546,
            450.0
          ],
          [
            8.302589,
            47.035423,
            450.0
          ],
          [
            8.302616,
            47.035374,
            450.0
          ],
          [
            8.302679,
            47.034903,
            450.0
          ],
          [
            8.302679,
            47.034762,
            450.0
          ],
          [
            8.302706,
            47.034591,
            450.0
          ],
          [
            8.302948,
            47.033336,
            450.0
          ],
          [
            8.302967,
            47.033268,
            450.0
          ],
          [
            8.303128,
            47.032454,
            450.0
          ],
          [
            8.303191,
            47.032166,
            450.0
          ],
          [
            8.303353,
            47.031462,
            450.0
          ],
          [
            8.303407,
            47.031199,
            450.0
          ],
          [
            8.303461,
            47.030991,
            450.0
          ],
          [
            8.303497,
            47.030837,
            450.0
          ],
          [
            8.303577,
            47.030489,
            450.0
          ],
          [
            8.303623,
            47.030268,
            450.0
          ],
          [
            8.303703,
            47.029986,
            450.0
          ],
          [
            8.303856,
            47.029613,
            450.0
          ],
          [
            8.30391,
            47.029491,
            450.0
          ],
          [
            8.304053,
            47.029209,
            450.0
          ],
          [
            8.304126,
            47.029111,
            450.0
          ],
          [
            8.304179,
            47.029068,
            450.0
          ],
          [
            8.304251,
            47.029037,
            450.0
          ],
          [
            8.304287,
            47.028989,
            450.0
          ],
          [
            8.304323,
            47.028921,
            450.0
          ],
          [
            8.304323,
            47.028921,
            450.0
          ],
          [
            8.304395,
            47.02875,
            450.0
          ],
          [
            8.304575,
            47.028345,
            450.0
          ],
          [
            8.304692,
            47.028064,
            450.0
          ],
          [
            8.304709,
            47.027984,
            450.0
          ],
          [
            8.304556,
            47.027819,
            450.0
          ],
          [
            8.304556,
            47.0278,
            450.0
          ],
          [
            8.304566,
            47.027776,
            450.0
          ],
          [
            8.304583,
            47.027721,
            450.0
          ],
          [
            8.30461,
            47.027659,
            450.0
          ],
          [
            8.3047,
            47.027623,
            450.0
          ],
          [
            8.304709,
            47.027617,
            450.0
          ],
          [
            8.304843,
            47.027568,
            450.0
          ],
          [
            8.304862,
            47.02755,
            450.0
          ],
          [
            8.304862,
            47.027537,
            450.0
          ],
          [
            8.305015,
            47.027145,
            450.0
          ],
          [
            8.305042,
            47.027053,
            450.0
          ],
          [
            8.305078,
            47.026937,
            450.0
          ],
          [
            8.305059,
            47.026937,
            450.0
          ],
          [
            8.304808,
            47.026815,
            449.0
          ],
          [
            8.304709,
            47.026735,
            449.0
          ],
          [
            8.304673,
            47.02668,
            449.0
          ],
          [
            8.304529,
            47.026484,
            449.0
          ],
          [
            8.304512,
            47.026459,
            449.0
          ],
          [
            8.304395,
            47.026245,
            448.0
          ],
          [
            8.304359,
            47.026166,
            448.0
          ],
          [
            8.304314,
            47.026178,
            448.0
          ],
          [
            8.304206,
            47.026227,
            448.0
          ],
          [
            8.304134,
            47.026147,
            449.0
          ],
          [
            8.303784,
            47.026049,
            449.0
          ],
          [
            8.303505,
            47.025964,
            449.0
          ],
          [
            8.303353,
            47.025921,
            449.0
          ],
          [
            8.3032,
            47.025878,
            449.0
          ],
          [
            8.303084,
            47.025847,
            449.0
          ],
          [
            8.303048,
            47.025841,
            449.0
          ],
          [
            8.302939,
            47.025835,
            449.0
          ],
          [
            8.302715,
            47.025829,
            449.0
          ],
          [
            8.302616,
            47.02581,
            449.0
          ],
          [
            8.302553,
            47.025786,
            449.0
          ],
          [
            8.302526,
            47.025774,
            449.0
          ],
          [
            8.302482,
            47.025725,
            449.0
          ],
          [
            8.302409,
            47.025639,
            449.0
          ],
          [
            8.302293,
            47.025504,
            449.0
          ],
          [
            8.302283,
            47.025498,
            449.0
          ],
          [
            8.302239,
            47.025425,
            449.0
          ],
          [
            8.302248,
            47.02537,
            449.0
          ],
          [
            8.302275,
            47.025327,
            449.0
          ],
          [
            8.302329,
            47.025253,
            449.0
          ],
          [
            8.302346,
            47.02521,
            449.0
          ],
          [
            8.302346,
            47.025174,
            449.0
          ],
          [
            8.302293,
            47.025082,
            449.0
          ],
          [
            8.302212,
            47.024984,
            449.0
          ],
          [
            8.302149,
            47.024947,
            449.0
          ],
          [
            8.302077,
            47.024971,
            449.0
          ],
          [
            8.302059,
            47.024947,
            449.0
          ],
          [
            8.302042,
            47.024922,
            449.0
          ],
          [
            8.301879,
            47.02499,
            450.0
          ],
          [
            8.301862,
            47.024971,
            450.0
          ],
          [
            8.301816,
            47.024922,
            450.0
          ],
          [
            8.30179,
            47.024892,
            450.0
          ],
          [
            8.301727,
            47.024879,
            450.0
          ],
          [
            8.301619,
            47.024867,
            450.0
          ],
          [
            8.301403,
            47.024849,
            450.0
          ],
          [
            8.301233,
            47.024836,
            450.0
          ],
          [
            8.301008,
            47.024824,
            450.0
          ],
          [
            8.30099,
            47.024824,
            450.0
          ],
          [
            8.301359,
            47.023845,
            450.0
          ],
          [
            8.301457,
            47.023587,
            450.0
          ],
          [
            8.301566,
            47.023257,
            450.0
          ],
          [
            8.301727,
            47.022852,
            450.0
          ],
          [
            8.301753,
            47.022779,
            450.0
          ],
          [
            8.30178,
            47.022718,
            450.0
          ],
          [
            8.301843,
            47.022547,
            450.0
          ],
          [
            8.301862,
            47.02251,
            450.0
          ],
          [
            8.301879,
            47.022449,
            450.0
          ],
          [
            8.301925,
            47.022338,
            450.0
          ],
          [
            8.30196,
            47.022228,
            450.0
          ],
          [
            8.301979,
            47.022203,
            450.0
          ],
          [
            8.301969,
            47.022203,
            450.0
          ],
          [
            8.301933,
            47.022197,
            450.0
          ],
          [
            8.301897,
            47.022191,
            450.0
          ],
          [
            8.301889,
            47.022185,
            450.0
          ],
          [
            8.301879,
            47.022154,
            450.0
          ],
          [
            8.301862,
            47.02213,
            450.0
          ],
          [
            8.301296,
            47.02194,
            450.0
          ],
          [
            8.301134,
            47.021885,
            450.0
          ],
          [
            8.300918,
            47.0218,
            450.0
          ],
          [
            8.300883,
            47.021787,
            450.0
          ],
          [
            8.300757,
            47.02172,
            450.0
          ],
          [
            8.30055,
            47.02161,
            450.0
          ],
          [
            8.300495,
            47.021567,
            450.0
          ],
          [
            8.300451,
            47.02153,
            450.0
          ],
          [
            8.300415,
            47.021493,
            450.0
          ],
          [
            8.300344,
            47.021426,
            450.0
          ],
          [
            8.300325,
            47.021401,
            450.0
          ],
          [
            8.300317,
            47.021395,
            450.0
          ],
          [
            8.300317,
            47.021383,
            450.0
          ],
          [
            8.300308,
            47.021358,
            450.0
          ],
          [
            8.300281,
            47.021309,
            450.0
          ],
          [
            8.300235,
            47.021199,
            450.0
          ],
          [
            8.300218,
            47.021144,
            450.0
          ],
          [
            8.300208,
            47.021126,
            450.0
          ],
          [
            8.300172,
            47.021059,
            450.0
          ],
          [
            8.300155,
            47.021016,
            450.0
          ],
          [
            8.300119,
            47.020948,
            450.0
          ],
          [
            8.300048,
            47.020826,
            450.0
          ],
          [
            8.300002,
            47.020752,
            451.0
          ],
          [
            8.299984,
            47.020721,
            451.0
          ],
          [
            8.299975,
            47.020697,
            451.0
          ],
          [
            8.299516,
            47.020826,
            451.0
          ],
          [
            8.299032,
            47.020844,
            452.0
          ],
          [
            8.298493,
            47.02085,
            453.0
          ],
          [
            8.298403,
            47.020856,
            453.0
          ],
          [
            8.29834,
            47.020887,
            453.0
          ],
          [
            8.298287,
            47.020918,
            453.0
          ],
          [
            8.298268,
            47.020954,
            453.0
          ],
          [
            8.298224,
            47.021052,
            453.0
          ],
          [
            8.298161,
            47.021138,
            454.0
          ],
          [
            8.298061,
            47.021205,
            454.0
          ],
          [
            8.297819,
            47.021346,
            454.0
          ],
          [
            8.297585,
            47.021505,
            455.0
          ],
          [
            8.297522,
            47.021536,
            455.0
          ],
          [
            8.297406,
            47.021573,
            455.0
          ],
          [
            8.296337,
            47.0218,
            456.0
          ],
          [
            8.296166,
            47.021848,
            457.0
          ],
          [
            8.295313,
            47.022026,
            458.0
          ],
          [
            8.295241,
            47.022026,
            458.0
          ],
          [
            8.295151,
            47.022013,
            458.0
          ],
          [
            8.294918,
            47.021952,
            458.0
          ],
          [
            8.294845,
            47.02194,
            459.0
          ],
          [
            8.294809,
            47.02194,
            459.0
          ],
          [
            8.294765,
            47.021971,
            459.0
          ],
          [
            8.294361,
            47.022295,
            460.0
          ],
          [
            8.294279,
            47.022351,
            460.0
          ],
          [
            8.294226,
            47.022363,
            460.0
          ],
          [
            8.294163,
            47.022387,
            460.0
          ],
          [
            8.294172,
            47.022344,
            460.0
          ],
          [
            8.294199,
            47.022302,
            460.0
          ],
          [
            8.294208,
            47.022277,
            460.0
          ],
          [
            8.294271,
            47.022277,
            460.0
          ],
          [
            8.294325,
            47.022259,
            460.0
          ],
          [
            8.294361,
            47.022246,
            460.0
          ],
          [
            8.294505,
            47.022136,
            460.0
          ],
          [
            8.294595,
            47.022075,
            460.0
          ],
          [
            8.294782,
            47.021922,
            460.0
          ],
          [
            8.294828,
            47.021836,
            460.0
          ],
          [
            8.294864,
            47.021738,
            460.0
          ],
          [
            8.295304,
            47.020801,
            460.0
          ],
          [
            8.295321,
            47.020697,
            460.0
          ],
          [
            8.295313,
            47.02058,
            460.0
          ],
          [
            8.295313,
            47.020532,
            460.0
          ],
          [
            8.295331,
            47.020477,
            460.0
          ],
          [
            8.295564,
            47.020109,
            460.0
          ],
          [
            8.295933,
            47.019613,
            460.0
          ],
          [
            8.295987,
            47.01954,
            460.0
          ],
          [
            8.295987,
            47.019527,
            460.0
          ],
          [
            8.295977,
            47.019503,
            460.0
          ],
          [
            8.295969,
            47.019497,
            460.0
          ],
          [
            8.295771,
            47.019466,
            460.0
          ],
          [
            8.295681,
            47.019435,
            460.0
          ],
          [
            8.295528,
            47.019343,
            460.0
          ],
          [
            8.29552,
            47.019307,
            460.0
          ],
          [
            8.295537,
            47.019251,
            460.0
          ],
          [
            8.295574,
            47.019178,
            460.0
          ],
          [
            8.295591,
            47.019099,
            460.0
          ],
          [
            8.295564,
            47.019025,
            460.0
          ],
          [
            8.295528,
            47.018958,
            460.0
          ],
          [
            8.29552,
            47.018909,
            460.0
          ],
          [
            8.295564,
            47.018749,
            460.0
          ],
          [
            8.29525,
            47.018884,
            460.0
          ],
          [
            8.295214,
            47.018915,
            460.0
          ],
          [
            8.295098,
            47.018909,
            463.0
          ],
          [
            8.294935,
            47.018903,
            466.0
          ],
          [
            8.294585,
            47.01894,
            472.0
          ],
          [
            8.294298,
            47.019001,
            476.0
          ],
          [
            8.294226,
            47.019001,
            477.0
          ],
          [
            8.294208,
            47.018982,
            477.0
          ],
          [
            8.294226,
            47.018952,
            478.0
          ],
          [
            8.294298,
            47.018903,
            479.0
          ],
          [
            8.294469,
            47.018798,
            482.0
          ],
          [
            8.294576,
            47.018614,
            485.0
          ],
          [
            8.294621,
            47.018541,
            487.0
          ],
          [
            8.294612,
            47.018462,
            488.0
          ],
          [
            8.294549,
            47.018431,
            489.0
          ],
          [
            8.294432,
            47.018443,
            491.0
          ],
          [
            8.293795,
            47.018608,
            501.0
          ],
          [
            8.293687,
            47.018614,
            502.0
          ],
          [
            8.293553,
            47.018541,
            505.0
          ],
          [
            8.293498,
            47.018486,
            506.0
          ],
          [
            8.293463,
            47.018449,
            507.0
          ],
          [
            8.29357,
            47.018327,
            510.0
          ],
          [
            8.293723,
            47.018162,
            516.0
          ],
          [
            8.293732,
            47.018106,
            518.0
          ],
          [
            8.293587,
            47.018125,
            520.0
          ],
          [
            8.293463,
            47.01818,
            523.0
          ],
          [
            8.293291,
            47.018217,
            525.0
          ],
          [
            8.293058,
            47.018155,
            529.0
          ],
          [
            8.292798,
            47.018063,
            534.0
          ],
          [
            8.292528,
            47.017886,
            541.0
          ],
          [
            8.292545,
            47.017843,
            543.0
          ],
          [
            8.292663,
            47.017812,
            545.0
          ],
          [
            8.292977,
            47.017647,
            551.0
          ],
          [
            8.293166,
            47.01742,
            554.0
          ],
          [
            8.293166,
            47.017328,
            555.0
          ],
          [
            8.293013,
            47.017114,
            558.0
          ],
          [
            8.292933,
            47.016992,
            559.0
          ],
          [
            8.292815,
            47.016949,
            560.0
          ],
          [
            8.292618,
            47.016771,
            566.0
          ],
          [
            8.292582,
            47.016698,
            572.0
          ],
          [
            8.292582,
            47.016698,
            572.0
          ],
          [
            8.292384,
            47.016263,
            580.0
          ],
          [
            8.292348,
            47.016202,
            581.0
          ],
          [
            8.292312,
            47.016171,
            582.0
          ],
          [
            8.292277,
            47.016134,
            583.0
          ],
          [
            8.292232,
            47.01611,
            584.0
          ],
          [
            8.292178,
            47.016085,
            584.0
          ],
          [
            8.292214,
            47.015907,
            588.0
          ],
          [
            8.292222,
            47.015858,
            589.0
          ],
          [
            8.292258,
            47.015785,
            590.0
          ],
          [
            8.292169,
            47.015803,
            590.0
          ],
          [
            8.292088,
            47.015748,
            590.0
          ],
          [
            8.291935,
            47.015669,
            590.0
          ],
          [
            8.29189,
            47.015632,
            591.0
          ],
          [
            8.291818,
            47.01554,
            594.0
          ],
          [
            8.291656,
            47.015461,
            597.0
          ],
          [
            8.291495,
            47.015436,
            600.0
          ],
          [
            8.291396,
            47.015393,
            602.0
          ],
          [
            8.291342,
            47.01535,
            603.0
          ],
          [
            8.291262,
            47.015313,
            604.0
          ],
          [
            8.291216,
            47.015283,
            605.0
          ],
          [
            8.291216,
            47.015246,
            605.0
          ],
          [
            8.291243,
            47.015203,
            606.0
          ],
          [
            8.291235,
            47.015154,
            607.0
          ],
          [
            8.291199,
            47.015111,
            608.0
          ],
          [
            8.29119,
            47.015093,
            609.0
          ],
          [
            8.29118,
            47.015032,
            610.0
          ],
          [
            8.291126,
            47.014995,
            610.0
          ],
          [
            8.291073,
            47.014946,
            611.0
          ],
          [
            8.291063,
            47.014873,
            611.0
          ],
          [
            8.291037,
            47.014793,
            612.0
          ],
          [
            8.291,
            47.014701,
            613.0
          ],
          [
            8.290947,
            47.01464,
            613.0
          ],
          [
            8.290911,
            47.014603,
            614.0
          ],
          [
            8.290884,
            47.014585,
            614.0
          ],
          [
            8.290813,
            47.014566,
            615.0
          ],
          [
            8.290713,
            47.014499,
            616.0
          ],
          [
            8.290587,
            47.014432,
            619.0
          ],
          [
            8.290417,
            47.014395,
            621.0
          ],
          [
            8.290193,
            47.014322,
            626.0
          ],
          [
            8.290048,
            47.014291,
            628.0
          ],
          [
            8.289932,
            47.014285,
            630.0
          ],
          [
            8.289824,
            47.014297,
            632.0
          ],
          [
            8.289582,
            47.014328,
            636.0
          ],
          [
            8.289591,
            47.014316,
            636.0
          ],
          [
            8.289608,
            47.014303,
            636.0
          ],
          [
            8.289627,
            47.014291,
            635.0
          ],
          [
            8.289599,
            47.01426,
            636.0
          ],
          [
            8.289591,
            47.014242,
            636.0
          ],
          [
            8.289591,
            47.014205,
            637.0
          ],
          [
            8.289591,
            47.014101,
            638.0
          ],
          [
            8.289591,
            47.01404,
            639.0
          ],
          [
            8.289402,
            47.012999,
            647.0
          ],
          [
            8.289384,
            47.012937,
            647.0
          ],
          [
            8.289375,
            47.012901,
            648.0
          ],
          [
            8.289358,
            47.012864,
            648.0
          ],
          [
            8.289295,
            47.012809,
            648.0
          ],
          [
            8.289042,
            47.012569,
            650.0
          ],
          [
            8.288998,
            47.012539,
            650.0
          ],
          [
            8.288647,
            47.0123,
            650.0
          ],
          [
            8.288881,
            47.012129,
            650.0
          ],
          [
            8.289061,
            47.011951,
            650.0
          ],
          [
            8.289232,
            47.011688,
            650.0
          ],
          [
            8.289213,
            47.011608,
            650.0
          ],
          [
            8.289178,
            47.011559,
            650.0
          ],
          [
            8.289088,
            47.011467,
            650.0
          ],
          [
            8.289006,
            47.011363,
            650.0
          ],
          [
            8.288979,
            47.011277,
            650.0
          ],
          [
            8.288979,
            47.011234,
            650.0
          ],
          [
            8.289025,
            47.011185,
            650.0
          ],
          [
            8.289088,
            47.011142,
            650.0
          ],
          [
            8.289151,
            47.011069,
            650.0
          ],
          [
            8.289168,
            47.011026,
            650.0
          ],
          [
            8.289142,
            47.01099,
            650.0
          ],
          [
            8.289123,
            47.010904,
            650.0
          ],
          [
            8.289178,
            47.010849,
            650.0
          ],
          [
            8.289312,
            47.010781,
            650.0
          ],
          [
            8.289519,
            47.010824,
            650.0
          ],
          [
            8.289645,
            47.010818,
            650.0
          ],
          [
            8.289869,
            47.010861,
            650.0
          ],
          [
            8.289941,
            47.010885,
            651.0
          ],
          [
            8.290004,
            47.010885,
            653.0
          ],
          [
            8.290094,
            47.010855,
            655.0
          ],
          [
            8.290193,
            47.010836,
            658.0
          ],
          [
            8.290237,
            47.010793,
            660.0
          ],
          [
            8.290255,
            47.010744,
            661.0
          ],
          [
            8.290165,
            47.010738,
            663.0
          ],
          [
            8.290157,
            47.010708,
            664.0
          ],
          [
            8.290247,
            47.010652,
            666.0
          ],
          [
            8.290291,
            47.010609,
            667.0
          ],
          [
            8.290247,
            47.010603,
            668.0
          ],
          [
            8.290067,
            47.01056,
            672.0
          ],
          [
            8.289985,
            47.01053,
            674.0
          ],
          [
            8.290048,
            47.010438,
            677.0
          ],
          [
            8.290084,
            47.010334,
            681.0
          ],
          [
            8.290157,
            47.010199,
            687.0
          ],
          [
            8.290274,
            47.009985,
            697.0
          ],
          [
            8.290337,
            47.009783,
            705.0
          ],
          [
            8.290543,
            47.009599,
            712.0
          ],
          [
            8.290614,
            47.00955,
            714.0
          ],
          [
            8.290633,
            47.009513,
            715.0
          ],
          [
            8.290579,
            47.009507,
            716.0
          ],
          [
            8.290444,
            47.009452,
            719.0
          ],
          [
            8.290337,
            47.009421,
            721.0
          ],
          [
            8.29022,
            47.009341,
            725.0
          ],
          [
            8.290004,
            47.009268,
            729.0
          ],
          [
            8.289958,
            47.009243,
            730.0
          ],
          [
            8.289941,
            47.009207,
            733.0
          ],
          [
            8.289958,
            47.009066,
            740.0
          ],
          [
            8.289941,
            47.00903,
            742.0
          ],
          [
            8.289924,
            47.009005,
            743.0
          ],
          [
            8.289797,
            47.008999,
            746.0
          ],
          [
            8.289689,
            47.008974,
            748.0
          ],
          [
            8.289662,
            47.008962,
            749.0
          ],
          [
            8.289662,
            47.00895,
            749.0
          ],
          [
            8.289717,
            47.008919,
            751.0
          ],
          [
            8.289887,
            47.008864,
            755.0
          ],
          [
            8.289878,
            47.008852,
            755.0
          ],
          [
            8.289842,
            47.008846,
            756.0
          ],
          [
            8.289752,
            47.008809,
            758.0
          ],
          [
            8.289671,
            47.00876,
            761.0
          ],
          [
            8.289788,
            47.008668,
            769.0
          ],
          [
            8.289752,
            47.008612,
            772.0
          ],
          [
            8.289806,
            47.008588,
            774.0
          ],
          [
            8.289924,
            47.008551,
            777.0
          ],
          [
            8.290021,
            47.008509,
            780.0
          ],
          [
            8.290004,
            47.008478,
            781.0
          ],
          [
            8.28995,
            47.008454,
            783.0
          ],
          [
            8.289869,
            47.008441,
            785.0
          ],
          [
            8.289834,
            47.008417,
            786.0
          ],
          [
            8.289842,
            47.008399,
            786.0
          ],
          [
            8.289895,
            47.008343,
            788.0
          ],
          [
            8.289932,
            47.008294,
            790.0
          ],
          [
            8.290048,
            47.008202,
            790.0
          ],
          [
            8.290048,
            47.008147,
            790.0
          ],
          [
            8.290048,
            47.00811,
            790.0
          ],
          [
            8.290165,
            47.008074,
            790.0
          ],
          [
            8.290354,
            47.008031,
            787.0
          ],
          [
            8.290354,
            47.008,
            786.0
          ],
          [
            8.290193,
            47.007926,
            782.0
          ],
          [
            8.290165,
            47.007743,
            777.0
          ],
          [
            8.290084,
            47.007657,
            776.0
          ],
          [
            8.290021,
            47.007578,
            776.0
          ],
          [
            8.289924,
            47.007479,
            776.0
          ],
          [
            8.289761,
            47.007406,
            775.0
          ],
          [
            8.289608,
            47.007326,
            775.0
          ],
          [
            8.289384,
            47.007222,
            774.0
          ],
          [
            8.289205,
            47.0071,
            774.0
          ],
          [
            8.289096,
            47.007002,
            773.0
          ],
          [
            8.288979,
            47.00691,
            773.0
          ],
          [
            8.288853,
            47.006812,
            772.0
          ],
          [
            8.288782,
            47.006732,
            772.0
          ],
          [
            8.288763,
            47.006628,
            772.0
          ],
          [
            8.288755,
            47.006512,
            771.0
          ],
          [
            8.288729,
            47.006426,
            771.0
          ],
          [
            8.288683,
            47.00626,
            770.0
          ],
          [
            8.288737,
            47.006193,
            770.0
          ],
          [
            8.288826,
            47.006187,
            768.0
          ],
          [
            8.288836,
            47.006144,
            769.0
          ],
          [
            8.288881,
            47.00607,
            769.0
          ],
          [
            8.289564,
            47.005427,
            772.0
          ],
          [
            8.289618,
            47.005378,
            773.0
          ],
          [
            8.289635,
            47.005329,
            773.0
          ],
          [
            8.289635,
            47.005311,
            773.0
          ],
          [
            8.289635,
            47.005311,
            773.0
          ],
          [
            8.289654,
            47.005201,
            773.0
          ],
          [
            8.289671,
            47.00514,
            774.0
          ],
          [
            8.289708,
            47.005084,
            774.0
          ],
          [
            8.289752,
            47.005048,
            774.0
          ],
          [
            8.290058,
            47.004833,
            775.0
          ],
          [
            8.290138,
            47.004765,
            775.0
          ],
          [
            8.290184,
            47.004723,
            776.0
          ],
          [
            8.290264,
            47.004595,
            776.0
          ],
          [
            8.29057,
            47.004104,
            778.0
          ],
          [
            8.290641,
            47.004012,
            779.0
          ],
          [
            8.290821,
            47.003792,
            779.0
          ],
          [
            8.290866,
            47.003737,
            780.0
          ],
          [
            8.290903,
            47.003651,
            780.0
          ],
          [
            8.290929,
            47.003534,
            781.0
          ],
          [
            8.290937,
            47.003461,
            781.0
          ],
          [
            8.29092,
            47.003369,
            782.0
          ],
          [
            8.290884,
            47.00329,
            783.0
          ],
          [
            8.290848,
            47.003241,
            783.0
          ],
          [
            8.290759,
            47.00313,
            784.0
          ],
          [
            8.290614,
            47.002977,
            785.0
          ],
          [
            8.290551,
            47.002891,
            786.0
          ],
          [
            8.290507,
            47.002799,
            787.0
          ],
          [
            8.290461,
            47.002683,
            788.0
          ],
          [
            8.2904,
            47.00253,
            789.0
          ],
          [
            8.290354,
            47.00245,
            789.0
          ],
          [
            8.290184,
            47.002217,
            791.0
          ],
          [
            8.290138,
            47.00215,
            792.0
          ],
          [
            8.290111,
            47.002107,
            792.0
          ],
          [
            8.290103,
            47.002058,
            793.0
          ],
          [
            8.290111,
            47.00196,
            794.0
          ],
          [
            8.290138,
            47.001874,
            795.0
          ],
          [
            8.290174,
            47.001825,
            795.0
          ],
          [
            8.290211,
            47.001764,
            796.0
          ],
          [
            8.290264,
            47.001611,
            797.0
          ],
          [
            8.290274,
            47.001568,
            797.0
          ],
          [
            8.290274,
            47.00155,
            797.0
          ],
          [
            8.290274,
            47.001519,
            798.0
          ],
          [
            8.290264,
            47.001489,
            798.0
          ],
          [
            8.290247,
            47.001452,
            798.0
          ],
          [
            8.290165,
            47.001335,
            799.0
          ],
          [
            8.290111,
            47.001243,
            800.0
          ],
          [
            8.289977,
            47.001053,
            802.0
          ],
          [
            8.289932,
            47.000961,
            803.0
          ],
          [
            8.289905,
            47.000882,
            804.0
          ],
          [
            8.289895,
            47.000802,
            805.0
          ],
          [
            8.289905,
            47.000692,
            806.0
          ],
          [
            8.289932,
            47.000563,
            807.0
          ],
          [
            8.289958,
            47.000428,
            808.0
          ],
          [
            8.289958,
            47.000373,
            809.0
          ],
          [
            8.289941,
            47.000318,
            809.0
          ],
          [
            8.289887,
            47.000245,
            810.0
          ],
          [
            8.289734,
            47.000055,
            812.0
          ],
          [
            8.289671,
            46.999963,
            813.0
          ],
          [
            8.289635,
            46.999871,
            813.0
          ],
          [
            8.289627,
            46.999809,
            814.0
          ],
          [
            8.289635,
            46.99976,
            814.0
          ],
          [
            8.289645,
            46.999687,
            815.0
          ],
          [
            8.289689,
            46.999602,
            816.0
          ],
          [
            8.289717,
            46.999516,
            816.0
          ],
          [
            8.289771,
            46.99951,
            816.0
          ],
          [
            8.289842,
            46.999473,
            816.0
          ],
          [
            8.289878,
            46.999418,
            817.0
          ],
          [
            8.289895,
            46.999362,
            817.0
          ],
          [
            8.289851,
            46.999289,
            817.0
          ],
          [
            8.289779,
            46.999221,
            817.0
          ],
          [
            8.289662,
            46.999099,
            817.0
          ],
          [
            8.289627,
            46.999007,
            817.0
          ],
          [
            8.289564,
            46.998934,
            818.0
          ],
          [
            8.289392,
            46.998848,
            818.0
          ],
          [
            8.289285,
            46.998811,
            818.0
          ],
          [
            8.289258,
            46.99878,
            818.0
          ],
          [
            8.289232,
            46.99875,
            818.0
          ],
          [
            8.289061,
            46.998553,
            819.0
          ],
          [
            8.288916,
            46.998309,
            819.0
          ],
          [
            8.288845,
            46.998192,
            819.0
          ],
          [
            8.288818,
            46.9981,
            820.0
          ],
          [
            8.28889,
            46.997935,
            820.0
          ],
          [
            8.288953,
            46.997715,
            821.0
          ],
          [
            8.289016,
            46.997622,
            822.0
          ],
          [
            8.289142,
            46.997377,
            824.0
          ],
          [
            8.289276,
            46.997065,
            826.0
          ],
          [
            8.289329,
            46.996875,
            828.0
          ],
          [
            8.289276,
            46.996758,
            829.0
          ],
          [
            8.289268,
            46.996685,
            829.0
          ],
          [
            8.289285,
            46.996618,
            830.0
          ],
          [
            8.289329,
            46.996514,
            832.0
          ],
          [
            8.289329,
            46.996391,
            836.0
          ],
          [
            8.289375,
            46.996311,
            836.0
          ],
          [
            8.289555,
            46.996195,
            835.0
          ],
          [
            8.289689,
            46.996103,
            834.0
          ],
          [
            8.289797,
            46.996072,
            834.0
          ],
          [
            8.290075,
            46.996078,
            834.0
          ],
          [
            8.290354,
            46.996017,
            833.0
          ],
          [
            8.290543,
            46.995944,
            832.0
          ],
          [
            8.290624,
            46.995956,
            832.0
          ],
          [
            8.29074,
            46.995919,
            832.0
          ],
          [
            8.290803,
            46.99587,
            832.0
          ],
          [
            8.290903,
            46.995913,
            831.0
          ],
          [
            8.291037,
            46.995926,
            831.0
          ],
          [
            8.29136,
            46.995803,
            830.0
          ],
          [
            8.291486,
            46.995668,
            828.0
          ],
          [
            8.291935,
            46.995705,
            820.0
          ],
          [
            8.291979,
            46.99576,
            819.0
          ],
          [
            8.292016,
            46.995662,
            818.0
          ],
          [
            8.291989,
            46.9956,
            817.0
          ],
          [
            8.291863,
            46.995448,
            815.0
          ],
          [
            8.291998,
            46.995362,
            813.0
          ],
          [
            8.292042,
            46.995294,
            812.0
          ],
          [
            8.292025,
            46.995227,
            811.0
          ],
          [
            8.291945,
            46.995141,
            810.0
          ],
          [
            8.291782,
            46.994951,
            808.0
          ],
          [
            8.291755,
            46.994902,
            807.0
          ],
          [
            8.291755,
            46.994859,
            807.0
          ],
          [
            8.291872,
            46.994749,
            805.0
          ],
          [
            8.292178,
            46.994639,
            803.0
          ],
          [
            8.292339,
            46.994596,
            802.0
          ],
          [
            8.292447,
            46.99454,
            801.0
          ],
          [
            8.292645,
            46.994393,
            798.0
          ],
          [
            8.292708,
            46.994314,
            797.0
          ],
          [
            8.292708,
            46.994241,
            796.0
          ],
          [
            8.292663,
            46.994192,
            795.0
          ],
          [
            8.292501,
            46.994118,
            793.0
          ],
          [
            8.292304,
            46.994001,
            790.0
          ],
          [
            8.292195,
            46.993897,
            789.0
          ],
          [
            8.292151,
            46.993744,
            786.0
          ],
          [
            8.292249,
            46.993462,
            783.0
          ],
          [
            8.292268,
            46.993358,
            781.0
          ],
          [
            8.292222,
            46.993284,
            780.0
          ],
          [
            8.291989,
            46.99307,
            777.0
          ],
          [
            8.291558,
            46.992727,
            771.0
          ],
          [
            8.291442,
            46.992464,
            767.0
          ],
          [
            8.291333,
            46.992249,
            764.0
          ],
          [
            8.29119,
            46.991777,
            758.0
          ],
          [
            8.291226,
            46.991649,
            756.0
          ],
          [
            8.291522,
            46.991257,
            749.0
          ],
          [
            8.29154,
            46.991122,
            747.0
          ],
          [
            8.291423,
            46.990441,
            739.0
          ],
          [
            8.291405,
            46.990398,
            738.0
          ],
          [
            8.291387,
            46.990368,
            738.0
          ],
          [
            8.291333,
            46.990306,
            738.0
          ],
          [
            8.291306,
            46.990325,
            738.0
          ],
          [
            8.291279,
            46.990337,
            738.0
          ],
          [
            8.291235,
            46.990337,
            738.0
          ],
          [
            8.29119,
            46.990331,
            739.0
          ],
          [
            8.291126,
            46.990319,
            739.0
          ],
          [
            8.29101,
            46.990269,
            738.0
          ],
          [
            8.290937,
            46.990233,
            738.0
          ],
          [
            8.290884,
            46.990196,
            738.0
          ],
          [
            8.290794,
            46.990117,
            737.0
          ],
          [
            8.290516,
            46.989976,
            739.0
          ],
          [
            8.290264,
            46.989878,
            740.0
          ],
          [
            8.290094,
            46.989786,
            741.0
          ],
          [
            8.289958,
            46.98962,
            743.0
          ],
          [
            8.289851,
            46.989571,
            743.0
          ],
          [
            8.289698,
            46.989565,
            744.0
          ],
          [
            8.289501,
            46.989541,
            745.0
          ],
          [
            8.289384,
            46.989523,
            746.0
          ],
          [
            8.289222,
            46.989492,
            747.0
          ],
          [
            8.289115,
            46.989437,
            748.0
          ],
          [
            8.288979,
            46.98932,
            749.0
          ],
          [
            8.288773,
            46.989142,
            752.0
          ],
          [
            8.288585,
            46.989069,
            755.0
          ],
          [
            8.288495,
            46.989032,
            756.0
          ],
          [
            8.288261,
            46.988965,
            759.0
          ],
          [
            8.287964,
            46.988934,
            762.0
          ],
          [
            8.287847,
            46.988904,
            763.0
          ],
          [
            8.28774,
            46.988873,
            764.0
          ],
          [
            8.287624,
            46.98883,
            766.0
          ],
          [
            8.287497,
            46.988799,
            767.0
          ],
          [
            8.28739,
            46.988762,
            768.0
          ],
          [
            8.2873,
            46.988707,
            769.0
          ],
          [
            8.287192,
            46.988591,
            770.0
          ],
          [
            8.287039,
            46.988407,
            772.0
          ],
          [
            8.286968,
            46.988364,
            773.0
          ],
          [
            8.286914,
            46.988315,
            773.0
          ],
          [
            8.286851,
            46.988236,
            774.0
          ],
          [
            8.286769,
            46.988174,
            775.0
          ],
          [
            8.286887,
            46.98807,
            773.0
          ],
          [
            8.287031,
            46.987953,
            770.0
          ],
          [
            8.287094,
            46.98791,
            770.0
          ],
          [
            8.286895,
            46.987856,
            774.0
          ],
          [
            8.286725,
            46.987837,
            776.0
          ],
          [
            8.286402,
            46.987659,
            786.0
          ],
          [
            8.286339,
            46.987653,
            786.0
          ],
          [
            8.286266,
            46.987641,
            787.0
          ],
          [
            8.286195,
            46.987617,
            788.0
          ],
          [
            8.286132,
            46.987586,
            789.0
          ],
          [
            8.286069,
            46.987592,
            790.0
          ],
          [
            8.285962,
            46.987555,
            792.0
          ],
          [
            8.285853,
            46.987506,
            795.0
          ],
          [
            8.285656,
            46.987463,
            799.0
          ],
          [
            8.285404,
            46.987396,
            804.0
          ],
          [
            8.284991,
            46.987359,
            813.0
          ],
          [
            8.284803,
            46.987365,
            817.0
          ],
          [
            8.284623,
            46.987389,
            822.0
          ],
          [
            8.284505,
            46.987365,
            824.0
          ],
          [
            8.284354,
            46.987322,
            827.0
          ],
          [
            8.284147,
            46.98728,
            830.0
          ],
          [
            8.284092,
            46.987261,
            830.0
          ],
          [
            8.284039,
            46.987225,
            830.0
          ],
          [
            8.284129,
            46.987176,
            830.0
          ],
          [
            8.284147,
            46.987151,
            830.0
          ],
          [
            8.284245,
            46.987028,
            830.0
          ],
          [
            8.284291,
            46.986893,
            830.0
          ],
          [
            8.284362,
            46.986807,
            830.0
          ],
          [
            8.284444,
            46.986752,
            830.0
          ],
          [
            8.284551,
            46.986679,
            830.0
          ],
          [
            8.284668,
            46.986624,
            830.0
          ],
          [
            8.284803,
            46.986581,
            830.0
          ],
          [
            8.284991,
            46.986514,
            830.0
          ],
          [
            8.2851,
            46.986446,
            830.0
          ],
          [
            8.285197,
            46.986372,
            830.0
          ],
          [
            8.285333,
            46.986293,
            830.0
          ],
          [
            8.285486,
            46.986225,
            830.0
          ],
          [
            8.28571,
            46.986146,
            830.0
          ],
          [
            8.285926,
            46.986066,
            830.0
          ],
          [
            8.286042,
            46.98598,
            830.0
          ],
          [
            8.286042,
            46.985956,
            830.0
          ],
          [
            8.286024,
            46.985925,
            830.0
          ],
          [
            8.286186,
            46.985901,
            830.0
          ],
          [
            8.286231,
            46.985895,
            830.0
          ],
          [
            8.286266,
            46.985895,
            830.0
          ],
          [
            8.286285,
            46.985901,
            830.0
          ],
          [
            8.286303,
            46.985901,
            830.0
          ],
          [
            8.286366,
            46.98571,
            830.0
          ],
          [
            8.286375,
            46.985698,
            830.0
          ],
          [
            8.286429,
            46.985661,
            830.0
          ],
          [
            8.286438,
            46.985637,
            830.0
          ],
          [
            8.286392,
            46.985503,
            830.0
          ],
          [
            8.286329,
            46.985454,
            830.0
          ],
          [
            8.286285,
            46.985447,
            830.0
          ],
          [
            8.286052,
            46.985466,
            830.0
          ],
          [
            8.285989,
            46.985349,
            830.0
          ],
          [
            8.28588,
            46.985177,
            830.0
          ],
          [
            8.285845,
            46.985122,
            830.0
          ],
          [
            8.285826,
            46.985116,
            830.0
          ],
          [
            8.285737,
            46.98511,
            830.0
          ],
          [
            8.285666,
            46.984994,
            830.0
          ],
          [
            8.285637,
            46.984951,
            830.0
          ],
          [
            8.285637,
            46.98489,
            830.0
          ],
          [
            8.285629,
            46.984755,
            830.0
          ],
          [
            8.285521,
            46.98454,
            831.0
          ],
          [
            8.285431,
            46.984277,
            833.0
          ],
          [
            8.285197,
            46.98397,
            835.0
          ],
          [
            8.285018,
            46.983774,
            837.0
          ],
          [
            8.284982,
            46.983725,
            837.0
          ],
          [
            8.28492,
            46.983603,
            838.0
          ],
          [
            8.284803,
            46.983504,
            839.0
          ],
          [
            8.284658,
            46.98329,
            840.0
          ],
          [
            8.284595,
            46.983186,
            840.0
          ],
          [
            8.284685,
            46.982904,
            840.0
          ],
          [
            8.28492,
            46.982628,
            840.0
          ],
          [
            8.284937,
            46.982536,
            840.0
          ],
          [
            8.284982,
            46.98245,
            840.0
          ],
          [
            8.28526,
            46.982034,
            840.0
          ],
          [
            8.285306,
            46.981788,
            840.0
          ],
          [
            8.285314,
            46.981696,
            840.0
          ],
          [
            8.28535,
            46.981562,
            840.0
          ],
          [
            8.285458,
            46.981433,
            840.0
          ],
          [
            8.285692,
            46.981218,
            838.0
          ],
          [
            8.285746,
            46.981182,
            837.0
          ],
          [
            8.28579,
            46.981169,
            837.0
          ],
          [
            8.285889,
            46.981151,
            836.0
          ],
          [
            8.285979,
            46.981145,
            836.0
          ],
          [
            8.286052,
            46.981114,
            836.0
          ],
          [
            8.286087,
            46.981017,
            835.0
          ],
          [
            8.286113,
            46.980974,
            835.0
          ],
          [
            8.286186,
            46.980943,
            835.0
          ],
          [
            8.286312,
            46.980925,
            835.0
          ],
          [
            8.286375,
            46.980894,
            835.0
          ],
          [
            8.286671,
            46.980722,
            834.0
          ],
          [
            8.286824,
            46.980667,
            834.0
          ],
          [
            8.287408,
            46.980496,
            832.0
          ],
          [
            8.287524,
            46.980447,
            832.0
          ],
          [
            8.287597,
            46.980342,
            832.0
          ],
          [
            8.287614,
            46.980262,
            832.0
          ],
          [
            8.287597,
            46.98014,
            831.0
          ],
          [
            8.28757,
            46.979981,
            831.0
          ],
          [
            8.287578,
            46.979907,
            831.0
          ],
          [
            8.287614,
            46.979791,
            830.0
          ],
          [
            8.287668,
            46.979662,
            830.0
          ],
          [
            8.287767,
            46.979545,
            829.0
          ],
          [
            8.288019,
            46.979368,
            827.0
          ],
          [
            8.288405,
            46.979116,
            825.0
          ],
          [
            8.288522,
            46.97903,
            824.0
          ],
          [
            8.288639,
            46.978829,
            822.0
          ],
          [
            8.288773,
            46.97862,
            821.0
          ],
          [
            8.288809,
            46.978565,
            820.0
          ],
          [
            8.288863,
            46.978509,
            819.0
          ],
          [
            8.288916,
            46.978454,
            818.0
          ],
          [
            8.288989,
            46.978399,
            816.0
          ],
          [
            8.289061,
            46.978356,
            814.0
          ],
          [
            8.289115,
            46.978332,
            813.0
          ],
          [
            8.289195,
            46.978308,
            812.0
          ],
          [
            8.289276,
            46.978283,
            810.0
          ],
          [
            8.289366,
            46.978271,
            809.0
          ],
          [
            8.289438,
            46.978265,
            808.0
          ],
          [
            8.289509,
            46.978265,
            806.0
          ],
          [
            8.289572,
            46.978271,
            805.0
          ],
          [
            8.289645,
            46.978277,
            804.0
          ],
          [
            8.289932,
            46.97835,
            800.0
          ],
          [
            8.289995,
            46.978369,
            800.0
          ],
          [
            8.290048,
            46.978369,
            800.0
          ],
          [
            8.290084,
            46.978369,
            800.0
          ],
          [
            8.290121,
            46.978369,
            800.0
          ],
          [
            8.290165,
            46.978356,
            800.0
          ],
          [
            8.290193,
            46.978344,
            800.0
          ],
          [
            8.29022,
            46.978326,
            800.0
          ],
          [
            8.290247,
            46.978301,
            800.0
          ],
          [
            8.290274,
            46.978271,
            800.0
          ],
          [
            8.290291,
            46.978259,
            800.0
          ],
          [
            8.29031,
            46.978246,
            800.0
          ],
          [
            8.290327,
            46.978246,
            800.0
          ],
          [
            8.290354,
            46.978246,
            800.0
          ],
          [
            8.290381,
            46.978259,
            800.0
          ],
          [
            8.290408,
            46.978277,
            800.0
          ],
          [
            8.290444,
            46.978332,
            800.0
          ],
          [
            8.29048,
            46.978399,
            800.0
          ],
          [
            8.29065,
            46.97835,
            800.0
          ],
          [
            8.290876,
            46.978265,
            801.0
          ],
          [
            8.290956,
            46.978228,
            802.0
          ],
          [
            8.291,
            46.978185,
            803.0
          ],
          [
            8.291,
            46.978136,
            804.0
          ],
          [
            8.29101,
            46.977995,
            807.0
          ],
          [
            8.291037,
            46.977909,
            809.0
          ],
          [
            8.291055,
            46.977903,
            809.0
          ],
          [
            8.291073,
            46.977909,
            809.0
          ],
          [
            8.291207,
            46.977988,
            812.0
          ],
          [
            8.291216,
            46.977995,
            813.0
          ],
          [
            8.291235,
            46.977995,
            813.0
          ],
          [
            8.291226,
            46.977988,
            813.0
          ],
          [
            8.291226,
            46.97797,
            814.0
          ],
          [
            8.291207,
            46.977829,
            817.0
          ],
          [
            8.291253,
            46.977646,
            823.0
          ],
          [
            8.291235,
            46.97748,
            829.0
          ],
          [
            8.291207,
            46.977094,
            844.0
          ],
          [
            8.291262,
            46.977057,
            846.0
          ],
          [
            8.291316,
            46.977069,
            848.0
          ],
          [
            8.29136,
            46.977094,
            849.0
          ],
          [
            8.291413,
            46.977088,
            850.0
          ],
          [
            8.291423,
            46.977045,
            852.0
          ],
          [
            8.291423,
            46.97699,
            853.0
          ],
          [
            8.291432,
            46.976897,
            856.0
          ],
          [
            8.291468,
            46.976897,
            857.0
          ],
          [
            8.291576,
            46.976965,
            860.0
          ],
          [
            8.291593,
            46.97691,
            862.0
          ],
          [
            8.291612,
            46.976824,
            865.0
          ],
          [
            8.291692,
            46.976904,
            868.0
          ],
          [
            8.291711,
            46.976824,
            871.0
          ],
          [
            8.291738,
            46.976763,
            873.0
          ],
          [
            8.291782,
            46.97675,
            875.0
          ],
          [
            8.291836,
            46.976775,
            877.0
          ],
          [
            8.291899,
            46.976787,
            879.0
          ],
          [
            8.291945,
            46.976793,
            880.0
          ],
          [
            8.292016,
            46.976738,
            880.0
          ],
          [
            8.292115,
            46.976726,
            880.0
          ],
          [
            8.292214,
            46.976683,
            880.0
          ],
          [
            8.292277,
            46.976591,
            880.0
          ],
          [
            8.292367,
            46.976518,
            880.0
          ],
          [
            8.292394,
            46.976456,
            880.0
          ],
          [
            8.292367,
            46.97637,
            879.0
          ],
          [
            8.292384,
            46.976315,
            877.0
          ],
          [
            8.292358,
            46.976266,
            875.0
          ],
          [
            8.292402,
            46.976236,
            874.0
          ],
          [
            8.292447,
            46.976181,
            872.0
          ],
          [
            8.292429,
            46.976113,
            870.0
          ],
          [
            8.292367,
            46.976064,
            868.0
          ],
          [
            8.292142,
            46.97596,
            865.0
          ],
          [
            8.291971,
            46.975806,
            861.0
          ],
          [
            8.291792,
            46.975617,
            856.0
          ],
          [
            8.291683,
            46.975513,
            853.0
          ],
          [
            8.291719,
            46.975507,
            852.0
          ],
          [
            8.291953,
            46.975605,
            848.0
          ],
          [
            8.292052,
            46.975635,
            846.0
          ],
          [
            8.292241,
            46.97566,
            843.0
          ],
          [
            8.292268,
            46.975647,
            843.0
          ],
          [
            8.292205,
            46.975605,
            841.0
          ],
          [
            8.292124,
            46.975574,
            840.0
          ],
          [
            8.292008,
            46.975457,
            836.0
          ],
          [
            8.291908,
            46.97531,
            831.0
          ],
          [
            8.291836,
            46.975243,
            829.0
          ],
          [
            8.291801,
            46.975212,
            828.0
          ],
          [
            8.291818,
            46.9752,
            827.0
          ],
          [
            8.291908,
            46.97523,
            825.0
          ],
          [
            8.292008,
            46.975255,
            824.0
          ],
          [
            8.292034,
            46.975249,
            823.0
          ],
          [
            8.291908,
            46.97512,
            819.0
          ],
          [
            8.291629,
            46.974949,
            814.0
          ],
          [
            8.29154,
            46.974918,
            813.0
          ],
          [
            8.291513,
            46.9749,
            813.0
          ],
          [
            8.291549,
            46.9749,
            812.0
          ],
          [
            8.291818,
            46.974924,
            810.0
          ],
          [
            8.291845,
            46.974906,
            810.0
          ],
          [
            8.291782,
            46.974887,
            810.0
          ],
          [
            8.291621,
            46.974826,
            810.0
          ],
          [
            8.291503,
            46.974777,
            810.0
          ],
          [
            8.291442,
            46.974758,
            810.0
          ],
          [
            8.291379,
            46.974715,
            810.0
          ],
          [
            8.292042,
            46.974715,
            792.0
          ],
          [
            8.292069,
            46.974685,
            791.0
          ],
          [
            8.291549,
            46.974323,
            779.0
          ],
          [
            8.291549,
            46.974299,
            779.0
          ],
          [
            8.291675,
            46.974317,
            777.0
          ],
          [
            8.291719,
            46.97433,
            776.0
          ],
          [
            8.291729,
            46.974299,
            775.0
          ],
          [
            8.291279,
            46.973913,
            765.0
          ],
          [
            8.291199,
            46.973845,
            763.0
          ],
          [
            8.291216,
            46.973827,
            763.0
          ],
          [
            8.291369,
            46.973864,
            760.0
          ],
          [
            8.291387,
            46.973845,
            760.0
          ],
          [
            8.291216,
            46.973661,
            754.0
          ],
          [
            8.291235,
            46.973649,
            754.0
          ],
          [
            8.291532,
            46.973686,
            749.0
          ],
          [
            8.291558,
            46.973667,
            748.0
          ],
          [
            8.291379,
            46.973539,
            745.0
          ],
          [
            8.290966,
            46.973269,
            739.0
          ],
          [
            8.290821,
            46.973214,
            737.0
          ],
          [
            8.290813,
            46.973195,
            737.0
          ],
          [
            8.290794,
            46.973165,
            736.0
          ],
          [
            8.290669,
            46.97311,
            734.0
          ],
          [
            8.290507,
            46.97303,
            732.0
          ],
          [
            8.290363,
            46.972932,
            731.0
          ],
          [
            8.290138,
            46.972779,
            730.0
          ],
          [
            8.289761,
            46.972619,
            728.0
          ],
          [
            8.289268,
            46.972332,
            724.0
          ],
          [
            8.288683,
            46.971957,
            720.0
          ],
          [
            8.288243,
            46.971786,
            717.0
          ],
          [
            8.28801,
            46.971675,
            716.0
          ],
          [
            8.287911,
            46.971577,
            715.0
          ],
          [
            8.287632,
            46.971332,
            712.0
          ],
          [
            8.287327,
            46.971222,
            711.0
          ],
          [
            8.286958,
            46.971228,
            708.0
          ],
          [
            8.286752,
            46.971099,
            706.0
          ],
          [
            8.286679,
            46.970995,
            705.0
          ],
          [
            8.286662,
            46.970866,
            703.0
          ],
          [
            8.286708,
            46.970713,
            701.0
          ],
          [
            8.286761,
            46.970701,
            701.0
          ],
          [
            8.286887,
            46.970664,
            699.0
          ],
          [
            8.286949,
            46.970627,
            697.0
          ],
          [
            8.286985,
            46.97059,
            695.0
          ],
          [
            8.286905,
            46.970511,
            691.0
          ],
          [
            8.286842,
            46.970486,
            690.0
          ],
          [
            8.286824,
            46.970461,
            689.0
          ],
          [
            8.286769,
            46.970449,
            689.0
          ],
          [
            8.286689,
            46.970461,
            688.0
          ],
          [
            8.286563,
            46.970486,
            686.0
          ],
          [
            8.286465,
            46.97048,
            685.0
          ],
          [
            8.286411,
            46.970498,
            685.0
          ],
          [
            8.286321,
            46.970554,
            683.0
          ],
          [
            8.286249,
            46.97056,
            682.0
          ],
          [
            8.286213,
            46.970541,
            682.0
          ],
          [
            8.286132,
            46.970492,
            681.0
          ],
          [
            8.285953,
            46.970449,
            676.0
          ],
          [
            8.285872,
            46.970461,
            673.0
          ],
          [
            8.285773,
            46.970468,
            670.0
          ],
          [
            8.285674,
            46.970511,
            670.0
          ],
          [
            8.285547,
            46.970504,
            670.0
          ],
          [
            8.28545,
            46.970517,
            670.0
          ],
          [
            8.285404,
            46.970504,
            670.0
          ],
          [
            8.285377,
            46.970474,
            672.0
          ],
          [
            8.285341,
            46.970443,
            674.0
          ],
          [
            8.285324,
            46.9704,
            676.0
          ],
          [
            8.28535,
            46.970327,
            679.0
          ],
          [
            8.28536,
            46.970302,
            680.0
          ],
          [
            8.285387,
            46.97029,
            681.0
          ],
          [
            8.285413,
            46.970284,
            682.0
          ],
          [
            8.285423,
            46.970266,
            683.0
          ],
          [
            8.285413,
            46.970241,
            684.0
          ],
          [
            8.285423,
            46.970211,
            686.0
          ],
          [
            8.285431,
            46.97018,
            687.0
          ],
          [
            8.285404,
            46.970137,
            689.0
          ],
          [
            8.285369,
            46.970076,
            690.0
          ],
          [
            8.285333,
            46.969996,
            690.0
          ],
          [
            8.285306,
            46.969953,
            690.0
          ],
          [
            8.285306,
            46.969769,
            690.0
          ],
          [
            8.28536,
            46.969591,
            690.0
          ],
          [
            8.285404,
            46.969334,
            690.0
          ],
          [
            8.285387,
            46.969248,
            690.0
          ],
          [
            8.285306,
            46.969181,
            690.0
          ],
          [
            8.285197,
            46.969015,
            690.0
          ],
          [
            8.284982,
            46.968703,
            690.0
          ],
          [
            8.284811,
            46.968482,
            690.0
          ],
          [
            8.284614,
            46.968298,
            688.0
          ],
          [
            8.284318,
            46.967905,
            686.0
          ],
          [
            8.284237,
            46.967764,
            685.0
          ],
          [
            8.284165,
            46.967654,
            684.0
          ],
          [
            8.283985,
            46.967489,
            683.0
          ],
          [
            8.283716,
            46.967066,
            681.0
          ],
          [
            8.283526,
            46.966845,
            679.0
          ],
          [
            8.283312,
            46.966624,
            678.0
          ],
          [
            8.28314,
            46.966416,
            676.0
          ],
          [
            8.282926,
            46.966183,
            675.0
          ],
          [
            8.282773,
            46.965999,
            674.0
          ],
          [
            8.28271,
            46.965907,
            673.0
          ],
          [
            8.28261,
            46.965704,
            672.0
          ],
          [
            8.282629,
            46.965625,
            671.0
          ],
          [
            8.28271,
            46.965558,
            671.0
          ],
          [
            8.282844,
            46.965478,
            670.0
          ],
          [
            8.282889,
            46.965435,
            669.0
          ],
          [
            8.282897,
            46.965374,
            668.0
          ],
          [
            8.282863,
            46.965312,
            667.0
          ],
          [
            8.2827,
            46.965275,
            666.0
          ],
          [
            8.28253,
            46.965251,
            664.0
          ],
          [
            8.282377,
            46.965183,
            662.0
          ],
          [
            8.282305,
            46.965092,
            660.0
          ],
          [
            8.282071,
            46.964926,
            660.0
          ],
          [
            8.281918,
            46.96484,
            660.0
          ],
          [
            8.281775,
            46.964767,
            660.0
          ],
          [
            8.281631,
            46.964687,
            660.0
          ],
          [
            8.281551,
            46.96462,
            660.0
          ],
          [
            8.281488,
            46.964552,
            660.0
          ],
          [
            8.281442,
            46.964473,
            660.0
          ],
          [
            8.281379,
            46.964282,
            660.0
          ],
          [
            8.281272,
            46.964062,
            660.0
          ],
          [
            8.281218,
            46.963952,
            660.0
          ],
          [
            8.281173,
            46.963878,
            660.0
          ],
          [
            8.281048,
            46.96373,
            659.0
          ],
          [
            8.281012,
            46.963669,
            658.0
          ],
          [
            8.281002,
            46.963626,
            658.0
          ],
          [
            8.281002,
            46.963602,
            657.0
          ],
          [
            8.281002,
            46.963577,
            657.0
          ],
          [
            8.281002,
            46.963541,
            656.0
          ],
          [
            8.281012,
            46.963492,
            656.0
          ],
          [
            8.281021,
            46.963424,
            655.0
          ],
          [
            8.281002,
            46.963332,
            654.0
          ],
          [
            8.280913,
            46.963087,
            650.0
          ],
          [
            8.280895,
            46.963044,
            650.0
          ],
          [
            8.280868,
            46.96302,
            649.0
          ],
          [
            8.280813,
            46.962995,
            649.0
          ],
          [
            8.280553,
            46.962909,
            647.0
          ],
          [
            8.2805,
            46.962891,
            646.0
          ],
          [
            8.280463,
            46.962872,
            646.0
          ],
          [
            8.280446,
            46.962848,
            645.0
          ],
          [
            8.280437,
            46.962829,
            645.0
          ],
          [
            8.280419,
            46.962799,
            645.0
          ],
          [
            8.28041,
            46.962768,
            644.0
          ],
          [
            8.28041,
            46.962731,
            644.0
          ],
          [
            8.280419,
            46.962657,
            643.0
          ],
          [
            8.280463,
            46.962493,
            641.0
          ],
          [
            8.280463,
            46.96245,
            641.0
          ],
          [
            8.280455,
            46.962419,
            640.0
          ],
          [
            8.280437,
            46.962394,
            640.0
          ],
          [
            8.28041,
            46.962364,
            639.0
          ],
          [
            8.28031,
            46.962308,
            638.0
          ],
          [
            8.28023,
            46.962265,
            638.0
          ],
          [
            8.28015,
            46.962198,
            637.0
          ],
          [
            8.279763,
            46.961879,
            632.0
          ],
          [
            8.279682,
            46.961818,
            631.0
          ],
          [
            8.279637,
            46.961769,
            630.0
          ],
          [
            8.27961,
            46.961726,
            629.0
          ],
          [
            8.279584,
            46.96167,
            629.0
          ],
          [
            8.279565,
            46.961579,
            627.0
          ],
          [
            8.279547,
            46.961487,
            626.0
          ],
          [
            8.279538,
            46.961438,
            626.0
          ],
          [
            8.279521,
            46.961401,
            625.0
          ],
          [
            8.279503,
            46.961364,
            625.0
          ],
          [
            8.279475,
            46.961321,
            624.0
          ],
          [
            8.279385,
            46.961229,
            623.0
          ],
          [
            8.279331,
            46.961174,
            622.0
          ],
          [
            8.279287,
            46.961125,
            621.0
          ],
          [
            8.279234,
            46.96107,
            620.0
          ],
          [
            8.279197,
            46.961039,
            620.0
          ],
          [
            8.279171,
            46.961015,
            620.0
          ],
          [
            8.279125,
            46.960991,
            619.0
          ],
          [
            8.279071,
            46.960972,
            619.0
          ],
          [
            8.279026,
            46.96096,
            619.0
          ],
          [
            8.278991,
            46.960954,
            619.0
          ],
          [
            8.278964,
            46.960948,
            619.0
          ],
          [
            8.278918,
            46.960941,
            618.0
          ],
          [
            8.278981,
            46.960917,
            618.0
          ],
          [
            8.279018,
            46.960905,
            618.0
          ],
          [
            8.279062,
            46.960892,
            617.0
          ],
          [
            8.279108,
            46.960886,
            617.0
          ],
          [
            8.279144,
            46.96088,
            616.0
          ],
          [
            8.279197,
            46.96088,
            616.0
          ],
          [
            8.279242,
            46.96088,
            616.0
          ],
          [
            8.279314,
            46.960886,
            615.0
          ],
          [
            8.279224,
            46.960837,
            614.0
          ],
          [
            8.279098,
            46.960812,
            613.0
          ],
          [
            8.278945,
            46.960812,
            611.0
          ],
          [
            8.278829,
            46.960751,
            610.0
          ],
          [
            8.278811,
            46.960708,
            610.0
          ],
          [
            8.278819,
            46.96061,
            608.0
          ],
          [
            8.278882,
            46.960457,
            606.0
          ],
          [
            8.278882,
            46.960457,
            605.0
          ],
          [
            8.278882,
            46.960457,
            605.0
          ],
          [
            8.278882,
            46.960353,
            605.0
          ],
          [
            8.278802,
            46.960211,
            603.0
          ],
          [
            8.278721,
            46.960119,
            602.0
          ],
          [
            8.278578,
            46.959973,
            600.0
          ],
          [
            8.278461,
            46.959917,
            598.0
          ],
          [
            8.278335,
            46.959874,
            597.0
          ],
          [
            8.278253,
            46.959758,
            596.0
          ],
          [
            8.2782,
            46.959678,
            594.0
          ],
          [
            8.278047,
            46.959543,
            592.0
          ],
          [
            8.27793,
            46.959458,
            591.0
          ],
          [
            8.277796,
            46.959378,
            589.0
          ],
          [
            8.277679,
            46.95931,
            586.0
          ],
          [
            8.277679,
            46.959267,
            585.0
          ],
          [
            8.277715,
            46.959249,
            585.0
          ],
          [
            8.277859,
            46.95928,
            583.0
          ],
          [
            8.278102,
            46.959304,
            579.0
          ],
          [
            8.278406,
            46.959353,
            573.0
          ],
          [
            8.278442,
            46.959353,
            572.0
          ],
          [
            8.278461,
            46.959329,
            571.0
          ],
          [
            8.278425,
            46.959304,
            570.0
          ],
          [
            8.278192,
            46.959059,
            562.0
          ],
          [
            8.278102,
            46.958912,
            557.0
          ],
          [
            8.277895,
            46.958654,
            547.0
          ],
          [
            8.277823,
            46.958421,
            538.0
          ],
          [
            8.277706,
            46.958237,
            530.0
          ],
          [
            8.277607,
            46.958213,
            530.0
          ],
          [
            8.27758,
            46.958206,
            530.0
          ],
          [
            8.277563,
            46.958188,
            530.0
          ],
          [
            8.277536,
            46.958041,
            527.0
          ],
          [
            8.277508,
            46.957777,
            523.0
          ],
          [
            8.277463,
            46.957642,
            520.0
          ],
          [
            8.27731,
            46.957434,
            514.0
          ],
          [
            8.277211,
            46.957189,
            508.0
          ],
          [
            8.277131,
            46.956938,
            503.0
          ],
          [
            8.277068,
            46.956821,
            500.0
          ],
          [
            8.276853,
            46.95657,
            494.0
          ],
          [
            8.276798,
            46.956496,
            492.0
          ],
          [
            8.276771,
            46.956386,
            490.0
          ],
          [
            8.276727,
            46.95633,
            489.0
          ],
          [
            8.276628,
            46.956257,
            488.0
          ],
          [
            8.276584,
            46.956208,
            488.0
          ],
          [
            8.276555,
            46.956116,
            487.0
          ],
          [
            8.276494,
            46.956067,
            486.0
          ],
          [
            8.276349,
            46.955981,
            485.0
          ],
          [
            8.276268,
            46.955914,
            484.0
          ],
          [
            8.276224,
            46.955778,
            483.0
          ],
          [
            8.276205,
            46.955601,
            482.0
          ],
          [
            8.276125,
            46.955466,
            480.0
          ],
          [
            8.275963,
            46.955276,
            480.0
          ],
          [
            8.275865,
            46.955135,
            480.0
          ],
          [
            8.275819,
            46.955074,
            479.0
          ],
          [
            8.275765,
            46.955,
            477.0
          ],
          [
            8.275603,
            46.954883,
            475.0
          ],
          [
            8.275603,
            46.954847,
            474.0
          ],
          [
            8.275702,
            46.954896,
            473.0
          ],
          [
            8.275918,
            46.954994,
            471.0
          ],
          [
            8.275999,
            46.955043,
            469.0
          ],
          [
            8.276062,
            46.955049,
            469.0
          ],
          [
            8.275928,
            46.95492,
            466.0
          ],
          [
            8.275792,
            46.954797,
            463.0
          ],
          [
            8.275666,
            46.954638,
            459.0
          ],
          [
            8.275559,
            46.954473,
            456.0
          ],
          [
            8.275478,
            46.954325,
            453.0
          ],
          [
            8.275433,
            46.954178,
            450.0
          ],
          [
            8.275442,
            46.954074,
            449.0
          ],
          [
            8.275478,
            46.954019,
            448.0
          ],
          [
            8.275576,
            46.953927,
            446.0
          ],
          [
            8.275658,
            46.953865,
            445.0
          ],
          [
            8.275802,
            46.953792,
            443.0
          ],
          [
            8.275882,
            46.953767,
            442.0
          ],
          [
            8.276116,
            46.953712,
            440.0
          ],
          [
            8.276287,
            46.954356,
            440.0
          ],
          [
            8.276331,
            46.95454,
            440.0
          ],
          [
            8.276349,
            46.954589,
            440.0
          ],
          [
            8.276368,
            46.95462,
            440.0
          ],
          [
            8.276394,
            46.954663,
            440.0
          ],
          [
            8.276431,
            46.954705,
            440.0
          ],
          [
            8.276475,
            46.954742,
            440.0
          ],
          [
            8.276529,
            46.954791,
            440.0
          ],
          [
            8.276565,
            46.954822,
            440.0
          ],
          [
            8.276618,
            46.954853,
            440.0
          ],
          [
            8.276673,
            46.954883,
            440.0
          ],
          [
            8.276861,
            46.955,
            440.0
          ],
          [
            8.276987,
            46.955074,
            440.0
          ],
          [
            8.27705,
            46.955123,
            440.0
          ],
          [
            8.277104,
            46.955159,
            440.0
          ],
          [
            8.277454,
            46.955497,
            440.0
          ],
          [
            8.277723,
            46.955349,
            440.0
          ],
          [
            8.277706,
            46.955313,
            440.0
          ],
          [
            8.277769,
            46.955306,
            440.0
          ],
          [
            8.27785,
            46.9553,
            440.0
          ],
          [
            8.277913,
            46.955288,
            440.0
          ],
          [
            8.27811,
            46.955263,
            440.0
          ],
          [
            8.278163,
            46.955257,
            440.0
          ],
          [
            8.278595,
            46.955196,
            440.0
          ],
          [
            8.278586,
            46.955177,
            440.0
          ],
          [
            8.278578,
            46.955123,
            440.0
          ],
          [
            8.278568,
            46.955098,
            440.0
          ],
          [
            8.278613,
            46.955086,
            440.0
          ],
          [
            8.278676,
            46.955177,
            440.0
          ],
          [
            8.278829,
            46.95511,
            440.0
          ],
          [
            8.279421,
            46.954871,
            440.0
          ],
          [
            8.280113,
            46.954589,
            440.0
          ],
          [
            8.280221,
            46.954522,
            440.0
          ],
          [
            8.280213,
            46.954503,
            440.0
          ],
          [
            8.279934,
            46.954252,
            440.0
          ],
          [
            8.279924,
            46.954221,
            440.0
          ],
          [
            8.279916,
            46.95419,
            440.0
          ],
          [
            8.279916,
            46.95416,
            440.0
          ],
          [
            8.279951,
            46.954129,
            440.0
          ],
          [
            8.279987,
            46.954105,
            440.0
          ],
          [
            8.280096,
            46.954031,
            440.0
          ],
          [
            8.280284,
            46.953951,
            440.0
          ],
          [
            8.280733,
            46.953749,
            440.0
          ],
          [
            8.2812,
            46.953639,
            440.0
          ],
          [
            8.281255,
            46.95362,
            440.0
          ],
          [
            8.281318,
            46.953516,
            440.0
          ],
          [
            8.281379,
            46.953486,
            440.0
          ],
          [
            8.282098,
            46.95332,
            440.0
          ],
          [
            8.282134,
            46.953399,
            440.0
          ],
          [
            8.282161,
            46.953442,
            440.0
          ],
          [
            8.282161,
            46.953461,
            440.0
          ],
          [
            8.282108,
            46.953516,
            440.0
          ],
          [
            8.281973,
            46.953553,
            440.0
          ],
          [
            8.282063,
            46.953565,
            440.0
          ],
          [
            8.282134,
            46.953626,
            440.0
          ],
          [
            8.282539,
            46.953798,
            440.0
          ],
          [
            8.283042,
            46.953896,
            440.0
          ],
          [
            8.283186,
            46.953908,
            440.0
          ],
          [
            8.283339,
            46.953908,
            440.0
          ],
          [
            8.283429,
            46.95381,
            440.0
          ],
          [
            8.282027,
            46.951768,
            440.0
          ],
          [
            8.282063,
            46.951756,
            440.0
          ],
          [
            8.282224,
            46.951695,
            440.0
          ],
          [
            8.282278,
            46.951677,
            440.0
          ],
          [
            8.282008,
            46.95132,
            440.0
          ],
          [
            8.281981,
            46.951259,
            440.0
          ],
          [
            8.281973,
            46.951204,
            440.0
          ],
          [
            8.281981,
            46.951168,
            440.0
          ],
          [
            8.282018,
            46.951137,
            440.0
          ],
          [
            8.282144,
            46.95107,
            440.0
          ],
          [
            8.282197,
            46.951039,
            440.0
          ],
          [
            8.282234,
            46.951002,
            440.0
          ],
          [
            8.282251,
            46.950971,
            440.0
          ],
          [
            8.282251,
            46.950922,
            440.0
          ],
          [
            8.282224,
            46.950861,
            440.0
          ],
          [
            8.281973,
            46.950567,
            440.0
          ],
          [
            8.280922,
            46.949138,
            440.0
          ],
          [
            8.28014,
            46.948114,
            441.0
          ],
          [
            8.28014,
            46.948114,
            441.0
          ],
          [
            8.280069,
            46.948028,
            441.0
          ],
          [
            8.280023,
            46.947966,
            441.0
          ],
          [
            8.280023,
            46.947948,
            441.0
          ],
          [
            8.280023,
            46.947942,
            441.0
          ],
          [
            8.280033,
            46.947929,
            441.0
          ],
          [
            8.280041,
            46.947917,
            441.0
          ],
          [
            8.28006,
            46.947905,
            441.0
          ],
          [
            8.280176,
            46.947868,
            441.0
          ],
          [
            8.280221,
            46.947838,
            441.0
          ],
          [
            8.280239,
            46.947813,
            441.0
          ],
          [
            8.280247,
            46.947789,
            441.0
          ],
          [
            8.280257,
            46.947777,
            441.0
          ],
          [
            8.280293,
            46.947752,
            441.0
          ],
          [
            8.28031,
            46.94774,
            441.0
          ],
          [
            8.280329,
            46.947703,
            441.0
          ],
          [
            8.280356,
            46.947691,
            441.0
          ],
          [
            8.280419,
            46.947666,
            441.0
          ],
          [
            8.279997,
            46.947163,
            441.0
          ],
          [
            8.279637,
            46.946697,
            442.0
          ],
          [
            8.279234,
            46.946225,
            442.0
          ],
          [
            8.279081,
            46.946041,
            442.0
          ],
          [
            8.278792,
            46.945679,
            442.0
          ],
          [
            8.278838,
            46.945483,
            442.0
          ],
          [
            8.279018,
            46.945452,
            442.0
          ],
          [
            8.279251,
            46.945354,
            442.0
          ],
          [
            8.279358,
            46.945354,
            443.0
          ],
          [
            8.279511,
            46.945354,
            443.0
          ],
          [
            8.279718,
            46.945391,
            443.0
          ],
          [
            8.280014,
            46.945477,
            443.0
          ],
          [
            8.280167,
            46.945477,
            443.0
          ],
          [
            8.28031,
            46.945416,
            443.0
          ],
          [
            8.280509,
            46.945256,
            443.0
          ],
          [
            8.280536,
            46.945139,
            443.0
          ],
          [
            8.280247,
            46.944453,
            443.0
          ],
          [
            8.279197,
            46.943582,
            444.0
          ],
          [
            8.279071,
            46.943477,
            444.0
          ],
          [
            8.279044,
            46.943416,
            444.0
          ],
          [
            8.279008,
            46.943232,
            444.0
          ],
          [
            8.278964,
            46.94306,
            444.0
          ],
          [
            8.278964,
            46.94306,
            444.0
          ],
          [
            8.278955,
            46.943042,
            444.0
          ],
          [
            8.278838,
            46.942796,
            444.0
          ],
          [
            8.278685,
            46.94241,
            444.0
          ],
          [
            8.278631,
            46.9423,
            445.0
          ],
          [
            8.278605,
            46.94222,
            445.0
          ],
          [
            8.278586,
            46.942153,
            445.0
          ],
          [
            8.278578,
            46.941999,
            445.0
          ],
          [
            8.278568,
            46.941668,
            445.0
          ],
          [
            8.278586,
            46.941564,
            445.0
          ],
          [
            8.278605,
            46.941502,
            445.0
          ],
          [
            8.278991,
            46.941558,
            445.0
          ],
          [
            8.279134,
            46.941564,
            445.0
          ],
          [
            8.279134,
            46.941564,
            445.0
          ],
          [
            8.279404,
            46.941582,
            445.0
          ],
          [
            8.279736,
            46.941582,
            445.0
          ],
          [
            8.27997,
            46.94157,
            445.0
          ],
          [
            8.280069,
            46.941564,
            445.0
          ],
          [
            8.279763,
            46.940313,
            446.0
          ],
          [
            8.279647,
            46.939779,
            446.0
          ],
          [
            8.279234,
            46.937896,
            447.0
          ],
          [
            8.279062,
            46.937068,
            448.0
          ],
          [
            8.279062,
            46.937068,
            448.0
          ],
          [
            8.279026,
            46.936902,
            448.0
          ],
          [
            8.278909,
            46.935179,
            448.0
          ],
          [
            8.278882,
            46.934626,
            449.0
          ],
          [
            8.278855,
            46.934185,
            449.0
          ],
          [
            8.278847,
            46.933811,
            449.0
          ],
          [
            8.278874,
            46.933719,
            449.0
          ],
          [
            8.278847,
            46.933663,
            449.0
          ],
          [
            8.278838,
            46.933627,
            449.0
          ],
          [
            8.278299,
            46.932707,
            450.0
          ],
          [
            8.277957,
            46.932155,
            450.0
          ],
          [
            8.277347,
            46.93113,
            454.0
          ],
          [
            8.277626,
            46.931026,
            455.0
          ],
          [
            8.277706,
            46.931001,
            455.0
          ],
          [
            8.277805,
            46.930977,
            455.0
          ],
          [
            8.277976,
            46.930916,
            456.0
          ],
          [
            8.277895,
            46.930854,
            456.0
          ],
          [
            8.277796,
            46.930799,
            457.0
          ],
          [
            8.277652,
            46.930664,
            457.0
          ],
          [
            8.277536,
            46.930529,
            458.0
          ],
          [
            8.277436,
            46.930413,
            459.0
          ],
          [
            8.277247,
            46.930241,
            460.0
          ],
          [
            8.277041,
            46.930069,
            460.0
          ],
          [
            8.276997,
            46.929971,
            460.0
          ],
          [
            8.276907,
            46.929621,
            460.0
          ],
          [
            8.276825,
            46.929234,
            460.0
          ],
          [
            8.276825,
            46.929204,
            460.0
          ],
          [
            8.27688,
            46.928701,
            460.0
          ],
          [
            8.276771,
            46.928707,
            460.0
          ],
          [
            8.276322,
            46.928756,
            460.0
          ],
          [
            8.276232,
            46.928732,
            460.0
          ],
          [
            8.276215,
            46.928695,
            460.0
          ],
          [
            8.276215,
            46.928658,
            460.0
          ],
          [
            8.276259,
            46.928584,
            460.0
          ],
          [
            8.276224,
            46.928302,
            460.0
          ],
          [
            8.275865,
            46.927327,
            460.0
          ],
          [
            8.275389,
            46.926364,
            460.0
          ],
          [
            8.274867,
            46.925554,
            460.0
          ],
          [
            8.273781,
            46.92421,
            460.0
          ],
          [
            8.273681,
            46.92405,
            460.0
          ],
          [
            8.273681,
            46.92405,
            460.0
          ],
          [
            8.273574,
            46.923867,
            460.0
          ],
          [
            8.273448,
            46.923787,
            460.0
          ],
          [
            8.273278,
            46.923731,
            460.0
          ],
          [
            8.27316,
            46.923695,
            460.0
          ],
          [
            8.273978,
            46.923364,
            460.0
          ],
          [
            8.274131,
            46.923296,
            460.0
          ],
          [
            8.27458,
            46.923112,
            460.0
          ],
          [
            8.27485,
            46.922977,
            460.0
          ],
          [
            8.274786,
            46.922965,
            460.0
          ],
          [
            8.274687,
            46.922885,
            460.0
          ],
          [
            8.274706,
            46.922731,
            460.0
          ],
          [
            8.27475,
            46.922535,
            460.0
          ],
          [
            8.274697,
            46.922468,
            460.0
          ],
          [
            8.274634,
            46.922431,
            460.0
          ],
          [
            8.274355,
            46.922351,
            460.0
          ],
          [
            8.273987,
            46.922192,
            460.0
          ],
          [
            8.273754,
            46.922001,
            460.0
          ],
          [
            8.273484,
            46.921689,
            460.0
          ],
          [
            8.273322,
            46.921388,
            460.0
          ],
          [
            8.273071,
            46.921155,
            460.0
          ],
          [
            8.272873,
            46.920952,
            460.0
          ],
          [
            8.27263,
            46.920602,
            460.0
          ],
          [
            8.272406,
            46.920449,
            460.0
          ],
          [
            8.272217,
            46.920259,
            460.0
          ],
          [
            8.272154,
            46.919946,
            460.0
          ],
          [
            8.272056,
            46.919609,
            460.0
          ],
          [
            8.271867,
            46.919326,
            460.0
          ],
          [
            8.271552,
            46.919105,
            460.0
          ],
          [
            8.271284,
            46.918933,
            460.0
          ],
          [
            8.271184,
            46.918842,
            460.0
          ],
          [
            8.271148,
            46.918737,
            460.0
          ],
          [
            8.271005,
            46.918596,
            460.0
          ],
          [
            8.270744,
            46.918461,
            460.0
          ],
          [
            8.27051,
            46.918357,
            460.0
          ],
          [
            8.270286,
            46.918203,
            460.0
          ],
          [
            8.270106,
            46.918081,
            460.0
          ],
          [
            8.26972,
            46.917915,
            460.0
          ],
          [
            8.269576,
            46.917798,
            460.0
          ],
          [
            8.269136,
            46.917535,
            460.0
          ],
          [
            8.268974,
            46.917449,
            460.0
          ],
          [
            8.268444,
            46.91727,
            460.0
          ],
          [
            8.268129,
            46.917099,
            460.0
          ],
          [
            8.267789,
            46.916602,
            460.0
          ],
          [
            8.267528,
            46.916172,
            460.0
          ],
          [
            8.267223,
            46.915583,
            460.0
          ],
          [
            8.26706,
            46.915276,
            460.0
          ],
          [
            8.266899,
            46.914896,
            460.0
          ],
          [
            8.26689,
            46.914828,
            460.0
          ],
          [
            8.26681,
            46.914639,
            460.0
          ],
          [
            8.266647,
            46.914301,
            460.0
          ],
          [
            8.266504,
            46.914037,
            460.0
          ],
          [
            8.266387,
            46.913829,
            461.0
          ],
          [
            8.266244,
            46.913577,
            461.0
          ],
          [
            8.266252,
            46.913515,
            461.0
          ],
          [
            8.26628,
            46.913418,
            461.0
          ],
          [
            8.26459,
            46.911545,
            462.0
          ],
          [
            8.264204,
            46.911048,
            462.0
          ],
          [
            8.263728,
            46.910281,
            463.0
          ],
          [
            8.263575,
            46.910104,
            463.0
          ],
          [
            8.263423,
            46.910036,
            463.0
          ],
          [
            8.263207,
            46.909999,
            463.0
          ],
          [
            8.262263,
            46.909888,
            463.0
          ],
          [
            8.261617,
            46.909809,
            463.0
          ],
          [
            8.261554,
            46.909803,
            463.0
          ],
          [
            8.261024,
            46.909742,
            464.0
          ],
          [
            8.260754,
            46.90968,
            464.0
          ],
          [
            8.260594,
            46.90979,
            464.0
          ],
          [
            8.260565,
            46.909766,
            464.0
          ],
          [
            8.260386,
            46.909625,
            464.0
          ],
          [
            8.259326,
            46.908809,
            464.0
          ],
          [
            8.258607,
            46.90825,
            465.0
          ],
          [
            8.258383,
            46.908036,
            465.0
          ],
          [
            8.25815,
            46.90771,
            465.0
          ],
          [
            8.257961,
            46.907526,
            465.0
          ],
          [
            8.257206,
            46.906919,
            466.0
          ],
          [
            8.257233,
            46.906888,
            466.0
          ],
          [
            8.257152,
            46.906814,
            466.0
          ],
          [
            8.25717,
            46.906747,
            466.0
          ],
          [
            8.257269,
            46.906673,
            466.0
          ],
          [
            8.257934,
            46.90628,
            466.0
          ],
          [
            8.257978,
            46.906243,
            466.0
          ],
          [
            8.258015,
            46.90617,
            466.0
          ],
          [
            8.257395,
            46.905667,
            466.0
          ],
          [
            8.257116,
            46.905445,
            466.0
          ],
          [
            8.256703,
            46.905108,
            467.0
          ],
          [
            8.256057,
            46.904568,
            467.0
          ],
          [
            8.255391,
            46.904009,
            467.0
          ],
          [
            8.254673,
            46.903383,
            468.0
          ],
          [
            8.254376,
            46.903119,
            468.0
          ],
          [
            8.254278,
            46.903021,
            468.0
          ],
          [
            8.254233,
            46.902978,
            468.0
          ],
          [
            8.254026,
            46.902745,
            468.0
          ],
          [
            8.253846,
            46.902567,
            468.0
          ],
          [
            8.253631,
            46.902377,
            468.0
          ],
          [
            8.253317,
            46.902076,
            468.0
          ],
          [
            8.253191,
            46.901959,
            468.0
          ],
          [
            8.25311,
            46.901842,
            468.0
          ],
          [
            8.253011,
            46.901757,
            468.0
          ],
          [
            8.252804,
            46.90153,
            468.0
          ],
          [
            8.252652,
            46.901358,
            469.0
          ],
          [
            8.252554,
            46.901278,
            469.0
          ],
          [
            8.252319,
            46.901057,
            469.0
          ],
          [
            8.252221,
            46.90091,
            469.0
          ],
          [
            8.252095,
            46.900726,
            469.0
          ],
          [
            8.251925,
            46.900456,
            469.0
          ],
          [
            8.251879,
            46.900351,
            469.0
          ],
          [
            8.251852,
            46.900247,
            469.0
          ],
          [
            8.251718,
            46.899897,
            469.0
          ],
          [
            8.251699,
            46.899842,
            469.0
          ],
          [
            8.251673,
            46.899725,
            469.0
          ],
          [
            8.251619,
            46.899559,
            469.0
          ],
          [
            8.251538,
            46.899333,
            469.0
          ],
          [
            8.251483,
            46.899228,
            469.0
          ],
          [
            8.251394,
            46.899062,
            469.0
          ],
          [
            8.251259,
            46.898854,
            469.0
          ],
          [
            8.251179,
            46.898737,
            469.0
          ],
          [
            8.25116,
            46.898706,
            470.0
          ],
          [
            8.251044,
            46.898504,
            470.0
          ],
          [
            8.250927,
            46.898313,
            470.0
          ],
          [
            8.250917,
            46.89827,
            470.0
          ],
          [
            8.250927,
            46.898221,
            470.0
          ],
          [
            8.251097,
            46.898154,
            470.0
          ],
          [
            8.250936,
            46.897994,
            470.0
          ],
          [
            8.250757,
            46.898043,
            470.0
          ],
          [
            8.250711,
            46.898019,
            470.0
          ],
          [
            8.25073,
            46.898019,
            470.0
          ],
          [
            8.250703,
            46.897982,
            470.0
          ],
          [
            8.250676,
            46.897926,
            475.0
          ],
          [
            8.250541,
            46.897749,
            475.0
          ],
          [
            8.250451,
            46.897632,
            474.0
          ],
          [
            8.250361,
            46.897669,
            475.0
          ],
          [
            8.250065,
            46.897743,
            475.0
          ],
          [
            8.249751,
            46.897804,
            476.0
          ],
          [
            8.249391,
            46.89781,
            477.0
          ],
          [
            8.249032,
            46.897792,
            478.0
          ],
          [
            8.24904,
            46.897743,
            478.0
          ],
          [
            8.249049,
            46.89762,
            478.0
          ],
          [
            8.249049,
            46.897491,
            478.0
          ],
          [
            8.24904,
            46.897466,
            478.0
          ]
        ]
      }
    }
  ]
}