{
  "type": "FeatureCollection",
  "features": [
    {
      "type": "Feature",
      "properties": {},
      "geometry": {
        "type": "LineString",
        "coordinates": [
          [
            9.681467,
            46.674974,
            1078.0
          ],
          [
            9.681683,
            46.675005,
            1079.0
          ],
          [
            9.681926,
            46.675054,
            1080.0
          ],
          [
            9.682203,
            46.675085,
            1080.0
          ],
          [
            9.682618,
            46.675134,
            1080.0
          ],
          [
            9.682671,
            46.675141,
            1080.0
          ],
          [
            9.682805,
            46.675178,
            1080.0
          ],
          [
            9.683453,
            46.675251,
            1080.0
          ],
          [
            9.683578,
            46.675288,
            1080.0
          ],
          [
            9.683721,
            46.675331,
            1080.0
          ],
          [
            9.683901,
            46.675375,
            1080.0
          ],
          [
            9.684306,
            46.675406,
            1079.0
          ],
          [
            9.684423,
            46.675393,
            1078.0
          ],
          [
            9.684503,
            46.675387,
            1077.0
          ],
          [
            9.684818,
            46.675362,
            1075.0
          ],
          [
            9.684863,
            46.67535,
            1074.0
          ],
          [
            9.684899,
            46.675344,
            1074.0
          ],
          [
            9.684935,
            46.675325,
            1074.0
          ],
          [
            9.685042,
            46.675282,
            1073.0
          ],
          [
            9.685088,
            46.675263,
            1072.0
          ],
          [
            9.685142,
            46.675251,
            1072.0
          ],
          [
            9.685681,
            46.675153,
            1068.0
          ],
          [
            9.685698,
            46.675147,
            1068.0
          ],
          [
            9.685708,
            46.675141,
            1068.0
          ],
          [
            9.685716,
            46.675128,
            1068.0
          ],
          [
            9.685851,
            46.675184,
            1068.0
          ],
          [
            9.685985,
            46.675239,
            1068.0
          ],
          [
            9.686058,
            46.675263,
            1068.0
          ],
          [
            9.686103,
            46.67527,
            1068.0
          ],
          [
            9.686147,
            46.67527,
            1068.0
          ],
          [
            9.686193,
            46.675263,
            1068.0
          ],
          [
            9.686247,
            46.675257,
            1068.0
          ],
          [
            9.686291,
            46.675251,
            1068.0
          ],
          [
            9.686337,
            46.675233,
            1068.0
          ],
          [
            9.68648,
            46.675159,
            1068.0
          ],
          [
            9.686524,
            46.675141,
            1068.0
          ],
          [
            9.687019,
            46.674974,
            1068.0
          ],
          [
            9.687379,
            46.67482,
            1068.0
          ],
          [
            9.687405,
            46.674777,
            1068.0
          ],
          [
            9.687503,
            46.674703,
            1068.0
          ],
          [
            9.687539,
            46.674691,
            1068.0
          ],
          [
            9.687539,
            46.674691,
            1068.0
          ],
          [
            9.687576,
            46.674678,
            1068.0
          ],
          [
            9.687629,
            46.674678,
            1068.0
          ],
          [
            9.687683,
            46.674703,
            1067.0
          ],
          [
            9.687702,
            46.674691,
            1067.0
          ],
          [
            9.687702,
            46.674672,
            1067.0
          ],
          [
            9.687683,
            46.674641,
            1066.0
          ],
          [
            9.687648,
            46.674616,
            1065.0
          ],
          [
            9.687576,
            46.674592,
            1064.0
          ],
          [
            9.687503,
            46.674586,
            1063.0
          ],
          [
            9.687432,
            46.674598,
            1061.0
          ],
          [
            9.68718,
            46.67474,
            1056.0
          ],
          [
            9.687055,
            46.674771,
            1054.0
          ],
          [
            9.686893,
            46.674777,
            1051.0
          ],
          [
            9.68674,
            46.674759,
            1049.0
          ],
          [
            9.686624,
            46.674697,
            1047.0
          ],
          [
            9.68656,
            46.674635,
            1045.0
          ],
          [
            9.686497,
            46.674598,
            1044.0
          ],
          [
            9.686516,
            46.674573,
            1044.0
          ],
          [
            9.686524,
            46.674537,
            1043.0
          ],
          [
            9.686524,
            46.674506,
            1043.0
          ],
          [
            9.686524,
            46.674481,
            1043.0
          ],
          [
            9.686461,
            46.674284,
            1040.0
          ],
          [
            9.686453,
            46.674234,
            1040.0
          ],
          [
            9.686444,
            46.674105,
            1038.0
          ],
          [
            9.686444,
            46.67405,
            1038.0
          ],
          [
            9.686408,
            46.673932,
            1036.0
          ],
          [
            9.686291,
            46.673741,
            1034.0
          ],
          [
            9.686282,
            46.673729,
            1034.0
          ],
          [
            9.686282,
            46.67371,
            1034.0
          ],
          [
            9.686282,
            46.673692,
            1034.0
          ],
          [
            9.686282,
            46.673674,
            1033.0
          ],
          [
            9.686282,
            46.673655,
            1033.0
          ],
          [
            9.686337,
            46.673519,
            1031.0
          ],
          [
            9.686354,
            46.673421,
            1030.0
          ],
          [
            9.686354,
            46.673409,
            1030.0
          ],
          [
            9.686354,
            46.67339,
            1030.0
          ],
          [
            9.6864,
            46.673378,
            1030.0
          ],
          [
            9.686597,
            46.673322,
            1030.0
          ],
          [
            9.686803,
            46.673248,
            1030.0
          ],
          [
            9.686974,
            46.67318,
            1030.0
          ],
          [
            9.687163,
            46.6731,
            1030.0
          ],
          [
            9.687262,
            46.673045,
            1030.0
          ],
          [
            9.687413,
            46.672959,
            1030.0
          ],
          [
            9.687621,
            46.672866,
            1030.0
          ],
          [
            9.687549,
            46.672786,
            1028.0
          ],
          [
            9.687522,
            46.672743,
            1027.0
          ],
          [
            9.687423,
            46.672502,
            1021.0
          ],
          [
            9.687413,
            46.672478,
            1020.0
          ],
          [
            9.687423,
            46.672459,
            1020.0
          ],
          [
            9.687423,
            46.672422,
            1020.0
          ],
          [
            9.687531,
            46.672083,
            1017.0
          ],
          [
            9.687549,
            46.672015,
            1016.0
          ],
          [
            9.687576,
            46.671917,
            1015.0
          ],
          [
            9.687585,
            46.671824,
            1015.0
          ],
          [
            9.687621,
            46.671701,
            1013.0
          ],
          [
            9.687863,
            46.67122,
            1009.0
          ],
          [
            9.687926,
            46.671146,
            1008.0
          ],
          [
            9.688008,
            46.671085,
            1007.0
          ],
          [
            9.688142,
            46.671042,
            1007.0
          ],
          [
            9.688124,
            46.671017,
            1006.0
          ],
          [
            9.688069,
            46.670949,
            1006.0
          ],
          [
            9.688061,
            46.670924,
            1005.0
          ],
          [
            9.688079,
            46.670906,
            1005.0
          ],
          [
            9.688079,
            46.670887,
            1005.0
          ],
          [
            9.688178,
            46.670826,
            1004.0
          ],
          [
            9.688545,
            46.670629,
            1001.0
          ],
          [
            9.688834,
            46.670431,
            999.0
          ],
          [
            9.688851,
            46.670401,
            999.0
          ],
          [
            9.688851,
            46.67037,
            999.0
          ],
          [
            9.688815,
            46.670308,
            999.0
          ],
          [
            9.688725,
            46.670308,
            999.0
          ],
          [
            9.688438,
            46.670252,
            998.0
          ],
          [
            9.688159,
            46.670185,
            998.0
          ],
          [
            9.688034,
            46.670135,
            997.0
          ],
          [
            9.688142,
            46.670037,
            998.0
          ],
          [
            9.688222,
            46.669975,
            998.0
          ],
          [
            9.688258,
            46.669901,
            998.0
          ],
          [
            9.688339,
            46.669654,
            999.0
          ],
          [
            9.688375,
            46.669587,
            999.0
          ],
          [
            9.688582,
            46.669371,
            1000.0
          ],
          [
            9.688968,
            46.668841,
            1001.0
          ],
          [
            9.68905,
            46.668767,
            1001.0
          ],
          [
            9.689103,
            46.66873,
            1001.0
          ],
          [
            9.689157,
            46.668668,
            1001.0
          ],
          [
            9.689211,
            46.668576,
            1002.0
          ],
          [
            9.689319,
            46.668422,
            1002.0
          ],
          [
            9.68939,
            46.668323,
            1002.0
          ],
          [
            9.689489,
            46.668046,
            1003.0
          ],
          [
            9.689696,
            46.667706,
            1004.0
          ],
          [
            9.689903,
            46.667435,
            1004.0
          ],
          [
            9.690109,
            46.667269,
            1005.0
          ],
          [
            9.690226,
            46.667164,
            1005.0
          ],
          [
            9.690316,
            46.667034,
            1005.0
          ],
          [
            9.690442,
            46.666887,
            1006.0
          ],
          [
            9.690639,
            46.66672,
            1006.0
          ],
          [
            9.690719,
            46.666621,
            1007.0
          ],
          [
            9.690765,
            46.666505,
            1007.0
          ],
          [
            9.690855,
            46.666141,
            1008.0
          ],
          [
            9.690927,
            46.665956,
            1008.0
          ],
          [
            9.691105,
            46.665722,
            1009.0
          ],
          [
            9.691304,
            46.665469,
            1009.0
          ],
          [
            9.691384,
            46.665296,
            1010.0
          ],
          [
            9.692426,
            46.66423,
            1013.0
          ],
          [
            9.692777,
            46.664026,
            1014.0
          ],
          [
            9.693505,
            46.663644,
            1016.0
          ],
          [
            9.694295,
            46.663188,
            1017.0
          ],
          [
            9.694411,
            46.663108,
            1018.0
          ],
          [
            9.694646,
            46.662874,
            1019.0
          ],
          [
            9.6947,
            46.662941,
            1019.0
          ],
          [
            9.694744,
            46.662984,
            1019.0
          ],
          [
            9.694763,
            46.662996,
            1019.0
          ],
          [
            9.694807,
            46.663046,
            1019.0
          ],
          [
            9.694853,
            46.663096,
            1019.0
          ],
          [
            9.694897,
            46.663139,
            1019.0
          ],
          [
            9.694897,
            46.663188,
            1019.0
          ],
          [
            9.694887,
            46.663237,
            1019.0
          ],
          [
            9.695005,
            46.663274,
            1019.0
          ],
          [
            9.69514,
            46.663397,
            1020.0
          ],
          [
            9.695193,
            46.66354,
            1020.0
          ],
          [
            9.695239,
            46.663619,
            1020.0
          ],
          [
            9.695392,
            46.663619,
            1021.0
          ],
          [
            9.696109,
            46.663089,
            1022.0
          ],
          [
            9.696721,
            46.66267,
            1024.0
          ],
          [
            9.696891,
            46.662361,
            1025.0
          ],
          [
            9.69725,
            46.661998,
            1026.0
          ],
          [
            9.697574,
            46.661948,
            1027.0
          ],
          [
            9.698212,
            46.661573,
            1028.0
          ],
          [
            9.698967,
            46.6609,
            1030.0
          ],
          [
            9.699298,
            46.660469,
            1030.0
          ],
          [
            9.69974,
            46.660216,
            1033.0
          ],
          [
            9.700036,
            46.659945,
            1035.0
          ],
          [
            9.700323,
            46.659852,
            1036.0
          ],
          [
            9.701176,
            46.659217,
            1041.0
          ],
          [
            9.701751,
            46.658885,
            1042.0
          ],
          [
            9.702111,
            46.658755,
            1043.0
          ],
          [
            9.702245,
            46.658724,
            1043.0
          ],
          [
            9.702604,
            46.658657,
            1044.0
          ],
          [
            9.70291,
            46.658533,
            1045.0
          ],
          [
            9.703099,
            46.658453,
            1045.0
          ],
          [
            9.703692,
            46.658213,
            1047.0
          ],
          [
            9.704087,
            46.658145,
            1047.0
          ],
          [
            9.704824,
            46.657837,
            1049.0
          ],
          [
            9.705003,
            46.657769,
            1050.0
          ],
          [
            9.706143,
            46.657349,
            1053.0
          ],
          [
            9.706386,
            46.657287,
            1054.0
          ],
          [
            9.706441,
            46.657294,
            1054.0
          ],
          [
            9.706503,
            46.657294,
            1054.0
          ],
          [
            9.706558,
            46.657275,
            1055.0
          ],
          [
            9.707159,
            46.65709,
            1056.0
          ],
          [
            9.707213,
            46.657072,
            1057.0
          ],
          [
            9.70751,
            46.657065,
            1057.0
          ],
          [
            9.707608,
            46.657035,
            1058.0
          ],
          [
            9.707896,
            46.656893,
            1059.0
          ],
          [
            9.708156,
            46.656874,
            1060.0
          ],
          [
            9.708435,
            46.656758,
            1060.0
          ],
          [
            9.708722,
            46.65672,
            1061.0
          ],
          [
            9.709674,
            46.656301,
            1064.0
          ],
          [
            9.709774,
            46.65627,
            1064.0
          ],
          [
            9.709872,
            46.656264,
            1064.0
          ],
          [
            9.709998,
            46.65627,
            1065.0
          ],
          [
            9.710097,
            46.656258,
            1065.0
          ],
          [
            9.710223,
            46.656227,
            1065.0
          ],
          [
            9.71034,
            46.656208,
            1066.0
          ],
          [
            9.7106,
            46.656196,
            1066.0
          ],
          [
            9.71068,
            46.656172,
            1067.0
          ],
          [
            9.710743,
            46.656135,
            1067.0
          ],
          [
            9.710977,
            46.655938,
            1068.0
          ],
          [
            9.711066,
            46.655894,
            1068.0
          ],
          [
            9.711166,
            46.65587,
            1068.0
          ],
          [
            9.7113,
            46.655839,
            1069.0
          ],
          [
            9.711443,
            46.655826,
            1069.0
          ],
          [
            9.711785,
            46.655826,
            1070.0
          ],
          [
            9.712145,
            46.655771,
            1071.0
          ],
          [
            9.712298,
            46.655746,
            1071.0
          ],
          [
            9.712378,
            46.655722,
            1072.0
          ],
          [
            9.712674,
            46.65553,
            1073.0
          ],
          [
            9.712908,
            46.655419,
            1074.0
          ],
          [
            9.713141,
            46.655327,
            1075.0
          ],
          [
            9.713187,
            46.655309,
            1075.0
          ],
          [
            9.713294,
            46.655191,
            1076.0
          ],
          [
            9.71334,
            46.65516,
            1076.0
          ],
          [
            9.713403,
            46.655136,
            1076.0
          ],
          [
            9.71378,
            46.655031,
            1077.0
          ],
          [
            9.71413,
            46.655,
            1079.0
          ],
          [
            9.714202,
            46.654975,
            1079.0
          ],
          [
            9.714246,
            46.654932,
            1079.0
          ],
          [
            9.714256,
            46.654809,
            1080.0
          ],
          [
            9.714256,
            46.654735,
            1080.0
          ],
          [
            9.714273,
            46.65463,
            1081.0
          ],
          [
            9.714319,
            46.654458,
            1082.0
          ],
          [
            9.714336,
            46.654408,
            1083.0
          ],
          [
            9.714382,
            46.654377,
            1083.0
          ],
          [
            9.714812,
            46.654199,
            1085.0
          ],
          [
            9.714687,
            46.654106,
            1085.0
          ],
          [
            9.714462,
            46.653989,
            1084.0
          ],
          [
            9.714363,
            46.653964,
            1084.0
          ],
          [
            9.714265,
            46.653958,
            1084.0
          ],
          [
            9.714085,
            46.653977,
            1084.0
          ],
          [
            9.71395,
            46.653983,
            1083.0
          ],
          [
            9.713806,
            46.653952,
            1083.0
          ],
          [
            9.713573,
            46.65389,
            1083.0
          ],
          [
            9.713097,
            46.653817,
            1082.0
          ],
          [
            9.713151,
            46.653779,
            1083.0
          ],
          [
            9.713187,
            46.65373,
            1083.0
          ],
          [
            9.713286,
            46.653662,
            1085.0
          ],
          [
            9.713366,
            46.653625,
            1086.0
          ],
          [
            9.713439,
            46.653619,
            1086.0
          ],
          [
            9.71351,
            46.653625,
            1087.0
          ],
          [
            9.713609,
            46.653631,
            1088.0
          ],
          [
            9.713699,
            46.653625,
            1089.0
          ],
          [
            9.713797,
            46.653588,
            1090.0
          ],
          [
            9.713869,
            46.653551,
            1090.0
          ],
          [
            9.713969,
            46.653539,
            1091.0
          ],
          [
            9.714067,
            46.653539,
            1092.0
          ],
          [
            9.714166,
            46.653545,
            1092.0
          ],
          [
            9.714246,
            46.65357,
            1093.0
          ],
          [
            9.714319,
            46.653601,
            1093.0
          ],
          [
            9.714481,
            46.653693,
            1095.0
          ],
          [
            9.714453,
            46.653625,
            1095.0
          ],
          [
            9.714399,
            46.653576,
            1096.0
          ],
          [
            9.714309,
            46.653489,
            1097.0
          ],
          [
            9.714265,
            46.65344,
            1097.0
          ],
          [
            9.714238,
            46.653416,
            1098.0
          ],
          [
            9.714238,
            46.653372,
            1098.0
          ],
          [
            9.714256,
            46.653348,
            1098.0
          ],
          [
            9.714292,
            46.653329,
            1099.0
          ],
          [
            9.714535,
            46.653163,
            1100.0
          ],
          [
            9.715047,
            46.652756,
            1103.0
          ],
          [
            9.715172,
            46.6527,
            1103.0
          ],
          [
            9.715271,
            46.652663,
            1104.0
          ],
          [
            9.715477,
            46.652669,
            1105.0
          ],
          [
            9.715577,
            46.652632,
            1105.0
          ],
          [
            9.715648,
            46.652602,
            1105.0
          ],
          [
            9.71589,
            46.652589,
            1106.0
          ],
          [
            9.716106,
            46.652552,
            1107.0
          ],
          [
            9.716259,
            46.652484,
            1107.0
          ],
          [
            9.716349,
            46.652367,
            1108.0
          ],
          [
            9.716483,
            46.652182,
            1109.0
          ],
          [
            9.716565,
            46.652022,
            1110.0
          ],
          [
            9.716537,
            46.651812,
            1113.0
          ],
          [
            9.716529,
            46.651695,
            1114.0
          ],
          [
            9.716546,
            46.651608,
            1116.0
          ],
          [
            9.716789,
            46.651399,
            1120.0
          ],
          [
            9.716942,
            46.651288,
            1120.0
          ],
          [
            9.716986,
            46.65122,
            1120.0
          ],
          [
            9.717112,
            46.651183,
            1120.0
          ],
          [
            9.717148,
            46.651116,
            1120.0
          ],
          [
            9.717265,
            46.65106,
            1120.0
          ],
          [
            9.717319,
            46.650943,
            1120.0
          ],
          [
            9.717498,
            46.650844,
            1120.0
          ],
          [
            9.717588,
            46.650857,
            1120.0
          ],
          [
            9.717741,
            46.650813,
            1120.0
          ],
          [
            9.718137,
            46.650881,
            1120.0
          ],
          [
            9.718334,
            46.650801,
            1120.0
          ],
          [
            9.71873,
            46.650869,
            1120.0
          ],
          [
            9.718783,
            46.650826,
            1120.0
          ],
          [
            9.718829,
            46.65077,
            1120.0
          ],
          [
            9.719026,
            46.650622,
            1120.0
          ],
          [
            9.719196,
            46.65053,
            1120.0
          ],
          [
            9.719456,
            46.650314,
            1120.0
          ],
          [
            9.719601,
            46.650178,
            1120.0
          ],
          [
            9.719861,
            46.649956,
            1120.0
          ],
          [
            9.719933,
            46.649901,
            1120.0
          ],
          [
            9.719996,
            46.649852,
            1120.0
          ],
          [
            9.720095,
            46.649765,
            1120.0
          ],
          [
            9.720167,
            46.649703,
            1120.0
          ],
          [
            9.720221,
            46.649617,
            1120.0
          ],
          [
            9.720275,
            46.649549,
            1120.0
          ],
          [
            9.720319,
            46.649438,
            1120.0
          ],
          [
            9.720328,
            46.649333,
            1120.0
          ],
          [
            9.720238,
            46.649136,
            1120.0
          ],
          [
            9.720167,
            46.64897,
            1120.0
          ],
          [
            9.720122,
            46.648785,
            1120.0
          ],
          [
            9.720122,
            46.64863,
            1120.0
          ],
          [
            9.720319,
            46.648309,
            1120.0
          ],
          [
            9.720508,
            46.64805,
            1121.0
          ],
          [
            9.720634,
            46.647878,
            1121.0
          ],
          [
            9.720787,
            46.647749,
            1122.0
          ],
          [
            9.721047,
            46.647588,
            1123.0
          ],
          [
            9.721353,
            46.647446,
            1123.0
          ],
          [
            9.721577,
            46.647348,
            1124.0
          ],
          [
            9.721703,
            46.647304,
            1124.0
          ],
          [
            9.721837,
            46.647317,
            1125.0
          ],
          [
            9.721999,
            46.647434,
            1125.0
          ],
          [
            9.722179,
            46.647527,
            1126.0
          ],
          [
            9.722215,
            46.647527,
            1126.0
          ],
          [
            9.722305,
            46.647496,
            1126.0
          ],
          [
            9.722359,
            46.647477,
            1126.0
          ],
          [
            9.722592,
            46.647458,
            1127.0
          ],
          [
            9.722709,
            46.647446,
            1127.0
          ],
          [
            9.722781,
            46.647458,
            1127.0
          ],
          [
            9.723167,
            46.647261,
            1128.0
          ],
          [
            9.723265,
            46.6472,
            1128.0
          ],
          [
            9.72358,
            46.646996,
            1129.0
          ],
          [
            9.723706,
            46.64691,
            1130.0
          ],
          [
            9.723814,
            46.646848,
            1130.0
          ],
          [
            9.723913,
            46.646756,
            1131.0
          ],
          [
            9.724039,
            46.646546,
            1132.0
          ],
          [
            9.724137,
            46.646466,
            1132.0
          ],
          [
            9.72429,
            46.646385,
            1133.0
          ],
          [
            9.724605,
            46.646231,
            1134.0
          ],
          [
            9.725458,
            46.645818,
            1138.0
          ],
          [
            9.725395,
            46.645793,
            1138.0
          ],
          [
            9.725198,
            46.645714,
            1139.0
          ],
          [
            9.725152,
            46.645689,
            1139.0
          ],
          [
            9.725171,
            46.645596,
            1140.0
          ],
          [
            9.725108,
            46.645436,
            1143.0
          ],
          [
            9.725108,
            46.645356,
            1144.0
          ],
          [
            9.725143,
            46.645276,
            1145.0
          ],
          [
            9.725341,
            46.645115,
            1149.0
          ],
          [
            9.725529,
            46.644887,
            1154.0
          ],
          [
            9.725538,
            46.644838,
            1154.0
          ],
          [
            9.725439,
            46.644684,
            1157.0
          ],
          [
            9.725395,
            46.644541,
            1160.0
          ],
          [
            9.725448,
            46.644375,
            1163.0
          ],
          [
            9.725655,
            46.644079,
            1168.0
          ],
          [
            9.725844,
            46.643931,
            1171.0
          ],
          [
            9.725934,
            46.643746,
            1175.0
          ],
          [
            9.72606,
            46.643635,
            1177.0
          ],
          [
            9.726095,
            46.643549,
            1179.0
          ],
          [
            9.726077,
            46.643487,
            1180.0
          ],
          [
            9.72606,
            46.643401,
            1181.0
          ],
          [
            9.726068,
            46.64337,
            1182.0
          ],
          [
            9.726087,
            46.643333,
            1182.0
          ],
          [
            9.726104,
            46.643203,
            1184.0
          ],
          [
            9.726213,
            46.64316,
            1186.0
          ],
          [
            9.726393,
            46.643037,
            1188.0
          ],
          [
            9.7265,
            46.642895,
            1191.0
          ],
          [
            9.726661,
            46.642876,
            1193.0
          ],
          [
            9.726751,
            46.64284,
            1194.0
          ],
          [
            9.72694,
            46.64271,
            1198.0
          ],
          [
            9.726985,
            46.642531,
            1201.0
          ],
          [
            9.72703,
            46.6425,
            1202.0
          ],
          [
            9.727183,
            46.642433,
            1204.0
          ],
          [
            9.727272,
            46.642334,
            1205.0
          ],
          [
            9.727452,
            46.642136,
            1209.0
          ],
          [
            9.727641,
            46.642013,
            1211.0
          ],
          [
            9.727676,
            46.641976,
            1212.0
          ],
          [
            9.727695,
            46.641822,
            1215.0
          ],
          [
            9.727731,
            46.641619,
            1218.0
          ],
          [
            9.727812,
            46.641557,
            1219.0
          ],
          [
            9.728242,
            46.641328,
            1227.0
          ],
          [
            9.728261,
            46.641285,
            1228.0
          ],
          [
            9.728234,
            46.641236,
            1229.0
          ],
          [
            9.728162,
            46.641212,
            1230.0
          ],
          [
            9.727722,
            46.641397,
            1236.0
          ],
          [
            9.727488,
            46.641507,
            1239.0
          ],
          [
            9.727317,
            46.641667,
            1242.0
          ],
          [
            9.72712,
            46.641766,
            1244.0
          ],
          [
            9.72703,
            46.641859,
            1246.0
          ],
          [
            9.72694,
            46.641896,
            1247.0
          ],
          [
            9.726806,
            46.641902,
            1248.0
          ],
          [
            9.726481,
            46.641804,
            1251.0
          ],
          [
            9.726303,
            46.641779,
            1253.0
          ],
          [
            9.726248,
            46.641791,
            1253.0
          ],
          [
            9.72614,
            46.641883,
            1255.0
          ],
          [
            9.726041,
            46.641945,
            1256.0
          ],
          [
            9.725862,
            46.642007,
            1258.0
          ],
          [
            9.725727,
            46.641995,
            1260.0
          ],
          [
            9.725628,
            46.641945,
            1261.0
          ],
          [
            9.725467,
            46.641791,
            1265.0
          ],
          [
            9.725349,
            46.641754,
            1266.0
          ],
          [
            9.725269,
            46.641766,
            1267.0
          ],
          [
            9.725198,
            46.641847,
            1269.0
          ],
          [
            9.725053,
            46.641908,
            1271.0
          ],
          [
            9.724991,
            46.641989,
            1272.0
          ],
          [
            9.724901,
            46.642068,
            1274.0
          ],
          [
            9.724811,
            46.642105,
            1275.0
          ],
          [
            9.724685,
            46.642173,
            1276.0
          ],
          [
            9.724622,
            46.642186,
            1277.0
          ],
          [
            9.724559,
            46.642161,
            1278.0
          ],
          [
            9.724542,
            46.642118,
            1279.0
          ],
          [
            9.724542,
            46.642075,
            1279.0
          ],
          [
            9.724659,
            46.642044,
            1281.0
          ],
          [
            9.724766,
            46.641982,
            1282.0
          ],
          [
            9.724775,
            46.641889,
            1283.0
          ],
          [
            9.724793,
            46.64181,
            1285.0
          ],
          [
            9.724856,
            46.641754,
            1286.0
          ],
          [
            9.724972,
            46.64168,
            1287.0
          ],
          [
            9.725045,
            46.641526,
            1290.0
          ],
          [
            9.725278,
            46.64147,
            1290.0
          ],
          [
            9.725592,
            46.641291,
            1294.0
          ],
          [
            9.726041,
            46.641137,
            1300.0
          ],
          [
            9.726213,
            46.641125,
            1301.0
          ],
          [
            9.726554,
            46.641156,
            1305.0
          ],
          [
            9.726626,
            46.641143,
            1306.0
          ],
          [
            9.726689,
            46.641094,
            1307.0
          ],
          [
            9.726904,
            46.640835,
            1311.0
          ],
          [
            9.72711,
            46.640434,
            1319.0
          ],
          [
            9.727246,
            46.63999,
            1327.0
          ],
          [
            9.727326,
            46.639929,
            1328.0
          ],
          [
            9.727533,
            46.639873,
            1330.0
          ],
          [
            9.727559,
            46.639854,
            1331.0
          ],
          [
            9.727559,
            46.639775,
            1332.0
          ],
          [
            9.727515,
            46.639737,
            1333.0
          ],
          [
            9.727407,
            46.639744,
            1335.0
          ],
          [
            9.727263,
            46.639744,
            1337.0
          ],
          [
            9.727003,
            46.63986,
            1341.0
          ],
          [
            9.72685,
            46.639996,
            1343.0
          ],
          [
            9.726544,
            46.640126,
            1347.0
          ],
          [
            9.726311,
            46.64028,
            1351.0
          ],
          [
            9.726177,
            46.640342,
            1353.0
          ],
          [
            9.725754,
            46.640496,
            1358.0
          ],
          [
            9.725322,
            46.640656,
            1363.0
          ],
          [
            9.725161,
            46.640786,
            1366.0
          ],
          [
            9.725098,
            46.640897,
            1367.0
          ],
          [
            9.725045,
            46.640915,
            1368.0
          ],
          [
            9.724999,
            46.640909,
            1368.0
          ],
          [
            9.724991,
            46.640884,
            1369.0
          ],
          [
            9.725062,
            46.640761,
            1370.0
          ],
          [
            9.725125,
            46.640631,
            1372.0
          ],
          [
            9.725215,
            46.640533,
            1373.0
          ],
          [
            9.725638,
            46.640305,
            1377.0
          ],
          [
            9.725737,
            46.64023,
            1378.0
          ],
          [
            9.726014,
            46.639879,
            1382.0
          ],
          [
            9.726185,
            46.639484,
            1386.0
          ],
          [
            9.72623,
            46.63941,
            1387.0
          ],
          [
            9.726356,
            46.639293,
            1388.0
          ],
          [
            9.726527,
            46.639213,
            1390.0
          ],
          [
            9.726896,
            46.639127,
            1393.0
          ],
          [
            9.727165,
            46.638997,
            1395.0
          ],
          [
            9.72738,
            46.638793,
            1398.0
          ],
          [
            9.727523,
            46.638529,
            1401.0
          ],
          [
            9.727739,
            46.638257,
            1404.0
          ],
          [
            9.727812,
            46.638022,
            1407.0
          ],
          [
            9.728027,
            46.637696,
            1410.0
          ],
          [
            9.728108,
            46.637369,
            1414.0
          ],
          [
            9.728207,
            46.637214,
            1415.0
          ],
          [
            9.728341,
            46.637129,
            1417.0
          ],
          [
            9.728754,
            46.636857,
            1421.0
          ],
          [
            9.728953,
            46.636579,
            1424.0
          ],
          [
            9.729249,
            46.636209,
            1429.0
          ],
          [
            9.729257,
            46.636154,
            1430.0
          ],
          [
            9.729167,
            46.635889,
            1433.0
          ],
          [
            9.729131,
            46.635753,
            1434.0
          ],
          [
            9.72915,
            46.635691,
            1435.0
          ],
          [
            9.729159,
            46.635685,
            1435.0
          ],
          [
            9.729249,
            46.635636,
            1436.0
          ],
          [
            9.729257,
            46.635636,
            1436.0
          ],
          [
            9.729473,
            46.63558,
            1437.0
          ],
          [
            9.729733,
            46.635561,
            1439.0
          ],
          [
            9.729896,
            46.635574,
            1440.0
          ],
          [
            9.730066,
            46.635648,
            1442.0
          ],
          [
            9.730219,
            46.635783,
            1443.0
          ],
          [
            9.730389,
            46.635876,
            1444.0
          ],
          [
            9.730569,
            46.635999,
            1446.0
          ],
          [
            9.730794,
            46.636327,
            1449.0
          ],
          [
            9.730892,
            46.636573,
            1452.0
          ],
          [
            9.731091,
            46.636764,
            1455.0
          ],
          [
            9.731198,
            46.636863,
            1456.0
          ],
          [
            9.731225,
            46.636919,
            1457.0
          ],
          [
            9.731234,
            46.636992,
            1458.0
          ],
          [
            9.731243,
            46.637029,
            1458.0
          ],
          [
            9.731261,
            46.637048,
            1458.0
          ],
          [
            9.731305,
            46.63706,
            1459.0
          ],
          [
            9.73136,
            46.637048,
            1459.0
          ],
          [
            9.731567,
            46.636962,
            1461.0
          ],
          [
            9.732204,
            46.636807,
            1466.0
          ],
          [
            9.732519,
            46.63661,
            1469.0
          ],
          [
            9.73268,
            46.636394,
            1470.0
          ],
          [
            9.732707,
            46.636283,
            1470.0
          ],
          [
            9.732689,
            46.636172,
            1470.0
          ],
          [
            9.732699,
            46.636067,
            1470.0
          ],
          [
            9.732635,
            46.635938,
            1470.0
          ],
          [
            9.732626,
            46.635833,
            1470.0
          ],
          [
            9.73268,
            46.635747,
            1470.0
          ],
          [
            9.732896,
            46.635519,
            1470.0
          ],
          [
            9.732949,
            46.635401,
            1470.0
          ],
          [
            9.732949,
            46.635303,
            1470.0
          ],
          [
            9.732976,
            46.635259,
            1470.0
          ],
          [
            9.733022,
            46.635228,
            1470.0
          ],
          [
            9.733093,
            46.635185,
            1470.0
          ],
          [
            9.733121,
            46.635142,
            1469.0
          ],
          [
            9.733121,
            46.635099,
            1469.0
          ],
          [
            9.733066,
            46.634945,
            1467.0
          ],
          [
            9.733022,
            46.634704,
            1465.0
          ],
          [
            9.732968,
            46.634574,
            1464.0
          ],
          [
            9.732716,
            46.634223,
            1461.0
          ],
          [
            9.732645,
            46.633933,
            1458.0
          ],
          [
            9.732645,
            46.633841,
            1457.0
          ],
          [
            9.73277,
            46.633594,
            1454.0
          ],
          [
            9.732815,
            46.633508,
            1453.0
          ],
          [
            9.732949,
            46.633421,
            1451.0
          ],
          [
            9.733362,
            46.633255,
            1448.0
          ],
          [
            9.733867,
            46.632989,
            1444.0
          ],
          [
            9.734108,
            46.632891,
            1442.0
          ],
          [
            9.734288,
            46.632798,
            1441.0
          ],
          [
            9.734486,
            46.632557,
            1438.0
          ],
          [
            9.734611,
            46.632366,
            1436.0
          ],
          [
            9.734639,
            46.632317,
            1436.0
          ],
          [
            9.734647,
            46.632187,
            1434.0
          ],
          [
            9.734603,
            46.631879,
            1431.0
          ],
          [
            9.734647,
            46.63162,
            1429.0
          ],
          [
            9.734611,
            46.631441,
            1426.0
          ],
          [
            9.734611,
            46.631379,
            1425.0
          ],
          [
            9.73462,
            46.631324,
            1425.0
          ],
          [
            9.734639,
            46.631311,
            1424.0
          ],
          [
            9.734693,
            46.631281,
            1424.0
          ],
          [
            9.734737,
            46.631275,
            1423.0
          ],
          [
            9.7348,
            46.631287,
            1423.0
          ],
          [
            9.734854,
            46.631324,
            1422.0
          ],
          [
            9.735115,
            46.631435,
            1419.0
          ],
          [
            9.73533,
            46.631416,
            1416.0
          ],
          [
            9.736238,
            46.631108,
            1408.0
          ],
          [
            9.736597,
            46.630972,
            1407.0
          ],
          [
            9.737001,
            46.630837,
            1406.0
          ],
          [
            9.73772,
            46.630485,
            1403.0
          ],
          [
            9.738125,
            46.630263,
            1401.0
          ],
          [
            9.738223,
            46.630214,
            1401.0
          ],
          [
            9.738375,
            46.630109,
            1400.0
          ],
          [
            9.738618,
            46.629905,
            1398.0
          ],
          [
            9.738752,
            46.629819,
            1397.0
          ],
          [
            9.739049,
            46.629683,
            1395.0
          ],
          [
            9.739643,
            46.629467,
            1391.0
          ],
          [
            9.739804,
            46.629362,
            1390.0
          ],
          [
            9.740199,
            46.629165,
            1388.0
          ],
          [
            9.740612,
            46.628918,
            1386.0
          ],
          [
            9.740828,
            46.628801,
            1386.0
          ],
          [
            9.740972,
            46.628678,
            1385.0
          ],
          [
            9.741161,
            46.628486,
            1384.0
          ],
          [
            9.741232,
            46.628437,
            1383.0
          ],
          [
            9.741798,
            46.62814,
            1381.0
          ],
          [
            9.742041,
            46.628042,
            1380.0
          ],
          [
            9.742354,
            46.627962,
            1380.0
          ],
          [
            9.742714,
            46.627832,
            1379.0
          ],
          [
            9.742993,
            46.62777,
            1377.0
          ],
          [
            9.743316,
            46.627715,
            1375.0
          ],
          [
            9.743873,
            46.627598,
            1371.0
          ],
          [
            9.744017,
            46.627567,
            1370.0
          ],
          [
            9.744232,
            46.627524,
            1370.0
          ],
          [
            9.744494,
            46.627475,
            1370.0
          ],
          [
            9.744601,
            46.627456,
            1370.0
          ],
          [
            9.744763,
            46.627425,
            1369.0
          ],
          [
            9.74497,
            46.627382,
            1369.0
          ],
          [
            9.745157,
            46.627345,
            1369.0
          ],
          [
            9.74522,
            46.627338,
            1369.0
          ],
          [
            9.745293,
            46.627338,
            1369.0
          ],
          [
            9.745356,
            46.627338,
            1369.0
          ],
          [
            9.745419,
            46.627351,
            1369.0
          ],
          [
            9.745463,
            46.627357,
            1369.0
          ],
          [
            9.745517,
            46.627369,
            1369.0
          ],
          [
            9.745589,
            46.627253,
            1369.0
          ],
          [
            9.745823,
            46.627178,
            1369.0
          ],
          [
            9.745867,
            46.62716,
            1369.0
          ],
          [
            9.746075,
            46.626956,
            1369.0
          ],
          [
            9.746281,
            46.62666,
            1369.0
          ],
          [
            9.746398,
            46.626321,
            1370.0
          ],
          [
            9.746425,
            46.625981,
            1370.0
          ],
          [
            9.746452,
            46.625624,
            1370.0
          ],
          [
            9.746371,
            46.625476,
            1370.0
          ],
          [
            9.746398,
            46.625395,
            1370.0
          ],
          [
            9.746469,
            46.625352,
            1370.0
          ],
          [
            9.746578,
            46.625346,
            1370.0
          ],
          [
            9.746649,
            46.625371,
            1370.0
          ],
          [
            9.746847,
            46.625464,
            1370.0
          ],
          [
            9.747089,
            46.625439,
            1370.0
          ],
          [
            9.74735,
            46.625186,
            1370.0
          ],
          [
            9.748104,
            46.625142,
            1370.0
          ],
          [
            9.748356,
            46.625032,
            1371.0
          ],
          [
            9.748436,
            46.624803,
            1373.0
          ],
          [
            9.748463,
            46.624828,
            1374.0
          ],
          [
            9.748725,
            46.625025,
            1377.0
          ],
          [
            9.74876,
            46.62505,
            1377.0
          ],
          [
            9.748815,
            46.624988,
            1378.0
          ],
          [
            9.748886,
            46.624908,
            1378.0
          ],
          [
            9.748958,
            46.624797,
            1378.0
          ],
          [
            9.749002,
            46.62468,
            1378.0
          ],
          [
            9.749012,
            46.624674,
            1378.0
          ],
          [
            9.749165,
            46.624525,
            1378.0
          ],
          [
            9.749245,
            46.624415,
            1378.0
          ],
          [
            9.749335,
            46.62423,
            1378.0
          ],
          [
            9.749371,
            46.624137,
            1378.0
          ],
          [
            9.749398,
            46.624038,
            1379.0
          ],
          [
            9.749452,
            46.623853,
            1379.0
          ],
          [
            9.749667,
            46.623662,
            1379.0
          ],
          [
            9.749757,
            46.623532,
            1379.0
          ],
          [
            9.749802,
            46.623396,
            1379.0
          ],
          [
            9.749865,
            46.623242,
            1379.0
          ],
          [
            9.749973,
            46.622848,
            1380.0
          ],
          [
            9.75,
            46.622712,
            1380.0
          ],
          [
            9.750054,
            46.622539,
            1381.0
          ],
          [
            9.750207,
            46.622317,
            1383.0
          ],
          [
            9.750233,
            46.622255,
            1382.0
          ],
          [
            9.750296,
            46.622052,
            1382.0
          ],
          [
            9.750341,
            46.621947,
            1382.0
          ],
          [
            9.750413,
            46.621842,
            1382.0
          ],
          [
            9.750476,
            46.621761,
            1382.0
          ],
          [
            9.750574,
            46.621682,
            1382.0
          ],
          [
            9.75079,
            46.621558,
            1382.0
          ],
          [
            9.75105,
            46.621404,
            1382.0
          ],
          [
            9.751249,
            46.621318,
            1382.0
          ],
          [
            9.751465,
            46.621243,
            1381.0
          ],
          [
            9.751562,
            46.621206,
            1389.0
          ],
          [
            9.751904,
            46.620867,
            1391.0
          ],
          [
            9.751895,
            46.620817,
            1390.0
          ],
          [
            9.751832,
            46.620626,
            1390.0
          ],
          [
            9.751689,
            46.620287,
            1391.0
          ],
          [
            9.751662,
            46.620219,
            1391.0
          ],
          [
            9.751662,
            46.620121,
            1391.0
          ],
          [
            9.751679,
            46.620053,
            1391.0
          ],
          [
            9.751742,
            46.619954,
            1392.0
          ],
          [
            9.751823,
            46.619874,
            1392.0
          ],
          [
            9.751895,
            46.619799,
            1393.0
          ],
          [
            9.752065,
            46.619682,
            1393.0
          ],
          [
            9.752237,
            46.619577,
            1394.0
          ],
          [
            9.752417,
            46.619454,
            1395.0
          ],
          [
            9.752478,
            46.61938,
            1395.0
          ],
          [
            9.752515,
            46.619275,
            1395.0
          ],
          [
            9.752524,
            46.619207,
            1396.0
          ],
          [
            9.752524,
            46.61909,
            1396.0
          ],
          [
            9.752497,
            46.618985,
            1396.0
          ],
          [
            9.752452,
            46.618855,
            1397.0
          ],
          [
            9.752444,
            46.618757,
            1397.0
          ],
          [
            9.752452,
            46.61867,
            1398.0
          ],
          [
            9.752407,
            46.618584,
            1398.0
          ],
          [
            9.752362,
            46.618442,
            1399.0
          ],
          [
            9.752354,
            46.618288,
            1399.0
          ],
          [
            9.752344,
            46.618257,
            1399.0
          ],
          [
            9.752218,
            46.618128,
            1400.0
          ],
          [
            9.752344,
            46.618059,
            1400.0
          ],
          [
            9.752497,
            46.617998,
            1400.0
          ],
          [
            9.752658,
            46.617955,
            1401.0
          ],
          [
            9.752794,
            46.617887,
            1402.0
          ],
          [
            9.752937,
            46.617813,
            1403.0
          ],
          [
            9.753054,
            46.617727,
            1404.0
          ],
          [
            9.753099,
            46.617658,
            1404.0
          ],
          [
            9.753153,
            46.617609,
            1405.0
          ],
          [
            9.753216,
            46.617579,
            1405.0
          ],
          [
            9.75326,
            46.617486,
            1406.0
          ],
          [
            9.75327,
            46.617356,
            1407.0
          ],
          [
            9.753539,
            46.616999,
            1410.0
          ],
          [
            9.753602,
            46.616838,
            1411.0
          ],
          [
            9.75371,
            46.616733,
            1412.0
          ],
          [
            9.753656,
            46.616585,
            1413.0
          ],
          [
            9.753782,
            46.616449,
            1415.0
          ],
          [
            9.753899,
            46.61606,
            1418.0
          ],
          [
            9.754006,
            46.615906,
            1419.0
          ],
          [
            9.754078,
            46.615542,
            1423.0
          ],
          [
            9.754752,
            46.614598,
            1442.0
          ],
          [
            9.754752,
            46.614524,
            1443.0
          ],
          [
            9.754725,
            46.614253,
            1449.0
          ],
          [
            9.754778,
            46.614068,
            1451.0
          ],
          [
            9.754797,
            46.613876,
            1454.0
          ],
          [
            9.754949,
            46.613648,
            1457.0
          ],
          [
            9.75521,
            46.613062,
            1463.0
          ],
          [
            9.755138,
            46.612679,
            1467.0
          ],
          [
            9.755327,
            46.612432,
            1469.0
          ],
          [
            9.755407,
            46.612272,
            1471.0
          ],
          [
            9.755425,
            46.612179,
            1472.0
          ],
          [
            9.755524,
            46.612118,
            1473.0
          ],
          [
            9.75556,
            46.61205,
            1474.0
          ],
          [
            9.75557,
            46.611611,
            1478.0
          ],
          [
            9.755407,
            46.611204,
            1482.0
          ],
          [
            9.755327,
            46.610698,
            1488.0
          ],
          [
            9.755004,
            46.610229,
            1495.0
          ],
          [
            9.754455,
            46.609933,
            1501.0
          ],
          [
            9.754797,
            46.6096,
            1507.0
          ],
          [
            9.754258,
            46.609711,
            1514.0
          ],
          [
            9.754123,
            46.609649,
            1516.0
          ],
          [
            9.754572,
            46.609341,
            1523.0
          ],
          [
            9.753836,
            46.609403,
            1531.0
          ],
          [
            9.754356,
            46.608921,
            1545.0
          ],
          [
            9.754536,
            46.608569,
            1554.0
          ],
          [
            9.754491,
            46.608452,
            1557.0
          ],
          [
            9.754752,
            46.608273,
            1563.0
          ],
          [
            9.754742,
            46.607835,
            1570.0
          ],
          [
            9.754644,
            46.60752,
            1570.0
          ],
          [
            9.754302,
            46.606878,
            1570.0
          ],
          [
            9.754293,
            46.606761,
            1570.0
          ],
          [
            9.754212,
            46.6066,
            1570.0
          ],
          [
            9.754186,
            46.606304,
            1570.0
          ],
          [
            9.754176,
            46.606242,
            1570.0
          ],
          [
            9.753979,
            46.606168,
            1570.0
          ],
          [
            9.753872,
            46.606107,
            1570.0
          ],
          [
            9.753997,
            46.605903,
            1568.0
          ],
          [
            9.753989,
            46.605693,
            1561.0
          ],
          [
            9.753916,
            46.605625,
            1559.0
          ],
          [
            9.754159,
            46.605693,
            1553.0
          ],
          [
            9.754078,
            46.605545,
            1550.0
          ],
          [
            9.754006,
            46.60549,
            1552.0
          ],
          [
            9.754096,
            46.60544,
            1553.0
          ],
          [
            9.754096,
            46.605292,
            1557.0
          ],
          [
            9.754168,
            46.605082,
            1561.0
          ],
          [
            9.754725,
            46.604354,
            1579.0
          ],
          [
            9.754715,
            46.604267,
            1581.0
          ],
          [
            9.754591,
            46.604231,
            1583.0
          ],
          [
            9.754608,
            46.604058,
            1588.0
          ],
          [
            9.754509,
            46.603706,
            1591.0
          ],
          [
            9.754626,
            46.603181,
            1594.0
          ],
          [
            9.754591,
            46.603125,
            1595.0
          ],
          [
            9.754482,
            46.603107,
            1595.0
          ],
          [
            9.754428,
            46.603125,
            1595.0
          ],
          [
            9.754356,
            46.603125,
            1596.0
          ],
          [
            9.754276,
            46.603107,
            1596.0
          ],
          [
            9.754195,
            46.603058,
            1596.0
          ],
          [
            9.754115,
            46.602897,
            1597.0
          ],
          [
            9.754249,
            46.60262,
            1599.0
          ],
          [
            9.754231,
            46.602459,
            1600.0
          ],
          [
            9.754222,
            46.602397,
            1600.0
          ],
          [
            9.754132,
            46.602342,
            1601.0
          ],
          [
            9.754052,
            46.602268,
            1602.0
          ],
          [
            9.75406,
            46.602138,
            1602.0
          ],
          [
            9.754204,
            46.601923,
            1604.0
          ],
          [
            9.754446,
            46.601805,
            1605.0
          ],
          [
            9.754536,
            46.601707,
            1606.0
          ],
          [
            9.754626,
            46.601688,
            1607.0
          ],
          [
            9.754689,
            46.601651,
            1607.0
          ],
          [
            9.754707,
            46.601589,
            1607.0
          ],
          [
            9.754824,
            46.601583,
            1608.0
          ],
          [
            9.754878,
            46.601552,
            1608.0
          ],
          [
            9.754914,
            46.601484,
            1609.0
          ],
          [
            9.755048,
            46.601459,
            1609.0
          ],
          [
            9.755363,
            46.601256,
            1612.0
          ],
          [
            9.755363,
            46.6012,
            1612.0
          ],
          [
            9.755417,
            46.601163,
            1612.0
          ],
          [
            9.755461,
            46.601089,
            1613.0
          ],
          [
            9.755533,
            46.601015,
            1614.0
          ],
          [
            9.755488,
            46.60096,
            1614.0
          ],
          [
            9.755461,
            46.60091,
            1615.0
          ],
          [
            9.75547,
            46.600842,
            1615.0
          ],
          [
            9.755587,
            46.600805,
            1616.0
          ],
          [
            9.755704,
            46.600719,
            1617.0
          ],
          [
            9.75591,
            46.600484,
            1619.0
          ],
          [
            9.755983,
            46.600373,
            1620.0
          ],
          [
            9.756136,
            46.600021,
            1625.0
          ],
          [
            9.756207,
            46.599627,
            1630.0
          ],
          [
            9.756199,
            46.599571,
            1631.0
          ],
          [
            9.756109,
            46.599472,
            1632.0
          ],
          [
            9.756063,
            46.599441,
            1633.0
          ],
          [
            9.755947,
            46.59933,
            1635.0
          ],
          [
            9.75592,
            46.599219,
            1636.0
          ],
          [
            9.755884,
            46.598978,
            1639.0
          ],
          [
            9.755884,
            46.598916,
            1640.0
          ],
          [
            9.755937,
            46.598694,
            1640.0
          ],
          [
            9.755991,
            46.598633,
            1640.0
          ],
          [
            9.756,
            46.598602,
            1640.0
          ],
          [
            9.75601,
            46.598515,
            1640.0
          ],
          [
            9.756046,
            46.598447,
            1641.0
          ],
          [
            9.756046,
            46.598385,
            1641.0
          ],
          [
            9.756054,
            46.598306,
            1641.0
          ],
          [
            9.756027,
            46.598225,
            1642.0
          ],
          [
            9.75601,
            46.59809,
            1643.0
          ],
          [
            9.756046,
            46.598015,
            1643.0
          ],
          [
            9.756054,
            46.597947,
            1643.0
          ],
          [
            9.75609,
            46.59788,
            1644.0
          ],
          [
            9.756153,
            46.597861,
            1644.0
          ],
          [
            9.756315,
            46.597861,
            1644.0
          ],
          [
            9.756495,
            46.597892,
            1645.0
          ],
          [
            9.756728,
            46.597911,
            1646.0
          ],
          [
            9.756881,
            46.597911,
            1646.0
          ],
          [
            9.756889,
            46.597818,
            1647.0
          ],
          [
            9.756872,
            46.597719,
            1647.0
          ],
          [
            9.756782,
            46.597651,
            1648.0
          ],
          [
            9.756692,
            46.597528,
            1649.0
          ],
          [
            9.756675,
            46.597386,
            1649.0
          ],
          [
            9.756746,
            46.597262,
            1650.0
          ],
          [
            9.756863,
            46.597158,
            1652.0
          ],
          [
            9.757042,
            46.596713,
            1658.0
          ],
          [
            9.757132,
            46.596411,
            1661.0
          ],
          [
            9.757357,
            46.596207,
            1662.0
          ],
          [
            9.757384,
            46.596046,
            1663.0
          ],
          [
            9.757564,
            46.595892,
            1664.0
          ],
          [
            9.757717,
            46.595731,
            1665.0
          ],
          [
            9.757734,
            46.595706,
            1665.0
          ],
          [
            9.757761,
            46.595694,
            1665.0
          ],
          [
            9.757824,
            46.59567,
            1665.0
          ],
          [
            9.757887,
            46.595633,
            1665.0
          ],
          [
            9.757941,
            46.595602,
            1665.0
          ],
          [
            9.757986,
            46.595558,
            1666.0
          ],
          [
            9.758165,
            46.595306,
            1667.0
          ],
          [
            9.758273,
            46.595194,
            1668.0
          ],
          [
            9.758336,
            46.595151,
            1668.0
          ],
          [
            9.75839,
            46.595132,
            1668.0
          ],
          [
            9.758453,
            46.595077,
            1668.0
          ],
          [
            9.758471,
            46.59509,
            1668.0
          ],
          [
            9.75857,
            46.595132,
            1669.0
          ],
          [
            9.75866,
            46.595046,
            1669.0
          ],
          [
            9.75892,
            46.594978,
            1671.0
          ],
          [
            9.759055,
            46.594923,
            1673.0
          ],
          [
            9.759252,
            46.594886,
            1676.0
          ],
          [
            9.75936,
            46.594583,
            1681.0
          ],
          [
            9.759369,
            46.594454,
            1683.0
          ],
          [
            9.75927,
            46.594225,
            1686.0
          ],
          [
            9.759262,
            46.59404,
            1689.0
          ],
          [
            9.759252,
            46.593954,
            1690.0
          ],
          [
            9.75936,
            46.593799,
            1696.0
          ],
          [
            9.759405,
            46.593848,
            1698.0
          ],
          [
            9.759432,
            46.593818,
            1699.0
          ],
          [
            9.75945,
            46.593873,
            1701.0
          ],
          [
            9.759549,
            46.593861,
            1704.0
          ],
          [
            9.759522,
            46.593842,
            1705.0
          ],
          [
            9.759585,
            46.593818,
            1706.0
          ],
          [
            9.759656,
            46.593886,
            1709.0
          ],
          [
            9.759702,
            46.593911,
            1710.0
          ],
          [
            9.759791,
            46.593923,
            1711.0
          ],
          [
            9.759818,
            46.593917,
            1712.0
          ],
          [
            9.759855,
            46.593904,
            1712.0
          ],
          [
            9.760124,
            46.593917,
            1715.0
          ],
          [
            9.760151,
            46.593929,
            1715.0
          ],
          [
            9.760178,
            46.593948,
            1716.0
          ],
          [
            9.760331,
            46.593929,
            1717.0
          ],
          [
            9.760348,
            46.593911,
            1718.0
          ],
          [
            9.760357,
            46.593886,
            1718.0
          ],
          [
            9.760357,
            46.593848,
            1718.0
          ],
          [
            9.760394,
            46.593805,
            1719.0
          ],
          [
            9.760429,
            46.593799,
            1720.0
          ],
          [
            9.760555,
            46.593793,
            1721.0
          ],
          [
            9.760608,
            46.593775,
            1722.0
          ],
          [
            9.760627,
            46.593775,
            1722.0
          ],
          [
            9.760671,
            46.593818,
            1723.0
          ],
          [
            9.760707,
            46.593842,
            1724.0
          ],
          [
            9.760734,
            46.593855,
            1724.0
          ],
          [
            9.760788,
            46.593861,
            1725.0
          ],
          [
            9.760843,
            46.593848,
            1726.0
          ],
          [
            9.760933,
            46.593805,
            1727.0
          ],
          [
            9.760968,
            46.593793,
            1728.0
          ],
          [
            9.760977,
            46.593769,
            1728.0
          ],
          [
            9.760994,
            46.59375,
            1729.0
          ],
          [
            9.761049,
            46.593725,
            1730.0
          ],
          [
            9.761084,
            46.593632,
            1731.0
          ],
          [
            9.761112,
            46.59359,
            1732.0
          ],
          [
            9.761147,
            46.593559,
            1732.0
          ],
          [
            9.761256,
            46.593528,
            1734.0
          ],
          [
            9.761291,
            46.593497,
            1734.0
          ],
          [
            9.761336,
            46.593386,
            1736.0
          ],
          [
            9.761327,
            46.593293,
            1737.0
          ],
          [
            9.761319,
            46.593244,
            1738.0
          ],
          [
            9.76131,
            46.593219,
            1738.0
          ],
          [
            9.761291,
            46.593207,
            1739.0
          ],
          [
            9.761237,
            46.593176,
            1739.0
          ],
          [
            9.761247,
            46.59317,
            1739.0
          ],
          [
            9.761256,
            46.593164,
            1739.0
          ],
          [
            9.761319,
            46.593164,
            1740.0
          ],
          [
            9.761336,
            46.593157,
            1741.0
          ],
          [
            9.761336,
            46.593151,
            1741.0
          ],
          [
            9.761336,
            46.593139,
            1742.0
          ],
          [
            9.76131,
            46.59312,
            1743.0
          ],
          [
            9.7613,
            46.593114,
            1743.0
          ],
          [
            9.76131,
            46.593083,
            1745.0
          ],
          [
            9.761319,
            46.593077,
            1745.0
          ],
          [
            9.761346,
            46.593065,
            1746.0
          ],
          [
            9.761373,
            46.593052,
            1747.0
          ],
          [
            9.76148,
            46.592997,
            1750.0
          ],
          [
            9.761489,
            46.592978,
            1750.0
          ],
          [
            9.76148,
            46.592966,
            1750.0
          ],
          [
            9.761489,
            46.592941,
            1750.0
          ],
          [
            9.761516,
            46.592904,
            1750.0
          ],
          [
            9.761534,
            46.592892,
            1750.0
          ],
          [
            9.761543,
            46.592867,
            1750.0
          ],
          [
            9.76156,
            46.592861,
            1750.0
          ],
          [
            9.761615,
            46.592837,
            1750.0
          ],
          [
            9.761678,
            46.592818,
            1750.0
          ],
          [
            9.76174,
            46.592775,
            1750.0
          ],
          [
            9.761776,
            46.592756,
            1750.0
          ],
          [
            9.761876,
            46.592688,
            1750.0
          ],
          [
            9.762046,
            46.592602,
            1750.0
          ],
          [
            9.762082,
            46.59259,
            1750.0
          ],
          [
            9.762109,
            46.592583,
            1750.0
          ],
          [
            9.762145,
            46.592577,
            1750.0
          ],
          [
            9.762181,
            46.592577,
            1750.0
          ],
          [
            9.762216,
            46.592577,
            1750.0
          ],
          [
            9.762252,
            46.592583,
            1750.0
          ],
          [
            9.762289,
            46.592583,
            1750.0
          ],
          [
            9.762333,
            46.592583,
            1750.0
          ],
          [
            9.762405,
            46.592571,
            1750.0
          ],
          [
            9.762451,
            46.592577,
            1750.0
          ],
          [
            9.762495,
            46.592583,
            1750.0
          ],
          [
            9.762531,
            46.59259,
            1750.0
          ],
          [
            9.762602,
            46.592571,
            1750.0
          ],
          [
            9.762631,
            46.592558,
            1750.0
          ],
          [
            9.762648,
            46.59254,
            1750.0
          ],
          [
            9.762657,
            46.592527,
            1750.0
          ],
          [
            9.762684,
            46.592515,
            1750.0
          ],
          [
            9.76272,
            46.592509,
            1750.0
          ],
          [
            9.762881,
            46.592515,
            1750.0
          ],
          [
            9.76307,
            46.592497,
            1750.0
          ],
          [
            9.763205,
            46.592484,
            1750.0
          ],
          [
            9.763564,
            46.592448,
            1750.0
          ],
          [
            9.763879,
            46.592361,
            1750.0
          ],
          [
            9.764067,
            46.592287,
            1750.0
          ],
          [
            9.764076,
            46.592281,
            1750.0
          ],
          [
            9.764283,
            46.592244,
            1750.0
          ],
          [
            9.764463,
            46.592176,
            1750.0
          ],
          [
            9.764652,
            46.592059,
            1750.0
          ],
          [
            9.764678,
            46.592003,
            1750.0
          ],
          [
            9.764715,
            46.591947,
            1750.0
          ],
          [
            9.764768,
            46.591867,
            1750.0
          ],
          [
            9.764805,
            46.591824,
            1750.0
          ],
          [
            9.764805,
            46.591787,
            1750.0
          ],
          [
            9.764805,
            46.591768,
            1750.0
          ],
          [
            9.764786,
            46.59175,
            1750.0
          ],
          [
            9.764678,
            46.591651,
            1750.0
          ],
          [
            9.764642,
            46.59162,
            1750.0
          ],
          [
            9.76457,
            46.591564,
            1750.0
          ],
          [
            9.764499,
            46.591528,
            1750.0
          ],
          [
            9.7644,
            46.591516,
            1750.0
          ],
          [
            9.764346,
            46.591491,
            1750.0
          ],
          [
            9.764319,
            46.591454,
            1750.0
          ],
          [
            9.764336,
            46.591373,
            1751.0
          ],
          [
            9.764346,
            46.591275,
            1752.0
          ],
          [
            9.764436,
            46.591182,
            1751.0
          ],
          [
            9.764535,
            46.591108,
            1751.0
          ],
          [
            9.764589,
            46.591071,
            1751.0
          ],
          [
            9.764633,
            46.591034,
            1750.0
          ],
          [
            9.764669,
            46.590984,
            1750.0
          ],
          [
            9.764687,
            46.590941,
            1750.0
          ],
          [
            9.764696,
            46.590929,
            1750.0
          ],
          [
            9.764723,
            46.590861,
            1750.0
          ],
          [
            9.764759,
            46.590793,
            1750.0
          ],
          [
            9.764813,
            46.590707,
            1750.0
          ],
          [
            9.764876,
            46.590602,
            1750.0
          ],
          [
            9.764965,
            46.590509,
            1750.0
          ],
          [
            9.765118,
            46.590355,
            1750.0
          ],
          [
            9.765208,
            46.59028,
            1750.0
          ],
          [
            9.765379,
            46.590188,
            1750.0
          ],
          [
            9.765531,
            46.590077,
            1750.0
          ],
          [
            9.765684,
            46.590009,
            1750.0
          ],
          [
            9.765684,
            46.590009,
            1750.0
          ],
          [
            9.765721,
            46.589991,
            1750.0
          ],
          [
            9.765873,
            46.589941,
            1750.0
          ],
          [
            9.766044,
            46.589891,
            1750.0
          ],
          [
            9.766214,
            46.589799,
            1750.0
          ],
          [
            9.766564,
            46.589583,
            1750.0
          ],
          [
            9.76678,
            46.589533,
            1751.0
          ],
          [
            9.766978,
            46.589435,
            1751.0
          ],
          [
            9.767579,
            46.589311,
            1752.0
          ],
          [
            9.768029,
            46.589213,
            1753.0
          ],
          [
            9.768181,
            46.589157,
            1754.0
          ],
          [
            9.768676,
            46.58891,
            1755.0
          ],
          [
            9.76873,
            46.58878,
            1755.0
          ],
          [
            9.768757,
            46.588657,
            1756.0
          ],
          [
            9.76873,
            46.588361,
            1757.0
          ],
          [
            9.768945,
            46.588139,
            1757.0
          ],
          [
            9.769323,
            46.588064,
            1758.0
          ],
          [
            9.769673,
            46.58812,
            1759.0
          ],
          [
            9.769915,
            46.588021,
            1759.0
          ],
          [
            9.770428,
            46.587781,
            1762.0
          ],
          [
            9.770221,
            46.587756,
            1764.0
          ],
          [
            9.770365,
            46.58762,
            1765.0
          ],
          [
            9.770616,
            46.587694,
            1767.0
          ],
          [
            9.771147,
            46.587891,
            1771.0
          ],
          [
            9.772063,
            46.587681,
            1777.0
          ],
          [
            9.772619,
            46.587644,
            1780.0
          ],
          [
            9.772665,
            46.58728,
            1780.0
          ],
          [
            9.773024,
            46.587231,
            1780.0
          ],
          [
            9.772969,
            46.587107,
            1784.0
          ],
          [
            9.772889,
            46.587089,
            1786.0
          ],
          [
            9.772988,
            46.587003,
            1790.0
          ],
          [
            9.772755,
            46.586959,
            1800.0
          ],
          [
            9.772493,
            46.587028,
            1806.0
          ],
          [
            9.77235,
            46.586873,
            1812.0
          ],
          [
            9.772889,
            46.586793,
            1823.0
          ],
          [
            9.772781,
            46.586718,
            1826.0
          ],
          [
            9.772789,
            46.586589,
            1829.0
          ],
          [
            9.772816,
            46.586453,
            1833.0
          ],
          [
            9.773042,
            46.586379,
            1839.0
          ],
          [
            9.773571,
            46.586323,
            1843.0
          ],
          [
            9.774057,
            46.586083,
            1846.0
          ],
          [
            9.774281,
            46.585959,
            1848.0
          ],
          [
            9.774577,
            46.585971,
            1849.0
          ],
          [
            9.774784,
            46.585798,
            1853.0
          ],
          [
            9.774757,
            46.585706,
            1855.0
          ],
          [
            9.774856,
            46.585638,
            1857.0
          ],
          [
            9.775045,
            46.585719,
            1860.0
          ],
          [
            9.77517,
            46.585688,
            1863.0
          ],
          [
            9.775179,
            46.585595,
            1866.0
          ],
          [
            9.775269,
            46.585502,
            1869.0
          ],
          [
            9.775296,
            46.585471,
            1870.0
          ],
          [
            9.775692,
            46.585397,
            1878.0
          ],
          [
            9.775755,
            46.585286,
            1881.0
          ],
          [
            9.776015,
            46.585163,
            1886.0
          ],
          [
            9.776267,
            46.585132,
            1889.0
          ],
          [
            9.776527,
            46.584959,
            1896.0
          ],
          [
            9.77685,
            46.584829,
            1901.0
          ],
          [
            9.777156,
            46.584718,
            1904.0
          ],
          [
            9.77738,
            46.584545,
            1906.0
          ],
          [
            9.777497,
            46.584459,
            1907.0
          ],
          [
            9.77756,
            46.584348,
            1908.0
          ],
          [
            9.777812,
            46.584175,
            1910.0
          ],
          [
            9.777803,
            46.584138,
            1910.0
          ],
          [
            9.777686,
            46.584119,
            1910.0
          ],
          [
            9.777929,
            46.584095,
            1911.0
          ],
          [
            9.778026,
            46.584113,
            1911.0
          ],
          [
            9.778153,
            46.584119,
            1911.0
          ],
          [
            9.778153,
            46.584119,
            1911.0
          ],
          [
            9.778378,
            46.584125,
            1911.0
          ],
          [
            9.778692,
            46.584101,
            1912.0
          ],
          [
            9.778854,
            46.58407,
            1912.0
          ],
          [
            9.779114,
            46.584002,
            1912.0
          ],
          [
            9.779428,
            46.583854,
            1913.0
          ],
          [
            9.779653,
            46.583761,
            1913.0
          ],
          [
            9.779904,
            46.583675,
            1913.0
          ],
          [
            9.780219,
            46.58357,
            1914.0
          ],
          [
            9.781055,
            46.583274,
            1915.0
          ],
          [
            9.781395,
            46.583243,
            1915.0
          ],
          [
            9.781719,
            46.583175,
            1916.0
          ],
          [
            9.781808,
            46.583199,
            1916.0
          ],
          [
            9.781837,
            46.583169,
            1916.0
          ],
          [
            9.781863,
            46.583126,
            1916.0
          ],
          [
            9.781926,
            46.583088,
            1916.0
          ],
          [
            9.782024,
            46.583045,
            1916.0
          ],
          [
            9.782133,
            46.582983,
            1917.0
          ],
          [
            9.782294,
            46.582816,
            1917.0
          ],
          [
            9.782437,
            46.582613,
            1917.0
          ],
          [
            9.782546,
            46.582464,
            1918.0
          ],
          [
            9.782644,
            46.582464,
            1918.0
          ],
          [
            9.782707,
            46.58244,
            1918.0
          ],
          [
            9.782842,
            46.582403,
            1918.0
          ],
          [
            9.782896,
            46.58236,
            1918.0
          ],
          [
            9.782896,
            46.58236,
            1918.0
          ],
          [
            9.782842,
            46.582403,
            1918.0
          ],
          [
            9.782707,
            46.58244,
            1918.0
          ],
          [
            9.782644,
            46.582464,
            1918.0
          ],
          [
            9.782546,
            46.582464,
            1918.0
          ],
          [
            9.782437,
            46.582613,
            1917.0
          ],
          [
            9.782294,
            46.582816,
            1917.0
          ],
          [
            9.782133,
            46.582983,
            1917.0
          ],
          [
            9.782024,
            46.583045,
            1916.0
          ],
          [
            9.781926,
            46.583088,
            1916.0
          ],
          [
            9.781863,
            46.583126,
            1916.0
          ],
          [
            9.781837,
            46.583169,
            1916.0
          ],
          [
            9.781808,
            46.583199,
            1916.0
          ],
          [
            9.781719,
            46.583175,
            1916.0
          ],
          [
            9.781395,
            46.583243,
            1915.0
          ],
          [
            9.781055,
            46.583274,
            1915.0
          ],
          [
            9.780219,
            46.58357,
            1914.0
          ],
          [
            9.779904,
            46.583675,
            1913.0
          ],
          [
            9.779653,
            46.583761,
            1913.0
          ],
          [
            9.779428,
            46.583854,
            1913.0
          ],
          [
            9.779474,
            46.583885,
            1913.0
          ],
          [
            9.779554,
            46.583952,
            1912.0
          ],
          [
            9.779573,
            46.58399,
            1912.0
          ],
          [
            9.77915,
            46.584218,
            1911.0
          ],
          [
            9.778655,
            46.584465,
            1908.0
          ],
          [
            9.778288,
            46.584829,
            1901.0
          ],
          [
            9.778296,
            46.585039,
            1898.0
          ],
          [
            9.778288,
            46.585157,
            1897.0
          ],
          [
            9.778206,
            46.585236,
            1895.0
          ],
          [
            9.777866,
            46.585471,
            1891.0
          ],
          [
            9.777416,
            46.585749,
            1887.0
          ],
          [
            9.777021,
            46.585848,
            1885.0
          ],
          [
            9.776814,
            46.585965,
            1883.0
          ],
          [
            9.776734,
            46.585996,
            1883.0
          ],
          [
            9.776671,
            46.585996,
            1882.0
          ],
          [
            9.776671,
            46.585996,
            1882.0
          ],
          [
            9.776275,
            46.586015,
            1880.0
          ],
          [
            9.776122,
            46.58599,
            1877.0
          ],
          [
            9.776024,
            46.585996,
            1876.0
          ],
          [
            9.775845,
            46.58607,
            1873.0
          ],
          [
            9.775709,
            46.586089,
            1870.0
          ],
          [
            9.775602,
            46.58612,
            1869.0
          ],
          [
            9.775395,
            46.586181,
            1866.0
          ],
          [
            9.775242,
            46.586243,
            1864.0
          ],
          [
            9.774963,
            46.586379,
            1860.0
          ],
          [
            9.7749,
            46.586447,
            1859.0
          ],
          [
            9.774667,
            46.586805,
            1852.0
          ],
          [
            9.774937,
            46.586755,
            1849.0
          ],
          [
            9.775575,
            46.586774,
            1842.0
          ],
          [
            9.775791,
            46.586811,
            1839.0
          ],
          [
            9.775971,
            46.586817,
            1837.0
          ],
          [
            9.776401,
            46.586762,
            1833.0
          ],
          [
            9.777192,
            46.587101,
            1822.0
          ],
          [
            9.776958,
            46.587182,
            1818.0
          ],
          [
            9.775979,
            46.587354,
            1806.0
          ],
          [
            9.775619,
            46.587447,
            1802.0
          ],
          [
            9.775063,
            46.587502,
            1796.0
          ],
          [
            9.774892,
            46.587614,
            1792.0
          ],
          [
            9.77456,
            46.587762,
            1786.0
          ],
          [
            9.774686,
            46.587891,
            1783.0
          ],
          [
            9.774892,
            46.58799,
            1780.0
          ],
          [
            9.774963,
            46.588009,
            1780.0
          ],
          [
            9.775026,
            46.588064,
            1780.0
          ],
          [
            9.775108,
            46.588133,
            1780.0
          ],
          [
            9.775162,
            46.5882,
            1780.0
          ],
          [
            9.775323,
            46.588385,
            1780.0
          ],
          [
            9.775386,
            46.588497,
            1780.0
          ],
          [
            9.775405,
            46.588546,
            1780.0
          ],
          [
            9.775386,
            46.58862,
            1780.0
          ],
          [
            9.775216,
            46.588873,
            1780.0
          ],
          [
            9.774856,
            46.589071,
            1780.0
          ],
          [
            9.774802,
            46.589126,
            1780.0
          ],
          [
            9.774713,
            46.589169,
            1780.0
          ],
          [
            9.774659,
            46.589206,
            1780.0
          ],
          [
            9.774632,
            46.589244,
            1780.0
          ],
          [
            9.77465,
            46.589287,
            1780.0
          ],
          [
            9.774829,
            46.589367,
            1780.0
          ],
          [
            9.774866,
            46.589379,
            1780.0
          ],
          [
            9.774919,
            46.589385,
            1781.0
          ],
          [
            9.774982,
            46.589379,
            1781.0
          ],
          [
            9.775036,
            46.589354,
            1782.0
          ],
          [
            9.775116,
            46.589293,
            1783.0
          ],
          [
            9.775225,
            46.5892,
            1785.0
          ],
          [
            9.775332,
            46.589157,
            1786.0
          ],
          [
            9.775405,
            46.589138,
            1787.0
          ],
          [
            9.775512,
            46.589132,
            1788.0
          ],
          [
            9.775575,
            46.589151,
            1789.0
          ],
          [
            9.775619,
            46.589175,
            1790.0
          ],
          [
            9.775665,
            46.589089,
            1789.0
          ],
          [
            9.775665,
            46.589083,
            1789.0
          ],
          [
            9.775665,
            46.589071,
            1789.0
          ],
          [
            9.775665,
            46.589059,
            1789.0
          ],
          [
            9.775655,
            46.589028,
            1789.0
          ],
          [
            9.775655,
            46.589009,
            1789.0
          ],
          [
            9.775655,
            46.588996,
            1789.0
          ],
          [
            9.775665,
            46.588978,
            1789.0
          ],
          [
            9.775682,
            46.588965,
            1789.0
          ],
          [
            9.775709,
            46.588953,
            1789.0
          ],
          [
            9.776437,
            46.58867,
            1790.0
          ],
          [
            9.776824,
            46.588509,
            1790.0
          ]
        ]
      }
    }
  ]
}