{
  "type": "FeatureCollection",
  "features": [
    {
      "type": "Feature",
      "properties": {},
      "geometry": {
        "type": "LineString",
        "coordinates": [
          [
            9.528637,
            47.004208,
            510.0
          ],
          [
            9.528762,
            47.004141,
            510.0
          ],
          [
            9.528907,
            47.004049,
            510.0
          ],
          [
            9.528987,
            47.004098,
            510.0
          ],
          [
            9.528781,
            47.004226,
            510.0
          ],
          [
            9.528771,
            47.004239,
            510.0
          ],
          [
            9.528771,
            47.004251,
            510.0
          ],
          [
            9.528771,
            47.004269,
            510.0
          ],
          [
            9.528789,
            47.004282,
            510.0
          ],
          [
            9.528835,
            47.004312,
            510.0
          ],
          [
            9.528879,
            47.004343,
            510.0
          ],
          [
            9.529032,
            47.004435,
            510.0
          ],
          [
            9.529203,
            47.004552,
            510.0
          ],
          [
            9.529508,
            47.004747,
            510.0
          ],
          [
            9.529553,
            47.004784,
            510.0
          ],
          [
            9.529616,
            47.004821,
            510.0
          ],
          [
            9.529714,
            47.004888,
            510.0
          ],
          [
            9.529814,
            47.004956,
            510.0
          ],
          [
            9.529877,
            47.005005,
            510.0
          ],
          [
            9.529913,
            47.005041,
            510.0
          ],
          [
            9.529949,
            47.005078,
            510.0
          ],
          [
            9.529976,
            47.005097,
            510.0
          ],
          [
            9.530137,
            47.005183,
            510.0
          ],
          [
            9.530245,
            47.005268,
            510.0
          ],
          [
            9.530299,
            47.005311,
            510.0
          ],
          [
            9.53046,
            47.005452,
            510.0
          ],
          [
            9.530856,
            47.005771,
            510.0
          ],
          [
            9.530909,
            47.005801,
            510.0
          ],
          [
            9.530936,
            47.005777,
            510.0
          ],
          [
            9.530945,
            47.005771,
            510.0
          ],
          [
            9.531349,
            47.005991,
            511.0
          ],
          [
            9.531611,
            47.006107,
            512.0
          ],
          [
            9.531647,
            47.006132,
            512.0
          ],
          [
            9.531674,
            47.006162,
            512.0
          ],
          [
            9.531718,
            47.006236,
            512.0
          ],
          [
            9.531737,
            47.006297,
            513.0
          ],
          [
            9.531727,
            47.006426,
            513.0
          ],
          [
            9.531718,
            47.006451,
            513.0
          ],
          [
            9.531718,
            47.006463,
            513.0
          ],
          [
            9.531853,
            47.006548,
            514.0
          ],
          [
            9.531844,
            47.006677,
            514.0
          ],
          [
            9.531961,
            47.006561,
            514.0
          ],
          [
            9.532114,
            47.006408,
            514.0
          ],
          [
            9.532473,
            47.00593,
            514.0
          ],
          [
            9.53258,
            47.005801,
            514.0
          ],
          [
            9.532743,
            47.005617,
            514.0
          ],
          [
            9.532751,
            47.005611,
            514.0
          ],
          [
            9.533173,
            47.005213,
            515.0
          ],
          [
            9.533389,
            47.004992,
            515.0
          ],
          [
            9.533461,
            47.004857,
            515.0
          ],
          [
            9.533496,
            47.004772,
            515.0
          ],
          [
            9.533551,
            47.004631,
            516.0
          ],
          [
            9.533649,
            47.00422,
            517.0
          ],
          [
            9.533739,
            47.003988,
            518.0
          ],
          [
            9.533955,
            47.003669,
            518.0
          ],
          [
            9.534207,
            47.003345,
            517.0
          ],
          [
            9.534494,
            47.002915,
            517.0
          ],
          [
            9.53453,
            47.00286,
            517.0
          ],
          [
            9.534664,
            47.002689,
            517.0
          ],
          [
            9.534781,
            47.002524,
            517.0
          ],
          [
            9.534871,
            47.002425,
            517.0
          ],
          [
            9.53541,
            47.001911,
            516.0
          ],
          [
            9.535473,
            47.001856,
            516.0
          ],
          [
            9.535545,
            47.001807,
            516.0
          ],
          [
            9.535599,
            47.00177,
            516.0
          ],
          [
            9.536263,
            47.001249,
            518.0
          ],
          [
            9.537037,
            47.000631,
            521.0
          ],
          [
            9.537081,
            47.000588,
            521.0
          ],
          [
            9.537161,
            47.00052,
            521.0
          ],
          [
            9.537629,
            47.000159,
            522.0
          ],
          [
            9.53771,
            47.000098,
            522.0
          ],
          [
            9.538249,
            46.999736,
            524.0
          ],
          [
            9.539058,
            46.999252,
            525.0
          ],
          [
            9.539148,
            46.999184,
            526.0
          ],
          [
            9.539219,
            46.999136,
            526.0
          ],
          [
            9.539255,
            46.999105,
            526.0
          ],
          [
            9.539398,
            46.999117,
            527.0
          ],
          [
            9.539651,
            46.999099,
            528.0
          ],
          [
            9.540549,
            46.998995,
            531.0
          ],
          [
            9.541069,
            46.999013,
            533.0
          ],
          [
            9.541366,
            46.998977,
            534.0
          ],
          [
            9.541887,
            46.998836,
            535.0
          ],
          [
            9.542201,
            46.99875,
            536.0
          ],
          [
            9.542704,
            46.99859,
            538.0
          ],
          [
            9.542956,
            46.998523,
            539.0
          ],
          [
            9.543136,
            46.998431,
            540.0
          ],
          [
            9.543316,
            46.998352,
            540.0
          ],
          [
            9.543666,
            46.998229,
            540.0
          ],
          [
            9.544151,
            46.998014,
            540.0
          ],
          [
            9.544672,
            46.997813,
            540.0
          ],
          [
            9.545103,
            46.997598,
            540.0
          ],
          [
            9.54593,
            46.997292,
            540.0
          ],
          [
            9.54618,
            46.997175,
            540.0
          ],
          [
            9.546432,
            46.997034,
            540.0
          ],
          [
            9.546918,
            46.996832,
            540.0
          ],
          [
            9.547052,
            46.996728,
            540.0
          ],
          [
            9.547367,
            46.996538,
            540.0
          ],
          [
            9.547753,
            46.99636,
            540.0
          ],
          [
            9.548193,
            46.996201,
            540.0
          ],
          [
            9.548373,
            46.996133,
            540.0
          ],
          [
            9.549738,
            46.995637,
            540.0
          ],
          [
            9.550241,
            46.995448,
            540.0
          ],
          [
            9.550583,
            46.995282,
            540.0
          ],
          [
            9.550853,
            46.995655,
            545.0
          ],
          [
            9.551113,
            46.996042,
            551.0
          ],
          [
            9.551157,
            46.996127,
            552.0
          ],
          [
            9.551193,
            46.996231,
            553.0
          ],
          [
            9.55122,
            46.99636,
            555.0
          ],
          [
            9.551256,
            46.996465,
            556.0
          ],
          [
            9.551293,
            46.996538,
            557.0
          ],
          [
            9.551346,
            46.996606,
            558.0
          ],
          [
            9.551436,
            46.996673,
            559.0
          ],
          [
            9.551526,
            46.996746,
            560.0
          ],
          [
            9.551553,
            46.996795,
            560.0
          ],
          [
            9.551589,
            46.99685,
            560.0
          ],
          [
            9.551606,
            46.996875,
            560.0
          ],
          [
            9.551643,
            46.996881,
            560.0
          ],
          [
            9.552604,
            46.996575,
            560.0
          ],
          [
            9.553107,
            46.996434,
            560.0
          ],
          [
            9.553564,
            46.996299,
            560.0
          ],
          [
            9.554212,
            46.996127,
            560.0
          ],
          [
            9.554302,
            46.996097,
            560.0
          ],
          [
            9.554427,
            46.996066,
            560.0
          ],
          [
            9.555056,
            46.995895,
            561.0
          ],
          [
            9.555227,
            46.995852,
            562.0
          ],
          [
            9.555614,
            46.99579,
            564.0
          ],
          [
            9.556206,
            46.995741,
            567.0
          ],
          [
            9.55679,
            46.995705,
            570.0
          ],
          [
            9.557365,
            46.995846,
            574.0
          ],
          [
            9.557526,
            46.995846,
            575.0
          ],
          [
            9.557572,
            46.995815,
            576.0
          ],
          [
            9.557491,
            46.995735,
            575.0
          ],
          [
            9.557877,
            46.995515,
            576.0
          ],
          [
            9.558272,
            46.995294,
            578.0
          ],
          [
            9.55847,
            46.995196,
            578.0
          ],
          [
            9.558614,
            46.995129,
            579.0
          ],
          [
            9.55874,
            46.995098,
            579.0
          ],
          [
            9.558874,
            46.995086,
            580.0
          ],
          [
            9.559,
            46.99508,
            580.0
          ],
          [
            9.559602,
            46.995116,
            580.0
          ],
          [
            9.55988,
            46.995135,
            580.0
          ],
          [
            9.560015,
            46.994761,
            580.0
          ],
          [
            9.560086,
            46.994461,
            580.0
          ],
          [
            9.560105,
            46.994399,
            580.0
          ],
          [
            9.560159,
            46.994192,
            580.0
          ],
          [
            9.560239,
            46.993952,
            580.0
          ],
          [
            9.560258,
            46.993891,
            580.0
          ],
          [
            9.560285,
            46.993781,
            580.0
          ],
          [
            9.560401,
            46.993475,
            580.0
          ],
          [
            9.560455,
            46.993389,
            580.0
          ],
          [
            9.560464,
            46.993266,
            580.0
          ],
          [
            9.560473,
            46.993174,
            580.0
          ],
          [
            9.560464,
            46.992954,
            580.0
          ],
          [
            9.560392,
            46.992647,
            580.0
          ],
          [
            9.560392,
            46.992592,
            580.0
          ],
          [
            9.560392,
            46.992531,
            580.0
          ],
          [
            9.560591,
            46.992089,
            580.0
          ],
          [
            9.560662,
            46.991814,
            580.0
          ],
          [
            9.560734,
            46.991624,
            580.0
          ],
          [
            9.560841,
            46.991385,
            580.0
          ],
          [
            9.560958,
            46.991152,
            580.0
          ],
          [
            9.561038,
            46.991017,
            580.0
          ],
          [
            9.561084,
            46.990956,
            580.0
          ],
          [
            9.561937,
            46.990099,
            580.0
          ],
          [
            9.561956,
            46.99008,
            580.0
          ],
          [
            9.562135,
            46.989884,
            580.0
          ],
          [
            9.562522,
            46.989449,
            580.0
          ],
          [
            9.562585,
            46.989363,
            580.0
          ],
          [
            9.562413,
            46.989314,
            580.0
          ],
          [
            9.56182,
            46.989142,
            579.0
          ],
          [
            9.561694,
            46.989081,
            578.0
          ],
          [
            9.561623,
            46.988965,
            577.0
          ],
          [
            9.561587,
            46.988609,
            575.0
          ],
          [
            9.56157,
            46.988315,
            573.0
          ],
          [
            9.561507,
            46.988236,
            572.0
          ],
          [
            9.56139,
            46.98818,
            571.0
          ],
          [
            9.560635,
            46.987947,
            565.0
          ],
          [
            9.560698,
            46.987886,
            566.0
          ],
          [
            9.561004,
            46.987623,
            567.0
          ],
          [
            9.561398,
            46.987334,
            569.0
          ],
          [
            9.561633,
            46.987163,
            570.0
          ],
          [
            9.561839,
            46.98704,
            570.0
          ],
          [
            9.561874,
            46.987016,
            570.0
          ],
          [
            9.562216,
            46.98682,
            571.0
          ],
          [
            9.562432,
            46.986697,
            572.0
          ],
          [
            9.562539,
            46.986642,
            572.0
          ],
          [
            9.562646,
            46.986593,
            572.0
          ],
          [
            9.563141,
            46.986415,
            573.0
          ],
          [
            9.563438,
            46.986293,
            573.0
          ],
          [
            9.563688,
            46.986176,
            574.0
          ],
          [
            9.564174,
            46.985913,
            575.0
          ],
          [
            9.56456,
            46.985698,
            576.0
          ],
          [
            9.565207,
            46.985312,
            577.0
          ],
          [
            9.565405,
            46.985202,
            578.0
          ],
          [
            9.565593,
            46.985104,
            578.0
          ],
          [
            9.565782,
            46.984988,
            578.0
          ],
          [
            9.56607,
            46.98481,
            579.0
          ],
          [
            9.566267,
            46.984699,
            579.0
          ],
          [
            9.566518,
            46.984571,
            580.0
          ],
          [
            9.566878,
            46.984375,
            580.0
          ],
          [
            9.566977,
            46.984314,
            580.0
          ],
          [
            9.567291,
            46.984172,
            580.0
          ],
          [
            9.567499,
            46.98408,
            580.0
          ],
          [
            9.567615,
            46.984001,
            580.0
          ],
          [
            9.567713,
            46.983939,
            580.0
          ],
          [
            9.567875,
            46.983823,
            580.0
          ],
          [
            9.568145,
            46.983633,
            580.0
          ],
          [
            9.568172,
            46.98359,
            580.0
          ],
          [
            9.568216,
            46.98356,
            580.0
          ],
          [
            9.568486,
            46.983449,
            580.0
          ],
          [
            9.568971,
            46.983229,
            580.0
          ],
          [
            9.569088,
            46.983192,
            580.0
          ],
          [
            9.569214,
            46.983161,
            580.0
          ],
          [
            9.569294,
            46.983143,
            580.0
          ],
          [
            9.569375,
            46.983143,
            580.0
          ],
          [
            9.56952,
            46.983155,
            580.0
          ],
          [
            9.569644,
            46.983137,
            580.0
          ],
          [
            9.569816,
            46.983082,
            579.0
          ],
          [
            9.569887,
            46.983063,
            579.0
          ],
          [
            9.570103,
            46.983002,
            579.0
          ],
          [
            9.570238,
            46.982879,
            579.0
          ],
          [
            9.570363,
            46.982763,
            578.0
          ],
          [
            9.570462,
            46.982714,
            578.0
          ],
          [
            9.570579,
            46.982659,
            578.0
          ],
          [
            9.570686,
            46.982616,
            578.0
          ],
          [
            9.570723,
            46.98261,
            578.0
          ],
          [
            9.570768,
            46.98261,
            578.0
          ],
          [
            9.570839,
            46.982628,
            577.0
          ],
          [
            9.570912,
            46.982585,
            577.0
          ],
          [
            9.571199,
            46.98253,
            576.0
          ],
          [
            9.571325,
            46.982512,
            576.0
          ],
          [
            9.571397,
            46.982493,
            576.0
          ],
          [
            9.571487,
            46.982475,
            575.0
          ],
          [
            9.571531,
            46.982463,
            575.0
          ],
          [
            9.571783,
            46.98242,
            574.0
          ],
          [
            9.5719,
            46.982413,
            574.0
          ],
          [
            9.57216,
            46.982426,
            573.0
          ],
          [
            9.572233,
            46.982426,
            573.0
          ],
          [
            9.572457,
            46.98242,
            572.0
          ],
          [
            9.572646,
            46.982401,
            572.0
          ],
          [
            9.572753,
            46.982377,
            571.0
          ],
          [
            9.572852,
            46.982346,
            571.0
          ],
          [
            9.572978,
            46.982272,
            570.0
          ],
          [
            9.573229,
            46.982083,
            570.0
          ],
          [
            9.57331,
            46.982034,
            570.0
          ],
          [
            9.573426,
            46.981991,
            570.0
          ],
          [
            9.573499,
            46.981966,
            570.0
          ],
          [
            9.573579,
            46.981954,
            570.0
          ],
          [
            9.573598,
            46.981886,
            570.0
          ],
          [
            9.573741,
            46.981751,
            569.0
          ],
          [
            9.573812,
            46.981696,
            568.0
          ],
          [
            9.573858,
            46.98166,
            568.0
          ],
          [
            9.574002,
            46.981617,
            567.0
          ],
          [
            9.57411,
            46.981605,
            567.0
          ],
          [
            9.574352,
            46.981574,
            566.0
          ],
          [
            9.574378,
            46.981568,
            566.0
          ],
          [
            9.574433,
            46.981562,
            565.0
          ],
          [
            9.574558,
            46.981556,
            565.0
          ],
          [
            9.57473,
            46.981568,
            564.0
          ],
          [
            9.575241,
            46.98155,
            562.0
          ],
          [
            9.575187,
            46.981611,
            563.0
          ],
          [
            9.575233,
            46.981911,
            568.0
          ],
          [
            9.57526,
            46.982065,
            570.0
          ],
          [
            9.575313,
            46.982058,
            570.0
          ],
          [
            9.575367,
            46.982052,
            570.0
          ],
          [
            9.575439,
            46.982058,
            570.0
          ],
          [
            9.575636,
            46.982071,
            570.0
          ],
          [
            9.575753,
            46.982071,
            570.0
          ],
          [
            9.575807,
            46.982071,
            570.0
          ],
          [
            9.576005,
            46.98204,
            570.0
          ],
          [
            9.576015,
            46.982052,
            570.0
          ],
          [
            9.576032,
            46.982058,
            570.0
          ],
          [
            9.576049,
            46.982058,
            570.0
          ],
          [
            9.576068,
            46.982058,
            570.0
          ],
          [
            9.576086,
            46.982052,
            570.0
          ],
          [
            9.576104,
            46.982046,
            570.0
          ],
          [
            9.576112,
            46.982034,
            570.0
          ],
          [
            9.576292,
            46.982083,
            570.0
          ],
          [
            9.576822,
            46.981794,
            570.0
          ],
          [
            9.577091,
            46.981648,
            570.0
          ],
          [
            9.577128,
            46.981593,
            570.0
          ],
          [
            9.577208,
            46.981531,
            570.0
          ],
          [
            9.577443,
            46.981402,
            570.0
          ],
          [
            9.57746,
            46.98139,
            570.0
          ],
          [
            9.577523,
            46.981372,
            570.0
          ],
          [
            9.577667,
            46.981292,
            570.0
          ],
          [
            9.577856,
            46.981188,
            570.0
          ],
          [
            9.577963,
            46.98112,
            570.0
          ],
          [
            9.577981,
            46.981096,
            570.0
          ],
          [
            9.578053,
            46.98101,
            570.0
          ],
          [
            9.578215,
            46.980882,
            570.0
          ],
          [
            9.578529,
            46.980704,
            570.0
          ],
          [
            9.578646,
            46.980648,
            570.0
          ],
          [
            9.578772,
            46.980599,
            570.0
          ],
          [
            9.579015,
            46.98052,
            570.0
          ],
          [
            9.579131,
            46.980502,
            570.0
          ],
          [
            9.579202,
            46.980496,
            570.0
          ],
          [
            9.579311,
            46.980489,
            570.0
          ],
          [
            9.579581,
            46.980447,
            570.0
          ],
          [
            9.579733,
            46.980422,
            570.0
          ],
          [
            9.579841,
            46.980385,
            570.0
          ],
          [
            9.580236,
            46.98017,
            570.0
          ],
          [
            9.580604,
            46.980017,
            570.0
          ],
          [
            9.580676,
            46.979987,
            570.0
          ],
          [
            9.580973,
            46.979864,
            570.0
          ],
          [
            9.581709,
            46.979515,
            570.0
          ],
          [
            9.581889,
            46.979435,
            570.0
          ],
          [
            9.582068,
            46.979337,
            570.0
          ],
          [
            9.582239,
            46.979264,
            570.0
          ],
          [
            9.582392,
            46.979208,
            570.0
          ],
          [
            9.582437,
            46.979196,
            570.0
          ],
          [
            9.582581,
            46.979165,
            570.0
          ],
          [
            9.582724,
            46.979135,
            570.0
          ],
          [
            9.582957,
            46.979104,
            570.0
          ],
          [
            9.58311,
            46.979086,
            570.0
          ],
          [
            9.58329,
            46.979067,
            570.0
          ],
          [
            9.583407,
            46.979061,
            570.0
          ],
          [
            9.583533,
            46.979049,
            570.0
          ],
          [
            9.58364,
            46.97903,
            570.0
          ],
          [
            9.583749,
            46.979,
            570.0
          ],
          [
            9.583919,
            46.978957,
            570.0
          ],
          [
            9.584081,
            46.978902,
            570.0
          ],
          [
            9.584171,
            46.978853,
            570.0
          ],
          [
            9.584242,
            46.97881,
            570.0
          ],
          [
            9.584288,
            46.978767,
            570.0
          ],
          [
            9.584512,
            46.978503,
            570.0
          ],
          [
            9.584638,
            46.978381,
            570.0
          ],
          [
            9.58471,
            46.978314,
            570.0
          ],
          [
            9.584791,
            46.978259,
            570.0
          ],
          [
            9.584934,
            46.978179,
            570.0
          ],
          [
            9.585267,
            46.978031,
            570.0
          ],
          [
            9.58541,
            46.977952,
            569.0
          ],
          [
            9.585544,
            46.977835,
            568.0
          ],
          [
            9.585734,
            46.977633,
            565.0
          ],
          [
            9.586003,
            46.977308,
            561.0
          ],
          [
            9.586183,
            46.977051,
            560.0
          ],
          [
            9.586326,
            46.976867,
            559.0
          ],
          [
            9.586489,
            46.976696,
            559.0
          ],
          [
            9.586776,
            46.976432,
            558.0
          ],
          [
            9.586974,
            46.976236,
            558.0
          ],
          [
            9.587135,
            46.976021,
            558.0
          ],
          [
            9.587225,
            46.975868,
            557.0
          ],
          [
            9.587252,
            46.975751,
            557.0
          ],
          [
            9.587279,
            46.975586,
            557.0
          ],
          [
            9.587297,
            46.975513,
            557.0
          ],
          [
            9.587387,
            46.975341,
            556.0
          ],
          [
            9.587485,
            46.975218,
            556.0
          ],
          [
            9.587657,
            46.975065,
            556.0
          ],
          [
            9.587818,
            46.974961,
            556.0
          ],
          [
            9.588582,
            46.97455,
            555.0
          ],
          [
            9.588617,
            46.974532,
            555.0
          ],
          [
            9.58876,
            46.974446,
            554.0
          ],
          [
            9.589148,
            46.974158,
            554.0
          ],
          [
            9.589561,
            46.97387,
            553.0
          ],
          [
            9.589624,
            46.973827,
            553.0
          ],
          [
            9.589651,
            46.973784,
            553.0
          ],
          [
            9.589668,
            46.973741,
            553.0
          ],
          [
            9.589632,
            46.973698,
            553.0
          ],
          [
            9.589588,
            46.973612,
            553.0
          ],
          [
            9.589569,
            46.973526,
            552.0
          ],
          [
            9.589416,
            46.972871,
            551.0
          ],
          [
            9.589381,
            46.972711,
            551.0
          ],
          [
            9.589372,
            46.972638,
            551.0
          ],
          [
            9.589363,
            46.972509,
            551.0
          ],
          [
            9.589282,
            46.972141,
            550.0
          ],
          [
            9.589265,
            46.972049,
            550.0
          ],
          [
            9.589246,
            46.971927,
            550.0
          ],
          [
            9.589273,
            46.971817,
            550.0
          ],
          [
            9.589318,
            46.97178,
            550.0
          ],
          [
            9.589326,
            46.971768,
            550.0
          ],
          [
            9.589479,
            46.971436,
            550.0
          ],
          [
            9.589489,
            46.971418,
            550.0
          ],
          [
            9.589363,
            46.971381,
            550.0
          ],
          [
            9.589265,
            46.971332,
            550.0
          ],
          [
            9.589416,
            46.971007,
            550.0
          ],
          [
            9.589552,
            46.970652,
            550.0
          ],
          [
            9.589596,
            46.970597,
            550.0
          ],
          [
            9.589758,
            46.970541,
            550.0
          ],
          [
            9.589892,
            46.970498,
            550.0
          ],
          [
            9.589974,
            46.970443,
            550.0
          ],
          [
            9.590037,
            46.970382,
            550.0
          ],
          [
            9.590135,
            46.970302,
            550.0
          ],
          [
            9.590279,
            46.970272,
            550.0
          ],
          [
            9.590368,
            46.970302,
            550.0
          ],
          [
            9.590441,
            46.970315,
            550.0
          ],
          [
            9.590521,
            46.970302,
            550.0
          ],
          [
            9.590684,
            46.970272,
            550.0
          ],
          [
            9.590756,
            46.970357,
            550.0
          ],
          [
            9.59089,
            46.970468,
            550.0
          ],
          [
            9.590989,
            46.97056,
            550.0
          ],
          [
            9.591106,
            46.970615,
            550.0
          ],
          [
            9.591563,
            46.970738,
            550.0
          ],
          [
            9.591672,
            46.970762,
            550.0
          ],
          [
            9.591689,
            46.970762,
            550.0
          ],
          [
            9.591779,
            46.970768,
            550.0
          ],
          [
            9.591915,
            46.970768,
            550.0
          ],
          [
            9.592049,
            46.97075,
            550.0
          ],
          [
            9.592156,
            46.970726,
            550.0
          ],
          [
            9.592355,
            46.970683,
            551.0
          ],
          [
            9.592534,
            46.970627,
            551.0
          ],
          [
            9.592867,
            46.970517,
            551.0
          ],
          [
            9.593028,
            46.970474,
            551.0
          ],
          [
            9.593181,
            46.970443,
            551.0
          ],
          [
            9.593288,
            46.970449,
            551.0
          ],
          [
            9.59337,
            46.970468,
            551.0
          ],
          [
            9.593423,
            46.970498,
            551.0
          ],
          [
            9.59336,
            46.970327,
            551.0
          ],
          [
            9.59337,
            46.970229,
            551.0
          ],
          [
            9.593397,
            46.970198,
            551.0
          ],
          [
            9.593433,
            46.970186,
            551.0
          ],
          [
            9.593531,
            46.970186,
            551.0
          ],
          [
            9.593747,
            46.970198,
            551.0
          ],
          [
            9.593827,
            46.970205,
            551.0
          ],
          [
            9.593999,
            46.970217,
            551.0
          ],
          [
            9.594349,
            46.970241,
            551.0
          ],
          [
            9.594358,
            46.970217,
            552.0
          ],
          [
            9.59425,
            46.970205,
            552.0
          ],
          [
            9.594268,
            46.970069,
            553.0
          ],
          [
            9.594366,
            46.970082,
            554.0
          ],
          [
            9.594402,
            46.970082,
            554.0
          ],
          [
            9.594412,
            46.970039,
            554.0
          ],
          [
            9.594232,
            46.970014,
            555.0
          ],
          [
            9.594187,
            46.969928,
            554.0
          ],
          [
            9.594213,
            46.969763,
            557.0
          ],
          [
            9.59425,
            46.969647,
            559.0
          ],
          [
            9.594286,
            46.969585,
            559.0
          ],
          [
            9.594366,
            46.969512,
            560.0
          ],
          [
            9.594456,
            46.969456,
            561.0
          ],
          [
            9.594582,
            46.969432,
            562.0
          ],
          [
            9.594905,
            46.969419,
            564.0
          ],
          [
            9.595229,
            46.96937,
            566.0
          ],
          [
            9.595337,
            46.969321,
            567.0
          ],
          [
            9.595391,
            46.969266,
            567.0
          ],
          [
            9.595427,
            46.969224,
            568.0
          ],
          [
            9.595445,
            46.969175,
            568.0
          ],
          [
            9.595445,
            46.969101,
            569.0
          ],
          [
            9.595418,
            46.96899,
            570.0
          ],
          [
            9.595274,
            46.968861,
            571.0
          ],
          [
            9.595166,
            46.968806,
            572.0
          ],
          [
            9.595049,
            46.968709,
            572.0
          ],
          [
            9.594932,
            46.968586,
            573.0
          ],
          [
            9.594896,
            46.968525,
            574.0
          ],
          [
            9.594888,
            46.968433,
            574.0
          ],
          [
            9.594951,
            46.968279,
            575.0
          ],
          [
            9.595022,
            46.968145,
            576.0
          ],
          [
            9.595005,
            46.967985,
            577.0
          ],
          [
            9.594968,
            46.967838,
            578.0
          ],
          [
            9.594978,
            46.967581,
            580.0
          ],
          [
            9.595085,
            46.966888,
            580.0
          ],
          [
            9.595005,
            46.966777,
            580.0
          ],
          [
            9.594888,
            46.966667,
            580.0
          ],
          [
            9.594016,
            46.966054,
            580.0
          ],
          [
            9.593764,
            46.965729,
            580.0
          ],
          [
            9.593647,
            46.965349,
            580.0
          ],
          [
            9.593584,
            46.964932,
            580.0
          ],
          [
            9.593523,
            46.964503,
            576.0
          ],
          [
            9.593621,
            46.96397,
            572.0
          ],
          [
            9.593576,
            46.963602,
            570.0
          ],
          [
            9.593495,
            46.963437,
            570.0
          ],
          [
            9.593414,
            46.963369,
            570.0
          ],
          [
            9.593316,
            46.963326,
            570.0
          ],
          [
            9.593181,
            46.963344,
            570.0
          ],
          [
            9.593064,
            46.963338,
            570.0
          ],
          [
            9.592804,
            46.963258,
            571.0
          ],
          [
            9.59266,
            46.96324,
            571.0
          ],
          [
            9.592597,
            46.963209,
            571.0
          ],
          [
            9.592561,
            46.963179,
            571.0
          ],
          [
            9.592435,
            46.963026,
            571.0
          ],
          [
            9.592452,
            46.962639,
            572.0
          ],
          [
            9.592175,
            46.962253,
            573.0
          ],
          [
            9.591915,
            46.962033,
            574.0
          ],
          [
            9.5916,
            46.961652,
            574.0
          ],
          [
            9.591402,
            46.961198,
            575.0
          ],
          [
            9.591349,
            46.960297,
            577.0
          ],
          [
            9.59141,
            46.95969,
            578.0
          ],
          [
            9.59159,
            46.95923,
            579.0
          ],
          [
            9.591699,
            46.959077,
            580.0
          ],
          [
            9.591716,
            46.958937,
            580.0
          ],
          [
            9.591563,
            46.958807,
            579.0
          ],
          [
            9.591267,
            46.958587,
            576.0
          ],
          [
            9.591097,
            46.95817,
            572.0
          ],
          [
            9.590971,
            46.957974,
            570.0
          ],
          [
            9.590458,
            46.957593,
            564.0
          ],
          [
            9.589929,
            46.957367,
            560.0
          ],
          [
            9.589498,
            46.957085,
            560.0
          ],
          [
            9.589326,
            46.956882,
            562.0
          ],
          [
            9.589139,
            46.95641,
            568.0
          ],
          [
            9.589039,
            46.956287,
            569.0
          ],
          [
            9.58894,
            46.95622,
            570.0
          ],
          [
            9.588823,
            46.956128,
            570.0
          ],
          [
            9.588752,
            46.956049,
            570.0
          ],
          [
            9.5886,
            46.955723,
            570.0
          ],
          [
            9.588546,
            46.955637,
            570.0
          ],
          [
            9.588016,
            46.955098,
            570.0
          ],
          [
            9.587854,
            46.954945,
            570.0
          ],
          [
            9.5878,
            46.954779,
            570.0
          ],
          [
            9.587755,
            46.954436,
            570.0
          ],
          [
            9.58771,
            46.954111,
            570.0
          ],
          [
            9.587747,
            46.953829,
            570.0
          ],
          [
            9.587718,
            46.953712,
            570.0
          ],
          [
            9.587684,
            46.953602,
            570.0
          ],
          [
            9.587468,
            46.953197,
            570.0
          ],
          [
            9.587252,
            46.952829,
            570.0
          ],
          [
            9.587091,
            46.952541,
            570.0
          ],
          [
            9.586946,
            46.952057,
            570.0
          ],
          [
            9.586848,
            46.95156,
            570.0
          ],
          [
            9.586911,
            46.951272,
            571.0
          ],
          [
            9.586812,
            46.95102,
            572.0
          ],
          [
            9.586812,
            46.95075,
            574.0
          ],
          [
            9.586686,
            46.950536,
            575.0
          ],
          [
            9.586705,
            46.95045,
            575.0
          ],
          [
            9.586928,
            46.950236,
            577.0
          ],
          [
            9.586974,
            46.950101,
            578.0
          ],
          [
            9.586946,
            46.949788,
            579.0
          ],
          [
            9.587045,
            46.949481,
            582.0
          ],
          [
            9.587072,
            46.948886,
            588.0
          ],
          [
            9.587045,
            46.948794,
            589.0
          ],
          [
            9.586785,
            46.948561,
            592.0
          ],
          [
            9.586587,
            46.948353,
            595.0
          ],
          [
            9.586076,
            46.947549,
            600.0
          ],
          [
            9.58603,
            46.947494,
            600.0
          ],
          [
            9.585967,
            46.947457,
            600.0
          ],
          [
            9.585689,
            46.947292,
            600.0
          ],
          [
            9.585662,
            46.947298,
            600.0
          ],
          [
            9.585634,
            46.947304,
            600.0
          ],
          [
            9.585599,
            46.947298,
            600.0
          ],
          [
            9.585563,
            46.947286,
            600.0
          ],
          [
            9.585527,
            46.947255,
            600.0
          ],
          [
            9.585473,
            46.947212,
            600.0
          ],
          [
            9.585284,
            46.947095,
            600.0
          ],
          [
            9.585087,
            46.947028,
            600.0
          ],
          [
            9.584584,
            46.946942,
            596.0
          ],
          [
            9.584378,
            46.946893,
            594.0
          ],
          [
            9.583695,
            46.946801,
            590.0
          ],
          [
            9.582571,
            46.946765,
            587.0
          ],
          [
            9.581575,
            46.946697,
            585.0
          ],
          [
            9.580649,
            46.94666,
            583.0
          ],
          [
            9.579921,
            46.946642,
            581.0
          ],
          [
            9.579894,
            46.946642,
            581.0
          ],
          [
            9.579877,
            46.946642,
            581.0
          ],
          [
            9.579831,
            46.946629,
            581.0
          ],
          [
            9.579678,
            46.946623,
            581.0
          ],
          [
            9.579527,
            46.946623,
            580.0
          ],
          [
            9.579275,
            46.946605,
            580.0
          ],
          [
            9.579149,
            46.946599,
            580.0
          ],
          [
            9.579051,
            46.946586,
            580.0
          ],
          [
            9.578952,
            46.946574,
            580.0
          ],
          [
            9.578789,
            46.946543,
            580.0
          ],
          [
            9.578636,
            46.946513,
            580.0
          ],
          [
            9.57861,
            46.946507,
            580.0
          ],
          [
            9.578313,
            46.946427,
            580.0
          ],
          [
            9.578036,
            46.946335,
            580.0
          ],
          [
            9.577954,
            46.946298,
            580.0
          ],
          [
            9.577837,
            46.946243,
            580.0
          ],
          [
            9.577407,
            46.946035,
            580.0
          ],
          [
            9.576849,
            46.945771,
            580.0
          ],
          [
            9.576508,
            46.945611,
            580.0
          ],
          [
            9.576122,
            46.945428,
            580.0
          ],
          [
            9.575133,
            46.944956,
            580.0
          ],
          [
            9.57507,
            46.944925,
            580.0
          ],
          [
            9.574999,
            46.944906,
            580.0
          ],
          [
            9.574891,
            46.944882,
            580.0
          ],
          [
            9.574648,
            46.944839,
            580.0
          ],
          [
            9.574325,
            46.944771,
            580.0
          ],
          [
            9.574235,
            46.94474,
            580.0
          ],
          [
            9.574065,
            46.944667,
            580.0
          ],
          [
            9.574011,
            46.944642,
            580.0
          ],
          [
            9.573912,
            46.944581,
            580.0
          ],
          [
            9.573849,
            46.944539,
            580.0
          ],
          [
            9.573715,
            46.944434,
            580.0
          ],
          [
            9.573571,
            46.944311,
            580.0
          ],
          [
            9.573238,
            46.944023,
            580.0
          ],
          [
            9.57296,
            46.943778,
            581.0
          ],
          [
            9.572744,
            46.943594,
            583.0
          ],
          [
            9.572556,
            46.943465,
            585.0
          ],
          [
            9.572412,
            46.943416,
            581.0
          ],
          [
            9.572196,
            46.943336,
            579.0
          ],
          [
            9.572007,
            46.943287,
            578.0
          ],
          [
            9.571873,
            46.94325,
            577.0
          ],
          [
            9.571783,
            46.94322,
            577.0
          ],
          [
            9.571522,
            46.943165,
            575.0
          ],
          [
            9.571252,
            46.943128,
            574.0
          ],
          [
            9.571145,
            46.943116,
            573.0
          ],
          [
            9.570686,
            46.943054,
            571.0
          ],
          [
            9.570535,
            46.94303,
            570.0
          ],
          [
            9.57039,
            46.943011,
            570.0
          ],
          [
            9.570049,
            46.942968,
            568.0
          ],
          [
            9.569941,
            46.942956,
            568.0
          ],
          [
            9.56986,
            46.942962,
            567.0
          ],
          [
            9.569816,
            46.942962,
            567.0
          ],
          [
            9.569762,
            46.942974,
            567.0
          ],
          [
            9.569699,
            46.942987,
            567.0
          ],
          [
            9.569618,
            46.943042,
            566.0
          ],
          [
            9.569168,
            46.942741,
            564.0
          ],
          [
            9.569061,
            46.942668,
            564.0
          ],
          [
            9.569061,
            46.942662,
            564.0
          ],
          [
            9.568765,
            46.942459,
            562.0
          ],
          [
            9.568665,
            46.942367,
            562.0
          ],
          [
            9.568594,
            46.942269,
            561.0
          ],
          [
            9.568486,
            46.942079,
            560.0
          ],
          [
            9.568451,
            46.942054,
            560.0
          ],
          [
            9.568378,
            46.942048,
            560.0
          ],
          [
            9.568306,
            46.942073,
            559.0
          ],
          [
            9.568154,
            46.941821,
            560.0
          ],
          [
            9.56801,
            46.941582,
            560.0
          ],
          [
            9.567866,
            46.941355,
            560.0
          ],
          [
            9.567767,
            46.941171,
            560.0
          ],
          [
            9.567723,
            46.941073,
            560.0
          ],
          [
            9.567678,
            46.940969,
            560.0
          ],
          [
            9.567606,
            46.940742,
            560.0
          ],
          [
            9.567579,
            46.940662,
            560.0
          ],
          [
            9.567489,
            46.940399,
            560.0
          ],
          [
            9.567373,
            46.940055,
            560.0
          ],
          [
            9.567246,
            46.939748,
            560.0
          ],
          [
            9.567112,
            46.939442,
            560.0
          ],
          [
            9.567076,
            46.939368,
            560.0
          ],
          [
            9.567067,
            46.93935,
            560.0
          ],
          [
            9.56704,
            46.939288,
            560.0
          ],
          [
            9.566994,
            46.939147,
            560.0
          ],
          [
            9.566986,
            46.939116,
            560.0
          ],
          [
            9.566933,
            46.938939,
            560.0
          ],
          [
            9.566851,
            46.938668,
            560.0
          ],
          [
            9.566833,
            46.938626,
            560.0
          ],
          [
            9.566744,
            46.938448,
            560.0
          ],
          [
            9.5666,
            46.93819,
            560.0
          ],
          [
            9.566537,
            46.93808,
            560.0
          ],
          [
            9.566393,
            46.93781,
            560.0
          ],
          [
            9.566375,
            46.937773,
            560.0
          ],
          [
            9.56633,
            46.937687,
            560.0
          ],
          [
            9.566222,
            46.937491,
            560.0
          ],
          [
            9.566195,
            46.937448,
            560.0
          ],
          [
            9.56598,
            46.937142,
            560.0
          ],
          [
            9.565908,
            46.937019,
            560.0
          ],
          [
            9.565621,
            46.936534,
            560.0
          ],
          [
            9.565575,
            46.936424,
            560.0
          ],
          [
            9.565531,
            46.93635,
            560.0
          ],
          [
            9.565423,
            46.936216,
            560.0
          ],
          [
            9.565396,
            46.936185,
            560.0
          ],
          [
            9.565342,
            46.936117,
            560.0
          ],
          [
            9.565216,
            46.935927,
            560.0
          ],
          [
            9.565207,
            46.935908,
            560.0
          ],
          [
            9.565207,
            46.935908,
            560.0
          ],
          [
            9.564992,
            46.93559,
            560.0
          ],
          [
            9.564849,
            46.935345,
            560.0
          ],
          [
            9.564786,
            46.935259,
            560.0
          ],
          [
            9.56465,
            46.93508,
            560.0
          ],
          [
            9.56465,
            46.93508,
            560.0
          ],
          [
            9.564533,
            46.934921,
            560.0
          ],
          [
            9.564524,
            46.934909,
            560.0
          ],
          [
            9.564426,
            46.93478,
            560.0
          ],
          [
            9.564264,
            46.934571,
            560.0
          ],
          [
            9.564246,
            46.934547,
            560.0
          ],
          [
            9.564246,
            46.934547,
            560.0
          ],
          [
            9.564103,
            46.934345,
            560.0
          ],
          [
            9.563717,
            46.934474,
            555.0
          ],
          [
            9.563509,
            46.93451,
            552.0
          ],
          [
            9.563159,
            46.934565,
            550.0
          ],
          [
            9.563042,
            46.934583,
            550.0
          ],
          [
            9.563015,
            46.934602,
            550.0
          ],
          [
            9.562998,
            46.93462,
            550.0
          ],
          [
            9.562943,
            46.934565,
            549.0
          ],
          [
            9.562935,
            46.934553,
            549.0
          ],
          [
            9.562916,
            46.934431,
            547.0
          ],
          [
            9.562889,
            46.934412,
            547.0
          ],
          [
            9.562683,
            46.934406,
            545.0
          ],
          [
            9.562495,
            46.934369,
            543.0
          ],
          [
            9.562386,
            46.934363,
            542.0
          ],
          [
            9.562333,
            46.934369,
            541.0
          ],
          [
            9.56227,
            46.934388,
            541.0
          ],
          [
            9.56209,
            46.934467,
            539.0
          ],
          [
            9.561973,
            46.934498,
            539.0
          ],
          [
            9.561757,
            46.934559,
            537.0
          ],
          [
            9.561641,
            46.93462,
            536.0
          ],
          [
            9.561515,
            46.934694,
            536.0
          ],
          [
            9.561443,
            46.934712,
            535.0
          ],
          [
            9.560941,
            46.934749,
            532.0
          ],
          [
            9.560949,
            46.934878,
            532.0
          ],
          [
            9.560941,
            46.934909,
            532.0
          ],
          [
            9.559817,
            46.934891,
            533.0
          ],
          [
            9.559638,
            46.934712,
            533.0
          ],
          [
            9.559602,
            46.934676,
            533.0
          ],
          [
            9.559646,
            46.93405,
            534.0
          ],
          [
            9.559656,
            46.93405,
            534.0
          ],
          [
            9.559673,
            46.933811,
            535.0
          ],
          [
            9.5597,
            46.933602,
            535.0
          ],
          [
            9.559727,
            46.933191,
            536.0
          ],
          [
            9.559746,
            46.933038,
            536.0
          ],
          [
            9.559763,
            46.932909,
            536.0
          ],
          [
            9.55979,
            46.932829,
            536.0
          ],
          [
            9.559809,
            46.932798,
            537.0
          ],
          [
            9.559853,
            46.932713,
            537.0
          ],
          [
            9.55988,
            46.932695,
            537.0
          ],
          [
            9.559916,
            46.932682,
            537.0
          ],
          [
            9.560249,
            46.932627,
            537.0
          ],
          [
            9.560509,
            46.932578,
            537.0
          ],
          [
            9.560581,
            46.932627,
            539.0
          ],
          [
            9.560464,
            46.932652,
            539.0
          ],
          [
            9.559143,
            46.932897,
            537.0
          ],
          [
            9.558991,
            46.932921,
            537.0
          ],
          [
            9.558803,
            46.93297,
            537.0
          ],
          [
            9.55883,
            46.933014,
            536.0
          ],
          [
            9.558847,
            46.93302,
            536.0
          ],
          [
            9.558883,
            46.933026,
            535.0
          ],
          [
            9.559207,
            46.933038,
            532.0
          ],
          [
            9.559341,
            46.933038,
            531.0
          ],
          [
            9.559323,
            46.932743,
            531.0
          ],
          [
            9.559323,
            46.932596,
            531.0
          ],
          [
            9.559341,
            46.932381,
            531.0
          ],
          [
            9.559369,
            46.932149,
            531.0
          ],
          [
            9.559396,
            46.931927,
            531.0
          ],
          [
            9.559333,
            46.931553,
            531.0
          ],
          [
            9.55927,
            46.931504,
            531.0
          ],
          [
            9.559386,
            46.931321,
            531.0
          ],
          [
            9.559449,
            46.931192,
            531.0
          ],
          [
            9.559557,
            46.930284,
            532.0
          ],
          [
            9.559602,
            46.930069,
            532.0
          ],
          [
            9.559809,
            46.929308,
            532.0
          ],
          [
            9.559772,
            46.929259,
            532.0
          ],
          [
            9.559683,
            46.929137,
            532.0
          ],
          [
            9.559646,
            46.929081,
            532.0
          ],
          [
            9.559602,
            46.929014,
            532.0
          ],
          [
            9.559548,
            46.928934,
            532.0
          ],
          [
            9.559539,
            46.928872,
            532.0
          ],
          [
            9.559539,
            46.928823,
            532.0
          ],
          [
            9.559548,
            46.928768,
            532.0
          ],
          [
            9.559566,
            46.928726,
            532.0
          ],
          [
            9.559673,
            46.928548,
            532.0
          ],
          [
            9.559719,
            46.928431,
            532.0
          ],
          [
            9.559727,
            46.928308,
            532.0
          ],
          [
            9.559638,
            46.927964,
            533.0
          ],
          [
            9.559602,
            46.927873,
            533.0
          ],
          [
            9.559494,
            46.927726,
            533.0
          ],
          [
            9.559396,
            46.927468,
            533.0
          ],
          [
            9.559072,
            46.927038,
            533.0
          ],
          [
            9.559,
            46.926879,
            533.0
          ],
          [
            9.558964,
            46.926707,
            533.0
          ],
          [
            9.558946,
            46.926597,
            533.0
          ],
          [
            9.558954,
            46.926487,
            533.0
          ],
          [
            9.559009,
            46.926419,
            533.0
          ],
          [
            9.55908,
            46.926327,
            533.0
          ],
          [
            9.559727,
            46.925591,
            533.0
          ],
          [
            9.560042,
            46.925124,
            534.0
          ],
          [
            9.560159,
            46.924915,
            534.0
          ],
          [
            9.560321,
            46.924664,
            534.0
          ],
          [
            9.560554,
            46.924345,
            534.0
          ],
          [
            9.560742,
            46.924032,
            534.0
          ],
          [
            9.560769,
            46.923983,
            534.0
          ],
          [
            9.560841,
            46.92391,
            534.0
          ],
          [
            9.560859,
            46.923898,
            534.0
          ],
          [
            9.560887,
            46.923867,
            534.0
          ],
          [
            9.561021,
            46.923756,
            534.0
          ],
          [
            9.561138,
            46.923639,
            534.0
          ],
          [
            9.561201,
            46.923505,
            534.0
          ],
          [
            9.561201,
            46.923505,
            534.0
          ],
          [
            9.561174,
            46.923314,
            534.0
          ],
          [
            9.560994,
            46.922817,
            535.0
          ],
          [
            9.560887,
            46.92248,
            535.0
          ],
          [
            9.560778,
            46.922149,
            535.0
          ],
          [
            9.560688,
            46.921872,
            535.0
          ],
          [
            9.560617,
            46.921732,
            535.0
          ],
          [
            9.560572,
            46.921615,
            535.0
          ],
          [
            9.560275,
            46.921026,
            535.0
          ],
          [
            9.560231,
            46.920971,
            535.0
          ],
          [
            9.560231,
            46.920971,
            535.0
          ],
          [
            9.560204,
            46.920934,
            535.0
          ],
          [
            9.560159,
            46.920903,
            535.0
          ],
          [
            9.560086,
            46.920885,
            535.0
          ],
          [
            9.559979,
            46.920867,
            535.0
          ],
          [
            9.559853,
            46.920848,
            535.0
          ],
          [
            9.559746,
            46.92083,
            535.0
          ],
          [
            9.559485,
            46.920725,
            535.0
          ],
          [
            9.559386,
            46.92067,
            536.0
          ],
          [
            9.55927,
            46.920547,
            536.0
          ],
          [
            9.559117,
            46.920339,
            536.0
          ],
          [
            9.558685,
            46.919627,
            536.0
          ],
          [
            9.558596,
            46.919523,
            536.0
          ],
          [
            9.558515,
            46.919449,
            536.0
          ],
          [
            9.558407,
            46.919394,
            536.0
          ],
          [
            9.558327,
            46.919369,
            536.0
          ],
          [
            9.558264,
            46.919363,
            536.0
          ],
          [
            9.558155,
            46.919351,
            536.0
          ],
          [
            9.557796,
            46.919363,
            536.0
          ],
          [
            9.557671,
            46.919363,
            538.0
          ],
          [
            9.557581,
            46.919375,
            537.0
          ],
          [
            9.557499,
            46.919387,
            536.0
          ],
          [
            9.557455,
            46.919412,
            536.0
          ],
          [
            9.557401,
            46.919455,
            536.0
          ],
          [
            9.55732,
            46.919473,
            536.0
          ],
          [
            9.55723,
            46.919486,
            536.0
          ],
          [
            9.557006,
            46.91951,
            536.0
          ],
          [
            9.556916,
            46.919498,
            536.0
          ],
          [
            9.556835,
            46.919467,
            536.0
          ],
          [
            9.55679,
            46.919443,
            536.0
          ],
          [
            9.556746,
            46.919394,
            536.0
          ],
          [
            9.556683,
            46.919185,
            537.0
          ],
          [
            9.556646,
            46.91913,
            537.0
          ],
          [
            9.556593,
            46.919087,
            537.0
          ],
          [
            9.556493,
            46.919025,
            537.0
          ],
          [
            9.55644,
            46.918854,
            537.0
          ],
          [
            9.55644,
            46.91883,
            537.0
          ],
          [
            9.556556,
            46.91867,
            537.0
          ],
          [
            9.556547,
            46.918633,
            537.0
          ],
          [
            9.556503,
            46.918584,
            537.0
          ],
          [
            9.556467,
            46.918541,
            536.0
          ],
          [
            9.556422,
            46.91848,
            535.0
          ],
          [
            9.556377,
            46.9184,
            533.0
          ],
          [
            9.556251,
            46.918253,
            531.0
          ],
          [
            9.55617,
            46.917977,
            531.0
          ],
          [
            9.556008,
            46.917406,
            532.0
          ],
          [
            9.555891,
            46.917032,
            533.0
          ],
          [
            9.555801,
            46.916762,
            533.0
          ],
          [
            9.555775,
            46.91662,
            533.0
          ],
          [
            9.555685,
            46.916363,
            534.0
          ],
          [
            9.555667,
            46.916259,
            534.0
          ],
          [
            9.555551,
            46.91589,
            534.0
          ],
          [
            9.555497,
            46.915589,
            535.0
          ],
          [
            9.555415,
            46.915338,
            535.0
          ],
          [
            9.555245,
            46.914816,
            536.0
          ],
          [
            9.554993,
            46.913982,
            538.0
          ],
          [
            9.554805,
            46.913387,
            538.0
          ],
          [
            9.554696,
            46.913055,
            539.0
          ],
          [
            9.554553,
            46.91273,
            540.0
          ],
          [
            9.554517,
            46.912662,
            540.0
          ],
          [
            9.554499,
            46.912595,
            540.0
          ],
          [
            9.55449,
            46.912552,
            540.0
          ],
          [
            9.554419,
            46.912466,
            540.0
          ],
          [
            9.554419,
            46.912429,
            540.0
          ],
          [
            9.554419,
            46.912405,
            540.0
          ],
          [
            9.554409,
            46.912374,
            540.0
          ],
          [
            9.554409,
            46.912362,
            540.0
          ],
          [
            9.5544,
            46.912343,
            540.0
          ],
          [
            9.554373,
            46.912312,
            540.0
          ],
          [
            9.554337,
            46.912257,
            540.0
          ],
          [
            9.554329,
            46.912233,
            540.0
          ],
          [
            9.554329,
            46.91219,
            540.0
          ],
          [
            9.554329,
            46.912153,
            540.0
          ],
          [
            9.55432,
            46.912123,
            540.0
          ],
          [
            9.554302,
            46.912086,
            540.0
          ],
          [
            9.553943,
            46.911509,
            540.0
          ],
          [
            9.553807,
            46.91135,
            540.0
          ],
          [
            9.553664,
            46.911214,
            540.0
          ],
          [
            9.553385,
            46.910932,
            540.0
          ],
          [
            9.553054,
            46.910594,
            540.0
          ],
          [
            9.553054,
            46.910594,
            540.0
          ],
          [
            9.552775,
            46.910312,
            540.0
          ],
          [
            9.552272,
            46.909803,
            540.0
          ],
          [
            9.552245,
            46.909772,
            540.0
          ],
          [
            9.552011,
            46.909551,
            540.0
          ],
          [
            9.551885,
            46.90941,
            540.0
          ],
          [
            9.55184,
            46.909294,
            540.0
          ],
          [
            9.551832,
            46.909294,
            540.0
          ],
          [
            9.551813,
            46.909288,
            540.0
          ],
          [
            9.551769,
            46.909263,
            540.0
          ],
          [
            9.551742,
            46.909251,
            540.0
          ],
          [
            9.551706,
            46.909245,
            540.0
          ],
          [
            9.551616,
            46.909232,
            540.0
          ],
          [
            9.551535,
            46.909214,
            540.0
          ],
          [
            9.551391,
            46.909158,
            540.0
          ],
          [
            9.551301,
            46.909121,
            540.0
          ],
          [
            9.551211,
            46.909085,
            540.0
          ],
          [
            9.551157,
            46.90906,
            540.0
          ],
          [
            9.55113,
            46.909042,
            540.0
          ],
          [
            9.551104,
            46.909017,
            540.0
          ],
          [
            9.551077,
            46.90898,
            540.0
          ],
          [
            9.551032,
            46.908901,
            540.0
          ],
          [
            9.550996,
            46.908809,
            540.0
          ],
          [
            9.550987,
            46.908796,
            540.0
          ],
          [
            9.550987,
            46.908796,
            540.0
          ],
          [
            9.55096,
            46.908716,
            540.0
          ],
          [
            9.550888,
            46.908612,
            540.0
          ],
          [
            9.55096,
            46.908612,
            540.0
          ],
          [
            9.551023,
            46.908594,
            540.0
          ],
          [
            9.551086,
            46.908563,
            540.0
          ],
          [
            9.55113,
            46.908533,
            540.0
          ],
          [
            9.551211,
            46.90849,
            540.0
          ],
          [
            9.551247,
            46.908465,
            540.0
          ],
          [
            9.551293,
            46.908447,
            540.0
          ],
          [
            9.551329,
            46.908434,
            540.0
          ],
          [
            9.551356,
            46.908434,
            540.0
          ],
          [
            9.551383,
            46.908434,
            540.0
          ],
          [
            9.551436,
            46.908447,
            540.0
          ],
          [
            9.551562,
            46.908361,
            540.0
          ],
          [
            9.550987,
            46.907956,
            540.0
          ],
          [
            9.550943,
            46.907937,
            540.0
          ],
          [
            9.550943,
            46.907937,
            540.0
          ],
          [
            9.550914,
            46.907925,
            540.0
          ],
          [
            9.550834,
            46.907913,
            540.0
          ],
          [
            9.550744,
            46.907919,
            540.0
          ],
          [
            9.549639,
            46.908146,
            540.0
          ],
          [
            9.549541,
            46.908146,
            540.0
          ],
          [
            9.549459,
            46.908128,
            540.0
          ],
          [
            9.549361,
            46.908085,
            540.0
          ],
          [
            9.54928,
            46.908023,
            540.0
          ],
          [
            9.549217,
            46.90798,
            540.0
          ],
          [
            9.549109,
            46.907882,
            540.0
          ],
          [
            9.548561,
            46.90744,
            540.0
          ],
          [
            9.548417,
            46.907324,
            540.0
          ],
          [
            9.548157,
            46.907109,
            540.0
          ],
          [
            9.547664,
            46.906765,
            540.0
          ],
          [
            9.547196,
            46.906458,
            540.0
          ],
          [
            9.547052,
            46.906366,
            541.0
          ],
          [
            9.546585,
            46.906066,
            541.0
          ],
          [
            9.546316,
            46.905893,
            541.0
          ],
          [
            9.546073,
            46.90574,
            541.0
          ],
          [
            9.545993,
            46.905697,
            541.0
          ],
          [
            9.544096,
            46.904488,
            542.0
          ],
          [
            9.544035,
            46.904445,
            542.0
          ],
          [
            9.543899,
            46.904341,
            542.0
          ],
          [
            9.543809,
            46.904212,
            542.0
          ],
          [
            9.543702,
            46.903991,
            542.0
          ],
          [
            9.543549,
            46.903629,
            542.0
          ],
          [
            9.54328,
            46.902972,
            543.0
          ],
          [
            9.543136,
            46.902665,
            543.0
          ],
          [
            9.54266,
            46.90156,
            544.0
          ],
          [
            9.542435,
            46.901051,
            544.0
          ],
          [
            9.542184,
            46.900493,
            544.0
          ],
          [
            9.541977,
            46.899995,
            544.0
          ],
          [
            9.541752,
            46.899479,
            545.0
          ],
          [
            9.541555,
            46.899025,
            545.0
          ],
          [
            9.541501,
            46.898909,
            545.0
          ],
          [
            9.541429,
            46.898761,
            545.0
          ],
          [
            9.541356,
            46.898639,
            545.0
          ],
          [
            9.541322,
            46.898578,
            545.0
          ],
          [
            9.541312,
            46.898541,
            545.0
          ],
          [
            9.541159,
            46.898473,
            545.0
          ],
          [
            9.541069,
            46.898399,
            545.0
          ],
          [
            9.541043,
            46.898362,
            545.0
          ],
          [
            9.541033,
            46.898319,
            545.0
          ],
          [
            9.541052,
            46.898301,
            545.0
          ],
          [
            9.541033,
            46.89827,
            545.0
          ],
          [
            9.540782,
            46.897657,
            546.0
          ],
          [
            9.54053,
            46.897055,
            546.0
          ],
          [
            9.54053,
            46.897055,
            546.0
          ],
          [
            9.540163,
            46.896171,
            546.0
          ],
          [
            9.540001,
            46.89552,
            547.0
          ],
          [
            9.540001,
            46.89552,
            547.0
          ],
          [
            9.539947,
            46.895293,
            547.0
          ],
          [
            9.539947,
            46.89498,
            547.0
          ],
          [
            9.539947,
            46.894501,
            547.0
          ],
          [
            9.54001,
            46.894385,
            547.0
          ],
          [
            9.539991,
            46.894317,
            547.0
          ],
          [
            9.539983,
            46.893746,
            548.0
          ],
          [
            9.539991,
            46.89336,
            548.0
          ],
          [
            9.539991,
            46.892991,
            548.0
          ],
          [
            9.539955,
            46.892758,
            548.0
          ],
          [
            9.539947,
            46.892672,
            548.0
          ],
          [
            9.539938,
            46.892555,
            548.0
          ],
          [
            9.539964,
            46.892469,
            548.0
          ],
          [
            9.539938,
            46.892439,
            548.0
          ],
          [
            9.539901,
            46.892335,
            548.0
          ],
          [
            9.539874,
            46.892279,
            548.0
          ],
          [
            9.539803,
            46.892126,
            549.0
          ],
          [
            9.539731,
            46.891893,
            549.0
          ],
          [
            9.539687,
            46.89177,
            549.0
          ],
          [
            9.539597,
            46.891586,
            549.0
          ],
          [
            9.539498,
            46.891395,
            549.0
          ],
          [
            9.539435,
            46.891285,
            549.0
          ],
          [
            9.539102,
            46.890763,
            549.0
          ],
          [
            9.538473,
            46.88975,
            550.0
          ],
          [
            9.538383,
            46.889492,
            550.0
          ],
          [
            9.53833,
            46.889431,
            550.0
          ],
          [
            9.537961,
            46.888866,
            550.0
          ],
          [
            9.53788,
            46.888792,
            550.0
          ],
          [
            9.537817,
            46.888718,
            550.0
          ],
          [
            9.537521,
            46.888283,
            550.0
          ],
          [
            9.536731,
            46.88711,
            550.0
          ],
          [
            9.536712,
            46.887037,
            550.0
          ],
          [
            9.536659,
            46.886987,
            550.0
          ],
          [
            9.53567,
            46.885753,
            550.0
          ],
          [
            9.535303,
            46.885189,
            550.0
          ],
          [
            9.535069,
            46.884918,
            550.0
          ],
          [
            9.534628,
            46.884384,
            550.0
          ],
          [
            9.533829,
            46.883316,
            550.0
          ],
          [
            9.533785,
            46.883211,
            550.0
          ],
          [
            9.533712,
            46.883156,
            550.0
          ],
          [
            9.533425,
            46.882818,
            550.0
          ],
          [
            9.533255,
            46.882573,
            550.0
          ],
          [
            9.5332,
            46.882395,
            550.0
          ],
          [
            9.532985,
            46.881904,
            550.0
          ],
          [
            9.532859,
            46.881547,
            550.0
          ],
          [
            9.532886,
            46.881456,
            550.0
          ],
          [
            9.532751,
            46.881069,
            550.0
          ],
          [
            9.53276,
            46.880933,
            550.0
          ],
          [
            9.532769,
            46.880853,
            550.0
          ],
          [
            9.532509,
            46.880233,
            550.0
          ],
          [
            9.532391,
            46.879718,
            552.0
          ],
          [
            9.532329,
            46.879337,
            555.0
          ],
          [
            9.53232,
            46.879177,
            556.0
          ],
          [
            9.532374,
            46.878858,
            558.0
          ],
          [
            9.532329,
            46.878502,
            560.0
          ],
          [
            9.532311,
            46.878428,
            560.0
          ],
          [
            9.532221,
            46.87771,
            560.0
          ],
          [
            9.532213,
            46.877513,
            560.0
          ],
          [
            9.53215,
            46.876955,
            560.0
          ],
          [
            9.532158,
            46.876918,
            560.0
          ],
          [
            9.532167,
            46.876887,
            560.0
          ],
          [
            9.532257,
            46.876789,
            560.0
          ],
          [
            9.532257,
            46.876746,
            560.0
          ],
          [
            9.532257,
            46.876709,
            560.0
          ],
          [
            9.532257,
            46.876666,
            554.0
          ],
          [
            9.532248,
            46.876648,
            552.0
          ],
          [
            9.532221,
            46.876549,
            551.0
          ],
          [
            9.53214,
            46.876291,
            551.0
          ],
          [
            9.53214,
            46.876285,
            551.0
          ],
          [
            9.532068,
            46.876273,
            551.0
          ],
          [
            9.532024,
            46.876218,
            551.0
          ],
          [
            9.531978,
            46.875997,
            551.0
          ],
          [
            9.531943,
            46.875708,
            550.0
          ],
          [
            9.531907,
            46.875468,
            550.0
          ],
          [
            9.531844,
            46.875211,
            550.0
          ],
          [
            9.531798,
            46.875088,
            550.0
          ],
          [
            9.531601,
            46.874633,
            550.0
          ],
          [
            9.531448,
            46.874338,
            550.0
          ],
          [
            9.531295,
            46.874087,
            550.0
          ],
          [
            9.531053,
            46.873743,
            550.0
          ],
          [
            9.530882,
            46.873528,
            550.0
          ],
          [
            9.530703,
            46.873313,
            550.0
          ],
          [
            9.530433,
            46.873031,
            550.0
          ],
          [
            9.53019,
            46.872803,
            550.0
          ],
          [
            9.529894,
            46.872545,
            550.0
          ],
          [
            9.52959,
            46.872312,
            550.0
          ],
          [
            9.529024,
            46.871925,
            550.0
          ],
          [
            9.528601,
            46.871668,
            550.0
          ],
          [
            9.528448,
            46.871594,
            550.0
          ],
          [
            9.52799,
            46.871391,
            550.0
          ],
          [
            9.527945,
            46.871219,
            550.0
          ],
          [
            9.527936,
            46.871133,
            550.0
          ],
          [
            9.527972,
            46.871084,
            550.0
          ],
          [
            9.528035,
            46.871084,
            550.0
          ],
          [
            9.528089,
            46.871071,
            550.0
          ],
          [
            9.528125,
            46.871053,
            550.0
          ],
          [
            9.528368,
            46.870887,
            551.0
          ],
          [
            9.528412,
            46.87085,
            551.0
          ],
          [
            9.528286,
            46.870783,
            552.0
          ],
          [
            9.528179,
            46.870703,
            552.0
          ],
          [
            9.527963,
            46.870543,
            553.0
          ],
          [
            9.527955,
            46.8705,
            553.0
          ],
          [
            9.527982,
            46.870451,
            554.0
          ],
          [
            9.528484,
            46.870046,
            556.0
          ],
          [
            9.528502,
            46.870003,
            557.0
          ],
          [
            9.529113,
            46.869518,
            560.0
          ],
          [
            9.528421,
            46.869162,
            560.0
          ],
          [
            9.528251,
            46.869082,
            560.0
          ],
          [
            9.528251,
            46.869082,
            560.0
          ],
          [
            9.527693,
            46.868824,
            560.0
          ],
          [
            9.527451,
            46.868732,
            560.0
          ],
          [
            9.527263,
            46.86856,
            560.0
          ],
          [
            9.52719,
            46.868474,
            560.0
          ],
          [
            9.52684,
            46.867927,
            560.0
          ],
          [
            9.526697,
            46.867743,
            560.0
          ],
          [
            9.526077,
            46.867006,
            560.0
          ],
          [
            9.525888,
            46.866785,
            560.0
          ],
          [
            9.525762,
            46.866619,
            560.0
          ],
          [
            9.525699,
            46.866465,
            560.0
          ],
          [
            9.525871,
            46.86582,
            561.0
          ],
          [
            9.525871,
            46.865741,
            561.0
          ],
          [
            9.525898,
            46.865587,
            561.0
          ],
          [
            9.525951,
            46.865336,
            562.0
          ],
          [
            9.525995,
            46.865182,
            562.0
          ],
          [
            9.526049,
            46.864998,
            563.0
          ],
          [
            9.526077,
            46.864942,
            563.0
          ],
          [
            9.526112,
            46.864893,
            563.0
          ],
          [
            9.526347,
            46.864703,
            564.0
          ],
          [
            9.5264,
            46.864648,
            564.0
          ],
          [
            9.526517,
            46.864395,
            565.0
          ],
          [
            9.526733,
            46.863892,
            567.0
          ],
          [
            9.526948,
            46.863363,
            568.0
          ],
          [
            9.525888,
            46.86313,
            569.0
          ],
          [
            9.525582,
            46.863063,
            569.0
          ],
          [
            9.525609,
            46.862983,
            569.0
          ],
          [
            9.525645,
            46.862928,
            568.0
          ],
          [
            9.525601,
            46.862891,
            568.0
          ],
          [
            9.525592,
            46.862842,
            568.0
          ],
          [
            9.525592,
            46.862811,
            568.0
          ],
          [
            9.525619,
            46.862694,
            568.0
          ],
          [
            9.525672,
            46.862541,
            568.0
          ],
          [
            9.525745,
            46.86235,
            569.0
          ],
          [
            9.525781,
            46.862228,
            568.0
          ],
          [
            9.525789,
            46.86216,
            568.0
          ],
          [
            9.525825,
            46.862105,
            568.0
          ],
          [
            9.525888,
            46.862061,
            568.0
          ],
          [
            9.526041,
            46.862018,
            568.0
          ],
          [
            9.526022,
            46.861994,
            568.0
          ],
          [
            9.525978,
            46.861945,
            570.0
          ],
          [
            9.525959,
            46.86192,
            570.0
          ],
          [
            9.525906,
            46.861841,
            570.0
          ],
          [
            9.525888,
            46.861816,
            570.0
          ],
          [
            9.525898,
            46.861742,
            570.0
          ],
          [
            9.525906,
            46.861625,
            570.0
          ],
          [
            9.525906,
            46.861509,
            570.0
          ],
          [
            9.525879,
            46.861337,
            570.0
          ],
          [
            9.525871,
            46.861177,
            572.0
          ],
          [
            9.525987,
            46.861079,
            573.0
          ],
          [
            9.526058,
            46.861017,
            571.0
          ],
          [
            9.525843,
            46.860852,
            571.0
          ],
          [
            9.525816,
            46.860803,
            571.0
          ],
          [
            9.525825,
            46.860692,
            571.0
          ],
          [
            9.525898,
            46.860317,
            571.0
          ],
          [
            9.525959,
            46.860145,
            572.0
          ],
          [
            9.526005,
            46.860053,
            573.0
          ],
          [
            9.526085,
            46.859899,
            574.0
          ],
          [
            9.526158,
            46.859752,
            574.0
          ],
          [
            9.526355,
            46.85947,
            572.0
          ],
          [
            9.526427,
            46.859408,
            572.0
          ],
          [
            9.526471,
            46.859396,
            572.0
          ],
          [
            9.526525,
            46.859402,
            571.0
          ],
          [
            9.526588,
            46.859414,
            571.0
          ],
          [
            9.526615,
            46.85934,
            575.0
          ],
          [
            9.526651,
            46.859285,
            576.0
          ],
          [
            9.52667,
            46.859248,
            576.0
          ],
          [
            9.526615,
            46.859156,
            577.0
          ],
          [
            9.526705,
            46.858923,
            577.0
          ],
          [
            9.526724,
            46.858867,
            577.0
          ],
          [
            9.526768,
            46.858776,
            577.0
          ],
          [
            9.526921,
            46.858456,
            577.0
          ],
          [
            9.527037,
            46.858191,
            577.0
          ],
          [
            9.527056,
            46.858155,
            578.0
          ],
          [
            9.527217,
            46.857817,
            578.0
          ],
          [
            9.527361,
            46.857516,
            578.0
          ],
          [
            9.527523,
            46.857172,
            579.0
          ],
          [
            9.527693,
            46.856797,
            580.0
          ],
          [
            9.527783,
            46.856607,
            580.0
          ],
          [
            9.528062,
            46.856017,
            581.0
          ],
          [
            9.528295,
            46.855501,
            583.0
          ],
          [
            9.528349,
            46.855403,
            583.0
          ],
          [
            9.528493,
            46.855096,
            583.0
          ],
          [
            9.528556,
            46.854961,
            583.0
          ],
          [
            9.528511,
            46.854881,
            585.0
          ],
          [
            9.528484,
            46.854825,
            585.0
          ],
          [
            9.528601,
            46.854592,
            585.0
          ],
          [
            9.528601,
            46.854555,
            585.0
          ],
          [
            9.528628,
            46.8545,
            586.0
          ],
          [
            9.528664,
            46.854444,
            583.0
          ],
          [
            9.528682,
            46.854408,
            580.0
          ],
          [
            9.528898,
            46.854211,
            580.0
          ],
          [
            9.528888,
            46.854186,
            584.0
          ],
          [
            9.528969,
            46.854119,
            585.0
          ],
          [
            9.529095,
            46.854009,
            585.0
          ],
          [
            9.529221,
            46.853898,
            587.0
          ],
          [
            9.529185,
            46.853879,
            590.0
          ],
          [
            9.52914,
            46.853855,
            590.0
          ],
          [
            9.52905,
            46.853805,
            590.0
          ],
          [
            9.529032,
            46.853799,
            590.0
          ],
          [
            9.529068,
            46.853762,
            590.0
          ]
        ]
      }
    }
  ]
}