{
  "type": "FeatureCollection",
  "features": [
    {
      "type": "Feature",
      "properties": {},
      "geometry": {
        "type": "LineString",
        "coordinates": [
          [
            8.079385,
            47.05541,
            570.0
          ],
          [
            8.079475,
            47.055397,
            570.0
          ],
          [
            8.079511,
            47.055477,
            570.0
          ],
          [
            8.079519,
            47.055514,
            570.0
          ],
          [
            8.079547,
            47.055587,
            570.0
          ],
          [
            8.079582,
            47.055624,
            565.0
          ],
          [
            8.079492,
            47.055605,
            565.0
          ],
          [
            8.079349,
            47.055636,
            565.0
          ],
          [
            8.079025,
            47.055703,
            565.0
          ],
          [
            8.078819,
            47.055752,
            566.0
          ],
          [
            8.078765,
            47.055764,
            566.0
          ],
          [
            8.078496,
            47.055807,
            566.0
          ],
          [
            8.07828,
            47.055862,
            566.0
          ],
          [
            8.078118,
            47.055911,
            566.0
          ],
          [
            8.077857,
            47.055997,
            566.0
          ],
          [
            8.077651,
            47.056077,
            567.0
          ],
          [
            8.077391,
            47.056193,
            567.0
          ],
          [
            8.077175,
            47.056285,
            567.0
          ],
          [
            8.077041,
            47.056352,
            567.0
          ],
          [
            8.076968,
            47.056395,
            567.0
          ],
          [
            8.075962,
            47.057001,
            568.0
          ],
          [
            8.075882,
            47.057056,
            568.0
          ],
          [
            8.075809,
            47.057099,
            568.0
          ],
          [
            8.075073,
            47.057533,
            569.0
          ],
          [
            8.074911,
            47.057631,
            569.0
          ],
          [
            8.074848,
            47.057668,
            569.0
          ],
          [
            8.074785,
            47.057692,
            570.0
          ],
          [
            8.07475,
            47.057698,
            570.0
          ],
          [
            8.074714,
            47.057692,
            570.0
          ],
          [
            8.074687,
            47.057686,
            570.0
          ],
          [
            8.074668,
            47.05768,
            570.0
          ],
          [
            8.074651,
            47.057674,
            570.0
          ],
          [
            8.074641,
            47.05768,
            570.0
          ],
          [
            8.074605,
            47.057704,
            570.0
          ],
          [
            8.07457,
            47.057723,
            570.0
          ],
          [
            8.074561,
            47.057729,
            570.0
          ],
          [
            8.074578,
            47.057766,
            570.0
          ],
          [
            8.074578,
            47.057778,
            570.0
          ],
          [
            8.074588,
            47.05779,
            570.0
          ],
          [
            8.074578,
            47.057808,
            570.0
          ],
          [
            8.074561,
            47.057845,
            570.0
          ],
          [
            8.074391,
            47.057955,
            570.0
          ],
          [
            8.074246,
            47.058047,
            570.0
          ],
          [
            8.074175,
            47.05809,
            570.0
          ],
          [
            8.073878,
            47.058274,
            570.0
          ],
          [
            8.073645,
            47.058414,
            570.0
          ],
          [
            8.073582,
            47.058432,
            570.0
          ],
          [
            8.073546,
            47.058451,
            570.0
          ],
          [
            8.073473,
            47.058475,
            570.0
          ],
          [
            8.073438,
            47.058487,
            570.0
          ],
          [
            8.073402,
            47.058487,
            570.0
          ],
          [
            8.073375,
            47.058487,
            570.0
          ],
          [
            8.073339,
            47.058487,
            570.0
          ],
          [
            8.073294,
            47.058481,
            570.0
          ],
          [
            8.073267,
            47.058481,
            570.0
          ],
          [
            8.073222,
            47.058481,
            570.0
          ],
          [
            8.073159,
            47.058494,
            570.0
          ],
          [
            8.073033,
            47.058506,
            570.0
          ],
          [
            8.073016,
            47.058506,
            570.0
          ],
          [
            8.07298,
            47.058506,
            570.0
          ],
          [
            8.072953,
            47.058506,
            570.0
          ],
          [
            8.072863,
            47.058487,
            570.0
          ],
          [
            8.072783,
            47.058475,
            570.0
          ],
          [
            8.07271,
            47.058475,
            570.0
          ],
          [
            8.072638,
            47.058475,
            570.0
          ],
          [
            8.072557,
            47.058481,
            570.0
          ],
          [
            8.071865,
            47.058402,
            570.0
          ],
          [
            8.071525,
            47.058353,
            570.0
          ],
          [
            8.071525,
            47.058359,
            570.0
          ],
          [
            8.071515,
            47.058396,
            570.0
          ],
          [
            8.071498,
            47.058439,
            570.0
          ],
          [
            8.071498,
            47.058445,
            570.0
          ],
          [
            8.071219,
            47.058408,
            570.0
          ],
          [
            8.070922,
            47.058359,
            570.0
          ],
          [
            8.070833,
            47.058341,
            570.0
          ],
          [
            8.070733,
            47.058304,
            570.0
          ],
          [
            8.070662,
            47.058268,
            571.0
          ],
          [
            8.070609,
            47.058237,
            571.0
          ],
          [
            8.070554,
            47.058188,
            571.0
          ],
          [
            8.070509,
            47.058145,
            571.0
          ],
          [
            8.070473,
            47.058103,
            571.0
          ],
          [
            8.070429,
            47.058103,
            571.0
          ],
          [
            8.070196,
            47.058084,
            573.0
          ],
          [
            8.070033,
            47.058109,
            575.0
          ],
          [
            8.069907,
            47.058158,
            576.0
          ],
          [
            8.069773,
            47.058249,
            578.0
          ],
          [
            8.06954,
            47.058365,
            582.0
          ],
          [
            8.069477,
            47.058371,
            583.0
          ],
          [
            8.069144,
            47.058292,
            590.0
          ],
          [
            8.069064,
            47.058268,
            591.0
          ],
          [
            8.068938,
            47.058194,
            594.0
          ],
          [
            8.068731,
            47.058084,
            599.0
          ],
          [
            8.068641,
            47.058029,
            601.0
          ],
          [
            8.06847,
            47.057882,
            605.0
          ],
          [
            8.068336,
            47.057753,
            608.0
          ],
          [
            8.068246,
            47.057692,
            609.0
          ],
          [
            8.067949,
            47.057563,
            614.0
          ],
          [
            8.067842,
            47.057521,
            615.0
          ],
          [
            8.067787,
            47.057496,
            616.0
          ],
          [
            8.067743,
            47.057484,
            617.0
          ],
          [
            8.067697,
            47.057484,
            618.0
          ],
          [
            8.067653,
            47.057478,
            618.0
          ],
          [
            8.067607,
            47.057484,
            619.0
          ],
          [
            8.067536,
            47.057502,
            620.0
          ],
          [
            8.067356,
            47.057557,
            623.0
          ],
          [
            8.067293,
            47.05757,
            624.0
          ],
          [
            8.06724,
            47.057582,
            625.0
          ],
          [
            8.067177,
            47.057588,
            626.0
          ],
          [
            8.06698,
            47.057594,
            630.0
          ],
          [
            8.066917,
            47.057594,
            630.0
          ],
          [
            8.066871,
            47.057606,
            631.0
          ],
          [
            8.066817,
            47.057619,
            632.0
          ],
          [
            8.066764,
            47.057637,
            632.0
          ],
          [
            8.066557,
            47.057741,
            635.0
          ],
          [
            8.066414,
            47.057808,
            637.0
          ],
          [
            8.066288,
            47.057864,
            639.0
          ],
          [
            8.066215,
            47.057882,
            640.0
          ],
          [
            8.066162,
            47.057894,
            641.0
          ],
          [
            8.066089,
            47.057906,
            642.0
          ],
          [
            8.066009,
            47.0579,
            643.0
          ],
          [
            8.065955,
            47.0579,
            643.0
          ],
          [
            8.065901,
            47.057882,
            644.0
          ],
          [
            8.065856,
            47.057851,
            645.0
          ],
          [
            8.065793,
            47.05779,
            646.0
          ],
          [
            8.065749,
            47.057723,
            647.0
          ],
          [
            8.065676,
            47.057582,
            648.0
          ],
          [
            8.065676,
            47.057576,
            648.0
          ],
          [
            8.065659,
            47.057527,
            649.0
          ],
          [
            8.065649,
            47.057478,
            650.0
          ],
          [
            8.065659,
            47.057435,
            650.0
          ],
          [
            8.065659,
            47.057386,
            651.0
          ],
          [
            8.065685,
            47.057307,
            652.0
          ],
          [
            8.065641,
            47.057295,
            652.0
          ],
          [
            8.065443,
            47.057093,
            656.0
          ],
          [
            8.064778,
            47.056707,
            665.0
          ],
          [
            8.064338,
            47.05648,
            673.0
          ],
          [
            8.06397,
            47.056395,
            680.0
          ],
          [
            8.063619,
            47.056328,
            685.0
          ],
          [
            8.063314,
            47.056285,
            690.0
          ],
          [
            8.063135,
            47.056285,
            693.0
          ],
          [
            8.062659,
            47.056346,
            699.0
          ],
          [
            8.062659,
            47.056346,
            700.0
          ],
          [
            8.062659,
            47.056346,
            700.0
          ],
          [
            8.062659,
            47.056346,
            699.0
          ],
          [
            8.063135,
            47.056285,
            693.0
          ],
          [
            8.063314,
            47.056285,
            690.0
          ],
          [
            8.063619,
            47.056328,
            685.0
          ],
          [
            8.06397,
            47.056395,
            680.0
          ],
          [
            8.064338,
            47.05648,
            673.0
          ],
          [
            8.064778,
            47.056707,
            665.0
          ],
          [
            8.065443,
            47.057093,
            656.0
          ],
          [
            8.065641,
            47.057295,
            652.0
          ],
          [
            8.065685,
            47.057307,
            652.0
          ],
          [
            8.065659,
            47.057386,
            651.0
          ],
          [
            8.065659,
            47.057435,
            650.0
          ],
          [
            8.065649,
            47.057478,
            650.0
          ],
          [
            8.065659,
            47.057527,
            649.0
          ],
          [
            8.065676,
            47.057576,
            648.0
          ],
          [
            8.065676,
            47.057582,
            648.0
          ],
          [
            8.065749,
            47.057723,
            647.0
          ],
          [
            8.065793,
            47.05779,
            646.0
          ],
          [
            8.065856,
            47.057851,
            645.0
          ],
          [
            8.065901,
            47.057882,
            644.0
          ],
          [
            8.065955,
            47.0579,
            643.0
          ],
          [
            8.066009,
            47.0579,
            643.0
          ],
          [
            8.066089,
            47.057906,
            642.0
          ],
          [
            8.066162,
            47.057894,
            641.0
          ],
          [
            8.066215,
            47.057882,
            640.0
          ],
          [
            8.066288,
            47.057864,
            639.0
          ],
          [
            8.066414,
            47.057808,
            637.0
          ],
          [
            8.066557,
            47.057741,
            635.0
          ],
          [
            8.066764,
            47.057637,
            632.0
          ],
          [
            8.066817,
            47.057619,
            632.0
          ],
          [
            8.066871,
            47.057606,
            631.0
          ],
          [
            8.066917,
            47.057594,
            630.0
          ],
          [
            8.06698,
            47.057594,
            630.0
          ],
          [
            8.067177,
            47.057588,
            626.0
          ],
          [
            8.06724,
            47.057582,
            625.0
          ],
          [
            8.067293,
            47.05757,
            624.0
          ],
          [
            8.067356,
            47.057557,
            623.0
          ],
          [
            8.067536,
            47.057502,
            620.0
          ],
          [
            8.067607,
            47.057484,
            619.0
          ],
          [
            8.067653,
            47.057478,
            618.0
          ],
          [
            8.067697,
            47.057484,
            618.0
          ],
          [
            8.067743,
            47.057484,
            617.0
          ],
          [
            8.067787,
            47.057496,
            616.0
          ],
          [
            8.067842,
            47.057521,
            615.0
          ],
          [
            8.067949,
            47.057563,
            614.0
          ],
          [
            8.068246,
            47.057692,
            609.0
          ],
          [
            8.068336,
            47.057753,
            608.0
          ],
          [
            8.06847,
            47.057882,
            605.0
          ],
          [
            8.068641,
            47.058029,
            601.0
          ],
          [
            8.068731,
            47.058084,
            599.0
          ],
          [
            8.068938,
            47.058194,
            594.0
          ],
          [
            8.069064,
            47.058268,
            591.0
          ],
          [
            8.069144,
            47.058292,
            590.0
          ],
          [
            8.069477,
            47.058371,
            583.0
          ],
          [
            8.06954,
            47.058365,
            582.0
          ],
          [
            8.069773,
            47.058249,
            578.0
          ],
          [
            8.069907,
            47.058158,
            576.0
          ],
          [
            8.070033,
            47.058109,
            575.0
          ],
          [
            8.070196,
            47.058084,
            573.0
          ],
          [
            8.070087,
            47.058047,
            574.0
          ],
          [
            8.069485,
            47.057778,
            574.0
          ],
          [
            8.069144,
            47.057612,
            574.0
          ],
          [
            8.068946,
            47.057496,
            574.0
          ],
          [
            8.068749,
            47.057331,
            574.0
          ],
          [
            8.068614,
            47.057178,
            575.0
          ],
          [
            8.068515,
            47.056976,
            575.0
          ],
          [
            8.068345,
            47.056462,
            575.0
          ],
          [
            8.068326,
            47.056297,
            575.0
          ],
          [
            8.068362,
            47.055789,
            576.0
          ],
          [
            8.068372,
            47.055727,
            576.0
          ],
          [
            8.06838,
            47.055697,
            576.0
          ],
          [
            8.068362,
            47.055691,
            576.0
          ],
          [
            8.068353,
            47.055685,
            576.0
          ],
          [
            8.068336,
            47.055672,
            576.0
          ],
          [
            8.068326,
            47.05566,
            576.0
          ],
          [
            8.068309,
            47.055636,
            576.0
          ],
          [
            8.068192,
            47.055404,
            576.0
          ],
          [
            8.068146,
            47.055312,
            576.0
          ],
          [
            8.067985,
            47.055005,
            576.0
          ],
          [
            8.067976,
            47.054987,
            576.0
          ],
          [
            8.06785,
            47.05473,
            577.0
          ],
          [
            8.067823,
            47.054675,
            577.0
          ],
          [
            8.067787,
            47.054602,
            577.0
          ],
          [
            8.06776,
            47.054547,
            577.0
          ],
          [
            8.067743,
            47.05451,
            577.0
          ],
          [
            8.067643,
            47.054283,
            577.0
          ],
          [
            8.067617,
            47.05424,
            577.0
          ],
          [
            8.067509,
            47.054002,
            577.0
          ],
          [
            8.067383,
            47.053733,
            578.0
          ],
          [
            8.067194,
            47.053488,
            578.0
          ],
          [
            8.067167,
            47.053463,
            578.0
          ],
          [
            8.066988,
            47.053286,
            578.0
          ],
          [
            8.066961,
            47.053255,
            578.0
          ],
          [
            8.06671,
            47.05301,
            578.0
          ],
          [
            8.066521,
            47.052784,
            578.0
          ],
          [
            8.066351,
            47.052582,
            579.0
          ],
          [
            8.066215,
            47.052423,
            579.0
          ],
          [
            8.065972,
            47.052111,
            579.0
          ],
          [
            8.065955,
            47.05208,
            579.0
          ],
          [
            8.065909,
            47.052001,
            579.0
          ],
          [
            8.065578,
            47.051468,
            580.0
          ],
          [
            8.065569,
            47.051449,
            580.0
          ],
          [
            8.065551,
            47.051425,
            580.0
          ],
          [
            8.065533,
            47.051413,
            580.0
          ],
          [
            8.065515,
            47.0514,
            580.0
          ],
          [
            8.065496,
            47.051388,
            580.0
          ],
          [
            8.065462,
            47.051376,
            580.0
          ],
          [
            8.065443,
            47.051364,
            580.0
          ],
          [
            8.065425,
            47.051357,
            580.0
          ],
          [
            8.065407,
            47.051339,
            580.0
          ],
          [
            8.065317,
            47.051229,
            580.0
          ],
          [
            8.065219,
            47.051107,
            583.0
          ],
          [
            8.065164,
            47.051077,
            584.0
          ],
          [
            8.065129,
            47.051064,
            585.0
          ],
          [
            8.065102,
            47.051064,
            585.0
          ],
          [
            8.065066,
            47.05107,
            586.0
          ],
          [
            8.065003,
            47.051089,
            587.0
          ],
          [
            8.064985,
            47.051101,
            587.0
          ],
          [
            8.064967,
            47.051119,
            588.0
          ],
          [
            8.064967,
            47.05115,
            589.0
          ],
          [
            8.064957,
            47.051266,
            592.0
          ],
          [
            8.064949,
            47.05129,
            593.0
          ],
          [
            8.06493,
            47.051309,
            593.0
          ],
          [
            8.064913,
            47.051321,
            594.0
          ],
          [
            8.064877,
            47.051333,
            595.0
          ],
          [
            8.064814,
            47.051339,
            596.0
          ],
          [
            8.06477,
            47.051333,
            597.0
          ],
          [
            8.064706,
            47.051321,
            598.0
          ],
          [
            8.064643,
            47.051327,
            600.0
          ],
          [
            8.064517,
            47.051327,
            602.0
          ],
          [
            8.064481,
            47.051333,
            603.0
          ],
          [
            8.064428,
            47.051339,
            604.0
          ],
          [
            8.064383,
            47.051339,
            605.0
          ],
          [
            8.064347,
            47.051339,
            606.0
          ],
          [
            8.06433,
            47.051327,
            606.0
          ],
          [
            8.064301,
            47.051315,
            607.0
          ],
          [
            8.064284,
            47.051302,
            608.0
          ],
          [
            8.064248,
            47.051248,
            609.0
          ],
          [
            8.064221,
            47.051217,
            610.0
          ],
          [
            8.064194,
            47.051199,
            611.0
          ],
          [
            8.064177,
            47.051186,
            611.0
          ],
          [
            8.064014,
            47.051144,
            614.0
          ],
          [
            8.063978,
            47.051132,
            615.0
          ],
          [
            8.063961,
            47.051119,
            616.0
          ],
          [
            8.063943,
            47.051101,
            616.0
          ],
          [
            8.063934,
            47.051077,
            617.0
          ],
          [
            8.063934,
            47.051052,
            617.0
          ],
          [
            8.063943,
            47.051021,
            618.0
          ],
          [
            8.063951,
            47.050979,
            619.0
          ],
          [
            8.063961,
            47.050954,
            620.0
          ],
          [
            8.063961,
            47.050942,
            620.0
          ],
          [
            8.063951,
            47.050929,
            621.0
          ],
          [
            8.063925,
            47.050893,
            622.0
          ],
          [
            8.06388,
            47.050825,
            624.0
          ],
          [
            8.063862,
            47.050813,
            624.0
          ],
          [
            8.063844,
            47.050807,
            624.0
          ],
          [
            8.063772,
            47.050789,
            626.0
          ],
          [
            8.063655,
            47.050758,
            628.0
          ],
          [
            8.063431,
            47.050678,
            633.0
          ],
          [
            8.063385,
            47.050666,
            633.0
          ],
          [
            8.063359,
            47.05066,
            634.0
          ],
          [
            8.063251,
            47.05066,
            636.0
          ],
          [
            8.063152,
            47.05066,
            638.0
          ],
          [
            8.062936,
            47.050635,
            641.0
          ],
          [
            8.062846,
            47.050617,
            643.0
          ],
          [
            8.062793,
            47.050599,
            644.0
          ],
          [
            8.062766,
            47.05058,
            644.0
          ],
          [
            8.062757,
            47.05055,
            645.0
          ],
          [
            8.062757,
            47.050525,
            646.0
          ],
          [
            8.062766,
            47.050501,
            646.0
          ],
          [
            8.062783,
            47.05047,
            647.0
          ],
          [
            8.063053,
            47.050269,
            654.0
          ],
          [
            8.06308,
            47.050244,
            654.0
          ],
          [
            8.063089,
            47.05022,
            655.0
          ],
          [
            8.063089,
            47.050195,
            656.0
          ],
          [
            8.06308,
            47.050183,
            656.0
          ],
          [
            8.063053,
            47.050171,
            657.0
          ],
          [
            8.063035,
            47.050165,
            657.0
          ],
          [
            8.062982,
            47.050152,
            658.0
          ],
          [
            8.062901,
            47.050146,
            660.0
          ],
          [
            8.062793,
            47.050152,
            662.0
          ],
          [
            8.062712,
            47.050158,
            663.0
          ],
          [
            8.062649,
            47.050158,
            665.0
          ],
          [
            8.062514,
            47.05014,
            667.0
          ],
          [
            8.062479,
            47.050134,
            668.0
          ],
          [
            8.06247,
            47.050115,
            668.0
          ],
          [
            8.062479,
            47.050097,
            669.0
          ],
          [
            8.062523,
            47.050073,
            670.0
          ],
          [
            8.062577,
            47.050048,
            671.0
          ],
          [
            8.062757,
            47.049975,
            676.0
          ],
          [
            8.06282,
            47.049944,
            678.0
          ],
          [
            8.062856,
            47.049919,
            679.0
          ],
          [
            8.062919,
            47.04987,
            681.0
          ],
          [
            8.062928,
            47.049852,
            682.0
          ],
          [
            8.062936,
            47.049834,
            683.0
          ],
          [
            8.062936,
            47.049821,
            683.0
          ],
          [
            8.062928,
            47.049809,
            684.0
          ],
          [
            8.062883,
            47.049791,
            685.0
          ],
          [
            8.062838,
            47.049785,
            686.0
          ],
          [
            8.062793,
            47.049785,
            687.0
          ],
          [
            8.062722,
            47.049791,
            689.0
          ],
          [
            8.06264,
            47.049803,
            691.0
          ],
          [
            8.062596,
            47.049803,
            692.0
          ],
          [
            8.062577,
            47.049791,
            693.0
          ],
          [
            8.062577,
            47.049778,
            693.0
          ],
          [
            8.062604,
            47.04976,
            694.0
          ],
          [
            8.062659,
            47.049736,
            695.0
          ],
          [
            8.06273,
            47.04968,
            697.0
          ],
          [
            8.062757,
            47.049656,
            698.0
          ],
          [
            8.062783,
            47.049619,
            699.0
          ],
          [
            8.062793,
            47.049564,
            701.0
          ],
          [
            8.062802,
            47.049528,
            702.0
          ],
          [
            8.062783,
            47.049509,
            703.0
          ],
          [
            8.062748,
            47.049497,
            704.0
          ],
          [
            8.062667,
            47.049503,
            706.0
          ],
          [
            8.062596,
            47.049509,
            708.0
          ],
          [
            8.062569,
            47.049509,
            708.0
          ],
          [
            8.062533,
            47.049503,
            709.0
          ],
          [
            8.062523,
            47.049485,
            710.0
          ],
          [
            8.062533,
            47.04946,
            711.0
          ],
          [
            8.062569,
            47.049412,
            713.0
          ],
          [
            8.062577,
            47.049393,
            714.0
          ],
          [
            8.062577,
            47.049375,
            715.0
          ],
          [
            8.062569,
            47.04932,
            717.0
          ],
          [
            8.06255,
            47.049295,
            718.0
          ],
          [
            8.062523,
            47.049283,
            719.0
          ],
          [
            8.062299,
            47.049252,
            723.0
          ],
          [
            8.062128,
            47.049222,
            725.0
          ],
          [
            8.061948,
            47.049179,
            728.0
          ],
          [
            8.061382,
            47.049001,
            739.0
          ],
          [
            8.061175,
            47.04894,
            743.0
          ],
          [
            8.060961,
            47.048879,
            746.0
          ],
          [
            8.060835,
            47.048842,
            748.0
          ],
          [
            8.060682,
            47.048775,
            752.0
          ],
          [
            8.060583,
            47.048732,
            754.0
          ],
          [
            8.060493,
            47.048671,
            756.0
          ],
          [
            8.060439,
            47.048622,
            758.0
          ],
          [
            8.060385,
            47.048573,
            760.0
          ],
          [
            8.060349,
            47.048524,
            762.0
          ],
          [
            8.060305,
            47.048402,
            766.0
          ],
          [
            8.060278,
            47.048353,
            768.0
          ],
          [
            8.060251,
            47.048328,
            769.0
          ],
          [
            8.060188,
            47.048291,
            770.0
          ],
          [
            8.059892,
            47.048156,
            777.0
          ],
          [
            8.059567,
            47.04804,
            782.0
          ],
          [
            8.059317,
            47.047985,
            785.0
          ],
          [
            8.058912,
            47.047936,
            790.0
          ],
          [
            8.058822,
            47.04793,
            791.0
          ],
          [
            8.058732,
            47.047936,
            792.0
          ],
          [
            8.058615,
            47.047954,
            793.0
          ],
          [
            8.058562,
            47.04793,
            794.0
          ],
          [
            8.058464,
            47.047899,
            795.0
          ],
          [
            8.058454,
            47.047869,
            795.0
          ],
          [
            8.058454,
            47.047857,
            795.0
          ],
          [
            8.058435,
            47.047832,
            795.0
          ],
          [
            8.058418,
            47.047814,
            794.0
          ],
          [
            8.058221,
            47.047667,
            793.0
          ],
          [
            8.057915,
            47.047453,
            792.0
          ],
          [
            8.057843,
            47.047398,
            791.0
          ],
          [
            8.057789,
            47.047367,
            791.0
          ],
          [
            8.057735,
            47.047336,
            791.0
          ],
          [
            8.057636,
            47.047287,
            790.0
          ],
          [
            8.057583,
            47.047263,
            790.0
          ],
          [
            8.057519,
            47.047232,
            790.0
          ],
          [
            8.057439,
            47.047171,
            790.0
          ],
          [
            8.057332,
            47.047097,
            790.0
          ],
          [
            8.057242,
            47.047024,
            790.0
          ],
          [
            8.057196,
            47.046994,
            790.0
          ],
          [
            8.05716,
            47.046975,
            790.0
          ],
          [
            8.057106,
            47.046957,
            790.0
          ],
          [
            8.057017,
            47.046945,
            790.0
          ],
          [
            8.056882,
            47.046914,
            790.0
          ],
          [
            8.056703,
            47.046878,
            790.0
          ],
          [
            8.056604,
            47.046841,
            790.0
          ],
          [
            8.056523,
            47.046804,
            790.0
          ],
          [
            8.05646,
            47.046773,
            790.0
          ],
          [
            8.056351,
            47.046712,
            790.0
          ],
          [
            8.0562,
            47.046614,
            790.0
          ],
          [
            8.056091,
            47.046553,
            790.0
          ],
          [
            8.055975,
            47.046485,
            790.0
          ],
          [
            8.055867,
            47.046436,
            790.0
          ],
          [
            8.055759,
            47.046387,
            790.0
          ],
          [
            8.055625,
            47.046338,
            790.0
          ],
          [
            8.055148,
            47.046173,
            789.0
          ],
          [
            8.054869,
            47.046082,
            788.0
          ],
          [
            8.054546,
            47.045984,
            788.0
          ],
          [
            8.054456,
            47.045953,
            788.0
          ],
          [
            8.054367,
            47.045916,
            787.0
          ],
          [
            8.054286,
            47.045874,
            787.0
          ],
          [
            8.054223,
            47.045831,
            787.0
          ],
          [
            8.05408,
            47.045726,
            787.0
          ],
          [
            8.053936,
            47.045604,
            786.0
          ],
          [
            8.05389,
            47.045567,
            786.0
          ],
          [
            8.053846,
            47.045518,
            786.0
          ],
          [
            8.05381,
            47.045469,
            786.0
          ],
          [
            8.053791,
            47.045432,
            786.0
          ],
          [
            8.053774,
            47.045402,
            786.0
          ],
          [
            8.053756,
            47.045316,
            786.0
          ],
          [
            8.053747,
            47.045286,
            786.0
          ],
          [
            8.05373,
            47.045255,
            785.0
          ],
          [
            8.053711,
            47.045231,
            785.0
          ],
          [
            8.053675,
            47.045188,
            785.0
          ],
          [
            8.053577,
            47.045108,
            785.0
          ],
          [
            8.053253,
            47.044827,
            784.0
          ],
          [
            8.053064,
            47.04463,
            784.0
          ],
          [
            8.052866,
            47.044423,
            783.0
          ],
          [
            8.052785,
            47.044356,
            783.0
          ],
          [
            8.052732,
            47.044307,
            783.0
          ],
          [
            8.052678,
            47.04427,
            783.0
          ],
          [
            8.052598,
            47.044209,
            783.0
          ],
          [
            8.052418,
            47.044098,
            782.0
          ],
          [
            8.052292,
            47.044019,
            782.0
          ],
          [
            8.052202,
            47.043951,
            782.0
          ],
          [
            8.052076,
            47.043859,
            781.0
          ],
          [
            8.051942,
            47.043743,
            781.0
          ],
          [
            8.051869,
            47.043682,
            781.0
          ],
          [
            8.051824,
            47.043633,
            781.0
          ],
          [
            8.051789,
            47.043597,
            781.0
          ],
          [
            8.051762,
            47.043548,
            781.0
          ],
          [
            8.051726,
            47.043499,
            780.0
          ],
          [
            8.051573,
            47.04318,
            780.0
          ],
          [
            8.05143,
            47.042941,
            780.0
          ],
          [
            8.051367,
            47.042819,
            780.0
          ],
          [
            8.051357,
            47.042788,
            780.0
          ],
          [
            8.051357,
            47.042764,
            780.0
          ],
          [
            8.051357,
            47.042733,
            780.0
          ],
          [
            8.051357,
            47.042715,
            780.0
          ],
          [
            8.051376,
            47.042691,
            780.0
          ],
          [
            8.051393,
            47.042672,
            780.0
          ],
          [
            8.05142,
            47.042648,
            780.0
          ],
          [
            8.051466,
            47.042623,
            780.0
          ],
          [
            8.05151,
            47.042605,
            780.0
          ],
          [
            8.051573,
            47.042586,
            780.0
          ],
          [
            8.051645,
            47.042574,
            781.0
          ],
          [
            8.052309,
            47.042476,
            787.0
          ],
          [
            8.052435,
            47.042427,
            788.0
          ],
          [
            8.052472,
            47.042341,
            789.0
          ],
          [
            8.052508,
            47.041999,
            793.0
          ],
          [
            8.052516,
            47.041876,
            794.0
          ],
          [
            8.052489,
            47.041754,
            795.0
          ],
          [
            8.052409,
            47.041423,
            799.0
          ],
          [
            8.052409,
            47.041264,
            800.0
          ],
          [
            8.052489,
            47.041081,
            801.0
          ],
          [
            8.052678,
            47.040774,
            804.0
          ],
          [
            8.052822,
            47.040633,
            805.0
          ],
          [
            8.052992,
            47.040572,
            806.0
          ],
          [
            8.053827,
            47.04037,
            810.0
          ],
          [
            8.053953,
            47.040352,
            810.0
          ],
          [
            8.05407,
            47.04034,
            810.0
          ],
          [
            8.054267,
            47.040321,
            810.0
          ],
          [
            8.054466,
            47.040291,
            810.0
          ],
          [
            8.054699,
            47.040248,
            810.0
          ],
          [
            8.054852,
            47.040217,
            810.0
          ],
          [
            8.05495,
            47.04018,
            810.0
          ],
          [
            8.055076,
            47.040138,
            810.0
          ],
          [
            8.055248,
            47.04004,
            810.0
          ],
          [
            8.055399,
            47.039978,
            810.0
          ],
          [
            8.055615,
            47.039892,
            810.0
          ],
          [
            8.055705,
            47.039843,
            810.0
          ],
          [
            8.055768,
            47.039807,
            809.0
          ],
          [
            8.055804,
            47.039764,
            809.0
          ],
          [
            8.055848,
            47.039709,
            808.0
          ],
          [
            8.055875,
            47.039648,
            808.0
          ],
          [
            8.055894,
            47.039581,
            807.0
          ],
          [
            8.055912,
            47.039489,
            807.0
          ],
          [
            8.055975,
            47.039017,
            803.0
          ],
          [
            8.056011,
            47.03876,
            801.0
          ],
          [
            8.056047,
            47.038589,
            799.0
          ],
          [
            8.056064,
            47.038534,
            798.0
          ],
          [
            8.056118,
            47.038399,
            796.0
          ],
          [
            8.0562,
            47.038221,
            794.0
          ],
          [
            8.056235,
            47.038105,
            793.0
          ],
          [
            8.056271,
            47.037995,
            791.0
          ],
          [
            8.05628,
            47.037879,
            790.0
          ],
          [
            8.056262,
            47.037603,
            787.0
          ],
          [
            8.056271,
            47.037425,
            785.0
          ],
          [
            8.056271,
            47.037358,
            784.0
          ],
          [
            8.056262,
            47.037132,
            783.0
          ],
          [
            8.056235,
            47.036948,
            783.0
          ],
          [
            8.056082,
            47.036017,
            781.0
          ],
          [
            8.056064,
            47.035913,
            781.0
          ],
          [
            8.056055,
            47.035852,
            780.0
          ],
          [
            8.056055,
            47.035797,
            780.0
          ],
          [
            8.056074,
            47.035736,
            780.0
          ],
          [
            8.056091,
            47.035669,
            780.0
          ],
          [
            8.0562,
            47.035411,
            776.0
          ],
          [
            8.056235,
            47.035338,
            775.0
          ],
          [
            8.056271,
            47.035295,
            775.0
          ],
          [
            8.05629,
            47.035276,
            774.0
          ],
          [
            8.056351,
            47.03524,
            773.0
          ],
          [
            8.056424,
            47.035209,
            773.0
          ],
          [
            8.05655,
            47.035178,
            771.0
          ],
          [
            8.05655,
            47.035178,
            771.0
          ],
          [
            8.056424,
            47.035209,
            773.0
          ],
          [
            8.056351,
            47.03524,
            773.0
          ],
          [
            8.05629,
            47.035276,
            774.0
          ],
          [
            8.056271,
            47.035295,
            775.0
          ],
          [
            8.056235,
            47.035338,
            775.0
          ],
          [
            8.0562,
            47.035411,
            776.0
          ],
          [
            8.056091,
            47.035669,
            780.0
          ],
          [
            8.056074,
            47.035736,
            780.0
          ],
          [
            8.056055,
            47.035797,
            780.0
          ],
          [
            8.056055,
            47.035852,
            780.0
          ],
          [
            8.056064,
            47.035913,
            781.0
          ],
          [
            8.056082,
            47.036017,
            781.0
          ],
          [
            8.056235,
            47.036948,
            783.0
          ],
          [
            8.056262,
            47.037132,
            783.0
          ],
          [
            8.056271,
            47.037358,
            784.0
          ],
          [
            8.056208,
            47.037364,
            784.0
          ],
          [
            8.056181,
            47.037376,
            783.0
          ],
          [
            8.056154,
            47.037401,
            783.0
          ],
          [
            8.056137,
            47.037437,
            782.0
          ],
          [
            8.056127,
            47.037511,
            782.0
          ],
          [
            8.05611,
            47.037566,
            781.0
          ],
          [
            8.056082,
            47.037627,
            780.0
          ],
          [
            8.055965,
            47.037817,
            778.0
          ],
          [
            8.055938,
            47.03786,
            777.0
          ],
          [
            8.055912,
            47.037885,
            777.0
          ],
          [
            8.055867,
            47.037922,
            776.0
          ],
          [
            8.055814,
            47.03794,
            775.0
          ],
          [
            8.055741,
            47.037952,
            775.0
          ],
          [
            8.055651,
            47.037958,
            774.0
          ],
          [
            8.055544,
            47.037965,
            773.0
          ],
          [
            8.055355,
            47.037965,
            771.0
          ],
          [
            8.055248,
            47.037965,
            770.0
          ],
          [
            8.055095,
            47.037983,
            769.0
          ],
          [
            8.054933,
            47.03802,
            767.0
          ],
          [
            8.054816,
            47.038044,
            766.0
          ],
          [
            8.054709,
            47.038062,
            765.0
          ],
          [
            8.054654,
            47.038068,
            764.0
          ],
          [
            8.054609,
            47.038062,
            764.0
          ],
          [
            8.054546,
            47.03805,
            763.0
          ],
          [
            8.054493,
            47.038032,
            763.0
          ],
          [
            8.054466,
            47.038001,
            762.0
          ],
          [
            8.054447,
            47.037965,
            762.0
          ],
          [
            8.05443,
            47.037915,
            761.0
          ],
          [
            8.054412,
            47.037646,
            759.0
          ],
          [
            8.054367,
            47.037303,
            758.0
          ],
          [
            8.054313,
            47.036746,
            755.0
          ],
          [
            8.054267,
            47.036568,
            754.0
          ],
          [
            8.054026,
            47.035919,
            752.0
          ],
          [
            8.053963,
            47.03584,
            751.0
          ],
          [
            8.053881,
            47.035791,
            751.0
          ],
          [
            8.05381,
            47.035779,
            751.0
          ],
          [
            8.053612,
            47.035791,
            750.0
          ],
          [
            8.053487,
            47.035809,
            749.0
          ],
          [
            8.053145,
            47.035913,
            744.0
          ],
          [
            8.052749,
            47.036048,
            739.0
          ],
          [
            8.052633,
            47.036103,
            738.0
          ],
          [
            8.052525,
            47.036183,
            737.0
          ],
          [
            8.052409,
            47.036336,
            735.0
          ],
          [
            8.052355,
            47.036379,
            734.0
          ],
          [
            8.052282,
            47.036409,
            734.0
          ],
          [
            8.052156,
            47.036434,
            732.0
          ],
          [
            8.051699,
            47.036428,
            728.0
          ],
          [
            8.05151,
            47.036434,
            727.0
          ],
          [
            8.05142,
            47.036434,
            726.0
          ],
          [
            8.05133,
            47.036379,
            724.0
          ],
          [
            8.05124,
            47.036287,
            723.0
          ],
          [
            8.051088,
            47.036097,
            719.0
          ],
          [
            8.050575,
            47.035497,
            702.0
          ],
          [
            8.050315,
            47.035178,
            696.0
          ],
          [
            8.050001,
            47.034854,
            689.0
          ],
          [
            8.049713,
            47.034609,
            682.0
          ],
          [
            8.049453,
            47.034431,
            676.0
          ],
          [
            8.049319,
            47.034303,
            671.0
          ],
          [
            8.049292,
            47.034254,
            670.0
          ],
          [
            8.049309,
            47.034205,
            668.0
          ],
          [
            8.049632,
            47.033991,
            659.0
          ],
          [
            8.049713,
            47.033923,
            656.0
          ],
          [
            8.049749,
            47.033832,
            654.0
          ],
          [
            8.049768,
            47.033782,
            652.0
          ],
          [
            8.049749,
            47.033764,
            652.0
          ],
          [
            8.049705,
            47.033733,
            651.0
          ],
          [
            8.049632,
            47.033715,
            649.0
          ],
          [
            8.049561,
            47.033703,
            648.0
          ],
          [
            8.049489,
            47.033703,
            646.0
          ],
          [
            8.049327,
            47.033709,
            643.0
          ],
          [
            8.049237,
            47.033715,
            642.0
          ],
          [
            8.049139,
            47.033733,
            640.0
          ],
          [
            8.049084,
            47.03374,
            639.0
          ],
          [
            8.04903,
            47.03374,
            638.0
          ],
          [
            8.048977,
            47.033733,
            636.0
          ],
          [
            8.048366,
            47.033532,
            629.0
          ],
          [
            8.048267,
            47.033617,
            629.0
          ],
          [
            8.04816,
            47.033721,
            629.0
          ],
          [
            8.048114,
            47.033758,
            629.0
          ],
          [
            8.048061,
            47.033795,
            629.0
          ],
          [
            8.048007,
            47.033825,
            629.0
          ],
          [
            8.047917,
            47.033874,
            629.0
          ],
          [
            8.047801,
            47.03393,
            629.0
          ],
          [
            8.047611,
            47.034009,
            629.0
          ],
          [
            8.047279,
            47.034138,
            630.0
          ],
          [
            8.047109,
            47.034211,
            630.0
          ],
          [
            8.047036,
            47.034248,
            630.0
          ],
          [
            8.046956,
            47.034297,
            630.0
          ],
          [
            8.046883,
            47.034346,
            630.0
          ],
          [
            8.046776,
            47.034419,
            630.0
          ],
          [
            8.046282,
            47.034811,
            630.0
          ],
          [
            8.045851,
            47.035117,
            630.0
          ],
          [
            8.045491,
            47.035325,
            632.0
          ],
          [
            8.045248,
            47.035454,
            634.0
          ],
          [
            8.044979,
            47.035589,
            635.0
          ],
          [
            8.044701,
            47.035718,
            637.0
          ],
          [
            8.044593,
            47.035773,
            638.0
          ],
          [
            8.044522,
            47.035797,
            638.0
          ],
          [
            8.04444,
            47.035821,
            639.0
          ],
          [
            8.044332,
            47.035846,
            639.0
          ],
          [
            8.04418,
            47.035876,
            640.0
          ],
          [
            8.042877,
            47.036054,
            640.0
          ],
          [
            8.04277,
            47.036066,
            640.0
          ],
          [
            8.04268,
            47.036085,
            640.0
          ],
          [
            8.042617,
            47.036109,
            640.0
          ],
          [
            8.042563,
            47.036127,
            640.0
          ],
          [
            8.042509,
            47.036164,
            640.0
          ],
          [
            8.042222,
            47.036385,
            640.0
          ],
          [
            8.042149,
            47.03644,
            640.0
          ],
          [
            8.042051,
            47.036495,
            640.0
          ],
          [
            8.041961,
            47.036532,
            640.0
          ],
          [
            8.04188,
            47.036562,
            640.0
          ],
          [
            8.041772,
            47.036587,
            640.0
          ],
          [
            8.041665,
            47.036599,
            640.0
          ],
          [
            8.041539,
            47.036599,
            640.0
          ],
          [
            8.041395,
            47.036587,
            640.0
          ],
          [
            8.041269,
            47.036562,
            640.0
          ],
          [
            8.041009,
            47.036489,
            640.0
          ],
          [
            8.040892,
            47.03644,
            640.0
          ],
          [
            8.040317,
            47.036183,
            640.0
          ],
          [
            8.039734,
            47.035913,
            641.0
          ],
          [
            8.039698,
            47.035907,
            641.0
          ],
          [
            8.039661,
            47.035895,
            641.0
          ],
          [
            8.039598,
            47.035882,
            642.0
          ],
          [
            8.039526,
            47.035876,
            642.0
          ],
          [
            8.039455,
            47.035876,
            642.0
          ],
          [
            8.039319,
            47.035889,
            642.0
          ],
          [
            8.038592,
            47.036005,
            644.0
          ],
          [
            8.038394,
            47.036029,
            644.0
          ],
          [
            8.038394,
            47.035931,
            644.0
          ],
          [
            8.038413,
            47.035791,
            645.0
          ],
          [
            8.038413,
            47.035742,
            645.0
          ],
          [
            8.038224,
            47.035711,
            645.0
          ],
          [
            8.038187,
            47.035705,
            645.0
          ],
          [
            8.03817,
            47.035693,
            645.0
          ],
          [
            8.038161,
            47.035681,
            645.0
          ],
          [
            8.038053,
            47.035546,
            645.0
          ],
          [
            8.037856,
            47.035381,
            646.0
          ],
          [
            8.037685,
            47.035301,
            646.0
          ],
          [
            8.037577,
            47.035227,
            646.0
          ],
          [
            8.037407,
            47.035093,
            647.0
          ],
          [
            8.037335,
            47.035044,
            647.0
          ],
          [
            8.037174,
            47.034971,
            647.0
          ],
          [
            8.036975,
            47.034897,
            647.0
          ],
          [
            8.036885,
            47.034885,
            647.0
          ],
          [
            8.036706,
            47.03486,
            648.0
          ],
          [
            8.036598,
            47.034854,
            648.0
          ],
          [
            8.036455,
            47.034867,
            648.0
          ],
          [
            8.036329,
            47.034891,
            648.0
          ],
          [
            8.036113,
            47.034952,
            648.0
          ],
          [
            8.035969,
            47.035001,
            649.0
          ],
          [
            8.035862,
            47.035032,
            649.0
          ],
          [
            8.035799,
            47.035019,
            649.0
          ],
          [
            8.035654,
            47.035087,
            649.0
          ],
          [
            8.035547,
            47.03516,
            649.0
          ],
          [
            8.035421,
            47.035246,
            650.0
          ],
          [
            8.03526,
            47.035362,
            650.0
          ],
          [
            8.035214,
            47.035387,
            650.0
          ],
          [
            8.035178,
            47.035405,
            650.0
          ],
          [
            8.035134,
            47.035423,
            650.0
          ],
          [
            8.034981,
            47.035466,
            651.0
          ],
          [
            8.03491,
            47.035503,
            652.0
          ],
          [
            8.034874,
            47.035534,
            652.0
          ],
          [
            8.03482,
            47.035577,
            653.0
          ],
          [
            8.03473,
            47.035669,
            654.0
          ],
          [
            8.034487,
            47.035405,
            658.0
          ],
          [
            8.034172,
            47.035172,
            664.0
          ],
          [
            8.034128,
            47.035123,
            666.0
          ],
          [
            8.034082,
            47.03505,
            668.0
          ],
          [
            8.034056,
            47.034983,
            670.0
          ],
          [
            8.034046,
            47.034903,
            672.0
          ],
          [
            8.034056,
            47.034818,
            674.0
          ],
          [
            8.034074,
            47.034707,
            678.0
          ],
          [
            8.034011,
            47.034707,
            679.0
          ],
          [
            8.033903,
            47.034738,
            681.0
          ],
          [
            8.033822,
            47.034769,
            682.0
          ],
          [
            8.03366,
            47.034756,
            685.0
          ],
          [
            8.033508,
            47.034732,
            687.0
          ],
          [
            8.033436,
            47.034732,
            688.0
          ],
          [
            8.033266,
            47.034756,
            691.0
          ],
          [
            8.033094,
            47.034781,
            695.0
          ],
          [
            8.03304,
            47.034775,
            696.0
          ],
          [
            8.033004,
            47.034762,
            697.0
          ],
          [
            8.032996,
            47.034744,
            697.0
          ],
          [
            8.032987,
            47.034677,
            700.0
          ],
          [
            8.03295,
            47.034621,
            701.0
          ],
          [
            8.032916,
            47.034572,
            703.0
          ],
          [
            8.032853,
            47.034517,
            705.0
          ],
          [
            8.03279,
            47.034462,
            707.0
          ],
          [
            8.032717,
            47.034364,
            710.0
          ],
          [
            8.032654,
            47.034297,
            712.0
          ],
          [
            8.032583,
            47.034254,
            714.0
          ],
          [
            8.032493,
            47.034199,
            716.0
          ],
          [
            8.032403,
            47.034199,
            717.0
          ],
          [
            8.032304,
            47.034242,
            719.0
          ],
          [
            8.03226,
            47.034272,
            721.0
          ],
          [
            8.03225,
            47.034327,
            722.0
          ],
          [
            8.032197,
            47.034395,
            725.0
          ],
          [
            8.032161,
            47.034407,
            726.0
          ],
          [
            8.032161,
            47.034358,
            728.0
          ],
          [
            8.03217,
            47.034309,
            729.0
          ],
          [
            8.032115,
            47.034303,
            731.0
          ],
          [
            8.03208,
            47.03426,
            732.0
          ],
          [
            8.032008,
            47.034254,
            733.0
          ],
          [
            8.032044,
            47.034217,
            735.0
          ],
          [
            8.03199,
            47.034205,
            736.0
          ],
          [
            8.032025,
            47.034175,
            737.0
          ],
          [
            8.031918,
            47.034169,
            739.0
          ],
          [
            8.031855,
            47.034138,
            742.0
          ],
          [
            8.03199,
            47.034089,
            750.0
          ],
          [
            8.032017,
            47.033881,
            760.0
          ],
          [
            8.031845,
            47.033887,
            760.0
          ],
          [
            8.031568,
            47.033838,
            761.0
          ],
          [
            8.031361,
            47.033764,
            763.0
          ],
          [
            8.031136,
            47.033464,
            767.0
          ],
          [
            8.030948,
            47.033293,
            769.0
          ],
          [
            8.031073,
            47.032956,
            772.0
          ],
          [
            8.030463,
            47.032687,
            775.0
          ],
          [
            8.03014,
            47.032534,
            777.0
          ],
          [
            8.029834,
            47.03235,
            779.0
          ],
          [
            8.029574,
            47.032215,
            782.0
          ],
          [
            8.029465,
            47.032123,
            784.0
          ],
          [
            8.029421,
            47.032031,
            785.0
          ],
          [
            8.029411,
            47.031977,
            786.0
          ],
          [
            8.029411,
            47.031928,
            787.0
          ],
          [
            8.02943,
            47.031891,
            788.0
          ],
          [
            8.029457,
            47.031842,
            789.0
          ],
          [
            8.029671,
            47.031578,
            794.0
          ],
          [
            8.029681,
            47.031542,
            795.0
          ],
          [
            8.029671,
            47.031505,
            795.0
          ],
          [
            8.029654,
            47.031462,
            796.0
          ],
          [
            8.029574,
            47.03137,
            798.0
          ],
          [
            8.029484,
            47.031236,
            801.0
          ],
          [
            8.029474,
            47.031181,
            802.0
          ],
          [
            8.029465,
            47.03112,
            804.0
          ],
          [
            8.029465,
            47.031095,
            804.0
          ],
          [
            8.029484,
            47.03107,
            805.0
          ],
          [
            8.029511,
            47.031052,
            805.0
          ],
          [
            8.029547,
            47.031046,
            806.0
          ],
          [
            8.029582,
            47.031046,
            806.0
          ],
          [
            8.029627,
            47.031052,
            807.0
          ],
          [
            8.029798,
            47.031101,
            809.0
          ],
          [
            8.029924,
            47.031113,
            811.0
          ],
          [
            8.030031,
            47.031101,
            812.0
          ],
          [
            8.030086,
            47.03107,
            813.0
          ],
          [
            8.030094,
            47.03104,
            814.0
          ],
          [
            8.03005,
            47.030758,
            820.0
          ],
          [
            8.030058,
            47.030696,
            820.0
          ],
          [
            8.030094,
            47.03066,
            821.0
          ],
          [
            8.030184,
            47.030623,
            821.0
          ],
          [
            8.030113,
            47.030531,
            822.0
          ],
          [
            8.03005,
            47.030409,
            823.0
          ],
          [
            8.030176,
            47.03025,
            825.0
          ],
          [
            8.03057,
            47.029362,
            835.0
          ],
          [
            8.03075,
            47.029227,
            837.0
          ],
          [
            8.030849,
            47.029319,
            839.0
          ],
          [
            8.030893,
            47.02938,
            840.0
          ],
          [
            8.030992,
            47.029595,
            843.0
          ],
          [
            8.031235,
            47.029766,
            847.0
          ],
          [
            8.031432,
            47.030029,
            852.0
          ],
          [
            8.031558,
            47.030115,
            854.0
          ],
          [
            8.031684,
            47.030158,
            855.0
          ],
          [
            8.032142,
            47.030238,
            860.0
          ],
          [
            8.032277,
            47.030231,
            861.0
          ],
          [
            8.032385,
            47.030201,
            863.0
          ],
          [
            8.032556,
            47.030103,
            865.0
          ],
          [
            8.0326,
            47.030048,
            866.0
          ],
          [
            8.0326,
            47.029974,
            867.0
          ],
          [
            8.032501,
            47.029736,
            871.0
          ],
          [
            8.032421,
            47.029484,
            874.0
          ],
          [
            8.032376,
            47.029276,
            877.0
          ],
          [
            8.032321,
            47.029062,
            879.0
          ],
          [
            8.03234,
            47.028976,
            881.0
          ],
          [
            8.032421,
            47.028694,
            885.0
          ],
          [
            8.032466,
            47.028382,
            890.0
          ],
          [
            8.032547,
            47.02807,
            893.0
          ],
          [
            8.032547,
            47.027972,
            894.0
          ],
          [
            8.032547,
            47.027776,
            896.0
          ],
          [
            8.032574,
            47.027702,
            896.0
          ],
          [
            8.032511,
            47.027641,
            897.0
          ],
          [
            8.032466,
            47.027556,
            898.0
          ],
          [
            8.032421,
            47.027433,
            899.0
          ],
          [
            8.03243,
            47.027047,
            903.0
          ],
          [
            8.032438,
            47.026803,
            905.0
          ],
          [
            8.032484,
            47.026613,
            907.0
          ],
          [
            8.032501,
            47.026508,
            908.0
          ],
          [
            8.032493,
            47.026466,
            908.0
          ],
          [
            8.03243,
            47.02641,
            909.0
          ],
          [
            8.032367,
            47.026349,
            910.0
          ],
          [
            8.032287,
            47.026245,
            910.0
          ],
          [
            8.031828,
            47.025602,
            914.0
          ],
          [
            8.031648,
            47.025425,
            915.0
          ],
          [
            8.031046,
            47.02502,
            918.0
          ],
          [
            8.030526,
            47.024696,
            920.0
          ],
          [
            8.030319,
            47.024555,
            920.0
          ],
          [
            8.030203,
            47.024414,
            920.0
          ],
          [
            8.03014,
            47.024292,
            920.0
          ],
          [
            8.030004,
            47.023741,
            920.0
          ],
          [
            8.030094,
            47.023759,
            920.0
          ],
          [
            8.03022,
            47.023851,
            920.0
          ],
          [
            8.030266,
            47.023863,
            920.0
          ],
          [
            8.030319,
            47.023869,
            920.0
          ],
          [
            8.030354,
            47.023857,
            920.0
          ],
          [
            8.03039,
            47.023839,
            920.0
          ],
          [
            8.030417,
            47.02382,
            920.0
          ],
          [
            8.030516,
            47.023618,
            920.0
          ],
          [
            8.030526,
            47.023575,
            920.0
          ],
          [
            8.030526,
            47.023538,
            920.0
          ],
          [
            8.030516,
            47.023508,
            920.0
          ],
          [
            8.03049,
            47.023459,
            919.0
          ],
          [
            8.030436,
            47.023385,
            917.0
          ],
          [
            8.030292,
            47.023245,
            914.0
          ],
          [
            8.030256,
            47.023196,
            913.0
          ],
          [
            8.030229,
            47.023141,
            911.0
          ],
          [
            8.030184,
            47.023036,
            909.0
          ],
          [
            8.030373,
            47.022902,
            906.0
          ],
          [
            8.030444,
            47.022865,
            905.0
          ],
          [
            8.030606,
            47.022779,
            902.0
          ],
          [
            8.030669,
            47.022718,
            901.0
          ],
          [
            8.030723,
            47.022638,
            900.0
          ],
          [
            8.030768,
            47.022583,
            899.0
          ],
          [
            8.03083,
            47.022516,
            898.0
          ],
          [
            8.030866,
            47.022467,
            898.0
          ],
          [
            8.030903,
            47.022406,
            897.0
          ],
          [
            8.030912,
            47.022344,
            897.0
          ],
          [
            8.030885,
            47.022246,
            896.0
          ],
          [
            8.030876,
            47.022185,
            895.0
          ],
          [
            8.030849,
            47.02213,
            895.0
          ],
          [
            8.030803,
            47.022075,
            894.0
          ],
          [
            8.030929,
            47.021591,
            869.0
          ],
          [
            8.03057,
            47.021401,
            864.0
          ],
          [
            8.030363,
            47.021297,
            861.0
          ],
          [
            8.030409,
            47.021175,
            855.0
          ],
          [
            8.030526,
            47.021052,
            847.0
          ],
          [
            8.030858,
            47.020881,
            838.0
          ],
          [
            8.03083,
            47.02085,
            838.0
          ],
          [
            8.030795,
            47.020819,
            837.0
          ],
          [
            8.030759,
            47.020776,
            837.0
          ],
          [
            8.030705,
            47.020715,
            837.0
          ],
          [
            8.030669,
            47.020654,
            837.0
          ],
          [
            8.030633,
            47.02058,
            837.0
          ],
          [
            8.030597,
            47.020501,
            836.0
          ],
          [
            8.030553,
            47.020385,
            836.0
          ],
          [
            8.030534,
            47.020317,
            836.0
          ],
          [
            8.030526,
            47.02025,
            836.0
          ],
          [
            8.030516,
            47.020176,
            835.0
          ],
          [
            8.030526,
            47.020103,
            835.0
          ],
          [
            8.030543,
            47.020011,
            835.0
          ],
          [
            8.030642,
            47.019601,
            834.0
          ],
          [
            8.030642,
            47.01957,
            833.0
          ],
          [
            8.030642,
            47.01954,
            833.0
          ],
          [
            8.030633,
            47.019509,
            833.0
          ],
          [
            8.030624,
            47.019484,
            833.0
          ],
          [
            8.030606,
            47.019466,
            833.0
          ],
          [
            8.030642,
            47.01938,
            833.0
          ],
          [
            8.030652,
            47.019325,
            833.0
          ],
          [
            8.030652,
            47.019307,
            833.0
          ],
          [
            8.030652,
            47.019282,
            833.0
          ],
          [
            8.030652,
            47.01927,
            832.0
          ],
          [
            8.030642,
            47.019245,
            832.0
          ],
          [
            8.030624,
            47.019233,
            832.0
          ],
          [
            8.030606,
            47.019209,
            832.0
          ],
          [
            8.030507,
            47.019154,
            832.0
          ],
          [
            8.030472,
            47.019129,
            832.0
          ],
          [
            8.030444,
            47.019093,
            832.0
          ],
          [
            8.030417,
            47.019056,
            832.0
          ],
          [
            8.0304,
            47.019013,
            831.0
          ],
          [
            8.0304,
            47.018976,
            831.0
          ],
          [
            8.0304,
            47.018927,
            831.0
          ],
          [
            8.030409,
            47.018854,
            831.0
          ],
          [
            8.030409,
            47.018792,
            831.0
          ],
          [
            8.030409,
            47.018737,
            831.0
          ],
          [
            8.0304,
            47.01867,
            830.0
          ],
          [
            8.03031,
            47.01851,
            829.0
          ],
          [
            8.030274,
            47.018388,
            827.0
          ],
          [
            8.0303,
            47.018211,
            825.0
          ],
          [
            8.03031,
            47.018106,
            823.0
          ],
          [
            8.0303,
            47.01807,
            822.0
          ],
          [
            8.030283,
            47.018045,
            822.0
          ],
          [
            8.030247,
            47.018014,
            821.0
          ],
          [
            8.030121,
            47.017935,
            819.0
          ],
          [
            8.030086,
            47.017904,
            819.0
          ],
          [
            8.03005,
            47.017855,
            818.0
          ],
          [
            8.030023,
            47.0178,
            817.0
          ],
          [
            8.02987,
            47.017384,
            812.0
          ],
          [
            8.029843,
            47.017328,
            811.0
          ],
          [
            8.029816,
            47.017279,
            810.0
          ],
          [
            8.02978,
            47.017236,
            809.0
          ],
          [
            8.0297,
            47.017151,
            808.0
          ],
          [
            8.029618,
            47.017041,
            805.0
          ],
          [
            8.029564,
            47.016974,
            804.0
          ],
          [
            8.029547,
            47.016937,
            803.0
          ],
          [
            8.029511,
            47.016765,
            800.0
          ],
          [
            8.029501,
            47.016741,
            799.0
          ],
          [
            8.029474,
            47.01671,
            798.0
          ],
          [
            8.02943,
            47.016692,
            796.0
          ],
          [
            8.029321,
            47.016642,
            793.0
          ],
          [
            8.029232,
            47.016593,
            791.0
          ],
          [
            8.029097,
            47.016514,
            787.0
          ],
          [
            8.029052,
            47.016495,
            786.0
          ],
          [
            8.028998,
            47.016489,
            785.0
          ],
          [
            8.028926,
            47.016489,
            784.0
          ],
          [
            8.028864,
            47.016502,
            782.0
          ],
          [
            8.028828,
            47.016526,
            781.0
          ],
          [
            8.028809,
            47.01655,
            780.0
          ],
          [
            8.028774,
            47.016581,
            779.0
          ],
          [
            8.028746,
            47.016593,
            779.0
          ],
          [
            8.028711,
            47.016593,
            778.0
          ],
          [
            8.028692,
            47.016581,
            778.0
          ],
          [
            8.028666,
            47.016557,
            777.0
          ],
          [
            8.028648,
            47.016495,
            775.0
          ],
          [
            8.028648,
            47.016447,
            774.0
          ],
          [
            8.028666,
            47.016416,
            773.0
          ],
          [
            8.028702,
            47.016379,
            771.0
          ],
          [
            8.028765,
            47.016337,
            770.0
          ],
          [
            8.028935,
            47.016275,
            766.0
          ],
          [
            8.029034,
            47.016239,
            764.0
          ],
          [
            8.029079,
            47.016226,
            763.0
          ],
          [
            8.029124,
            47.016233,
            763.0
          ],
          [
            8.02925,
            47.016251,
            760.0
          ],
          [
            8.029321,
            47.016251,
            759.0
          ],
          [
            8.029375,
            47.016233,
            758.0
          ],
          [
            8.029421,
            47.016202,
            757.0
          ],
          [
            8.029474,
            47.016122,
            754.0
          ],
          [
            8.02952,
            47.016079,
            753.0
          ],
          [
            8.029547,
            47.016061,
            752.0
          ],
          [
            8.029591,
            47.016067,
            752.0
          ],
          [
            8.029861,
            47.016177,
            745.0
          ],
          [
            8.02995,
            47.016196,
            743.0
          ],
          [
            8.030023,
            47.01619,
            741.0
          ],
          [
            8.030058,
            47.016177,
            740.0
          ],
          [
            8.030067,
            47.016153,
            739.0
          ],
          [
            8.030067,
            47.016122,
            738.0
          ],
          [
            8.03004,
            47.016098,
            738.0
          ],
          [
            8.02996,
            47.016061,
            736.0
          ],
          [
            8.029906,
            47.016018,
            734.0
          ],
          [
            8.029843,
            47.015938,
            732.0
          ],
          [
            8.029753,
            47.015755,
            726.0
          ],
          [
            8.029708,
            47.015639,
            722.0
          ],
          [
            8.029663,
            47.015608,
            721.0
          ],
          [
            8.029637,
            47.015596,
            720.0
          ],
          [
            8.029591,
            47.015596,
            720.0
          ],
          [
            8.029501,
            47.015614,
            718.0
          ],
          [
            8.029411,
            47.015632,
            716.0
          ],
          [
            8.029331,
            47.015639,
            715.0
          ],
          [
            8.029222,
            47.015626,
            713.0
          ],
          [
            8.029106,
            47.015589,
            711.0
          ],
          [
            8.029008,
            47.01554,
            709.0
          ],
          [
            8.028954,
            47.015522,
            709.0
          ],
          [
            8.028908,
            47.015516,
            708.0
          ],
          [
            8.028855,
            47.015516,
            708.0
          ],
          [
            8.028801,
            47.015528,
            707.0
          ],
          [
            8.028765,
            47.015547,
            706.0
          ],
          [
            8.028719,
            47.015583,
            706.0
          ],
          [
            8.028639,
            47.015675,
            704.0
          ],
          [
            8.028585,
            47.015712,
            703.0
          ],
          [
            8.02854,
            47.015742,
            702.0
          ],
          [
            8.028468,
            47.015761,
            702.0
          ],
          [
            8.028092,
            47.015858,
            700.0
          ],
          [
            8.027884,
            47.015907,
            700.0
          ],
          [
            8.02774,
            47.015957,
            700.0
          ],
          [
            8.02766,
            47.015987,
            700.0
          ],
          [
            8.027597,
            47.016024,
            700.0
          ],
          [
            8.027553,
            47.016055,
            700.0
          ],
          [
            8.027489,
            47.016128,
            700.0
          ],
          [
            8.027453,
            47.016147,
            702.0
          ],
          [
            8.027417,
            47.016153,
            705.0
          ],
          [
            8.0273,
            47.016165,
            710.0
          ],
          [
            8.027264,
            47.016159,
            710.0
          ],
          [
            8.027228,
            47.016153,
            708.0
          ],
          [
            8.027201,
            47.016147,
            706.0
          ],
          [
            8.027174,
            47.016128,
            704.0
          ],
          [
            8.027148,
            47.016104,
            701.0
          ],
          [
            8.02713,
            47.016067,
            699.0
          ],
          [
            8.027084,
            47.015865,
            691.0
          ],
          [
            8.027067,
            47.015803,
            689.0
          ],
          [
            8.02705,
            47.015773,
            688.0
          ],
          [
            8.027004,
            47.015748,
            687.0
          ],
          [
            8.026905,
            47.01573,
            685.0
          ],
          [
            8.026761,
            47.015718,
            683.0
          ],
          [
            8.026708,
            47.015712,
            682.0
          ],
          [
            8.026681,
            47.015706,
            681.0
          ],
          [
            8.026662,
            47.015693,
            681.0
          ],
          [
            8.026662,
            47.015675,
            680.0
          ],
          [
            8.026662,
            47.015657,
            680.0
          ],
          [
            8.026752,
            47.015577,
            680.0
          ],
          [
            8.026788,
            47.01554,
            680.0
          ],
          [
            8.026807,
            47.01551,
            680.0
          ],
          [
            8.026807,
            47.015479,
            680.0
          ],
          [
            8.026797,
            47.015455,
            680.0
          ],
          [
            8.026771,
            47.015424,
            680.0
          ],
          [
            8.026744,
            47.015381,
            680.0
          ],
          [
            8.02669,
            47.015326,
            680.0
          ],
          [
            8.026501,
            47.015209,
            680.0
          ],
          [
            8.026339,
            47.015069,
            680.0
          ],
          [
            8.026321,
            47.01505,
            680.0
          ],
          [
            8.026321,
            47.015026,
            680.0
          ],
          [
            8.026321,
            47.015008,
            680.0
          ],
          [
            8.026339,
            47.014989,
            680.0
          ],
          [
            8.026421,
            47.014953,
            682.0
          ],
          [
            8.026447,
            47.014946,
            682.0
          ],
          [
            8.026474,
            47.014946,
            682.0
          ],
          [
            8.026545,
            47.014971,
            683.0
          ],
          [
            8.026627,
            47.015001,
            684.0
          ],
          [
            8.026698,
            47.015014,
            685.0
          ],
          [
            8.026752,
            47.015026,
            686.0
          ],
          [
            8.026824,
            47.015026,
            687.0
          ],
          [
            8.026887,
            47.01502,
            688.0
          ],
          [
            8.026932,
            47.015008,
            688.0
          ],
          [
            8.02696,
            47.014983,
            689.0
          ],
          [
            8.026987,
            47.014953,
            690.0
          ],
          [
            8.027004,
            47.014916,
            690.0
          ],
          [
            8.027004,
            47.014873,
            691.0
          ],
          [
            8.027004,
            47.014701,
            694.0
          ],
          [
            8.027013,
            47.01467,
            694.0
          ],
          [
            8.027031,
            47.01464,
            695.0
          ],
          [
            8.027058,
            47.014609,
            695.0
          ],
          [
            8.027103,
            47.014578,
            696.0
          ],
          [
            8.027148,
            47.01456,
            696.0
          ],
          [
            8.027193,
            47.014548,
            697.0
          ],
          [
            8.027283,
            47.014542,
            698.0
          ],
          [
            8.0273,
            47.014523,
            698.0
          ],
          [
            8.027346,
            47.014499,
            699.0
          ],
          [
            8.029528,
            47.013587,
            723.0
          ],
          [
            8.0296,
            47.013562,
            723.0
          ],
          [
            8.029654,
            47.013556,
            724.0
          ],
          [
            8.029708,
            47.013562,
            724.0
          ],
          [
            8.029761,
            47.013574,
            725.0
          ],
          [
            8.029807,
            47.013593,
            725.0
          ],
          [
            8.029941,
            47.013666,
            727.0
          ],
          [
            8.029996,
            47.013691,
            727.0
          ],
          [
            8.03005,
            47.013697,
            728.0
          ],
          [
            8.030094,
            47.013697,
            728.0
          ],
          [
            8.030166,
            47.013691,
            729.0
          ],
          [
            8.030148,
            47.01366,
            729.0
          ],
          [
            8.03013,
            47.013617,
            730.0
          ],
          [
            8.030121,
            47.013568,
            730.0
          ],
          [
            8.030121,
            47.013513,
            731.0
          ],
          [
            8.03014,
            47.013427,
            732.0
          ],
          [
            8.030176,
            47.013298,
            734.0
          ],
          [
            8.030184,
            47.013237,
            735.0
          ],
          [
            8.030184,
            47.013176,
            736.0
          ],
          [
            8.030176,
            47.013096,
            737.0
          ],
          [
            8.030157,
            47.012993,
            739.0
          ],
          [
            8.03013,
            47.012888,
            740.0
          ],
          [
            8.030076,
            47.01276,
            742.0
          ],
          [
            8.03004,
            47.01268,
            743.0
          ],
          [
            8.029996,
            47.012606,
            744.0
          ],
          [
            8.02996,
            47.012551,
            745.0
          ],
          [
            8.029906,
            47.012496,
            746.0
          ],
          [
            8.02978,
            47.012374,
            748.0
          ],
          [
            8.029582,
            47.012202,
            751.0
          ],
          [
            8.029537,
            47.012166,
            751.0
          ],
          [
            8.029511,
            47.012202,
            752.0
          ],
          [
            8.029492,
            47.012264,
            753.0
          ],
          [
            8.029438,
            47.01227,
            754.0
          ],
          [
            8.029304,
            47.012239,
            756.0
          ],
          [
            8.029178,
            47.012227,
            758.0
          ],
          [
            8.029142,
            47.012215,
            759.0
          ],
          [
            8.029106,
            47.012184,
            760.0
          ],
          [
            8.028855,
            47.011969,
            766.0
          ],
          [
            8.028558,
            47.011663,
            774.0
          ],
          [
            8.028379,
            47.011486,
            779.0
          ],
          [
            8.028289,
            47.011387,
            781.0
          ],
          [
            8.02827,
            47.011375,
            782.0
          ],
          [
            8.028235,
            47.011357,
            782.0
          ],
          [
            8.028199,
            47.011345,
            783.0
          ],
          [
            8.027947,
            47.01132,
            787.0
          ],
          [
            8.02783,
            47.011302,
            789.0
          ],
          [
            8.027606,
            47.011252,
            791.0
          ],
          [
            8.027624,
            47.01121,
            791.0
          ],
          [
            8.027633,
            47.011179,
            791.0
          ],
          [
            8.027633,
            47.011155,
            791.0
          ],
          [
            8.027633,
            47.011155,
            791.0
          ],
          [
            8.027633,
            47.011142,
            791.0
          ],
          [
            8.027633,
            47.011106,
            792.0
          ],
          [
            8.027633,
            47.011069,
            792.0
          ],
          [
            8.027696,
            47.011057,
            792.0
          ],
          [
            8.027732,
            47.011045,
            792.0
          ],
          [
            8.027776,
            47.011026,
            791.0
          ],
          [
            8.027794,
            47.011008,
            791.0
          ],
          [
            8.027813,
            47.01099,
            791.0
          ],
          [
            8.02783,
            47.010971,
            791.0
          ],
          [
            8.02783,
            47.010947,
            791.0
          ],
          [
            8.02784,
            47.010928,
            791.0
          ],
          [
            8.02783,
            47.010879,
            790.0
          ],
          [
            8.027776,
            47.01064,
            789.0
          ],
          [
            8.027776,
            47.010597,
            788.0
          ],
          [
            8.027767,
            47.01053,
            788.0
          ],
          [
            8.027767,
            47.01045,
            787.0
          ],
          [
            8.027767,
            47.010401,
            786.0
          ],
          [
            8.027776,
            47.010291,
            786.0
          ],
          [
            8.027786,
            47.010181,
            785.0
          ],
          [
            8.027776,
            47.010028,
            783.0
          ],
          [
            8.027786,
            47.00985,
            782.0
          ],
          [
            8.027794,
            47.009513,
            779.0
          ],
          [
            8.027803,
            47.009372,
            778.0
          ],
          [
            8.027813,
            47.009348,
            778.0
          ],
          [
            8.02783,
            47.009323,
            777.0
          ],
          [
            8.02784,
            47.009317,
            777.0
          ],
          [
            8.027857,
            47.009299,
            777.0
          ],
          [
            8.027876,
            47.009286,
            777.0
          ],
          [
            8.027903,
            47.00928,
            777.0
          ],
          [
            8.027857,
            47.008901,
            779.0
          ],
          [
            8.02783,
            47.008661,
            780.0
          ],
          [
            8.027786,
            47.008496,
            781.0
          ],
          [
            8.027767,
            47.008405,
            782.0
          ],
          [
            8.027759,
            47.008331,
            783.0
          ],
          [
            8.027759,
            47.008264,
            784.0
          ],
          [
            8.02784,
            47.007731,
            789.0
          ],
          [
            8.027857,
            47.007633,
            789.0
          ],
          [
            8.027903,
            47.007473,
            791.0
          ],
          [
            8.0281,
            47.007008,
            793.0
          ],
          [
            8.028145,
            47.006916,
            794.0
          ],
          [
            8.028163,
            47.006842,
            794.0
          ],
          [
            8.02818,
            47.006744,
            795.0
          ],
          [
            8.02819,
            47.006628,
            796.0
          ],
          [
            8.028208,
            47.006573,
            796.0
          ],
          [
            8.028235,
            47.006506,
            796.0
          ],
          [
            8.028388,
            47.006205,
            798.0
          ],
          [
            8.028442,
            47.006113,
            799.0
          ],
          [
            8.02845,
            47.006076,
            799.0
          ],
          [
            8.028459,
            47.006027,
            799.0
          ],
          [
            8.028459,
            47.005985,
            800.0
          ],
          [
            8.02845,
            47.00596,
            800.0
          ],
          [
            8.028432,
            47.005924,
            800.0
          ],
          [
            8.028415,
            47.005899,
            800.0
          ],
          [
            8.028369,
            47.00585,
            800.0
          ],
          [
            8.028316,
            47.005807,
            800.0
          ],
          [
            8.028279,
            47.005783,
            800.0
          ],
          [
            8.028253,
            47.005746,
            800.0
          ],
          [
            8.028216,
            47.005697,
            800.0
          ],
          [
            8.028262,
            47.005636,
            800.0
          ],
          [
            8.028325,
            47.005544,
            798.0
          ],
          [
            8.028342,
            47.00539,
            793.0
          ],
          [
            8.028486,
            47.005501,
            790.0
          ],
          [
            8.028522,
            47.005501,
            790.0
          ],
          [
            8.028513,
            47.005415,
            789.0
          ],
          [
            8.028468,
            47.005311,
            788.0
          ],
          [
            8.028468,
            47.005274,
            788.0
          ],
          [
            8.028513,
            47.005244,
            788.0
          ],
          [
            8.028782,
            47.005183,
            787.0
          ],
          [
            8.028962,
            47.00514,
            786.0
          ],
          [
            8.029079,
            47.00514,
            786.0
          ],
          [
            8.029169,
            47.005176,
            786.0
          ],
          [
            8.029268,
            47.005201,
            785.0
          ],
          [
            8.02934,
            47.005201,
            785.0
          ],
          [
            8.029394,
            47.005207,
            785.0
          ],
          [
            8.029438,
            47.005201,
            785.0
          ],
          [
            8.029492,
            47.005183,
            784.0
          ],
          [
            8.029834,
            47.005023,
            783.0
          ],
          [
            8.029906,
            47.00498,
            782.0
          ],
          [
            8.029941,
            47.004949,
            782.0
          ],
          [
            8.029987,
            47.004882,
            782.0
          ],
          [
            8.030004,
            47.004851,
            782.0
          ],
          [
            8.03004,
            47.004827,
            782.0
          ],
          [
            8.030067,
            47.004814,
            781.0
          ],
          [
            8.030444,
            47.004741,
            780.0
          ],
          [
            8.030687,
            47.004674,
            777.0
          ],
          [
            8.03075,
            47.004668,
            776.0
          ],
          [
            8.030803,
            47.004668,
            775.0
          ],
          [
            8.030903,
            47.004674,
            774.0
          ],
          [
            8.03101,
            47.004674,
            772.0
          ],
          [
            8.031182,
            47.004674,
            770.0
          ],
          [
            8.031245,
            47.00468,
            769.0
          ],
          [
            8.031298,
            47.004692,
            768.0
          ],
          [
            8.031388,
            47.004723,
            766.0
          ],
          [
            8.031541,
            47.00479,
            762.0
          ],
          [
            8.031945,
            47.004876,
            757.0
          ],
          [
            8.032017,
            47.004882,
            756.0
          ],
          [
            8.032052,
            47.004845,
            755.0
          ],
          [
            8.032088,
            47.004784,
            754.0
          ],
          [
            8.032098,
            47.004704,
            753.0
          ],
          [
            8.032187,
            47.004576,
            751.0
          ],
          [
            8.032457,
            47.004447,
            746.0
          ],
          [
            8.032556,
            47.004417,
            744.0
          ],
          [
            8.032663,
            47.004257,
            740.0
          ],
          [
            8.032708,
            47.004343,
            738.0
          ],
          [
            8.032771,
            47.004239,
            735.0
          ],
          [
            8.032843,
            47.004411,
            729.0
          ],
          [
            8.032977,
            47.004276,
            723.0
          ],
          [
            8.032969,
            47.004214,
            721.0
          ],
          [
            8.033013,
            47.004239,
            720.0
          ],
          [
            8.033032,
            47.004183,
            718.0
          ],
          [
            8.03314,
            47.004239,
            715.0
          ],
          [
            8.03313,
            47.004153,
            712.0
          ],
          [
            8.033212,
            47.004196,
            709.0
          ],
          [
            8.033193,
            47.004141,
            708.0
          ],
          [
            8.033113,
            47.004073,
            705.0
          ],
          [
            8.033077,
            47.004025,
            703.0
          ],
          [
            8.033176,
            47.004031,
            701.0
          ],
          [
            8.033059,
            47.003951,
            698.0
          ],
          [
            8.033077,
            47.003927,
            697.0
          ],
          [
            8.033203,
            47.003945,
            694.0
          ],
          [
            8.033292,
            47.003994,
            692.0
          ],
          [
            8.033319,
            47.003994,
            691.0
          ],
          [
            8.033283,
            47.003902,
            688.0
          ],
          [
            8.033355,
            47.003921,
            687.0
          ],
          [
            8.033337,
            47.003884,
            686.0
          ],
          [
            8.033274,
            47.003835,
            684.0
          ],
          [
            8.033166,
            47.003773,
            681.0
          ],
          [
            8.033319,
            47.003755,
            680.0
          ],
          [
            8.033579,
            47.003675,
            680.0
          ],
          [
            8.033642,
            47.003626,
            680.0
          ],
          [
            8.03366,
            47.003602,
            680.0
          ],
          [
            8.03375,
            47.003553,
            680.0
          ],
          [
            8.033813,
            47.003522,
            680.0
          ],
          [
            8.033903,
            47.003491,
            680.0
          ],
          [
            8.033966,
            47.003461,
            680.0
          ],
          [
            8.034019,
            47.00343,
            680.0
          ],
          [
            8.034046,
            47.003406,
            680.0
          ],
          [
            8.034065,
            47.003381,
            680.0
          ],
          [
            8.034065,
            47.003326,
            680.0
          ],
          [
            8.034056,
            47.003241,
            680.0
          ],
          [
            8.034011,
            47.003032,
            680.0
          ],
          [
            8.033975,
            47.002909,
            680.0
          ],
          [
            8.034092,
            47.002671,
            680.0
          ],
          [
            8.034082,
            47.002499,
            680.0
          ],
          [
            8.034172,
            47.002395,
            680.0
          ],
          [
            8.034182,
            47.002333,
            680.0
          ],
          [
            8.034218,
            47.002321,
            680.0
          ],
          [
            8.034262,
            47.002217,
            680.0
          ],
          [
            8.034344,
            47.002132,
            680.0
          ],
          [
            8.034532,
            47.002174,
            680.0
          ],
          [
            8.034612,
            47.002181,
            680.0
          ],
          [
            8.034648,
            47.002156,
            680.0
          ],
          [
            8.03473,
            47.002058,
            680.0
          ],
          [
            8.034792,
            47.002022,
            680.0
          ],
          [
            8.0349,
            47.001942,
            680.0
          ],
          [
            8.035017,
            47.001917,
            683.0
          ],
          [
            8.035098,
            47.001936,
            686.0
          ],
          [
            8.035107,
            47.001905,
            685.0
          ],
          [
            8.035323,
            47.001782,
            684.0
          ],
          [
            8.035484,
            47.001709,
            683.0
          ],
          [
            8.035547,
            47.001666,
            682.0
          ],
          [
            8.035583,
            47.001611,
            682.0
          ],
          [
            8.03561,
            47.001543,
            681.0
          ],
          [
            8.0356,
            47.001378,
            680.0
          ],
          [
            8.035583,
            47.001335,
            680.0
          ],
          [
            8.035574,
            47.001298,
            680.0
          ],
          [
            8.035466,
            47.001029,
            680.0
          ],
          [
            8.035377,
            47.000545,
            680.0
          ],
          [
            8.035448,
            46.999987,
            686.0
          ],
          [
            8.035484,
            46.999957,
            686.0
          ],
          [
            8.035574,
            46.999926,
            687.0
          ],
          [
            8.03561,
            46.999877,
            688.0
          ],
          [
            8.0356,
            46.999809,
            689.0
          ],
          [
            8.035529,
            46.999779,
            690.0
          ],
          [
            8.035466,
            46.999724,
            691.0
          ],
          [
            8.035358,
            46.999479,
            694.0
          ],
          [
            8.035367,
            46.99943,
            695.0
          ],
          [
            8.035457,
            46.999368,
            696.0
          ],
          [
            8.035511,
            46.999252,
            698.0
          ],
          [
            8.035511,
            46.999148,
            699.0
          ],
          [
            8.035537,
            46.999093,
            700.0
          ],
          [
            8.035627,
            46.999007,
            702.0
          ],
          [
            8.035736,
            46.998946,
            705.0
          ],
          [
            8.03579,
            46.998854,
            707.0
          ],
          [
            8.035834,
            46.998762,
            710.0
          ],
          [
            8.035843,
            46.998744,
            710.0
          ],
          [
            8.035834,
            46.998725,
            711.0
          ],
          [
            8.035879,
            46.998688,
            712.0
          ],
          [
            8.03605,
            46.998651,
            715.0
          ],
          [
            8.036095,
            46.998627,
            716.0
          ],
          [
            8.036329,
            46.998437,
            723.0
          ],
          [
            8.036329,
            46.998401,
            724.0
          ],
          [
            8.036256,
            46.998247,
            729.0
          ],
          [
            8.036229,
            46.998057,
            734.0
          ],
          [
            8.036256,
            46.99777,
            741.0
          ],
          [
            8.036256,
            46.99769,
            743.0
          ],
          [
            8.036275,
            46.997659,
            743.0
          ],
          [
            8.0364,
            46.997469,
            747.0
          ],
          [
            8.036482,
            46.997359,
            750.0
          ],
          [
            8.036526,
            46.997243,
            752.0
          ],
          [
            8.036535,
            46.997139,
            754.0
          ],
          [
            8.036535,
            46.997108,
            754.0
          ],
          [
            8.036545,
            46.997047,
            756.0
          ],
          [
            8.036579,
            46.996967,
            757.0
          ],
          [
            8.036876,
            46.996685,
            764.0
          ],
          [
            8.036975,
            46.996624,
            765.0
          ],
          [
            8.037092,
            46.996593,
            767.0
          ],
          [
            8.037335,
            46.996581,
            770.0
          ],
          [
            8.037415,
            46.996563,
            770.0
          ],
          [
            8.037577,
            46.996489,
            771.0
          ],
          [
            8.037658,
            46.996434,
            772.0
          ],
          [
            8.037694,
            46.99636,
            772.0
          ],
          [
            8.037694,
            46.996213,
            773.0
          ],
          [
            8.037703,
            46.996085,
            774.0
          ],
          [
            8.037748,
            46.995956,
            774.0
          ],
          [
            8.037837,
            46.995784,
            776.0
          ],
          [
            8.038323,
            46.995012,
            781.0
          ],
          [
            8.038709,
            46.994247,
            791.0
          ],
          [
            8.038745,
            46.994149,
            792.0
          ],
          [
            8.038772,
            46.994063,
            793.0
          ],
          [
            8.038816,
            46.994001,
            793.0
          ],
          [
            8.038906,
            46.993903,
            794.0
          ],
          [
            8.038925,
            46.993872,
            794.0
          ],
          [
            8.038925,
            46.993836,
            794.0
          ],
          [
            8.038906,
            46.993799,
            795.0
          ],
          [
            8.038727,
            46.993573,
            796.0
          ],
          [
            8.038682,
            46.993487,
            797.0
          ],
          [
            8.038664,
            46.993425,
            798.0
          ],
          [
            8.038664,
            46.993364,
            798.0
          ],
          [
            8.038682,
            46.993303,
            798.0
          ],
          [
            8.038763,
            46.993156,
            800.0
          ],
          [
            8.038816,
            46.99304,
            800.0
          ],
          [
            8.038853,
            46.992966,
            801.0
          ],
          [
            8.038879,
            46.992856,
            801.0
          ],
          [
            8.038916,
            46.992506,
            803.0
          ],
          [
            8.038943,
            46.992415,
            803.0
          ],
          [
            8.038969,
            46.992353,
            804.0
          ],
          [
            8.039006,
            46.992292,
            804.0
          ],
          [
            8.039132,
            46.992145,
            805.0
          ],
          [
            8.039158,
            46.992096,
            805.0
          ],
          [
            8.039185,
            46.992016,
            806.0
          ],
          [
            8.039212,
            46.991894,
            806.0
          ],
          [
            8.039248,
            46.991698,
            807.0
          ],
          [
            8.039319,
            46.99152,
            808.0
          ],
          [
            8.039419,
            46.99133,
            809.0
          ],
          [
            8.039518,
            46.991109,
            810.0
          ],
          [
            8.039598,
            46.990987,
            812.0
          ],
          [
            8.039724,
            46.990858,
            813.0
          ],
          [
            8.039885,
            46.990729,
            815.0
          ],
          [
            8.040065,
            46.990607,
            816.0
          ],
          [
            8.040371,
            46.990429,
            819.0
          ],
          [
            8.040677,
            46.990245,
            821.0
          ],
          [
            8.041,
            46.99008,
            825.0
          ],
          [
            8.041314,
            46.989921,
            828.0
          ],
          [
            8.041485,
            46.989847,
            830.0
          ],
          [
            8.041943,
            46.989724,
            835.0
          ],
          [
            8.042374,
            46.989626,
            839.0
          ],
          [
            8.042698,
            46.989565,
            841.0
          ],
          [
            8.042832,
            46.989547,
            842.0
          ],
          [
            8.043011,
            46.989529,
            843.0
          ],
          [
            8.043201,
            46.989486,
            845.0
          ],
          [
            8.043308,
            46.989461,
            845.0
          ],
          [
            8.043398,
            46.989412,
            846.0
          ],
          [
            8.04382,
            46.989063,
            850.0
          ],
          [
            8.043883,
            46.989105,
            850.0
          ],
          [
            8.043982,
            46.989044,
            850.0
          ],
          [
            8.043964,
            46.988971,
            851.0
          ],
          [
            8.043902,
            46.988818,
            853.0
          ],
          [
            8.043893,
            46.988775,
            853.0
          ],
          [
            8.043902,
            46.988738,
            854.0
          ],
          [
            8.043937,
            46.988719,
            854.0
          ],
          [
            8.044027,
            46.988695,
            855.0
          ],
          [
            8.044099,
            46.98867,
            856.0
          ],
          [
            8.044116,
            46.988646,
            856.0
          ],
          [
            8.044116,
            46.988597,
            856.0
          ],
          [
            8.044082,
            46.98848,
            858.0
          ],
          [
            8.044063,
            46.988413,
            859.0
          ],
          [
            8.044063,
            46.988358,
            859.0
          ],
          [
            8.044108,
            46.988285,
            860.0
          ],
          [
            8.044189,
            46.988168,
            862.0
          ],
          [
            8.04426,
            46.988008,
            863.0
          ],
          [
            8.044306,
            46.987843,
            865.0
          ],
          [
            8.044369,
            46.987518,
            869.0
          ],
          [
            8.044413,
            46.987322,
            871.0
          ],
          [
            8.044395,
            46.987298,
            872.0
          ],
          [
            8.043847,
            46.987077,
            880.0
          ],
          [
            8.043453,
            46.986789,
            880.0
          ],
          [
            8.043344,
            46.98674,
            880.0
          ],
          [
            8.043201,
            46.98671,
            880.0
          ],
          [
            8.042977,
            46.986655,
            880.0
          ],
          [
            8.0425,
            46.986526,
            878.0
          ],
          [
            8.041943,
            46.986286,
            876.0
          ],
          [
            8.041458,
            46.986134,
            874.0
          ],
          [
            8.041224,
            46.98606,
            873.0
          ],
          [
            8.040964,
            46.986176,
            872.0
          ],
          [
            8.040829,
            46.986274,
            871.0
          ],
          [
            8.04073,
            46.986372,
            871.0
          ],
          [
            8.040829,
            46.98595,
            862.0
          ],
          [
            8.040856,
            46.985907,
            862.0
          ],
          [
            8.041063,
            46.985796,
            861.0
          ],
          [
            8.041359,
            46.985594,
            861.0
          ],
          [
            8.041583,
            46.985466,
            860.0
          ],
          [
            8.0417,
            46.98546,
            859.0
          ],
          [
            8.041871,
            46.985478,
            855.0
          ],
          [
            8.042266,
            46.985625,
            846.0
          ],
          [
            8.042338,
            46.985655,
            844.0
          ],
          [
            8.042401,
            46.985698,
            842.0
          ],
          [
            8.042688,
            46.985704,
            836.0
          ],
          [
            8.042887,
            46.985667,
            832.0
          ],
          [
            8.042922,
            46.985649,
            831.0
          ],
          [
            8.042985,
            46.985588,
            829.0
          ],
          [
            8.043246,
            46.985484,
            824.0
          ],
          [
            8.04347,
            46.985423,
            821.0
          ],
          [
            8.04347,
            46.985392,
            820.0
          ],
          [
            8.043443,
            46.985368,
            819.0
          ],
          [
            8.043407,
            46.985343,
            818.0
          ],
          [
            8.043363,
            46.985325,
            818.0
          ],
          [
            8.043246,
            46.985312,
            816.0
          ],
          [
            8.043147,
            46.9853,
            814.0
          ],
          [
            8.043111,
            46.985288,
            814.0
          ],
          [
            8.043084,
            46.985269,
            813.0
          ],
          [
            8.043074,
            46.985251,
            813.0
          ],
          [
            8.043057,
            46.985183,
            811.0
          ],
          [
            8.043057,
            46.985128,
            810.0
          ],
          [
            8.043048,
            46.985098,
            809.0
          ],
          [
            8.04304,
            46.985079,
            809.0
          ],
          [
            8.04303,
            46.985061,
            808.0
          ],
          [
            8.043021,
            46.985043,
            808.0
          ],
          [
            8.042994,
            46.98503,
            807.0
          ],
          [
            8.042877,
            46.984982,
            805.0
          ],
          [
            8.042841,
            46.984963,
            804.0
          ],
          [
            8.042824,
            46.984951,
            804.0
          ],
          [
            8.042805,
            46.984933,
            804.0
          ],
          [
            8.042787,
            46.984884,
            802.0
          ],
          [
            8.042787,
            46.984871,
            802.0
          ],
          [
            8.042805,
            46.984853,
            802.0
          ],
          [
            8.042824,
            46.984841,
            801.0
          ],
          [
            8.043084,
            46.984761,
            797.0
          ],
          [
            8.043111,
            46.984742,
            796.0
          ],
          [
            8.043137,
            46.984724,
            796.0
          ],
          [
            8.043156,
            46.984706,
            795.0
          ],
          [
            8.043174,
            46.984687,
            794.0
          ],
          [
            8.043191,
            46.984663,
            794.0
          ],
          [
            8.043191,
            46.984626,
            793.0
          ],
          [
            8.043201,
            46.984577,
            792.0
          ],
          [
            8.043227,
            46.984277,
            784.0
          ],
          [
            8.043227,
            46.984191,
            782.0
          ],
          [
            8.043227,
            46.984136,
            780.0
          ],
          [
            8.04321,
            46.98408,
            779.0
          ],
          [
            8.043183,
            46.98397,
            776.0
          ],
          [
            8.043066,
            46.983682,
            770.0
          ],
          [
            8.042958,
            46.983418,
            763.0
          ],
          [
            8.042887,
            46.983223,
            758.0
          ],
          [
            8.042787,
            46.983002,
            753.0
          ],
          [
            8.042734,
            46.982904,
            751.0
          ],
          [
            8.042724,
            46.98283,
            749.0
          ],
          [
            8.042734,
            46.982653,
            745.0
          ],
          [
            8.042742,
            46.982585,
            743.0
          ],
          [
            8.042742,
            46.982561,
            742.0
          ],
          [
            8.042778,
            46.982493,
            740.0
          ],
          [
            8.042841,
            46.982426,
            738.0
          ],
          [
            8.042977,
            46.982321,
            733.0
          ],
          [
            8.043174,
            46.982205,
            728.0
          ],
          [
            8.04321,
            46.982181,
            727.0
          ],
          [
            8.043308,
            46.982077,
            725.0
          ],
          [
            8.04338,
            46.982034,
            723.0
          ],
          [
            8.043398,
            46.982022,
            723.0
          ],
          [
            8.043453,
            46.98204,
            722.0
          ],
          [
            8.043516,
            46.98204,
            721.0
          ],
          [
            8.043803,
            46.982003,
            717.0
          ],
          [
            8.04391,
            46.982003,
            716.0
          ],
          [
            8.044045,
            46.982028,
            714.0
          ],
          [
            8.044082,
            46.98204,
            713.0
          ],
          [
            8.044171,
            46.982077,
            712.0
          ],
          [
            8.04426,
            46.982114,
            711.0
          ],
          [
            8.044458,
            46.982285,
            709.0
          ],
          [
            8.044629,
            46.982438,
            707.0
          ],
          [
            8.044674,
            46.982506,
            706.0
          ],
          [
            8.044728,
            46.98261,
            705.0
          ],
          [
            8.044755,
            46.982628,
            705.0
          ],
          [
            8.044782,
            46.982641,
            704.0
          ],
          [
            8.044818,
            46.982653,
            704.0
          ],
          [
            8.044826,
            46.982432,
            702.0
          ],
          [
            8.044854,
            46.982303,
            700.0
          ],
          [
            8.044979,
            46.98196,
            700.0
          ],
          [
            8.045087,
            46.981623,
            700.0
          ],
          [
            8.045159,
            46.981464,
            694.0
          ],
          [
            8.045258,
            46.981206,
            690.0
          ],
          [
            8.045294,
            46.98112,
            690.0
          ],
          [
            8.045321,
            46.98109,
            690.0
          ],
          [
            8.04551,
            46.980802,
            690.0
          ],
          [
            8.045671,
            46.980563,
            690.0
          ],
          [
            8.045788,
            46.980416,
            690.0
          ],
          [
            8.045743,
            46.980404,
            690.0
          ],
          [
            8.045392,
            46.980287,
            690.0
          ],
          [
            8.045365,
            46.980281,
            690.0
          ],
          [
            8.045357,
            46.980262,
            690.0
          ],
          [
            8.045285,
            46.980029,
            690.0
          ],
          [
            8.045258,
            46.979889,
            690.0
          ],
          [
            8.045231,
            46.979815,
            690.0
          ],
          [
            8.045132,
            46.979649,
            690.0
          ],
          [
            8.045124,
            46.979625,
            690.0
          ],
          [
            8.045124,
            46.97957,
            690.0
          ],
          [
            8.045096,
            46.979405,
            690.0
          ],
          [
            8.045051,
            46.979257,
            690.0
          ],
          [
            8.045015,
            46.979208,
            690.0
          ],
          [
            8.044764,
            46.978993,
            690.0
          ],
          [
            8.044692,
            46.978926,
            690.0
          ],
          [
            8.044648,
            46.978853,
            690.0
          ],
          [
            8.044629,
            46.978835,
            690.0
          ],
          [
            8.044611,
            46.978829,
            690.0
          ],
          [
            8.044539,
            46.978853,
            690.0
          ],
          [
            8.044512,
            46.978877,
            690.0
          ],
          [
            8.044458,
            46.97892,
            690.0
          ],
          [
            8.044422,
            46.978951,
            690.0
          ],
          [
            8.044386,
            46.978969,
            690.0
          ],
          [
            8.044359,
            46.978969,
            690.0
          ],
          [
            8.044315,
            46.978963,
            690.0
          ],
          [
            8.044116,
            46.978896,
            690.0
          ],
          [
            8.044,
            46.978847,
            690.0
          ],
          [
            8.04364,
            46.9787,
            690.0
          ],
          [
            8.043533,
            46.978651,
            690.0
          ],
          [
            8.043336,
            46.978583,
            690.0
          ],
          [
            8.043129,
            46.978509,
            690.0
          ],
          [
            8.043021,
            46.978466,
            690.0
          ],
          [
            8.04286,
            46.978405,
            690.0
          ],
          [
            8.042688,
            46.978344,
            690.0
          ],
          [
            8.042608,
            46.978314,
            690.0
          ],
          [
            8.042482,
            46.978259,
            690.0
          ],
          [
            8.042437,
            46.978234,
            690.0
          ],
          [
            8.042302,
            46.97816,
            690.0
          ],
          [
            8.042176,
            46.978093,
            690.0
          ],
          [
            8.042105,
            46.978056,
            690.0
          ],
          [
            8.041998,
            46.977995,
            690.0
          ],
          [
            8.041916,
            46.97797,
            690.0
          ],
          [
            8.041826,
            46.977915,
            690.0
          ],
          [
            8.041719,
            46.977841,
            690.0
          ],
          [
            8.041314,
            46.977511,
            690.0
          ],
          [
            8.041216,
            46.977418,
            690.0
          ],
          [
            8.041134,
            46.977339,
            690.0
          ],
          [
            8.040694,
            46.976738,
            690.0
          ],
          [
            8.04065,
            46.976653,
            690.0
          ],
          [
            8.040623,
            46.976579,
            690.0
          ],
          [
            8.040478,
            46.976083,
            690.0
          ],
          [
            8.040416,
            46.975905,
            690.0
          ],
          [
            8.04029,
            46.975488,
            690.0
          ],
          [
            8.040227,
            46.975384,
            690.0
          ],
          [
            8.040164,
            46.9752,
            690.0
          ],
          [
            8.039958,
            46.974869,
            690.0
          ],
          [
            8.039688,
            46.974373,
            690.0
          ],
          [
            8.039518,
            46.974102,
            690.0
          ],
          [
            8.039419,
            46.973956,
            690.0
          ],
          [
            8.039319,
            46.973845,
            690.0
          ],
          [
            8.039006,
            46.973594,
            690.0
          ],
          [
            8.038943,
            46.973526,
            690.0
          ],
          [
            8.039015,
            46.973539,
            690.0
          ],
          [
            8.039095,
            46.973539,
            690.0
          ],
          [
            8.039158,
            46.973551,
            691.0
          ],
          [
            8.039374,
            46.973502,
            692.0
          ],
          [
            8.039284,
            46.973349,
            693.0
          ],
          [
            8.039248,
            46.973128,
            695.0
          ],
          [
            8.039248,
            46.972987,
            696.0
          ],
          [
            8.039203,
            46.972859,
            697.0
          ],
          [
            8.039203,
            46.972638,
            699.0
          ],
          [
            8.039185,
            46.97257,
            699.0
          ],
          [
            8.039221,
            46.972515,
            700.0
          ],
          [
            8.039158,
            46.972454,
            700.0
          ],
          [
            8.039212,
            46.972399,
            701.0
          ],
          [
            8.039212,
            46.972356,
            701.0
          ],
          [
            8.039122,
            46.972325,
            701.0
          ],
          [
            8.039015,
            46.97227,
            701.0
          ],
          [
            8.038952,
            46.972209,
            701.0
          ],
          [
            8.038906,
            46.972117,
            700.0
          ],
          [
            8.038879,
            46.972018,
            700.0
          ],
          [
            8.038843,
            46.97151,
            700.0
          ],
          [
            8.038835,
            46.971485,
            700.0
          ],
          [
            8.038826,
            46.971473,
            700.0
          ],
          [
            8.038799,
            46.971454,
            700.0
          ],
          [
            8.038772,
            46.971442,
            700.0
          ],
          [
            8.038736,
            46.97143,
            700.0
          ],
          [
            8.038727,
            46.971399,
            700.0
          ],
          [
            8.038719,
            46.971381,
            700.0
          ],
          [
            8.038709,
            46.971369,
            700.0
          ],
          [
            8.0387,
            46.971363,
            700.0
          ],
          [
            8.038736,
            46.971253,
            700.0
          ],
          [
            8.038835,
            46.971032,
            700.0
          ],
          [
            8.038835,
            46.970952,
            700.0
          ],
          [
            8.038843,
            46.970866,
            700.0
          ],
          [
            8.038763,
            46.970683,
            700.0
          ],
          [
            8.038673,
            46.970609,
            700.0
          ],
          [
            8.038556,
            46.970541,
            700.0
          ],
          [
            8.038539,
            46.970511,
            700.0
          ],
          [
            8.038512,
            46.970468,
            700.0
          ],
          [
            8.038422,
            46.970461,
            700.0
          ],
          [
            8.038269,
            46.970443,
            700.0
          ],
          [
            8.038143,
            46.9704,
            700.0
          ],
          [
            8.037964,
            46.970351,
            700.0
          ],
          [
            8.037864,
            46.970345,
            700.0
          ],
          [
            8.03774,
            46.970315,
            700.0
          ],
          [
            8.037505,
            46.970284,
            700.0
          ],
          [
            8.037092,
            46.970229,
            700.0
          ],
          [
            8.03649,
            46.970192,
            700.0
          ],
          [
            8.03605,
            46.970143,
            700.0
          ],
          [
            8.035224,
            46.97002,
            700.0
          ],
          [
            8.035134,
            46.970014,
            700.0
          ],
          [
            8.034784,
            46.969977,
            700.0
          ],
          [
            8.034631,
            46.969947,
            700.0
          ],
          [
            8.034361,
            46.969928,
            700.0
          ],
          [
            8.033939,
            46.969873,
            700.0
          ],
          [
            8.033419,
            46.969812,
            700.0
          ],
          [
            8.03295,
            46.969757,
            700.0
          ],
          [
            8.032807,
            46.969708,
            700.0
          ],
          [
            8.03261,
            46.969604,
            700.0
          ],
          [
            8.032448,
            46.969616,
            700.0
          ],
          [
            8.032287,
            46.969561,
            700.0
          ],
          [
            8.032161,
            46.969505,
            700.0
          ],
          [
            8.032025,
            46.969426,
            700.0
          ],
          [
            8.031874,
            46.969395,
            700.0
          ],
          [
            8.031756,
            46.96934,
            700.0
          ],
          [
            8.031648,
            46.969266,
            700.0
          ],
          [
            8.031459,
            46.969119,
            700.0
          ],
          [
            8.031055,
            46.968855,
            700.0
          ],
          [
            8.030679,
            46.968641,
            700.0
          ],
          [
            8.030579,
            46.968598,
            700.0
          ],
          [
            8.030463,
            46.968537,
            700.0
          ],
          [
            8.030203,
            46.968457,
            700.0
          ],
          [
            8.03004,
            46.968359,
            700.0
          ],
          [
            8.02978,
            46.968163,
            700.0
          ],
          [
            8.029663,
            46.968108,
            700.0
          ],
          [
            8.029367,
            46.967918,
            700.0
          ],
          [
            8.029061,
            46.967679,
            700.0
          ],
          [
            8.028971,
            46.967618,
            700.0
          ],
          [
            8.028836,
            46.967532,
            700.0
          ],
          [
            8.028612,
            46.967397,
            700.0
          ],
          [
            8.028432,
            46.967317,
            700.0
          ],
          [
            8.028369,
            46.967255,
            700.0
          ],
          [
            8.028306,
            46.967219,
            700.0
          ],
          [
            8.028136,
            46.967152,
            700.0
          ],
          [
            8.028019,
            46.967084,
            700.0
          ],
          [
            8.027884,
            46.967035,
            700.0
          ],
          [
            8.027813,
            46.967017,
            700.0
          ],
          [
            8.02765,
            46.966943,
            700.0
          ],
          [
            8.027561,
            46.966906,
            700.0
          ],
          [
            8.027471,
            46.966875,
            700.0
          ],
          [
            8.027373,
            46.966851,
            700.0
          ],
          [
            8.027327,
            46.966826,
            700.0
          ],
          [
            8.027228,
            46.966771,
            700.0
          ],
          [
            8.02705,
            46.966698,
            700.0
          ],
          [
            8.026744,
            46.966588,
            700.0
          ],
          [
            8.026429,
            46.966422,
            700.0
          ],
          [
            8.026232,
            46.966318,
            700.0
          ],
          [
            8.026105,
            46.966207,
            700.0
          ],
          [
            8.025971,
            46.966085,
            700.0
          ],
          [
            8.025872,
            46.965993,
            700.0
          ],
          [
            8.025836,
            46.965962,
            700.0
          ],
          [
            8.025818,
            46.965925,
            700.0
          ],
          [
            8.025755,
            46.96587,
            700.0
          ],
          [
            8.025746,
            46.965839,
            700.0
          ],
          [
            8.025738,
            46.965815,
            700.0
          ],
          [
            8.025719,
            46.96579,
            700.0
          ],
          [
            8.025656,
            46.965735,
            701.0
          ],
          [
            8.025639,
            46.965704,
            701.0
          ],
          [
            8.02554,
            46.965588,
            701.0
          ],
          [
            8.02545,
            46.965447,
            701.0
          ],
          [
            8.025369,
            46.965386,
            701.0
          ],
          [
            8.025352,
            46.965331,
            701.0
          ],
          [
            8.025352,
            46.9653,
            701.0
          ],
          [
            8.025352,
            46.965275,
            701.0
          ],
          [
            8.02536,
            46.96522,
            701.0
          ],
          [
            8.02536,
            46.965202,
            701.0
          ],
          [
            8.02527,
            46.965196,
            701.0
          ],
          [
            8.025279,
            46.965153,
            701.0
          ],
          [
            8.025226,
            46.96511,
            701.0
          ],
          [
            8.025109,
            46.964975,
            701.0
          ],
          [
            8.025027,
            46.964896,
            701.0
          ],
          [
            8.024974,
            46.964834,
            701.0
          ],
          [
            8.024876,
            46.964748,
            702.0
          ],
          [
            8.024786,
            46.964662,
            702.0
          ],
          [
            8.024606,
            46.964485,
            702.0
          ],
          [
            8.024507,
            46.964387,
            702.0
          ],
          [
            8.024461,
            46.964338,
            702.0
          ],
          [
            8.024408,
            46.964295,
            702.0
          ],
          [
            8.024363,
            46.96427,
            702.0
          ],
          [
            8.024291,
            46.964221,
            702.0
          ],
          [
            8.024237,
            46.964166,
            702.0
          ],
          [
            8.024157,
            46.964105,
            702.0
          ],
          [
            8.024031,
            46.964001,
            702.0
          ],
          [
            8.023932,
            46.963939,
            702.0
          ],
          [
            8.023834,
            46.963878,
            702.0
          ],
          [
            8.023752,
            46.963823,
            703.0
          ],
          [
            8.023708,
            46.963786,
            703.0
          ],
          [
            8.023635,
            46.963749,
            703.0
          ],
          [
            8.023572,
            46.963712,
            703.0
          ],
          [
            8.023438,
            46.963645,
            703.0
          ],
          [
            8.023312,
            46.96359,
            703.0
          ],
          [
            8.023178,
            46.963516,
            703.0
          ],
          [
            8.023115,
            46.96351,
            703.0
          ],
          [
            8.023069,
            46.963498,
            703.0
          ],
          [
            8.022908,
            46.963406,
            703.0
          ],
          [
            8.0228,
            46.963351,
            703.0
          ],
          [
            8.02271,
            46.963295,
            703.0
          ],
          [
            8.022674,
            46.963277,
            703.0
          ],
          [
            8.022593,
            46.96324,
            703.0
          ],
          [
            8.022297,
            46.963087,
            704.0
          ],
          [
            8.022243,
            46.963069,
            704.0
          ],
          [
            8.022144,
            46.963032,
            704.0
          ],
          [
            8.022063,
            46.962989,
            704.0
          ],
          [
            8.021983,
            46.962946,
            704.0
          ],
          [
            8.021838,
            46.962879,
            704.0
          ],
          [
            8.021776,
            46.962848,
            704.0
          ],
          [
            8.021623,
            46.962793,
            704.0
          ],
          [
            8.021434,
            46.9627,
            704.0
          ],
          [
            8.021272,
            46.962627,
            704.0
          ],
          [
            8.021218,
            46.962603,
            704.0
          ],
          [
            8.021102,
            46.962541,
            704.0
          ],
          [
            8.021048,
            46.962511,
            704.0
          ],
          [
            8.020976,
            46.96248,
            705.0
          ],
          [
            8.020832,
            46.962419,
            705.0
          ],
          [
            8.020752,
            46.962376,
            705.0
          ],
          [
            8.020438,
            46.96221,
            705.0
          ],
          [
            8.020356,
            46.962179,
            705.0
          ],
          [
            8.020168,
            46.962081,
            705.0
          ],
          [
            8.020052,
            46.962039,
            705.0
          ],
          [
            8.019943,
            46.961978,
            705.0
          ],
          [
            8.019826,
            46.96191,
            705.0
          ],
          [
            8.019746,
            46.961873,
            705.0
          ],
          [
            8.01961,
            46.961806,
            706.0
          ],
          [
            8.019513,
            46.961763,
            706.0
          ],
          [
            8.01935,
            46.961701,
            706.0
          ],
          [
            8.01927,
            46.961658,
            706.0
          ],
          [
            8.019144,
            46.961591,
            706.0
          ],
          [
            8.019063,
            46.961542,
            706.0
          ],
          [
            8.018991,
            46.961499,
            706.0
          ],
          [
            8.018955,
            46.961475,
            706.0
          ],
          [
            8.01891,
            46.961444,
            706.0
          ],
          [
            8.018865,
            46.961407,
            706.0
          ],
          [
            8.018811,
            46.961364,
            706.0
          ],
          [
            8.018704,
            46.961229,
            706.0
          ],
          [
            8.018595,
            46.961119,
            706.0
          ],
          [
            8.018452,
            46.960837,
            707.0
          ],
          [
            8.018362,
            46.960531,
            707.0
          ],
          [
            8.018264,
            46.960291,
            707.0
          ],
          [
            8.018228,
            46.960071,
            707.0
          ],
          [
            8.018056,
            46.959488,
            708.0
          ],
          [
            8.017958,
            46.959077,
            708.0
          ],
          [
            8.01785,
            46.958703,
            708.0
          ],
          [
            8.017779,
            46.958666,
            708.0
          ],
          [
            8.01749,
            46.957851,
            709.0
          ],
          [
            8.017392,
            46.957471,
            710.0
          ],
          [
            8.017392,
            46.957397,
            710.0
          ],
          [
            8.017347,
            46.957293,
            710.0
          ],
          [
            8.017302,
            46.957085,
            710.0
          ],
          [
            8.017302,
            46.95679,
            710.0
          ],
          [
            8.017293,
            46.956367,
            711.0
          ],
          [
            8.017374,
            46.955938,
            713.0
          ],
          [
            8.017463,
            46.955668,
            713.0
          ],
          [
            8.017509,
            46.955184,
            714.0
          ],
          [
            8.017572,
            46.954522,
            716.0
          ],
          [
            8.017563,
            46.954374,
            716.0
          ],
          [
            8.017509,
            46.95408,
            717.0
          ],
          [
            8.017437,
            46.953994,
            717.0
          ],
          [
            8.01741,
            46.953933,
            718.0
          ],
          [
            8.017374,
            46.953841,
            718.0
          ],
          [
            8.01732,
            46.9537,
            718.0
          ],
          [
            8.017222,
            46.953626,
            718.0
          ],
          [
            8.017167,
            46.953608,
            718.0
          ],
          [
            8.017033,
            46.953547,
            718.0
          ],
          [
            8.01662,
            46.953234,
            718.0
          ],
          [
            8.016566,
            46.953197,
            718.0
          ],
          [
            8.016117,
            46.952872,
            718.0
          ],
          [
            8.015918,
            46.952737,
            718.0
          ],
          [
            8.015855,
            46.9527,
            718.0
          ],
          [
            8.015855,
            46.952645,
            718.0
          ],
          [
            8.015874,
            46.95256,
            718.0
          ],
          [
            8.015901,
            46.952492,
            718.0
          ],
          [
            8.015964,
            46.9524,
            718.0
          ],
          [
            8.016081,
            46.952216,
            718.0
          ],
          [
            8.016108,
            46.952137,
            718.0
          ],
          [
            8.016125,
            46.9521,
            718.0
          ],
          [
            8.016152,
            46.952081,
            718.0
          ],
          [
            8.016386,
            46.951995,
            718.0
          ],
          [
            8.016278,
            46.951842,
            717.0
          ],
          [
            8.016117,
            46.951609,
            718.0
          ],
          [
            8.015802,
            46.95107,
            718.0
          ],
          [
            8.015712,
            46.950947,
            718.0
          ],
          [
            8.015694,
            46.950928,
            718.0
          ],
          [
            8.015694,
            46.950916,
            718.0
          ],
          [
            8.015694,
            46.950897,
            718.0
          ],
          [
            8.015784,
            46.950757,
            718.0
          ],
          [
            8.015821,
            46.950702,
            718.0
          ],
          [
            8.015641,
            46.95064,
            718.0
          ],
          [
            8.015568,
            46.95061,
            718.0
          ],
          [
            8.015515,
            46.950585,
            718.0
          ],
          [
            8.015461,
            46.950554,
            718.0
          ],
          [
            8.015344,
            46.950481,
            719.0
          ],
          [
            8.015245,
            46.950517,
            719.0
          ],
          [
            8.015182,
            46.95045,
            719.0
          ],
          [
            8.015119,
            46.95045,
            719.0
          ],
          [
            8.015065,
            46.950407,
            719.0
          ],
          [
            8.015065,
            46.950364,
            719.0
          ],
          [
            8.014993,
            46.950291,
            719.0
          ],
          [
            8.01485,
            46.950352,
            719.0
          ],
          [
            8.014895,
            46.950395,
            720.0
          ],
          [
            8.014886,
            46.950401,
            720.0
          ],
          [
            8.015039,
            46.950548,
            720.0
          ],
          [
            8.014895,
            46.950622,
            720.0
          ],
          [
            8.014868,
            46.950591,
            720.0
          ]
        ]
      }
    }
  ]
}