{
  "type": "FeatureCollection",
  "features": [
    {
      "type": "Feature",
      "properties": {},
      "geometry": {
        "type": "LineString",
        "coordinates": [
          [
            8.418723,
            47.566576,
            361.0
          ],
          [
            8.418706,
            47.566582,
            361.0
          ],
          [
            8.418562,
            47.566642,
            362.0
          ],
          [
            8.418517,
            47.566649,
            362.0
          ],
          [
            8.418454,
            47.566649,
            362.0
          ],
          [
            8.418373,
            47.566667,
            363.0
          ],
          [
            8.41832,
            47.566667,
            363.0
          ],
          [
            8.418293,
            47.566697,
            363.0
          ],
          [
            8.418238,
            47.566733,
            363.0
          ],
          [
            8.418274,
            47.566757,
            363.0
          ],
          [
            8.418301,
            47.566794,
            363.0
          ],
          [
            8.418346,
            47.566843,
            363.0
          ],
          [
            8.418383,
            47.566921,
            363.0
          ],
          [
            8.418444,
            47.566994,
            363.0
          ],
          [
            8.418526,
            47.567073,
            363.0
          ],
          [
            8.418597,
            47.567127,
            363.0
          ],
          [
            8.418633,
            47.5672,
            362.0
          ],
          [
            8.418624,
            47.567309,
            362.0
          ],
          [
            8.418562,
            47.567388,
            362.0
          ],
          [
            8.418417,
            47.567461,
            362.0
          ],
          [
            8.418274,
            47.567551,
            362.0
          ],
          [
            8.418247,
            47.567655,
            361.0
          ],
          [
            8.418238,
            47.567721,
            361.0
          ],
          [
            8.418238,
            47.567752,
            361.0
          ],
          [
            8.418256,
            47.56786,
            361.0
          ],
          [
            8.418301,
            47.568273,
            356.0
          ],
          [
            8.41831,
            47.568351,
            355.0
          ],
          [
            8.418337,
            47.568558,
            352.0
          ],
          [
            8.418364,
            47.568642,
            351.0
          ],
          [
            8.4184,
            47.568764,
            349.0
          ],
          [
            8.418444,
            47.568885,
            347.0
          ],
          [
            8.418507,
            47.569037,
            344.0
          ],
          [
            8.41857,
            47.569158,
            342.0
          ],
          [
            8.418607,
            47.569206,
            341.0
          ],
          [
            8.41867,
            47.569254,
            340.0
          ],
          [
            8.41875,
            47.569382,
            340.0
          ],
          [
            8.418796,
            47.569467,
            340.0
          ],
          [
            8.418912,
            47.569436,
            340.0
          ],
          [
            8.419065,
            47.5694,
            340.0
          ],
          [
            8.419289,
            47.569346,
            340.0
          ],
          [
            8.419568,
            47.569285,
            340.0
          ],
          [
            8.419801,
            47.569224,
            340.0
          ],
          [
            8.420071,
            47.569152,
            340.0
          ],
          [
            8.420502,
            47.568994,
            340.0
          ],
          [
            8.420744,
            47.568915,
            340.0
          ],
          [
            8.42113,
            47.568782,
            340.0
          ],
          [
            8.421822,
            47.568534,
            340.0
          ],
          [
            8.422757,
            47.568231,
            340.0
          ],
          [
            8.423476,
            47.568006,
            340.0
          ],
          [
            8.423924,
            47.567854,
            340.0
          ],
          [
            8.424949,
            47.567497,
            340.0
          ],
          [
            8.425128,
            47.567351,
            340.0
          ],
          [
            8.425442,
            47.5672,
            342.0
          ],
          [
            8.425946,
            47.566994,
            346.0
          ],
          [
            8.426593,
            47.566715,
            350.0
          ],
          [
            8.426809,
            47.566606,
            350.0
          ],
          [
            8.426996,
            47.5666,
            347.0
          ],
          [
            8.427293,
            47.566545,
            343.0
          ],
          [
            8.427499,
            47.566509,
            340.0
          ],
          [
            8.427851,
            47.566484,
            340.0
          ],
          [
            8.427967,
            47.566442,
            340.0
          ],
          [
            8.428434,
            47.566254,
            340.0
          ],
          [
            8.428524,
            47.566315,
            340.0
          ],
          [
            8.428667,
            47.566321,
            340.0
          ],
          [
            8.428748,
            47.566303,
            340.0
          ],
          [
            8.428874,
            47.566279,
            340.0
          ],
          [
            8.429018,
            47.566242,
            340.0
          ],
          [
            8.429144,
            47.566194,
            340.0
          ],
          [
            8.429224,
            47.566109,
            340.0
          ],
          [
            8.429323,
            47.565969,
            340.0
          ],
          [
            8.429432,
            47.566055,
            340.0
          ],
          [
            8.429503,
            47.566073,
            340.0
          ],
          [
            8.429575,
            47.566091,
            340.0
          ],
          [
            8.429656,
            47.566085,
            340.0
          ],
          [
            8.429872,
            47.566055,
            340.0
          ],
          [
            8.430482,
            47.566,
            340.0
          ],
          [
            8.431444,
            47.565963,
            340.0
          ],
          [
            8.432602,
            47.565969,
            340.0
          ],
          [
            8.433331,
            47.56603,
            340.0
          ],
          [
            8.433904,
            47.566121,
            340.0
          ],
          [
            8.434283,
            47.566139,
            340.0
          ],
          [
            8.4343,
            47.566018,
            340.0
          ],
          [
            8.434291,
            47.565945,
            340.0
          ],
          [
            8.434327,
            47.565891,
            340.0
          ],
          [
            8.43439,
            47.565903,
            340.0
          ],
          [
            8.434597,
            47.565933,
            340.0
          ],
          [
            8.434767,
            47.565982,
            340.0
          ],
          [
            8.435145,
            47.566157,
            340.0
          ],
          [
            8.435441,
            47.56623,
            340.0
          ],
          [
            8.43625,
            47.566333,
            340.0
          ],
          [
            8.437076,
            47.566497,
            340.0
          ],
          [
            8.438531,
            47.566709,
            340.0
          ],
          [
            8.439411,
            47.566933,
            340.0
          ],
          [
            8.439933,
            47.567054,
            340.0
          ],
          [
            8.440302,
            47.567158,
            340.0
          ],
          [
            8.440688,
            47.567333,
            340.0
          ],
          [
            8.441191,
            47.567479,
            340.0
          ],
          [
            8.441451,
            47.567582,
            340.0
          ],
          [
            8.441828,
            47.567709,
            340.0
          ],
          [
            8.442088,
            47.5678,
            340.0
          ],
          [
            8.442897,
            47.568049,
            340.0
          ],
          [
            8.443696,
            47.568291,
            340.0
          ],
          [
            8.444388,
            47.568509,
            340.0
          ],
          [
            8.445413,
            47.568824,
            340.0
          ],
          [
            8.446554,
            47.569176,
            340.0
          ],
          [
            8.447334,
            47.5694,
            340.0
          ],
          [
            8.447713,
            47.569521,
            340.0
          ],
          [
            8.448126,
            47.569697,
            340.0
          ],
          [
            8.448835,
            47.56994,
            340.0
          ],
          [
            8.449625,
            47.570212,
            340.0
          ],
          [
            8.450003,
            47.570309,
            340.0
          ],
          [
            8.45012,
            47.570273,
            340.0
          ],
          [
            8.450183,
            47.570297,
            340.0
          ],
          [
            8.450273,
            47.570376,
            340.0
          ],
          [
            8.450353,
            47.570394,
            340.0
          ],
          [
            8.45046,
            47.570406,
            340.0
          ],
          [
            8.450533,
            47.570394,
            340.0
          ],
          [
            8.450982,
            47.570437,
            340.0
          ],
          [
            8.451215,
            47.570443,
            340.0
          ],
          [
            8.451288,
            47.570479,
            340.0
          ],
          [
            8.45135,
            47.570479,
            340.0
          ],
          [
            8.451458,
            47.570503,
            340.0
          ],
          [
            8.451818,
            47.570655,
            340.0
          ],
          [
            8.45215,
            47.570752,
            340.0
          ],
          [
            8.452697,
            47.570885,
            340.0
          ],
          [
            8.452823,
            47.570909,
            340.0
          ],
          [
            8.453156,
            47.570982,
            340.0
          ],
          [
            8.453399,
            47.571085,
            340.0
          ],
          [
            8.453605,
            47.571121,
            340.0
          ],
          [
            8.454378,
            47.571382,
            340.0
          ],
          [
            8.454944,
            47.571546,
            340.0
          ],
          [
            8.455186,
            47.57163,
            340.0
          ],
          [
            8.4556,
            47.57177,
            340.0
          ],
          [
            8.455976,
            47.571879,
            340.0
          ],
          [
            8.456336,
            47.571957,
            340.0
          ],
          [
            8.45665,
            47.571957,
            340.0
          ],
          [
            8.457334,
            47.571915,
            340.0
          ],
          [
            8.458187,
            47.571782,
            340.0
          ],
          [
            8.458626,
            47.571709,
            340.0
          ],
          [
            8.459031,
            47.571648,
            340.0
          ],
          [
            8.459462,
            47.571642,
            340.0
          ],
          [
            8.4601,
            47.571582,
            340.0
          ],
          [
            8.460747,
            47.571516,
            340.0
          ],
          [
            8.461079,
            47.571442,
            340.0
          ],
          [
            8.461313,
            47.571473,
            340.0
          ],
          [
            8.461762,
            47.571461,
            340.0
          ],
          [
            8.462247,
            47.571491,
            340.0
          ],
          [
            8.462561,
            47.571467,
            340.0
          ],
          [
            8.462669,
            47.571497,
            340.0
          ],
          [
            8.462867,
            47.57151,
            340.0
          ],
          [
            8.463163,
            47.571504,
            340.0
          ],
          [
            8.463297,
            47.57151,
            340.0
          ],
          [
            8.464393,
            47.571528,
            340.0
          ],
          [
            8.464492,
            47.571546,
            340.0
          ],
          [
            8.4654,
            47.571691,
            342.0
          ],
          [
            8.46575,
            47.571734,
            343.0
          ],
          [
            8.465903,
            47.571746,
            343.0
          ],
          [
            8.466137,
            47.571758,
            343.0
          ],
          [
            8.466846,
            47.571903,
            345.0
          ],
          [
            8.467116,
            47.572006,
            345.0
          ],
          [
            8.467161,
            47.572031,
            345.0
          ],
          [
            8.467458,
            47.572115,
            346.0
          ],
          [
            8.468131,
            47.572273,
            347.0
          ],
          [
            8.46875,
            47.572473,
            349.0
          ],
          [
            8.469047,
            47.572588,
            349.0
          ],
          [
            8.469272,
            47.572661,
            350.0
          ],
          [
            8.469452,
            47.572703,
            350.0
          ],
          [
            8.469712,
            47.572751,
            351.0
          ],
          [
            8.469846,
            47.572782,
            352.0
          ],
          [
            8.469982,
            47.572818,
            352.0
          ],
          [
            8.470152,
            47.572879,
            353.0
          ],
          [
            8.470322,
            47.572946,
            353.0
          ],
          [
            8.470619,
            47.573085,
            355.0
          ],
          [
            8.470674,
            47.573103,
            355.0
          ],
          [
            8.470708,
            47.573109,
            355.0
          ],
          [
            8.470844,
            47.573109,
            356.0
          ],
          [
            8.470808,
            47.573061,
            356.0
          ],
          [
            8.47079,
            47.573012,
            356.0
          ],
          [
            8.470763,
            47.572897,
            357.0
          ],
          [
            8.470754,
            47.572812,
            357.0
          ],
          [
            8.470763,
            47.572667,
            358.0
          ],
          [
            8.470763,
            47.572558,
            359.0
          ],
          [
            8.47079,
            47.572448,
            359.0
          ],
          [
            8.470825,
            47.572346,
            360.0
          ],
          [
            8.470861,
            47.572273,
            360.0
          ],
          [
            8.470978,
            47.572073,
            361.0
          ],
          [
            8.471024,
            47.572,
            361.0
          ],
          [
            8.471087,
            47.571927,
            362.0
          ],
          [
            8.471113,
            47.571897,
            362.0
          ],
          [
            8.471158,
            47.571897,
            362.0
          ],
          [
            8.471203,
            47.571897,
            362.0
          ],
          [
            8.471293,
            47.571885,
            361.0
          ],
          [
            8.471329,
            47.571933,
            361.0
          ],
          [
            8.471383,
            47.571994,
            361.0
          ],
          [
            8.471454,
            47.572049,
            361.0
          ],
          [
            8.471598,
            47.572109,
            361.0
          ],
          [
            8.472209,
            47.572364,
            360.0
          ],
          [
            8.472209,
            47.572364,
            360.0
          ],
          [
            8.472748,
            47.572594,
            360.0
          ],
          [
            8.473593,
            47.572946,
            359.0
          ],
          [
            8.474096,
            47.573152,
            359.0
          ],
          [
            8.47424,
            47.573218,
            359.0
          ],
          [
            8.474356,
            47.573285,
            359.0
          ],
          [
            8.474427,
            47.573339,
            359.0
          ],
          [
            8.474482,
            47.573407,
            359.0
          ],
          [
            8.474509,
            47.573461,
            359.0
          ],
          [
            8.474527,
            47.573527,
            359.0
          ],
          [
            8.474509,
            47.573631,
            359.0
          ],
          [
            8.4745,
            47.573673,
            359.0
          ],
          [
            8.474473,
            47.573728,
            359.0
          ],
          [
            8.474427,
            47.57377,
            359.0
          ],
          [
            8.474276,
            47.573897,
            359.0
          ],
          [
            8.474158,
            47.573994,
            359.0
          ],
          [
            8.474123,
            47.574042,
            359.0
          ],
          [
            8.474087,
            47.574097,
            359.0
          ],
          [
            8.474077,
            47.574152,
            359.0
          ],
          [
            8.474096,
            47.5742,
            358.0
          ],
          [
            8.474123,
            47.574243,
            358.0
          ],
          [
            8.474158,
            47.574279,
            358.0
          ],
          [
            8.474203,
            47.574315,
            358.0
          ],
          [
            8.474347,
            47.574388,
            358.0
          ],
          [
            8.474437,
            47.574406,
            356.0
          ],
          [
            8.474877,
            47.57454,
            349.0
          ],
          [
            8.475156,
            47.574642,
            348.0
          ],
          [
            8.475282,
            47.574679,
            348.0
          ],
          [
            8.475632,
            47.574758,
            347.0
          ],
          [
            8.475874,
            47.574806,
            346.0
          ],
          [
            8.475991,
            47.574818,
            346.0
          ],
          [
            8.476098,
            47.574824,
            345.0
          ],
          [
            8.476171,
            47.574824,
            345.0
          ],
          [
            8.476224,
            47.574818,
            345.0
          ],
          [
            8.47627,
            47.5748,
            345.0
          ],
          [
            8.476305,
            47.574776,
            345.0
          ],
          [
            8.476341,
            47.574728,
            344.0
          ],
          [
            8.476467,
            47.574812,
            349.0
          ],
          [
            8.476548,
            47.574873,
            352.0
          ],
          [
            8.476629,
            47.575019,
            359.0
          ],
          [
            8.476674,
            47.575037,
            360.0
          ],
          [
            8.476611,
            47.575067,
            360.0
          ],
          [
            8.47654,
            47.575085,
            360.0
          ],
          [
            8.476503,
            47.575115,
            360.0
          ],
          [
            8.476485,
            47.575163,
            359.0
          ],
          [
            8.476422,
            47.575206,
            358.0
          ],
          [
            8.475964,
            47.575358,
            353.0
          ],
          [
            8.475838,
            47.575424,
            351.0
          ],
          [
            8.475785,
            47.575473,
            350.0
          ],
          [
            8.475712,
            47.575594,
            350.0
          ],
          [
            8.475695,
            47.575642,
            350.0
          ],
          [
            8.475695,
            47.575673,
            350.0
          ],
          [
            8.475721,
            47.575697,
            350.0
          ],
          [
            8.475937,
            47.575861,
            350.0
          ],
          [
            8.475982,
            47.575903,
            351.0
          ],
          [
            8.476108,
            47.576018,
            351.0
          ],
          [
            8.476108,
            47.576079,
            351.0
          ],
          [
            8.476063,
            47.57614,
            351.0
          ],
          [
            8.475964,
            47.576218,
            351.0
          ],
          [
            8.475821,
            47.576346,
            350.0
          ],
          [
            8.475794,
            47.576382,
            350.0
          ],
          [
            8.475794,
            47.576406,
            350.0
          ],
          [
            8.476188,
            47.576661,
            350.0
          ],
          [
            8.476387,
            47.576806,
            350.0
          ],
          [
            8.476477,
            47.576861,
            350.0
          ],
          [
            8.476566,
            47.576909,
            350.0
          ],
          [
            8.476691,
            47.57697,
            350.0
          ],
          [
            8.476773,
            47.576994,
            350.0
          ],
          [
            8.476809,
            47.577024,
            350.0
          ],
          [
            8.476871,
            47.57706,
            350.0
          ],
          [
            8.476934,
            47.577097,
            350.0
          ],
          [
            8.476953,
            47.577103,
            350.0
          ],
          [
            8.476987,
            47.577115,
            350.0
          ],
          [
            8.477051,
            47.57714,
            350.0
          ],
          [
            8.4775,
            47.57726,
            350.0
          ],
          [
            8.47759,
            47.577291,
            350.0
          ],
          [
            8.478308,
            47.577357,
            350.0
          ],
          [
            8.478857,
            47.577315,
            351.0
          ],
          [
            8.479207,
            47.57726,
            352.0
          ],
          [
            8.479503,
            47.577188,
            353.0
          ],
          [
            8.479647,
            47.577182,
            353.0
          ],
          [
            8.479782,
            47.577164,
            354.0
          ],
          [
            8.479997,
            47.577054,
            354.0
          ],
          [
            8.480599,
            47.576836,
            356.0
          ],
          [
            8.481058,
            47.576685,
            357.0
          ],
          [
            8.481245,
            47.576625,
            358.0
          ],
          [
            8.481578,
            47.57657,
            358.0
          ],
          [
            8.481857,
            47.576539,
            359.0
          ],
          [
            8.482253,
            47.576485,
            360.0
          ],
          [
            8.482467,
            47.57643,
            360.0
          ],
          [
            8.482612,
            47.576382,
            360.0
          ],
          [
            8.482729,
            47.576346,
            360.0
          ],
          [
            8.482863,
            47.576327,
            360.0
          ],
          [
            8.48298,
            47.576321,
            360.0
          ],
          [
            8.483061,
            47.576334,
            360.0
          ],
          [
            8.483186,
            47.57634,
            360.0
          ],
          [
            8.483295,
            47.576334,
            360.0
          ],
          [
            8.483411,
            47.576309,
            360.0
          ],
          [
            8.484022,
            47.576266,
            360.0
          ],
          [
            8.484651,
            47.576242,
            360.0
          ],
          [
            8.485019,
            47.576285,
            360.0
          ],
          [
            8.485109,
            47.576272,
            360.0
          ],
          [
            8.48527,
            47.576315,
            360.0
          ],
          [
            8.485442,
            47.576352,
            360.0
          ],
          [
            8.485558,
            47.576358,
            360.0
          ],
          [
            8.485639,
            47.576376,
            360.0
          ],
          [
            8.485872,
            47.5764,
            358.0
          ],
          [
            8.486259,
            47.576424,
            356.0
          ],
          [
            8.486402,
            47.576454,
            356.0
          ],
          [
            8.486555,
            47.576521,
            355.0
          ],
          [
            8.486987,
            47.576655,
            352.0
          ],
          [
            8.487148,
            47.576703,
            351.0
          ],
          [
            8.487373,
            47.576721,
            350.0
          ],
          [
            8.487463,
            47.576745,
            350.0
          ],
          [
            8.487597,
            47.576806,
            350.0
          ],
          [
            8.48775,
            47.576855,
            350.0
          ],
          [
            8.487893,
            47.576855,
            350.0
          ],
          [
            8.488092,
            47.576842,
            350.0
          ],
          [
            8.488182,
            47.576861,
            350.0
          ],
          [
            8.488235,
            47.576903,
            350.0
          ],
          [
            8.488306,
            47.576982,
            350.0
          ],
          [
            8.488432,
            47.577012,
            350.0
          ],
          [
            8.488622,
            47.577066,
            350.0
          ],
          [
            8.488819,
            47.57714,
            350.0
          ],
          [
            8.488945,
            47.5772,
            350.0
          ],
          [
            8.489169,
            47.577309,
            350.0
          ],
          [
            8.48934,
            47.577418,
            350.0
          ],
          [
            8.489538,
            47.577467,
            350.0
          ],
          [
            8.489727,
            47.577497,
            350.0
          ],
          [
            8.489834,
            47.577515,
            350.0
          ],
          [
            8.489924,
            47.577545,
            350.0
          ],
          [
            8.489969,
            47.577557,
            350.0
          ],
          [
            8.490014,
            47.577557,
            350.0
          ],
          [
            8.490067,
            47.577563,
            350.0
          ],
          [
            8.490121,
            47.577575,
            350.0
          ],
          [
            8.490176,
            47.577575,
            350.0
          ],
          [
            8.49023,
            47.577587,
            350.0
          ],
          [
            8.490293,
            47.5776,
            350.0
          ],
          [
            8.490346,
            47.577612,
            350.0
          ],
          [
            8.490669,
            47.577673,
            350.0
          ],
          [
            8.490769,
            47.577685,
            350.0
          ],
          [
            8.490867,
            47.577697,
            350.0
          ],
          [
            8.490966,
            47.577709,
            350.0
          ],
          [
            8.491019,
            47.577727,
            350.0
          ],
          [
            8.491065,
            47.577745,
            350.0
          ],
          [
            8.491109,
            47.577776,
            350.0
          ],
          [
            8.491146,
            47.577812,
            350.0
          ],
          [
            8.491209,
            47.577878,
            350.0
          ],
          [
            8.491235,
            47.577915,
            350.0
          ],
          [
            8.491262,
            47.577927,
            350.0
          ],
          [
            8.491343,
            47.577958,
            350.0
          ],
          [
            8.491406,
            47.577988,
            350.0
          ],
          [
            8.491433,
            47.577994,
            350.0
          ],
          [
            8.491424,
            47.578048,
            350.0
          ],
          [
            8.491369,
            47.578303,
            350.0
          ],
          [
            8.491352,
            47.578381,
            350.0
          ],
          [
            8.491352,
            47.578424,
            350.0
          ],
          [
            8.491369,
            47.578454,
            350.0
          ],
          [
            8.492098,
            47.578933,
            350.0
          ],
          [
            8.492924,
            47.579436,
            350.0
          ],
          [
            8.49349,
            47.579714,
            350.0
          ],
          [
            8.494029,
            47.579921,
            350.0
          ],
          [
            8.494811,
            47.580157,
            350.0
          ],
          [
            8.49535,
            47.58026,
            350.0
          ],
          [
            8.495539,
            47.580278,
            350.0
          ],
          [
            8.495736,
            47.580303,
            350.0
          ],
          [
            8.496086,
            47.580382,
            350.0
          ],
          [
            8.496759,
            47.580436,
            350.0
          ],
          [
            8.497227,
            47.580436,
            350.0
          ],
          [
            8.497667,
            47.580424,
            350.0
          ],
          [
            8.498296,
            47.580339,
            350.0
          ],
          [
            8.498817,
            47.580242,
            350.0
          ],
          [
            8.500021,
            47.579975,
            350.0
          ],
          [
            8.500147,
            47.579951,
            350.0
          ],
          [
            8.500281,
            47.579987,
            350.0
          ],
          [
            8.500317,
            47.579891,
            350.0
          ],
          [
            8.500371,
            47.579866,
            350.0
          ],
          [
            8.500443,
            47.579872,
            350.0
          ],
          [
            8.500488,
            47.579897,
            350.0
          ],
          [
            8.500659,
            47.579842,
            350.0
          ],
          [
            8.500856,
            47.5798,
            350.0
          ],
          [
            8.501036,
            47.579714,
            350.0
          ],
          [
            8.502033,
            47.579327,
            350.0
          ],
          [
            8.502069,
            47.579309,
            350.0
          ],
          [
            8.502321,
            47.579285,
            350.0
          ],
          [
            8.502491,
            47.579218,
            350.0
          ],
          [
            8.502688,
            47.579139,
            350.0
          ],
          [
            8.502625,
            47.579236,
            350.0
          ],
          [
            8.502788,
            47.57923,
            350.0
          ],
          [
            8.502985,
            47.579157,
            350.0
          ],
          [
            8.503407,
            47.579018,
            350.0
          ],
          [
            8.503883,
            47.578866,
            350.0
          ],
          [
            8.503946,
            47.578824,
            350.0
          ],
          [
            8.504225,
            47.578733,
            350.0
          ],
          [
            8.504476,
            47.578666,
            350.0
          ],
          [
            8.504621,
            47.578606,
            350.0
          ],
          [
            8.504862,
            47.578569,
            350.0
          ],
          [
            8.505275,
            47.578418,
            350.0
          ],
          [
            8.505204,
            47.578369,
            350.0
          ],
          [
            8.505214,
            47.578315,
            350.0
          ],
          [
            8.505222,
            47.578188,
            350.0
          ],
          [
            8.505258,
            47.578133,
            350.0
          ],
          [
            8.505275,
            47.578127,
            350.0
          ],
          [
            8.505304,
            47.578127,
            350.0
          ],
          [
            8.505411,
            47.578176,
            350.0
          ],
          [
            8.505528,
            47.5782,
            350.0
          ],
          [
            8.505608,
            47.578236,
            350.0
          ],
          [
            8.505663,
            47.578236,
            350.0
          ],
          [
            8.505671,
            47.57823,
            350.0
          ],
          [
            8.505627,
            47.5782,
            351.0
          ],
          [
            8.505518,
            47.578097,
            355.0
          ],
          [
            8.505491,
            47.578048,
            356.0
          ],
          [
            8.505501,
            47.578048,
            356.0
          ],
          [
            8.505644,
            47.578115,
            359.0
          ],
          [
            8.505734,
            47.578097,
            360.0
          ],
          [
            8.505743,
            47.578078,
            360.0
          ],
          [
            8.506049,
            47.577958,
            361.0
          ],
          [
            8.506946,
            47.577733,
            362.0
          ],
          [
            8.507567,
            47.577551,
            364.0
          ],
          [
            8.508105,
            47.577424,
            365.0
          ],
          [
            8.508959,
            47.577182,
            366.0
          ],
          [
            8.50921,
            47.577152,
            367.0
          ],
          [
            8.509786,
            47.577048,
            368.0
          ],
          [
            8.509902,
            47.576994,
            368.0
          ],
          [
            8.509965,
            47.576958,
            368.0
          ],
          [
            8.509992,
            47.576915,
            368.0
          ],
          [
            8.510019,
            47.576873,
            369.0
          ],
          [
            8.510082,
            47.57683,
            369.0
          ],
          [
            8.510181,
            47.576818,
            369.0
          ],
          [
            8.510271,
            47.576794,
            369.0
          ],
          [
            8.510325,
            47.576739,
            369.0
          ],
          [
            8.510388,
            47.576691,
            369.0
          ],
          [
            8.510441,
            47.576631,
            370.0
          ],
          [
            8.510208,
            47.576618,
            370.0
          ],
          [
            8.510252,
            47.576588,
            371.0
          ],
          [
            8.510648,
            47.576418,
            376.0
          ],
          [
            8.510693,
            47.576346,
            378.0
          ],
          [
            8.510755,
            47.576334,
            378.0
          ],
          [
            8.511726,
            47.576097,
            378.0
          ],
          [
            8.512355,
            47.575733,
            379.0
          ],
          [
            8.512516,
            47.575667,
            379.0
          ],
          [
            8.512552,
            47.575655,
            379.0
          ],
          [
            8.512768,
            47.5756,
            379.0
          ],
          [
            8.512965,
            47.575558,
            379.0
          ],
          [
            8.513055,
            47.575739,
            379.0
          ],
          [
            8.513137,
            47.575776,
            379.0
          ],
          [
            8.513262,
            47.575776,
            379.0
          ],
          [
            8.513667,
            47.575721,
            379.0
          ],
          [
            8.51425,
            47.575606,
            379.0
          ],
          [
            8.515248,
            47.57543,
            379.0
          ],
          [
            8.515894,
            47.575297,
            379.0
          ],
          [
            8.515921,
            47.575285,
            379.0
          ],
          [
            8.51611,
            47.575194,
            379.0
          ],
          [
            8.516244,
            47.575163,
            379.0
          ],
          [
            8.516747,
            47.575055,
            379.0
          ],
          [
            8.516747,
            47.575055,
            379.0
          ],
          [
            8.51708,
            47.574982,
            379.0
          ],
          [
            8.517485,
            47.574891,
            379.0
          ],
          [
            8.517573,
            47.574824,
            379.0
          ],
          [
            8.517673,
            47.574842,
            378.0
          ],
          [
            8.517789,
            47.574842,
            378.0
          ],
          [
            8.518445,
            47.57477,
            374.0
          ],
          [
            8.519479,
            47.574667,
            368.0
          ],
          [
            8.520152,
            47.57463,
            364.0
          ],
          [
            8.520556,
            47.574618,
            362.0
          ],
          [
            8.520934,
            47.574606,
            359.0
          ],
          [
            8.521267,
            47.574564,
            355.0
          ],
          [
            8.521338,
            47.574491,
            355.0
          ],
          [
            8.521338,
            47.574479,
            355.0
          ],
          [
            8.521338,
            47.574467,
            355.0
          ],
          [
            8.521328,
            47.574455,
            355.0
          ],
          [
            8.521311,
            47.574449,
            355.0
          ],
          [
            8.521294,
            47.574449,
            355.0
          ],
          [
            8.521275,
            47.574461,
            355.0
          ],
          [
            8.521275,
            47.574473,
            355.0
          ],
          [
            8.521275,
            47.574485,
            355.0
          ],
          [
            8.521284,
            47.574491,
            355.0
          ],
          [
            8.521724,
            47.574588,
            354.0
          ],
          [
            8.521751,
            47.574594,
            354.0
          ],
          [
            8.521743,
            47.574618,
            354.0
          ],
          [
            8.521733,
            47.574636,
            354.0
          ],
          [
            8.521743,
            47.574679,
            353.0
          ],
          [
            8.521743,
            47.574685,
            353.0
          ],
          [
            8.521743,
            47.574697,
            353.0
          ],
          [
            8.521724,
            47.574703,
            353.0
          ],
          [
            8.521724,
            47.574715,
            353.0
          ],
          [
            8.522101,
            47.575873,
            350.0
          ],
          [
            8.52212,
            47.575885,
            350.0
          ],
          [
            8.522137,
            47.575915,
            350.0
          ],
          [
            8.522173,
            47.576006,
            350.0
          ],
          [
            8.522183,
            47.576042,
            350.0
          ],
          [
            8.5222,
            47.576055,
            350.0
          ],
          [
            8.52221,
            47.576061,
            350.0
          ],
          [
            8.522236,
            47.576061,
            350.0
          ],
          [
            8.522254,
            47.576061,
            350.0
          ],
          [
            8.522273,
            47.576067,
            350.0
          ],
          [
            8.52229,
            47.576103,
            351.0
          ],
          [
            8.522309,
            47.576133,
            351.0
          ],
          [
            8.522389,
            47.576091,
            351.0
          ],
          [
            8.522676,
            47.575982,
            350.0
          ],
          [
            8.523062,
            47.575837,
            350.0
          ],
          [
            8.523467,
            47.575667,
            350.0
          ],
          [
            8.523682,
            47.575576,
            350.0
          ],
          [
            8.523764,
            47.57554,
            350.0
          ],
          [
            8.523961,
            47.575466,
            350.0
          ],
          [
            8.524158,
            47.575394,
            350.0
          ],
          [
            8.524365,
            47.575328,
            350.0
          ],
          [
            8.524896,
            47.575194,
            350.0
          ],
          [
            8.525309,
            47.575103,
            350.0
          ],
          [
            8.525443,
            47.575073,
            350.0
          ],
          [
            8.525497,
            47.575067,
            350.0
          ],
          [
            8.525552,
            47.575073,
            350.0
          ],
          [
            8.525578,
            47.575079,
            350.0
          ],
          [
            8.525605,
            47.575091,
            350.0
          ],
          [
            8.525632,
            47.575085,
            350.0
          ],
          [
            8.525776,
            47.575037,
            350.0
          ],
          [
            8.525991,
            47.575006,
            350.0
          ],
          [
            8.526099,
            47.575013,
            350.0
          ],
          [
            8.526198,
            47.575037,
            350.0
          ],
          [
            8.526261,
            47.575037,
            350.0
          ],
          [
            8.526657,
            47.574927,
            350.0
          ],
          [
            8.527384,
            47.574734,
            350.0
          ],
          [
            8.52803,
            47.574528,
            350.0
          ],
          [
            8.528156,
            47.574509,
            350.0
          ],
          [
            8.528282,
            47.574515,
            350.0
          ],
          [
            8.528426,
            47.57454,
            350.0
          ],
          [
            8.528561,
            47.574528,
            350.0
          ],
          [
            8.528588,
            47.574582,
            350.0
          ],
          [
            8.528588,
            47.574606,
            350.0
          ],
          [
            8.528749,
            47.574915,
            358.0
          ],
          [
            8.528938,
            47.574842,
            358.0
          ],
          [
            8.529144,
            47.574758,
            357.0
          ],
          [
            8.52936,
            47.574667,
            356.0
          ],
          [
            8.529557,
            47.574576,
            356.0
          ],
          [
            8.529701,
            47.574521,
            355.0
          ],
          [
            8.529989,
            47.574461,
            354.0
          ],
          [
            8.530303,
            47.574412,
            354.0
          ],
          [
            8.53059,
            47.574351,
            353.0
          ],
          [
            8.531112,
            47.574297,
            351.0
          ],
          [
            8.531336,
            47.574273,
            351.0
          ],
          [
            8.531471,
            47.574255,
            350.0
          ],
          [
            8.531552,
            47.574237,
            350.0
          ],
          [
            8.531731,
            47.57417,
            350.0
          ],
          [
            8.531821,
            47.574139,
            350.0
          ],
          [
            8.53192,
            47.574115,
            350.0
          ],
          [
            8.532045,
            47.574097,
            350.0
          ],
          [
            8.532324,
            47.574061,
            350.0
          ],
          [
            8.532397,
            47.574049,
            350.0
          ],
          [
            8.532441,
            47.574018,
            350.0
          ],
          [
            8.532486,
            47.573982,
            350.0
          ],
          [
            8.532513,
            47.573928,
            350.0
          ],
          [
            8.532557,
            47.573885,
            350.0
          ],
          [
            8.532594,
            47.573848,
            350.0
          ],
          [
            8.532657,
            47.573812,
            350.0
          ],
          [
            8.532729,
            47.573782,
            350.0
          ],
          [
            8.53281,
            47.573758,
            350.0
          ],
          [
            8.532881,
            47.57374,
            350.0
          ],
          [
            8.532963,
            47.573721,
            350.0
          ],
          [
            8.533034,
            47.573721,
            350.0
          ],
          [
            8.533196,
            47.573721,
            350.0
          ],
          [
            8.533259,
            47.573715,
            350.0
          ],
          [
            8.533439,
            47.573673,
            350.0
          ],
          [
            8.533825,
            47.573576,
            350.0
          ],
          [
            8.534435,
            47.573394,
            350.0
          ],
          [
            8.535297,
            47.57323,
            350.0
          ],
          [
            8.536402,
            47.572928,
            350.0
          ],
          [
            8.536978,
            47.57277,
            350.0
          ],
          [
            8.537553,
            47.572625,
            350.0
          ],
          [
            8.537804,
            47.57257,
            350.0
          ],
          [
            8.538119,
            47.572491,
            350.0
          ],
          [
            8.538217,
            47.572461,
            350.0
          ],
          [
            8.53836,
            47.572406,
            350.0
          ],
          [
            8.538729,
            47.572249,
            350.0
          ],
          [
            8.539169,
            47.572073,
            350.0
          ],
          [
            8.539305,
            47.572025,
            350.0
          ],
          [
            8.539771,
            47.571909,
            351.0
          ],
          [
            8.539879,
            47.571855,
            351.0
          ],
          [
            8.540068,
            47.571746,
            352.0
          ],
          [
            8.540121,
            47.571715,
            353.0
          ],
          [
            8.540571,
            47.571588,
            355.0
          ],
          [
            8.54084,
            47.571534,
            356.0
          ],
          [
            8.54093,
            47.571522,
            356.0
          ],
          [
            8.54102,
            47.57151,
            357.0
          ],
          [
            8.541217,
            47.571522,
            357.0
          ],
          [
            8.541452,
            47.571467,
            358.0
          ],
          [
            8.541622,
            47.5714,
            359.0
          ],
          [
            8.541702,
            47.571364,
            360.0
          ],
          [
            8.541775,
            47.571358,
            360.0
          ],
          [
            8.541819,
            47.57137,
            360.0
          ],
          [
            8.542026,
            47.571231,
            361.0
          ],
          [
            8.542502,
            47.57094,
            363.0
          ],
          [
            8.542673,
            47.570848,
            364.0
          ],
          [
            8.542808,
            47.570788,
            365.0
          ],
          [
            8.54305,
            47.570776,
            366.0
          ],
          [
            8.543113,
            47.57074,
            366.0
          ],
          [
            8.54332,
            47.5706,
            367.0
          ],
          [
            8.543454,
            47.570394,
            368.0
          ],
          [
            8.543796,
            47.570109,
            370.0
          ],
          [
            8.544075,
            47.569861,
            372.0
          ],
          [
            8.544272,
            47.569721,
            373.0
          ],
          [
            8.544406,
            47.569643,
            374.0
          ],
          [
            8.544568,
            47.569533,
            375.0
          ],
          [
            8.544792,
            47.569418,
            376.0
          ],
          [
            8.544928,
            47.569346,
            377.0
          ],
          [
            8.545018,
            47.569291,
            377.0
          ],
          [
            8.545089,
            47.569242,
            378.0
          ],
          [
            8.545314,
            47.569127,
            379.0
          ],
          [
            8.545628,
            47.568982,
            381.0
          ],
          [
            8.54605,
            47.56874,
            388.0
          ],
          [
            8.546311,
            47.568606,
            392.0
          ],
          [
            8.546635,
            47.568345,
            398.0
          ],
          [
            8.546796,
            47.568339,
            399.0
          ],
          [
            8.546949,
            47.56837,
            402.0
          ],
          [
            8.547083,
            47.568339,
            404.0
          ],
          [
            8.547102,
            47.568315,
            404.0
          ],
          [
            8.547255,
            47.568097,
            410.0
          ],
          [
            8.547568,
            47.567794,
            410.0
          ],
          [
            8.547794,
            47.567569,
            410.0
          ],
          [
            8.547928,
            47.567382,
            410.0
          ],
          [
            8.548098,
            47.567254,
            410.0
          ],
          [
            8.548287,
            47.567242,
            410.0
          ],
          [
            8.54845,
            47.567176,
            410.0
          ],
          [
            8.54862,
            47.567121,
            410.0
          ],
          [
            8.548773,
            47.567134,
            410.0
          ],
          [
            8.548899,
            47.567158,
            410.0
          ],
          [
            8.549006,
            47.56714,
            410.0
          ],
          [
            8.549042,
            47.567079,
            410.0
          ],
          [
            8.549033,
            47.566879,
            410.0
          ],
          [
            8.549079,
            47.566618,
            410.0
          ],
          [
            8.549016,
            47.566484,
            410.0
          ],
          [
            8.54905,
            47.56634,
            412.0
          ],
          [
            8.549383,
            47.566169,
            413.0
          ],
          [
            8.549742,
            47.566018,
            415.0
          ],
          [
            8.549859,
            47.565982,
            416.0
          ],
          [
            8.550165,
            47.566,
            418.0
          ],
          [
            8.550362,
            47.566067,
            419.0
          ],
          [
            8.550452,
            47.566097,
            419.0
          ],
          [
            8.551216,
            47.566273,
            422.0
          ],
          [
            8.55162,
            47.566327,
            423.0
          ],
          [
            8.551853,
            47.566394,
            424.0
          ],
          [
            8.55215,
            47.566509,
            425.0
          ],
          [
            8.552266,
            47.566612,
            425.0
          ],
          [
            8.552366,
            47.566751,
            426.0
          ],
          [
            8.552473,
            47.566921,
            427.0
          ],
          [
            8.552582,
            47.567036,
            428.0
          ],
          [
            8.553012,
            47.567382,
            430.0
          ],
          [
            8.553731,
            47.567776,
            433.0
          ],
          [
            8.553884,
            47.567872,
            434.0
          ],
          [
            8.554405,
            47.56803,
            436.0
          ],
          [
            8.554863,
            47.568194,
            439.0
          ],
          [
            8.554863,
            47.568194,
            439.0
          ],
          [
            8.555132,
            47.568291,
            440.0
          ],
          [
            8.555635,
            47.568503,
            442.0
          ],
          [
            8.555771,
            47.568564,
            442.0
          ],
          [
            8.556004,
            47.568703,
            443.0
          ],
          [
            8.556165,
            47.568837,
            444.0
          ],
          [
            8.556561,
            47.569206,
            446.0
          ],
          [
            8.556606,
            47.569406,
            447.0
          ],
          [
            8.55683,
            47.569958,
            450.0
          ],
          [
            8.556903,
            47.570079,
            451.0
          ],
          [
            8.557063,
            47.570261,
            452.0
          ],
          [
            8.557199,
            47.57037,
            453.0
          ],
          [
            8.557522,
            47.570545,
            454.0
          ],
          [
            8.558132,
            47.57086,
            457.0
          ],
          [
            8.558627,
            47.571115,
            460.0
          ],
          [
            8.558717,
            47.5712,
            460.0
          ],
          [
            8.559076,
            47.571855,
            466.0
          ],
          [
            8.559184,
            47.572067,
            468.0
          ],
          [
            8.559203,
            47.57214,
            469.0
          ],
          [
            8.559211,
            47.572212,
            469.0
          ],
          [
            8.559193,
            47.572352,
            471.0
          ],
          [
            8.559076,
            47.572661,
            476.0
          ],
          [
            8.558987,
            47.572855,
            480.0
          ],
          [
            8.559327,
            47.572934,
            480.0
          ],
          [
            8.559436,
            47.572946,
            480.0
          ],
          [
            8.559606,
            47.57294,
            480.0
          ],
          [
            8.559903,
            47.572928,
            480.0
          ],
          [
            8.560216,
            47.572921,
            480.0
          ],
          [
            8.560505,
            47.572909,
            480.0
          ],
          [
            8.560765,
            47.572903,
            480.0
          ],
          [
            8.560989,
            47.572873,
            480.0
          ],
          [
            8.561134,
            47.572849,
            480.0
          ],
          [
            8.561358,
            47.5728,
            480.0
          ],
          [
            8.561484,
            47.572757,
            480.0
          ],
          [
            8.561771,
            47.572745,
            480.0
          ],
          [
            8.562283,
            47.572715,
            480.0
          ],
          [
            8.562625,
            47.572709,
            480.0
          ],
          [
            8.56266,
            47.572709,
            480.0
          ],
          [
            8.562732,
            47.572709,
            480.0
          ],
          [
            8.562813,
            47.572727,
            480.0
          ],
          [
            8.563155,
            47.572788,
            480.0
          ],
          [
            8.563379,
            47.572825,
            480.0
          ],
          [
            8.56364,
            47.572885,
            480.0
          ],
          [
            8.563784,
            47.572928,
            480.0
          ],
          [
            8.563891,
            47.572964,
            480.0
          ],
          [
            8.563963,
            47.573012,
            480.0
          ],
          [
            8.564268,
            47.573285,
            480.0
          ],
          [
            8.564314,
            47.573327,
            480.0
          ],
          [
            8.564511,
            47.573455,
            480.0
          ],
          [
            8.564619,
            47.573521,
            480.0
          ],
          [
            8.564736,
            47.573594,
            480.0
          ],
          [
            8.565122,
            47.573782,
            480.0
          ],
          [
            8.565266,
            47.573873,
            480.0
          ],
          [
            8.565463,
            47.574024,
            480.0
          ],
          [
            8.565652,
            47.574182,
            480.0
          ],
          [
            8.565732,
            47.574273,
            480.0
          ],
          [
            8.565822,
            47.57437,
            480.0
          ],
          [
            8.565841,
            47.574388,
            480.0
          ],
          [
            8.565876,
            47.574424,
            480.0
          ],
          [
            8.565895,
            47.574443,
            480.0
          ],
          [
            8.565948,
            47.574485,
            480.0
          ],
          [
            8.566065,
            47.574558,
            479.0
          ],
          [
            8.566298,
            47.574679,
            477.0
          ],
          [
            8.566505,
            47.574794,
            476.0
          ],
          [
            8.566604,
            47.574867,
            475.0
          ],
          [
            8.566667,
            47.574842,
            475.0
          ],
          [
            8.566883,
            47.574867,
            474.0
          ],
          [
            8.566973,
            47.574891,
            473.0
          ],
          [
            8.567035,
            47.574945,
            473.0
          ],
          [
            8.567161,
            47.575139,
            471.0
          ],
          [
            8.5669,
            47.575212,
            471.0
          ],
          [
            8.566837,
            47.57523,
            471.0
          ],
          [
            8.566856,
            47.575261,
            471.0
          ],
          [
            8.566738,
            47.575297,
            470.0
          ],
          [
            8.566703,
            47.575315,
            470.0
          ],
          [
            8.566677,
            47.57534,
            469.0
          ],
          [
            8.566658,
            47.575364,
            469.0
          ],
          [
            8.566622,
            47.575418,
            468.0
          ],
          [
            8.566677,
            47.575503,
            466.0
          ],
          [
            8.566801,
            47.575782,
            460.0
          ],
          [
            8.566837,
            47.575867,
            459.0
          ],
          [
            8.567053,
            47.576412,
            446.0
          ],
          [
            8.567242,
            47.577315,
            427.0
          ],
          [
            8.567251,
            47.577351,
            427.0
          ],
          [
            8.567251,
            47.577431,
            425.0
          ],
          [
            8.567323,
            47.577473,
            424.0
          ],
          [
            8.567386,
            47.577533,
            423.0
          ],
          [
            8.567449,
            47.577618,
            422.0
          ],
          [
            8.567466,
            47.577654,
            421.0
          ],
          [
            8.567466,
            47.577654,
            421.0
          ],
          [
            8.567503,
            47.577721,
            420.0
          ],
          [
            8.56752,
            47.577842,
            419.0
          ],
          [
            8.56752,
            47.577897,
            419.0
          ],
          [
            8.567656,
            47.577952,
            418.0
          ],
          [
            8.567816,
            47.578078,
            416.0
          ],
          [
            8.568239,
            47.577927,
            414.0
          ],
          [
            8.568374,
            47.577891,
            413.0
          ],
          [
            8.568545,
            47.577824,
            412.0
          ],
          [
            8.568698,
            47.57777,
            411.0
          ],
          [
            8.568805,
            47.577715,
            410.0
          ],
          [
            8.56894,
            47.577679,
            409.0
          ],
          [
            8.569147,
            47.577563,
            408.0
          ],
          [
            8.5692,
            47.577539,
            407.0
          ],
          [
            8.569551,
            47.577569,
            402.0
          ],
          [
            8.569667,
            47.577569,
            398.0
          ],
          [
            8.569856,
            47.577563,
            394.0
          ],
          [
            8.569901,
            47.577557,
            394.0
          ],
          [
            8.57,
            47.577557,
            392.0
          ],
          [
            8.570017,
            47.577557,
            392.0
          ],
          [
            8.570126,
            47.577551,
            390.0
          ],
          [
            8.570143,
            47.577551,
            389.0
          ],
          [
            8.570197,
            47.577551,
            388.0
          ],
          [
            8.570197,
            47.577551,
            388.0
          ],
          [
            8.570243,
            47.577551,
            388.0
          ],
          [
            8.570269,
            47.577545,
            387.0
          ],
          [
            8.570314,
            47.577545,
            386.0
          ],
          [
            8.570323,
            47.577545,
            386.0
          ],
          [
            8.570476,
            47.577575,
            383.0
          ],
          [
            8.570556,
            47.577569,
            382.0
          ],
          [
            8.570638,
            47.577557,
            380.0
          ],
          [
            8.570656,
            47.577557,
            380.0
          ],
          [
            8.570826,
            47.577497,
            374.0
          ],
          [
            8.570872,
            47.577485,
            373.0
          ],
          [
            8.570961,
            47.577473,
            370.0
          ],
          [
            8.570935,
            47.577443,
            370.0
          ],
          [
            8.570889,
            47.577152,
            371.0
          ],
          [
            8.570943,
            47.57683,
            371.0
          ],
          [
            8.571617,
            47.576842,
            368.0
          ],
          [
            8.571635,
            47.576909,
            367.0
          ],
          [
            8.571671,
            47.576964,
            367.0
          ],
          [
            8.571769,
            47.577072,
            366.0
          ],
          [
            8.571904,
            47.577206,
            364.0
          ],
          [
            8.571948,
            47.577291,
            364.0
          ],
          [
            8.572003,
            47.577431,
            362.0
          ],
          [
            8.572191,
            47.577437,
            361.0
          ],
          [
            8.572407,
            47.577431,
            360.0
          ],
          [
            8.572667,
            47.577412,
            358.0
          ],
          [
            8.573,
            47.577345,
            354.0
          ],
          [
            8.573072,
            47.577327,
            353.0
          ],
          [
            8.573162,
            47.577291,
            352.0
          ],
          [
            8.573243,
            47.577248,
            351.0
          ],
          [
            8.57318,
            47.576885,
            350.0
          ],
          [
            8.573143,
            47.576691,
            350.0
          ],
          [
            8.573063,
            47.576364,
            350.0
          ],
          [
            8.573252,
            47.576376,
            350.0
          ],
          [
            8.573432,
            47.5764,
            350.0
          ],
          [
            8.573585,
            47.576448,
            350.0
          ],
          [
            8.573908,
            47.576594,
            350.0
          ],
          [
            8.57424,
            47.576727,
            350.0
          ],
          [
            8.574302,
            47.576788,
            350.0
          ],
          [
            8.574437,
            47.576794,
            350.0
          ],
          [
            8.574751,
            47.576806,
            350.0
          ],
          [
            8.57494,
            47.57683,
            350.0
          ],
          [
            8.57512,
            47.576879,
            350.0
          ],
          [
            8.575443,
            47.576994,
            350.0
          ],
          [
            8.575722,
            47.577103,
            350.0
          ],
          [
            8.575848,
            47.57717,
            350.0
          ],
          [
            8.576063,
            47.577285,
            350.0
          ],
          [
            8.576189,
            47.577345,
            350.0
          ],
          [
            8.576252,
            47.57737,
            350.0
          ],
          [
            8.576342,
            47.577394,
            350.0
          ],
          [
            8.576441,
            47.577394,
            350.0
          ],
          [
            8.576558,
            47.577382,
            350.0
          ],
          [
            8.576791,
            47.577327,
            350.0
          ],
          [
            8.577007,
            47.577297,
            350.0
          ],
          [
            8.57733,
            47.577297,
            350.0
          ],
          [
            8.577348,
            47.577248,
            350.0
          ],
          [
            8.577375,
            47.577127,
            350.0
          ],
          [
            8.577428,
            47.57683,
            350.0
          ],
          [
            8.577447,
            47.5768,
            350.0
          ],
          [
            8.577546,
            47.576703,
            350.0
          ],
          [
            8.577564,
            47.576679,
            350.0
          ],
          [
            8.5776,
            47.576576,
            350.0
          ],
          [
            8.577896,
            47.5756,
            350.0
          ],
          [
            8.57795,
            47.575442,
            350.0
          ],
          [
            8.577959,
            47.575406,
            350.0
          ],
          [
            8.577994,
            47.57534,
            350.0
          ],
          [
            8.57803,
            47.575297,
            350.0
          ],
          [
            8.578084,
            47.575261,
            350.0
          ],
          [
            8.57813,
            47.57523,
            350.0
          ],
          [
            8.578166,
            47.575212,
            350.0
          ],
          [
            8.57821,
            47.5752,
            350.0
          ],
          [
            8.578256,
            47.575188,
            350.0
          ],
          [
            8.5783,
            47.575182,
            350.0
          ],
          [
            8.578345,
            47.575182,
            350.0
          ],
          [
            8.578399,
            47.575182,
            350.0
          ],
          [
            8.578443,
            47.575188,
            350.0
          ],
          [
            8.578569,
            47.575182,
            350.0
          ],
          [
            8.578669,
            47.575188,
            350.0
          ],
          [
            8.578785,
            47.575188,
            350.0
          ],
          [
            8.578919,
            47.575194,
            350.0
          ],
          [
            8.579648,
            47.575236,
            350.0
          ],
          [
            8.579898,
            47.575236,
            350.0
          ],
          [
            8.58016,
            47.57523,
            350.0
          ],
          [
            8.580403,
            47.575206,
            351.0
          ],
          [
            8.580636,
            47.57517,
            351.0
          ],
          [
            8.580816,
            47.575133,
            351.0
          ],
          [
            8.580833,
            47.57517,
            351.0
          ],
          [
            8.58086,
            47.575218,
            351.0
          ],
          [
            8.581049,
            47.575182,
            350.0
          ],
          [
            8.581453,
            47.575085,
            350.0
          ],
          [
            8.581506,
            47.575079,
            350.0
          ],
          [
            8.581561,
            47.575073,
            350.0
          ],
          [
            8.581596,
            47.575085,
            350.0
          ],
          [
            8.581624,
            47.575097,
            350.0
          ],
          [
            8.581659,
            47.575121,
            350.0
          ],
          [
            8.581705,
            47.575176,
            350.0
          ],
          [
            8.581741,
            47.57523,
            350.0
          ],
          [
            8.581804,
            47.575261,
            350.0
          ],
          [
            8.581804,
            47.575273,
            350.0
          ],
          [
            8.581894,
            47.575448,
            350.0
          ],
          [
            8.581902,
            47.57546,
            350.0
          ],
          [
            8.581965,
            47.575727,
            350.0
          ],
          [
            8.581992,
            47.575843,
            350.0
          ],
          [
            8.582046,
            47.575994,
            350.0
          ],
          [
            8.582198,
            47.576279,
            350.0
          ],
          [
            8.582504,
            47.576861,
            350.0
          ],
          [
            8.582837,
            47.577473,
            350.0
          ],
          [
            8.582801,
            47.577479,
            350.0
          ],
          [
            8.58272,
            47.577503,
            350.0
          ],
          [
            8.582684,
            47.577509,
            350.0
          ],
          [
            8.582998,
            47.578085,
            350.0
          ],
          [
            8.583204,
            47.578454,
            350.0
          ],
          [
            8.583088,
            47.578497,
            350.0
          ],
          [
            8.582954,
            47.578539,
            350.0
          ],
          [
            8.582684,
            47.578636,
            350.0
          ],
          [
            8.58254,
            47.578684,
            350.0
          ],
          [
            8.582514,
            47.578697,
            350.0
          ],
          [
            8.582288,
            47.578848,
            350.0
          ],
          [
            8.582208,
            47.578866,
            350.0
          ],
          [
            8.582072,
            47.578884,
            350.0
          ],
          [
            8.581983,
            47.578872,
            350.0
          ],
          [
            8.581696,
            47.578848,
            350.0
          ],
          [
            8.581399,
            47.578848,
            350.0
          ],
          [
            8.581292,
            47.578842,
            350.0
          ],
          [
            8.581183,
            47.578836,
            350.0
          ],
          [
            8.581139,
            47.578903,
            350.0
          ],
          [
            8.581013,
            47.579073,
            350.0
          ],
          [
            8.580824,
            47.579406,
            350.0
          ],
          [
            8.580654,
            47.579708,
            350.0
          ],
          [
            8.580519,
            47.579939,
            350.0
          ],
          [
            8.580456,
            47.579999,
            350.0
          ],
          [
            8.580223,
            47.580412,
            350.0
          ],
          [
            8.580133,
            47.58052,
            350.0
          ],
          [
            8.579988,
            47.580745,
            350.0
          ],
          [
            8.57998,
            47.580763,
            350.0
          ],
          [
            8.580214,
            47.580866,
            350.0
          ],
          [
            8.580177,
            47.580963,
            350.0
          ],
          [
            8.580051,
            47.581169,
            350.0
          ],
          [
            8.579845,
            47.581502,
            350.0
          ],
          [
            8.579396,
            47.582236,
            350.0
          ],
          [
            8.579261,
            47.582442,
            350.0
          ],
          [
            8.579064,
            47.582787,
            350.0
          ],
          [
            8.578812,
            47.583284,
            350.0
          ],
          [
            8.578749,
            47.583466,
            350.0
          ],
          [
            8.578749,
            47.583466,
            350.0
          ],
          [
            8.578696,
            47.583605,
            350.0
          ],
          [
            8.578525,
            47.584132,
            350.0
          ],
          [
            8.578354,
            47.584835,
            350.0
          ],
          [
            8.578327,
            47.585283,
            350.0
          ],
          [
            8.578319,
            47.585611,
            350.0
          ],
          [
            8.578354,
            47.586216,
            350.0
          ],
          [
            8.578426,
            47.58661,
            350.0
          ],
          [
            8.578426,
            47.586647,
            350.0
          ],
          [
            8.578498,
            47.586968,
            350.0
          ],
          [
            8.57865,
            47.587459,
            350.0
          ],
          [
            8.578785,
            47.587762,
            350.0
          ],
          [
            8.578885,
            47.587949,
            350.0
          ],
          [
            8.578911,
            47.588064,
            350.0
          ],
          [
            8.579001,
            47.58821,
            350.0
          ],
          [
            8.579172,
            47.588507,
            350.0
          ],
          [
            8.579342,
            47.588792,
            350.0
          ],
          [
            8.579495,
            47.589022,
            350.0
          ],
          [
            8.579602,
            47.589191,
            350.0
          ],
          [
            8.579988,
            47.589658,
            350.0
          ],
          [
            8.580258,
            47.589948,
            350.0
          ],
          [
            8.580654,
            47.590318,
            350.0
          ],
          [
            8.580977,
            47.590609,
            350.0
          ],
          [
            8.581282,
            47.590839,
            350.0
          ],
          [
            8.582011,
            47.591348,
            350.0
          ],
          [
            8.582181,
            47.591457,
            350.0
          ],
          [
            8.582504,
            47.591657,
            350.0
          ],
          [
            8.582747,
            47.59179,
            350.0
          ],
          [
            8.583061,
            47.591942,
            350.0
          ],
          [
            8.583286,
            47.592063,
            350.0
          ],
          [
            8.583466,
            47.592154,
            350.0
          ],
          [
            8.583888,
            47.59233,
            350.0
          ],
          [
            8.584714,
            47.592663,
            350.0
          ],
          [
            8.585154,
            47.59279,
            350.0
          ],
          [
            8.585414,
            47.592832,
            350.0
          ],
          [
            8.585613,
            47.592845,
            350.0
          ],
          [
            8.585693,
            47.592845,
            350.0
          ],
          [
            8.585819,
            47.592838,
            350.0
          ],
          [
            8.586089,
            47.592826,
            350.0
          ],
          [
            8.586349,
            47.592796,
            350.0
          ],
          [
            8.586655,
            47.592784,
            350.0
          ],
          [
            8.586735,
            47.592778,
            350.0
          ],
          [
            8.586978,
            47.592753,
            350.0
          ],
          [
            8.587248,
            47.592753,
            350.0
          ],
          [
            8.587462,
            47.592735,
            350.0
          ],
          [
            8.587678,
            47.592723,
            350.0
          ],
          [
            8.588056,
            47.592699,
            350.0
          ],
          [
            8.588388,
            47.592681,
            350.0
          ],
          [
            8.588487,
            47.592687,
            350.0
          ],
          [
            8.58855,
            47.592699,
            350.0
          ],
          [
            8.58863,
            47.592693,
            350.0
          ],
          [
            8.588712,
            47.592669,
            350.0
          ],
          [
            8.588846,
            47.592645,
            350.0
          ],
          [
            8.58916,
            47.592639,
            350.0
          ],
          [
            8.589188,
            47.592633,
            350.0
          ],
          [
            8.589808,
            47.592584,
            350.0
          ],
          [
            8.590077,
            47.59256,
            350.0
          ],
          [
            8.590284,
            47.592523,
            350.0
          ],
          [
            8.590607,
            47.592445,
            350.0
          ],
          [
            8.590678,
            47.592427,
            350.0
          ],
          [
            8.590796,
            47.59239,
            350.0
          ],
          [
            8.59094,
            47.592342,
            350.0
          ],
          [
            8.591047,
            47.592305,
            350.0
          ],
          [
            8.591334,
            47.59222,
            350.0
          ],
          [
            8.591569,
            47.59219,
            350.0
          ],
          [
            8.591748,
            47.592118,
            350.0
          ],
          [
            8.592107,
            47.592008,
            350.0
          ],
          [
            8.592179,
            47.591966,
            350.0
          ],
          [
            8.592269,
            47.591942,
            350.0
          ],
          [
            8.592376,
            47.591906,
            350.0
          ],
          [
            8.592565,
            47.591821,
            350.0
          ],
          [
            8.592825,
            47.591693,
            350.0
          ],
          [
            8.593078,
            47.591517,
            350.0
          ],
          [
            8.593464,
            47.591239,
            350.0
          ],
          [
            8.594039,
            47.590839,
            350.0
          ],
          [
            8.594299,
            47.590682,
            350.0
          ],
          [
            8.59447,
            47.590579,
            350.0
          ],
          [
            8.594739,
            47.590445,
            350.0
          ],
          [
            8.595081,
            47.590288,
            350.0
          ],
          [
            8.595278,
            47.590203,
            350.0
          ],
          [
            8.595628,
            47.590082,
            350.0
          ],
          [
            8.59588,
            47.590009,
            350.0
          ],
          [
            8.596213,
            47.589942,
            350.0
          ],
          [
            8.596572,
            47.589906,
            350.0
          ],
          [
            8.59685,
            47.589882,
            350.0
          ],
          [
            8.597372,
            47.58987,
            350.0
          ],
          [
            8.597722,
            47.589852,
            350.0
          ],
          [
            8.598099,
            47.589846,
            350.0
          ],
          [
            8.598422,
            47.589834,
            350.0
          ],
          [
            8.598674,
            47.589803,
            350.0
          ],
          [
            8.59889,
            47.589773,
            350.0
          ],
          [
            8.598997,
            47.589755,
            350.0
          ],
          [
            8.599024,
            47.589749,
            350.0
          ],
          [
            8.599104,
            47.5899,
            350.0
          ],
          [
            8.599177,
            47.590021,
            350.0
          ],
          [
            8.599312,
            47.590155,
            350.0
          ],
          [
            8.59941,
            47.590209,
            350.0
          ],
          [
            8.5995,
            47.590251,
            350.0
          ],
          [
            8.599492,
            47.590318,
            350.0
          ],
          [
            8.599473,
            47.590379,
            350.0
          ],
          [
            8.599366,
            47.590524,
            350.0
          ],
          [
            8.598997,
            47.590954,
            350.0
          ],
          [
            8.598988,
            47.590996,
            350.0
          ],
          [
            8.599033,
            47.591057,
            350.0
          ],
          [
            8.599878,
            47.591463,
            350.0
          ],
          [
            8.600615,
            47.591499,
            350.0
          ],
          [
            8.600821,
            47.591517,
            350.0
          ],
          [
            8.602159,
            47.591645,
            350.0
          ],
          [
            8.602833,
            47.591705,
            350.0
          ],
          [
            8.602923,
            47.591699,
            350.0
          ],
          [
            8.603291,
            47.591687,
            350.0
          ],
          [
            8.60437,
            47.591639,
            350.0
          ],
          [
            8.605096,
            47.591597,
            350.0
          ],
          [
            8.605609,
            47.591572,
            350.0
          ],
          [
            8.605852,
            47.59156,
            350.0
          ],
          [
            8.606085,
            47.59156,
            350.0
          ],
          [
            8.606211,
            47.591566,
            350.0
          ],
          [
            8.606274,
            47.591572,
            350.0
          ],
          [
            8.606337,
            47.591579,
            350.0
          ],
          [
            8.606471,
            47.591627,
            350.0
          ],
          [
            8.606525,
            47.591663,
            350.0
          ],
          [
            8.606786,
            47.591821,
            350.0
          ],
          [
            8.606867,
            47.591918,
            350.0
          ],
          [
            8.606957,
            47.59219,
            350.0
          ],
          [
            8.607073,
            47.592451,
            350.0
          ],
          [
            8.607173,
            47.592747,
            350.0
          ],
          [
            8.607396,
            47.593366,
            350.0
          ],
          [
            8.607442,
            47.593456,
            350.0
          ],
          [
            8.607262,
            47.593463,
            350.0
          ],
          [
            8.606974,
            47.593469,
            350.0
          ],
          [
            8.606758,
            47.593463,
            350.0
          ],
          [
            8.606624,
            47.593432,
            350.0
          ],
          [
            8.606588,
            47.593432,
            350.0
          ],
          [
            8.606588,
            47.59345,
            350.0
          ],
          [
            8.606615,
            47.594474,
            350.0
          ],
          [
            8.606615,
            47.594492,
            350.0
          ],
          [
            8.606687,
            47.594486,
            350.0
          ],
          [
            8.606741,
            47.594426,
            350.0
          ],
          [
            8.606758,
            47.59442,
            350.0
          ],
          [
            8.606821,
            47.594408,
            350.0
          ],
          [
            8.606552,
            47.594402,
            350.0
          ],
          [
            8.606417,
            47.594408,
            350.0
          ],
          [
            8.605654,
            47.594426,
            350.0
          ],
          [
            8.60533,
            47.594426,
            350.0
          ],
          [
            8.602878,
            47.594462,
            350.0
          ],
          [
            8.602618,
            47.594486,
            350.0
          ],
          [
            8.602536,
            47.594565,
            350.0
          ],
          [
            8.60241,
            47.594662,
            350.0
          ],
          [
            8.602383,
            47.594711,
            350.0
          ],
          [
            8.602366,
            47.594771,
            350.0
          ],
          [
            8.602375,
            47.594825,
            350.0
          ],
          [
            8.602402,
            47.594923,
            350.0
          ],
          [
            8.602429,
            47.595007,
            350.0
          ],
          [
            8.602465,
            47.595116,
            350.0
          ],
          [
            8.60242,
            47.595201,
            350.0
          ],
          [
            8.602357,
            47.595298,
            350.0
          ],
          [
            8.602169,
            47.59554,
            350.0
          ],
          [
            8.602033,
            47.595728,
            350.0
          ],
          [
            8.60198,
            47.595789,
            350.0
          ],
          [
            8.601934,
            47.595789,
            350.0
          ],
          [
            8.601414,
            47.595789,
            350.0
          ],
          [
            8.601154,
            47.595801,
            350.0
          ],
          [
            8.601028,
            47.595819,
            350.0
          ],
          [
            8.600991,
            47.595855,
            350.0
          ],
          [
            8.601001,
            47.595965,
            350.0
          ],
          [
            8.60101,
            47.596031,
            350.0
          ],
          [
            8.6011,
            47.596298,
            350.0
          ],
          [
            8.601225,
            47.596661,
            350.0
          ],
          [
            8.601234,
            47.596746,
            350.0
          ],
          [
            8.601234,
            47.596818,
            350.0
          ],
          [
            8.601217,
            47.596873,
            350.0
          ],
          [
            8.6011,
            47.59694,
            350.0
          ],
          [
            8.601018,
            47.597243,
            350.0
          ],
          [
            8.60101,
            47.597321,
            350.0
          ],
          [
            8.601072,
            47.597394,
            350.0
          ],
          [
            8.601154,
            47.597497,
            350.0
          ],
          [
            8.60119,
            47.59754,
            350.0
          ],
          [
            8.60118,
            47.597618,
            350.0
          ],
          [
            8.601171,
            47.597642,
            350.0
          ],
          [
            8.600974,
            47.597709,
            350.0
          ],
          [
            8.600749,
            47.597776,
            350.0
          ],
          [
            8.599689,
            47.598079,
            350.0
          ],
          [
            8.598997,
            47.598279,
            350.0
          ],
          [
            8.598754,
            47.598357,
            350.0
          ],
          [
            8.598683,
            47.598387,
            350.0
          ],
          [
            8.598494,
            47.598497,
            350.0
          ],
          [
            8.598305,
            47.598611,
            350.0
          ],
          [
            8.598144,
            47.598715,
            350.0
          ],
          [
            8.597964,
            47.598781,
            350.0
          ],
          [
            8.597856,
            47.59883,
            350.0
          ],
          [
            8.597749,
            47.598854,
            350.0
          ],
          [
            8.597515,
            47.598926,
            350.0
          ],
          [
            8.597255,
            47.598981,
            350.0
          ],
          [
            8.596284,
            47.59915,
            350.0
          ],
          [
            8.596186,
            47.599187,
            350.0
          ],
          [
            8.596141,
            47.599242,
            350.0
          ],
          [
            8.596131,
            47.599308,
            350.0
          ],
          [
            8.596141,
            47.599557,
            350.0
          ],
          [
            8.596158,
            47.601477,
            350.0
          ],
          [
            8.596141,
            47.601544,
            350.0
          ],
          [
            8.596096,
            47.601622,
            350.0
          ],
          [
            8.596024,
            47.601694,
            350.0
          ],
          [
            8.595737,
            47.601979,
            350.0
          ],
          [
            8.595647,
            47.602089,
            350.0
          ],
          [
            8.595628,
            47.602185,
            350.0
          ],
          [
            8.595674,
            47.602361,
            350.0
          ],
          [
            8.595871,
            47.602749,
            350.0
          ],
          [
            8.595907,
            47.602876,
            350.0
          ],
          [
            8.595943,
            47.603288,
            350.0
          ],
          [
            8.595997,
            47.603724,
            350.0
          ],
          [
            8.596078,
            47.604093,
            350.0
          ],
          [
            8.596194,
            47.604487,
            350.0
          ],
          [
            8.596303,
            47.604693,
            350.0
          ],
          [
            8.596374,
            47.604723,
            350.0
          ],
          [
            8.59642,
            47.604784,
            350.0
          ],
          [
            8.596473,
            47.604875,
            350.0
          ],
          [
            8.596607,
            47.605075,
            350.0
          ],
          [
            8.596796,
            47.605057,
            350.0
          ],
          [
            8.596931,
            47.605117,
            350.0
          ],
          [
            8.59694,
            47.605214,
            350.0
          ],
          [
            8.596904,
            47.605275,
            350.0
          ],
          [
            8.596787,
            47.60548,
            350.0
          ],
          [
            8.596779,
            47.605535,
            350.0
          ],
          [
            8.596787,
            47.605577,
            350.0
          ],
          [
            8.596806,
            47.60562,
            350.0
          ],
          [
            8.596823,
            47.60565,
            350.0
          ],
          [
            8.59685,
            47.605674,
            350.0
          ],
          [
            8.596869,
            47.605692,
            350.0
          ],
          [
            8.597003,
            47.605783,
            350.0
          ],
          [
            8.597183,
            47.605898,
            350.0
          ],
          [
            8.597255,
            47.605946,
            350.0
          ],
          [
            8.597345,
            47.605989,
            350.0
          ],
          [
            8.597345,
            47.606013,
            350.0
          ],
          [
            8.597389,
            47.60605,
            350.0
          ],
          [
            8.597506,
            47.606116,
            350.0
          ],
          [
            8.59818,
            47.606443,
            350.0
          ],
          [
            8.598261,
            47.606449,
            350.0
          ],
          [
            8.598387,
            47.606528,
            350.0
          ],
          [
            8.598584,
            47.606637,
            350.0
          ],
          [
            8.598871,
            47.606813,
            350.0
          ],
          [
            8.599339,
            47.607079,
            350.0
          ],
          [
            8.599913,
            47.607394,
            350.0
          ],
          [
            8.600075,
            47.607479,
            350.0
          ],
          [
            8.600479,
            47.607721,
            350.0
          ],
          [
            8.600704,
            47.607861,
            350.0
          ],
          [
            8.600991,
            47.607982,
            351.0
          ],
          [
            8.601288,
            47.608206,
            351.0
          ],
          [
            8.601567,
            47.60843,
            352.0
          ],
          [
            8.602114,
            47.608836,
            353.0
          ],
          [
            8.602599,
            47.609211,
            353.0
          ],
          [
            8.603417,
            47.609769,
            355.0
          ],
          [
            8.603911,
            47.610192,
            356.0
          ],
          [
            8.604127,
            47.610356,
            356.0
          ],
          [
            8.604198,
            47.610398,
            356.0
          ],
          [
            8.604378,
            47.610604,
            356.0
          ],
          [
            8.604576,
            47.610822,
            357.0
          ],
          [
            8.605007,
            47.611295,
            358.0
          ],
          [
            8.605033,
            47.611343,
            358.0
          ],
          [
            8.605186,
            47.611651,
            358.0
          ],
          [
            8.605618,
            47.612512,
            360.0
          ],
          [
            8.605779,
            47.612663,
            360.0
          ],
          [
            8.605924,
            47.612911,
            360.0
          ],
          [
            8.606031,
            47.613069,
            360.0
          ],
          [
            8.606014,
            47.613571,
            360.0
          ],
          [
            8.606031,
            47.613699,
            360.0
          ],
          [
            8.60613,
            47.613947,
            360.0
          ],
          [
            8.606165,
            47.61468,
            360.0
          ],
          [
            8.606202,
            47.614964,
            360.0
          ],
          [
            8.606228,
            47.615183,
            360.0
          ],
          [
            8.606274,
            47.615321,
            360.0
          ],
          [
            8.60631,
            47.615539,
            360.0
          ],
          [
            8.606372,
            47.615824,
            357.0
          ],
          [
            8.606301,
            47.616006,
            357.0
          ],
          [
            8.606211,
            47.616448,
            355.0
          ],
          [
            8.606139,
            47.616732,
            354.0
          ],
          [
            8.606102,
            47.616842,
            354.0
          ],
          [
            8.606067,
            47.616914,
            353.0
          ],
          [
            8.605412,
            47.617847,
            350.0
          ],
          [
            8.605259,
            47.618071,
            350.0
          ],
          [
            8.60524,
            47.618143,
            350.0
          ],
          [
            8.605213,
            47.618458,
            350.0
          ],
          [
            8.605079,
            47.618494,
            350.0
          ],
          [
            8.604953,
            47.618562,
            350.0
          ],
          [
            8.60472,
            47.618876,
            350.0
          ],
          [
            8.604468,
            47.619052,
            350.0
          ],
          [
            8.604288,
            47.619252,
            350.0
          ],
          [
            8.603624,
            47.619966,
            350.0
          ],
          [
            8.602886,
            47.620705,
            350.0
          ],
          [
            8.602716,
            47.620862,
            350.0
          ],
          [
            8.602303,
            47.621328,
            350.0
          ],
          [
            8.60224,
            47.621407,
            350.0
          ],
          [
            8.60172,
            47.622025,
            350.0
          ],
          [
            8.601404,
            47.622521,
            350.0
          ],
          [
            8.60118,
            47.622897,
            350.0
          ],
          [
            8.600668,
            47.623508,
            352.0
          ],
          [
            8.600192,
            47.624204,
            353.0
          ],
          [
            8.599905,
            47.62481,
            354.0
          ],
          [
            8.599546,
            47.625427,
            355.0
          ],
          [
            8.599464,
            47.625525,
            355.0
          ],
          [
            8.599437,
            47.625651,
            356.0
          ],
          [
            8.599456,
            47.625736,
            356.0
          ],
          [
            8.599437,
            47.625821,
            356.0
          ],
          [
            8.599357,
            47.625911,
            356.0
          ],
          [
            8.599284,
            47.626045,
            356.0
          ],
          [
            8.59924,
            47.626172,
            357.0
          ],
          [
            8.599186,
            47.626305,
            357.0
          ],
          [
            8.599177,
            47.626402,
            357.0
          ],
          [
            8.599186,
            47.626505,
            357.0
          ],
          [
            8.599194,
            47.626572,
            357.0
          ],
          [
            8.599133,
            47.626656,
            357.0
          ],
          [
            8.599078,
            47.626735,
            357.0
          ],
          [
            8.5988,
            47.627589,
            358.0
          ],
          [
            8.598791,
            47.62765,
            358.0
          ],
          [
            8.598791,
            47.62765,
            358.0
          ],
          [
            8.598665,
            47.62823,
            359.0
          ],
          [
            8.598593,
            47.628467,
            359.0
          ],
          [
            8.598567,
            47.628563,
            359.0
          ],
          [
            8.598567,
            47.628624,
            359.0
          ],
          [
            8.598584,
            47.628697,
            359.0
          ],
          [
            8.598584,
            47.628757,
            359.0
          ],
          [
            8.598557,
            47.628745,
            359.0
          ],
          [
            8.598521,
            47.628739,
            359.0
          ],
          [
            8.598485,
            47.628745,
            359.0
          ],
          [
            8.598458,
            47.628751,
            359.0
          ],
          [
            8.598422,
            47.628781,
            359.0
          ],
          [
            8.598395,
            47.628818,
            359.0
          ],
          [
            8.598324,
            47.628963,
            359.0
          ],
          [
            8.598125,
            47.629381,
            358.0
          ],
          [
            8.597785,
            47.630313,
            357.0
          ],
          [
            8.597659,
            47.630828,
            357.0
          ],
          [
            8.597623,
            47.631221,
            356.0
          ],
          [
            8.597623,
            47.631458,
            356.0
          ],
          [
            8.597695,
            47.632232,
            355.0
          ],
          [
            8.597686,
            47.63242,
            355.0
          ],
          [
            8.597533,
            47.633031,
            355.0
          ],
          [
            8.597479,
            47.633316,
            354.0
          ],
          [
            8.597462,
            47.633546,
            354.0
          ],
          [
            8.59747,
            47.633727,
            354.0
          ],
          [
            8.597515,
            47.634018,
            354.0
          ],
          [
            8.597559,
            47.634496,
            353.0
          ],
          [
            8.597586,
            47.635126,
            352.0
          ],
          [
            8.597569,
            47.635634,
            352.0
          ],
          [
            8.597525,
            47.636245,
            351.0
          ],
          [
            8.59747,
            47.636851,
            351.0
          ],
          [
            8.597425,
            47.637244,
            350.0
          ],
          [
            8.597408,
            47.637341,
            350.0
          ],
          [
            8.597389,
            47.637371,
            350.0
          ],
          [
            8.597372,
            47.637401,
            350.0
          ],
          [
            8.597236,
            47.637607,
            350.0
          ],
          [
            8.597192,
            47.63768,
            350.0
          ],
          [
            8.597075,
            47.637855,
            353.0
          ],
          [
            8.596842,
            47.63837,
            356.0
          ],
          [
            8.596733,
            47.6386,
            357.0
          ],
          [
            8.596716,
            47.638757,
            358.0
          ],
          [
            8.59676,
            47.638757,
            359.0
          ],
          [
            8.596833,
            47.638697,
            359.0
          ],
          [
            8.596886,
            47.638763,
            359.0
          ],
          [
            8.596959,
            47.6388,
            360.0
          ],
          [
            8.597093,
            47.638824,
            361.0
          ],
          [
            8.597138,
            47.638824,
            362.0
          ],
          [
            8.597165,
            47.638806,
            363.0
          ],
          [
            8.5972,
            47.638733,
            365.0
          ],
          [
            8.597236,
            47.638794,
            367.0
          ],
          [
            8.597255,
            47.63877,
            367.0
          ],
          [
            8.597272,
            47.638739,
            368.0
          ],
          [
            8.59729,
            47.638697,
            369.0
          ],
          [
            8.597318,
            47.638649,
            371.0
          ],
          [
            8.59738,
            47.63857,
            373.0
          ],
          [
            8.597408,
            47.638515,
            374.0
          ],
          [
            8.597435,
            47.638473,
            376.0
          ],
          [
            8.597462,
            47.638479,
            376.0
          ],
          [
            8.597462,
            47.638521,
            377.0
          ],
          [
            8.597479,
            47.638546,
            378.0
          ],
          [
            8.597515,
            47.638564,
            379.0
          ],
          [
            8.597578,
            47.638558,
            380.0
          ],
          [
            8.597623,
            47.638521,
            380.0
          ],
          [
            8.597659,
            47.638515,
            380.0
          ],
          [
            8.597712,
            47.638546,
            380.0
          ],
          [
            8.597802,
            47.638558,
            381.0
          ],
          [
            8.598207,
            47.638576,
            382.0
          ],
          [
            8.598404,
            47.638582,
            383.0
          ],
          [
            8.598512,
            47.638576,
            383.0
          ],
          [
            8.598781,
            47.638588,
            385.0
          ],
          [
            8.599016,
            47.6386,
            386.0
          ],
          [
            8.599743,
            47.638667,
            388.0
          ],
          [
            8.599932,
            47.638685,
            389.0
          ],
          [
            8.600058,
            47.638709,
            389.0
          ],
          [
            8.60012,
            47.638721,
            390.0
          ],
          [
            8.60021,
            47.638467,
            390.0
          ],
          [
            8.60021,
            47.638467,
            390.0
          ]
        ]
      }
    }
  ]
}