{
  "type": "FeatureCollection",
  "features": [
    {
      "type": "Feature",
      "properties": {},
      "geometry": {
        "type": "LineString",
        "coordinates": [
          [
            9.28548,
            47.317823,
            824.0
          ],
          [
            9.285293,
            47.31761,
            823.0
          ],
          [
            9.285256,
            47.317604,
            824.0
          ],
          [
            9.285104,
            47.317665,
            825.0
          ],
          [
            9.285086,
            47.31764,
            825.0
          ],
          [
            9.285004,
            47.317537,
            825.0
          ],
          [
            9.28487,
            47.317347,
            825.0
          ],
          [
            9.284717,
            47.317341,
            826.0
          ],
          [
            9.284637,
            47.317341,
            827.0
          ],
          [
            9.284375,
            47.317353,
            829.0
          ],
          [
            9.284196,
            47.317378,
            830.0
          ],
          [
            9.284061,
            47.317402,
            830.0
          ],
          [
            9.284008,
            47.317421,
            830.0
          ],
          [
            9.283954,
            47.317445,
            830.0
          ],
          [
            9.283927,
            47.317476,
            830.0
          ],
          [
            9.283918,
            47.317506,
            830.0
          ],
          [
            9.283828,
            47.317445,
            831.0
          ],
          [
            9.283738,
            47.31739,
            831.0
          ],
          [
            9.283685,
            47.317396,
            831.0
          ],
          [
            9.283622,
            47.317378,
            831.0
          ],
          [
            9.283306,
            47.317207,
            831.0
          ],
          [
            9.283325,
            47.317195,
            831.0
          ],
          [
            9.283343,
            47.317177,
            831.0
          ],
          [
            9.283576,
            47.316922,
            830.0
          ],
          [
            9.283639,
            47.316824,
            830.0
          ],
          [
            9.283765,
            47.316684,
            830.0
          ],
          [
            9.283927,
            47.316531,
            830.0
          ],
          [
            9.284079,
            47.31641,
            830.0
          ],
          [
            9.284169,
            47.316355,
            830.0
          ],
          [
            9.284224,
            47.316306,
            830.0
          ],
          [
            9.284412,
            47.31616,
            830.0
          ],
          [
            9.285203,
            47.315466,
            830.0
          ],
          [
            9.285301,
            47.315381,
            830.0
          ],
          [
            9.285417,
            47.315356,
            830.0
          ],
          [
            9.28557,
            47.315362,
            830.0
          ],
          [
            9.285616,
            47.315369,
            830.0
          ],
          [
            9.285715,
            47.315375,
            830.0
          ],
          [
            9.285893,
            47.315375,
            830.0
          ],
          [
            9.286289,
            47.314997,
            830.0
          ],
          [
            9.286406,
            47.314905,
            832.0
          ],
          [
            9.286488,
            47.314881,
            834.0
          ],
          [
            9.286702,
            47.314826,
            837.0
          ],
          [
            9.286828,
            47.314808,
            839.0
          ],
          [
            9.286891,
            47.314808,
            840.0
          ],
          [
            9.286972,
            47.314814,
            841.0
          ],
          [
            9.287025,
            47.314808,
            842.0
          ],
          [
            9.287062,
            47.314784,
            842.0
          ],
          [
            9.287053,
            47.314747,
            843.0
          ],
          [
            9.286972,
            47.314668,
            845.0
          ],
          [
            9.286945,
            47.314644,
            846.0
          ],
          [
            9.286927,
            47.314626,
            846.0
          ],
          [
            9.286927,
            47.314607,
            846.0
          ],
          [
            9.286945,
            47.314589,
            847.0
          ],
          [
            9.286999,
            47.314583,
            848.0
          ],
          [
            9.287071,
            47.314577,
            849.0
          ],
          [
            9.287205,
            47.314601,
            850.0
          ],
          [
            9.28734,
            47.314638,
            853.0
          ],
          [
            9.287501,
            47.314674,
            856.0
          ],
          [
            9.287771,
            47.314729,
            860.0
          ],
          [
            9.287834,
            47.314711,
            861.0
          ],
          [
            9.287853,
            47.314686,
            861.0
          ],
          [
            9.287843,
            47.314668,
            862.0
          ],
          [
            9.287889,
            47.314668,
            862.0
          ],
          [
            9.287943,
            47.314686,
            863.0
          ],
          [
            9.288006,
            47.314735,
            864.0
          ],
          [
            9.28805,
            47.314753,
            865.0
          ],
          [
            9.28823,
            47.314808,
            867.0
          ],
          [
            9.288239,
            47.314796,
            867.0
          ],
          [
            9.288203,
            47.314747,
            868.0
          ],
          [
            9.288203,
            47.314711,
            869.0
          ],
          [
            9.288157,
            47.31465,
            870.0
          ],
          [
            9.287978,
            47.314467,
            874.0
          ],
          [
            9.287843,
            47.314394,
            876.0
          ],
          [
            9.287727,
            47.31426,
            878.0
          ],
          [
            9.287601,
            47.314162,
            880.0
          ],
          [
            9.287619,
            47.314083,
            881.0
          ],
          [
            9.287619,
            47.314028,
            881.0
          ],
          [
            9.287556,
            47.313931,
            882.0
          ],
          [
            9.287394,
            47.31373,
            884.0
          ],
          [
            9.287331,
            47.313602,
            885.0
          ],
          [
            9.287331,
            47.313535,
            886.0
          ],
          [
            9.287358,
            47.31348,
            886.0
          ],
          [
            9.287448,
            47.313395,
            887.0
          ],
          [
            9.28788,
            47.313115,
            890.0
          ],
          [
            9.288203,
            47.313048,
            895.0
          ],
          [
            9.288482,
            47.31292,
            900.0
          ],
          [
            9.288652,
            47.312713,
            905.0
          ],
          [
            9.288679,
            47.312585,
            908.0
          ],
          [
            9.288633,
            47.312341,
            910.0
          ],
          [
            9.288633,
            47.312256,
            910.0
          ],
          [
            9.288679,
            47.312013,
            910.0
          ],
          [
            9.288661,
            47.311976,
            910.0
          ],
          [
            9.28867,
            47.311952,
            910.0
          ],
          [
            9.288696,
            47.311927,
            910.0
          ],
          [
            9.288868,
            47.311823,
            910.0
          ],
          [
            9.288931,
            47.311775,
            910.0
          ],
          [
            9.288922,
            47.311732,
            910.0
          ],
          [
            9.288922,
            47.311684,
            910.0
          ],
          [
            9.288948,
            47.311653,
            910.0
          ],
          [
            9.288966,
            47.311635,
            910.0
          ],
          [
            9.289101,
            47.311471,
            912.0
          ],
          [
            9.289883,
            47.310441,
            921.0
          ],
          [
            9.289801,
            47.310295,
            923.0
          ],
          [
            9.289262,
            47.309911,
            930.0
          ],
          [
            9.288868,
            47.309662,
            934.0
          ],
          [
            9.288454,
            47.309509,
            938.0
          ],
          [
            9.288365,
            47.309436,
            939.0
          ],
          [
            9.288365,
            47.309332,
            940.0
          ],
          [
            9.288419,
            47.309241,
            942.0
          ],
          [
            9.288509,
            47.309174,
            943.0
          ],
          [
            9.288562,
            47.308986,
            945.0
          ],
          [
            9.288543,
            47.308827,
            947.0
          ],
          [
            9.288427,
            47.308614,
            950.0
          ],
          [
            9.288383,
            47.307828,
            968.0
          ],
          [
            9.288149,
            47.30728,
            983.0
          ],
          [
            9.288104,
            47.306768,
            998.0
          ],
          [
            9.288157,
            47.306287,
            1012.0
          ],
          [
            9.288059,
            47.30611,
            1016.0
          ],
          [
            9.28788,
            47.305788,
            1020.0
          ],
          [
            9.28779,
            47.305465,
            1031.0
          ],
          [
            9.287771,
            47.305288,
            1034.0
          ],
          [
            9.287709,
            47.305178,
            1037.0
          ],
          [
            9.287691,
            47.305032,
            1040.0
          ],
          [
            9.287744,
            47.304904,
            1041.0
          ],
          [
            9.28796,
            47.304734,
            1043.0
          ],
          [
            9.288067,
            47.304649,
            1043.0
          ],
          [
            9.288167,
            47.304563,
            1044.0
          ],
          [
            9.288193,
            47.304533,
            1044.0
          ],
          [
            9.288193,
            47.304484,
            1045.0
          ],
          [
            9.288176,
            47.30438,
            1045.0
          ],
          [
            9.288185,
            47.304277,
            1046.0
          ],
          [
            9.288212,
            47.304192,
            1047.0
          ],
          [
            9.28823,
            47.304155,
            1047.0
          ],
          [
            9.288266,
            47.304119,
            1047.0
          ],
          [
            9.288329,
            47.304064,
            1048.0
          ],
          [
            9.288454,
            47.304009,
            1049.0
          ],
          [
            9.288562,
            47.303985,
            1048.0
          ],
          [
            9.288966,
            47.303979,
            1046.0
          ],
          [
            9.289155,
            47.304033,
            1045.0
          ],
          [
            9.289497,
            47.304143,
            1043.0
          ],
          [
            9.289712,
            47.304185,
            1042.0
          ],
          [
            9.290331,
            47.304185,
            1039.0
          ],
          [
            9.290727,
            47.304173,
            1036.0
          ],
          [
            9.290943,
            47.304137,
            1034.0
          ],
          [
            9.291113,
            47.30407,
            1032.0
          ],
          [
            9.291203,
            47.304027,
            1032.0
          ],
          [
            9.291526,
            47.303808,
            1029.0
          ],
          [
            9.291625,
            47.303716,
            1028.0
          ],
          [
            9.291725,
            47.303649,
            1027.0
          ],
          [
            9.291814,
            47.3036,
            1026.0
          ],
          [
            9.293296,
            47.303211,
            1015.0
          ],
          [
            9.293404,
            47.303181,
            1014.0
          ],
          [
            9.293485,
            47.303138,
            1013.0
          ],
          [
            9.29353,
            47.303101,
            1013.0
          ],
          [
            9.293566,
            47.303053,
            1012.0
          ],
          [
            9.293602,
            47.302967,
            1011.0
          ],
          [
            9.29362,
            47.302888,
            1010.0
          ],
          [
            9.29361,
            47.302839,
            1010.0
          ],
          [
            9.293593,
            47.302784,
            1010.0
          ],
          [
            9.293566,
            47.302735,
            1010.0
          ],
          [
            9.293512,
            47.302693,
            1010.0
          ],
          [
            9.29344,
            47.302662,
            1010.0
          ],
          [
            9.293333,
            47.302632,
            1010.0
          ],
          [
            9.293189,
            47.302608,
            1010.0
          ],
          [
            9.29326,
            47.302541,
            1010.0
          ],
          [
            9.29344,
            47.302395,
            1010.0
          ],
          [
            9.2937,
            47.302206,
            1014.0
          ],
          [
            9.294203,
            47.30181,
            1022.0
          ],
          [
            9.294392,
            47.301481,
            1025.0
          ],
          [
            9.294581,
            47.301256,
            1028.0
          ],
          [
            9.294895,
            47.300908,
            1032.0
          ],
          [
            9.295057,
            47.300701,
            1035.0
          ],
          [
            9.295354,
            47.300085,
            1042.0
          ],
          [
            9.295776,
            47.29863,
            1058.0
          ],
          [
            9.295803,
            47.298569,
            1058.0
          ],
          [
            9.295839,
            47.298508,
            1059.0
          ],
          [
            9.295893,
            47.298422,
            1060.0
          ],
          [
            9.295946,
            47.298367,
            1060.0
          ],
          [
            9.296,
            47.298319,
            1061.0
          ],
          [
            9.296046,
            47.298282,
            1061.0
          ],
          [
            9.296135,
            47.298221,
            1062.0
          ],
          [
            9.296243,
            47.298148,
            1062.0
          ],
          [
            9.296323,
            47.298106,
            1063.0
          ],
          [
            9.296386,
            47.298081,
            1063.0
          ],
          [
            9.296476,
            47.298051,
            1063.0
          ],
          [
            9.296549,
            47.298033,
            1064.0
          ],
          [
            9.296665,
            47.298015,
            1064.0
          ],
          [
            9.296763,
            47.298008,
            1065.0
          ],
          [
            9.296853,
            47.298002,
            1065.0
          ],
          [
            9.297375,
            47.29799,
            1067.0
          ],
          [
            9.297455,
            47.297984,
            1068.0
          ],
          [
            9.297528,
            47.297972,
            1068.0
          ],
          [
            9.297581,
            47.297954,
            1068.0
          ],
          [
            9.297617,
            47.297929,
            1068.0
          ],
          [
            9.297644,
            47.297911,
            1069.0
          ],
          [
            9.297671,
            47.297875,
            1069.0
          ],
          [
            9.297698,
            47.297844,
            1069.0
          ],
          [
            9.297715,
            47.297795,
            1069.0
          ],
          [
            9.297725,
            47.297741,
            1070.0
          ],
          [
            9.297734,
            47.297679,
            1070.0
          ],
          [
            9.297734,
            47.297618,
            1071.0
          ],
          [
            9.297688,
            47.297076,
            1075.0
          ],
          [
            9.297688,
            47.296882,
            1076.0
          ],
          [
            9.297617,
            47.29679,
            1077.0
          ],
          [
            9.297455,
            47.296692,
            1078.0
          ],
          [
            9.297212,
            47.296558,
            1080.0
          ],
          [
            9.297141,
            47.296467,
            1081.0
          ],
          [
            9.297078,
            47.296363,
            1082.0
          ],
          [
            9.296845,
            47.295962,
            1087.0
          ],
          [
            9.296755,
            47.295821,
            1089.0
          ],
          [
            9.296359,
            47.295297,
            1096.0
          ],
          [
            9.296233,
            47.294944,
            1100.0
          ],
          [
            9.295866,
            47.294627,
            1107.0
          ],
          [
            9.29556,
            47.294024,
            1118.0
          ],
          [
            9.295407,
            47.293804,
            1120.0
          ],
          [
            9.295183,
            47.293597,
            1120.0
          ],
          [
            9.294841,
            47.293451,
            1120.0
          ],
          [
            9.294527,
            47.293238,
            1120.0
          ],
          [
            9.294105,
            47.292878,
            1122.0
          ],
          [
            9.294015,
            47.292665,
            1124.0
          ],
          [
            9.293665,
            47.292361,
            1128.0
          ],
          [
            9.29344,
            47.292062,
            1131.0
          ],
          [
            9.29309,
            47.291727,
            1134.0
          ],
          [
            9.29283,
            47.291386,
            1138.0
          ],
          [
            9.292757,
            47.291325,
            1138.0
          ],
          [
            9.292631,
            47.291227,
            1138.0
          ],
          [
            9.292568,
            47.291172,
            1138.0
          ],
          [
            9.292541,
            47.291123,
            1139.0
          ],
          [
            9.292461,
            47.290874,
            1139.0
          ],
          [
            9.292415,
            47.290788,
            1140.0
          ],
          [
            9.292362,
            47.290703,
            1140.0
          ],
          [
            9.292344,
            47.290618,
            1140.0
          ],
          [
            9.292325,
            47.290442,
            1140.0
          ],
          [
            9.292317,
            47.290374,
            1140.0
          ],
          [
            9.292254,
            47.290234,
            1140.0
          ],
          [
            9.292191,
            47.289935,
            1136.0
          ],
          [
            9.292119,
            47.289692,
            1130.0
          ],
          [
            9.292092,
            47.289661,
            1130.0
          ],
          [
            9.292065,
            47.289643,
            1130.0
          ],
          [
            9.292021,
            47.289631,
            1130.0
          ],
          [
            9.291985,
            47.289631,
            1131.0
          ],
          [
            9.291904,
            47.289643,
            1132.0
          ],
          [
            9.291742,
            47.28968,
            1135.0
          ],
          [
            9.291679,
            47.289704,
            1136.0
          ],
          [
            9.291635,
            47.28971,
            1137.0
          ],
          [
            9.291509,
            47.28971,
            1140.0
          ],
          [
            9.291455,
            47.28971,
            1140.0
          ],
          [
            9.291419,
            47.289716,
            1140.0
          ],
          [
            9.291312,
            47.289747,
            1141.0
          ],
          [
            9.29123,
            47.289771,
            1142.0
          ],
          [
            9.290996,
            47.289814,
            1144.0
          ],
          [
            9.290916,
            47.289832,
            1144.0
          ],
          [
            9.290853,
            47.289862,
            1145.0
          ],
          [
            9.290772,
            47.289917,
            1146.0
          ],
          [
            9.2907,
            47.289966,
            1146.0
          ],
          [
            9.290601,
            47.290008,
            1147.0
          ],
          [
            9.290736,
            47.289783,
            1148.0
          ],
          [
            9.290799,
            47.28957,
            1149.0
          ],
          [
            9.291338,
            47.289021,
            1162.0
          ],
          [
            9.291759,
            47.288802,
            1171.0
          ],
          [
            9.291859,
            47.288735,
            1173.0
          ],
          [
            9.291859,
            47.288735,
            1173.0
          ],
          [
            9.292038,
            47.288626,
            1177.0
          ],
          [
            9.292119,
            47.288571,
            1179.0
          ],
          [
            9.292371,
            47.288364,
            1189.0
          ],
          [
            9.292434,
            47.288321,
            1191.0
          ],
          [
            9.292505,
            47.28829,
            1193.0
          ],
          [
            9.292568,
            47.288278,
            1194.0
          ],
          [
            9.29273,
            47.288247,
            1197.0
          ],
          [
            9.292784,
            47.288223,
            1198.0
          ],
          [
            9.29282,
            47.288193,
            1200.0
          ],
          [
            9.292991,
            47.287979,
            1205.0
          ],
          [
            9.293009,
            47.287961,
            1206.0
          ],
          [
            9.293027,
            47.287949,
            1206.0
          ],
          [
            9.293054,
            47.287949,
            1206.0
          ],
          [
            9.29309,
            47.287949,
            1207.0
          ],
          [
            9.293134,
            47.287955,
            1208.0
          ],
          [
            9.293189,
            47.287949,
            1208.0
          ],
          [
            9.293243,
            47.287931,
            1209.0
          ],
          [
            9.293341,
            47.287894,
            1211.0
          ],
          [
            9.29343,
            47.28787,
            1212.0
          ],
          [
            9.293575,
            47.287833,
            1214.0
          ],
          [
            9.293629,
            47.287821,
            1215.0
          ],
          [
            9.293665,
            47.287803,
            1215.0
          ],
          [
            9.293736,
            47.287754,
            1217.0
          ],
          [
            9.293817,
            47.287712,
            1218.0
          ],
          [
            9.293943,
            47.287669,
            1220.0
          ],
          [
            9.294059,
            47.287632,
            1221.0
          ],
          [
            9.294159,
            47.287578,
            1223.0
          ],
          [
            9.294266,
            47.287553,
            1224.0
          ],
          [
            9.294348,
            47.287529,
            1226.0
          ],
          [
            9.294383,
            47.287498,
            1226.0
          ],
          [
            9.294482,
            47.287407,
            1228.0
          ],
          [
            9.294518,
            47.287389,
            1229.0
          ],
          [
            9.294562,
            47.287376,
            1230.0
          ],
          [
            9.294625,
            47.287382,
            1230.0
          ],
          [
            9.294715,
            47.287389,
            1230.0
          ],
          [
            9.294877,
            47.287395,
            1230.0
          ],
          [
            9.294941,
            47.287395,
            1230.0
          ],
          [
            9.295075,
            47.287425,
            1230.0
          ],
          [
            9.295155,
            47.287431,
            1230.0
          ],
          [
            9.295228,
            47.287431,
            1231.0
          ],
          [
            9.2953,
            47.287419,
            1233.0
          ],
          [
            9.29538,
            47.287382,
            1235.0
          ],
          [
            9.29556,
            47.287266,
            1241.0
          ],
          [
            9.295604,
            47.287248,
            1242.0
          ],
          [
            9.295659,
            47.287248,
            1244.0
          ],
          [
            9.295776,
            47.28726,
            1247.0
          ],
          [
            9.295839,
            47.287248,
            1248.0
          ],
          [
            9.295883,
            47.28723,
            1250.0
          ],
          [
            9.295901,
            47.287211,
            1250.0
          ],
          [
            9.29592,
            47.287132,
            1254.0
          ],
          [
            9.295937,
            47.287114,
            1254.0
          ],
          [
            9.295964,
            47.287108,
            1255.0
          ],
          [
            9.296017,
            47.287102,
            1257.0
          ],
          [
            9.296072,
            47.28709,
            1258.0
          ],
          [
            9.296189,
            47.287023,
            1262.0
          ],
          [
            9.296207,
            47.287004,
            1263.0
          ],
          [
            9.296207,
            47.286986,
            1264.0
          ],
          [
            9.296144,
            47.286944,
            1266.0
          ],
          [
            9.296099,
            47.286907,
            1267.0
          ],
          [
            9.296072,
            47.286864,
            1269.0
          ],
          [
            9.296072,
            47.286664,
            1277.0
          ],
          [
            9.29609,
            47.286639,
            1278.0
          ],
          [
            9.296126,
            47.286639,
            1279.0
          ],
          [
            9.296162,
            47.286657,
            1280.0
          ],
          [
            9.296252,
            47.2867,
            1282.0
          ],
          [
            9.296333,
            47.286731,
            1284.0
          ],
          [
            9.296396,
            47.286737,
            1285.0
          ],
          [
            9.296476,
            47.286724,
            1287.0
          ],
          [
            9.296522,
            47.286724,
            1287.0
          ],
          [
            9.296583,
            47.286731,
            1288.0
          ],
          [
            9.296665,
            47.286755,
            1290.0
          ],
          [
            9.296719,
            47.286761,
            1291.0
          ],
          [
            9.296746,
            47.286755,
            1292.0
          ],
          [
            9.296755,
            47.286737,
            1292.0
          ],
          [
            9.296746,
            47.286718,
            1293.0
          ],
          [
            9.296673,
            47.286633,
            1295.0
          ],
          [
            9.296665,
            47.286621,
            1295.0
          ],
          [
            9.296665,
            47.286591,
            1296.0
          ],
          [
            9.296692,
            47.286517,
            1298.0
          ],
          [
            9.296701,
            47.286511,
            1298.0
          ],
          [
            9.296701,
            47.286511,
            1298.0
          ],
          [
            9.296709,
            47.286505,
            1299.0
          ],
          [
            9.296736,
            47.286499,
            1299.0
          ],
          [
            9.296772,
            47.286499,
            1300.0
          ],
          [
            9.296862,
            47.286304,
            1301.0
          ],
          [
            9.296899,
            47.286194,
            1302.0
          ],
          [
            9.296916,
            47.286115,
            1303.0
          ],
          [
            9.296925,
            47.286042,
            1303.0
          ],
          [
            9.296916,
            47.286017,
            1303.0
          ],
          [
            9.296916,
            47.285975,
            1304.0
          ],
          [
            9.296943,
            47.285658,
            1306.0
          ],
          [
            9.296952,
            47.285542,
            1306.0
          ],
          [
            9.296881,
            47.285433,
            1307.0
          ],
          [
            9.296836,
            47.28542,
            1307.0
          ],
          [
            9.296763,
            47.285408,
            1308.0
          ],
          [
            9.296746,
            47.285408,
            1308.0
          ],
          [
            9.296736,
            47.285396,
            1308.0
          ],
          [
            9.296728,
            47.285378,
            1308.0
          ],
          [
            9.296736,
            47.285255,
            1309.0
          ],
          [
            9.296728,
            47.285231,
            1309.0
          ],
          [
            9.296701,
            47.285213,
            1309.0
          ],
          [
            9.296665,
            47.285201,
            1309.0
          ],
          [
            9.296593,
            47.285194,
            1310.0
          ],
          [
            9.296549,
            47.285182,
            1310.0
          ],
          [
            9.296522,
            47.28517,
            1310.0
          ],
          [
            9.296476,
            47.285134,
            1311.0
          ],
          [
            9.296432,
            47.285073,
            1311.0
          ],
          [
            9.296413,
            47.285006,
            1312.0
          ],
          [
            9.296413,
            47.284951,
            1313.0
          ],
          [
            9.295793,
            47.285103,
            1317.0
          ],
          [
            9.29521,
            47.285371,
            1322.0
          ],
          [
            9.293996,
            47.285585,
            1340.0
          ],
          [
            9.293367,
            47.285792,
            1357.0
          ],
          [
            9.29309,
            47.285725,
            1368.0
          ],
          [
            9.29309,
            47.285725,
            1368.0
          ],
          [
            9.292937,
            47.285689,
            1374.0
          ],
          [
            9.292568,
            47.285634,
            1391.0
          ],
          [
            9.292264,
            47.285774,
            1397.0
          ],
          [
            9.292164,
            47.285792,
            1399.0
          ],
          [
            9.292048,
            47.285786,
            1400.0
          ],
          [
            9.291985,
            47.285798,
            1400.0
          ],
          [
            9.291922,
            47.285816,
            1399.0
          ],
          [
            9.291868,
            47.285841,
            1399.0
          ],
          [
            9.291822,
            47.285829,
            1399.0
          ],
          [
            9.291751,
            47.285652,
            1406.0
          ],
          [
            9.291877,
            47.285664,
            1409.0
          ],
          [
            9.291859,
            47.285591,
            1411.0
          ],
          [
            9.291958,
            47.285609,
            1414.0
          ],
          [
            9.291994,
            47.285585,
            1415.0
          ],
          [
            9.291985,
            47.285555,
            1416.0
          ],
          [
            9.291922,
            47.285494,
            1419.0
          ],
          [
            9.292029,
            47.285469,
            1422.0
          ],
          [
            9.292057,
            47.285408,
            1425.0
          ],
          [
            9.292021,
            47.285341,
            1428.0
          ],
          [
            9.292002,
            47.285329,
            1429.0
          ],
          [
            9.291994,
            47.285274,
            1431.0
          ],
          [
            9.291958,
            47.285219,
            1433.0
          ],
          [
            9.291949,
            47.285176,
            1434.0
          ],
          [
            9.292012,
            47.285182,
            1435.0
          ],
          [
            9.292111,
            47.285231,
            1438.0
          ],
          [
            9.292155,
            47.285085,
            1441.0
          ],
          [
            9.292092,
            47.284945,
            1444.0
          ],
          [
            9.292174,
            47.284884,
            1445.0
          ],
          [
            9.292317,
            47.284841,
            1447.0
          ],
          [
            9.292425,
            47.284744,
            1449.0
          ],
          [
            9.292461,
            47.284561,
            1455.0
          ],
          [
            9.292425,
            47.284494,
            1458.0
          ],
          [
            9.292524,
            47.284494,
            1461.0
          ],
          [
            9.292497,
            47.284299,
            1467.0
          ],
          [
            9.292614,
            47.284335,
            1469.0
          ],
          [
            9.292587,
            47.284244,
            1472.0
          ],
          [
            9.292694,
            47.284177,
            1475.0
          ],
          [
            9.292847,
            47.283964,
            1485.0
          ],
          [
            9.29283,
            47.283866,
            1492.0
          ],
          [
            9.292757,
            47.28386,
            1495.0
          ],
          [
            9.29273,
            47.28383,
            1498.0
          ],
          [
            9.292883,
            47.283702,
            1505.0
          ],
          [
            9.29274,
            47.28369,
            1508.0
          ],
          [
            9.292757,
            47.283538,
            1510.0
          ],
          [
            9.292677,
            47.283519,
            1510.0
          ],
          [
            9.292631,
            47.283513,
            1510.0
          ],
          [
            9.292587,
            47.283525,
            1510.0
          ],
          [
            9.292587,
            47.283525,
            1510.0
          ],
          [
            9.292631,
            47.283513,
            1510.0
          ],
          [
            9.292677,
            47.283519,
            1510.0
          ],
          [
            9.292757,
            47.283538,
            1510.0
          ],
          [
            9.292838,
            47.283525,
            1510.0
          ],
          [
            9.293044,
            47.283513,
            1510.0
          ],
          [
            9.293126,
            47.283477,
            1510.0
          ],
          [
            9.293306,
            47.283434,
            1510.0
          ],
          [
            9.293457,
            47.283312,
            1510.0
          ],
          [
            9.293709,
            47.283184,
            1510.0
          ],
          [
            9.293835,
            47.283013,
            1510.0
          ],
          [
            9.294958,
            47.2828,
            1499.0
          ],
          [
            9.2953,
            47.282763,
            1492.0
          ],
          [
            9.295308,
            47.282715,
            1491.0
          ],
          [
            9.295425,
            47.282684,
            1488.0
          ],
          [
            9.295451,
            47.282696,
            1488.0
          ],
          [
            9.295524,
            47.282696,
            1486.0
          ],
          [
            9.29557,
            47.282672,
            1485.0
          ],
          [
            9.295623,
            47.282666,
            1484.0
          ],
          [
            9.295776,
            47.282617,
            1481.0
          ],
          [
            9.296583,
            47.282434,
            1464.0
          ],
          [
            9.297141,
            47.282404,
            1460.0
          ],
          [
            9.297572,
            47.282459,
            1454.0
          ],
          [
            9.297788,
            47.28241,
            1450.0
          ],
          [
            9.298264,
            47.282459,
            1442.0
          ],
          [
            9.29873,
            47.282367,
            1438.0
          ],
          [
            9.299252,
            47.282379,
            1436.0
          ],
          [
            9.300222,
            47.282416,
            1431.0
          ],
          [
            9.300841,
            47.282763,
            1427.0
          ],
          [
            9.301866,
            47.282989,
            1423.0
          ],
          [
            9.302063,
            47.283129,
            1426.0
          ],
          [
            9.302189,
            47.283318,
            1430.0
          ],
          [
            9.302728,
            47.283629,
            1443.0
          ],
          [
            9.303078,
            47.283885,
            1452.0
          ],
          [
            9.303241,
            47.283988,
            1457.0
          ],
          [
            9.303546,
            47.284116,
            1466.0
          ],
          [
            9.303564,
            47.284152,
            1467.0
          ],
          [
            9.303627,
            47.284177,
            1469.0
          ],
          [
            9.303627,
            47.284238,
            1471.0
          ],
          [
            9.303644,
            47.284262,
            1472.0
          ],
          [
            9.303636,
            47.284311,
            1474.0
          ],
          [
            9.303663,
            47.284354,
            1475.0
          ],
          [
            9.303663,
            47.28439,
            1476.0
          ],
          [
            9.30369,
            47.284409,
            1477.0
          ],
          [
            9.303734,
            47.284409,
            1478.0
          ],
          [
            9.30377,
            47.284397,
            1479.0
          ],
          [
            9.303851,
            47.284354,
            1482.0
          ],
          [
            9.30387,
            47.284354,
            1482.0
          ],
          [
            9.303977,
            47.284415,
            1485.0
          ],
          [
            9.304013,
            47.284409,
            1486.0
          ],
          [
            9.304057,
            47.284427,
            1487.0
          ],
          [
            9.304336,
            47.284726,
            1498.0
          ],
          [
            9.304409,
            47.284841,
            1502.0
          ],
          [
            9.30439,
            47.284896,
            1504.0
          ],
          [
            9.3043,
            47.285,
            1507.0
          ],
          [
            9.304633,
            47.285231,
            1519.0
          ],
          [
            9.30466,
            47.285384,
            1524.0
          ],
          [
            9.304713,
            47.285488,
            1527.0
          ],
          [
            9.304786,
            47.285585,
            1530.0
          ],
          [
            9.304812,
            47.285603,
            1531.0
          ],
          [
            9.305451,
            47.28581,
            1548.0
          ],
          [
            9.306196,
            47.286096,
            1561.0
          ],
          [
            9.306529,
            47.286121,
            1562.0
          ],
          [
            9.306707,
            47.286163,
            1563.0
          ],
          [
            9.306923,
            47.286261,
            1564.0
          ],
          [
            9.307508,
            47.28642,
            1566.0
          ],
          [
            9.308873,
            47.286469,
            1570.0
          ],
          [
            9.308971,
            47.286469,
            1570.0
          ],
          [
            9.309053,
            47.286505,
            1570.0
          ],
          [
            9.309799,
            47.286365,
            1570.0
          ],
          [
            9.310275,
            47.286334,
            1570.0
          ],
          [
            9.311218,
            47.28634,
            1563.0
          ],
          [
            9.311757,
            47.286109,
            1551.0
          ],
          [
            9.311999,
            47.286029,
            1544.0
          ],
          [
            9.31207,
            47.286017,
            1542.0
          ],
          [
            9.312125,
            47.286066,
            1540.0
          ],
          [
            9.31217,
            47.28606,
            1539.0
          ],
          [
            9.312187,
            47.286029,
            1538.0
          ],
          [
            9.312179,
            47.285969,
            1536.0
          ],
          [
            9.312395,
            47.286005,
            1531.0
          ],
          [
            9.312449,
            47.285969,
            1529.0
          ],
          [
            9.312449,
            47.285932,
            1528.0
          ],
          [
            9.312493,
            47.285926,
            1527.0
          ],
          [
            9.312862,
            47.286017,
            1518.0
          ],
          [
            9.312969,
            47.285944,
            1514.0
          ],
          [
            9.312969,
            47.285786,
            1508.0
          ],
          [
            9.312952,
            47.28564,
            1503.0
          ],
          [
            9.312988,
            47.285463,
            1498.0
          ],
          [
            9.313149,
            47.285365,
            1494.0
          ],
          [
            9.313338,
            47.285201,
            1490.0
          ],
          [
            9.313518,
            47.285109,
            1489.0
          ],
          [
            9.313831,
            47.284902,
            1487.0
          ],
          [
            9.314083,
            47.284823,
            1486.0
          ],
          [
            9.314586,
            47.284598,
            1483.0
          ],
          [
            9.314712,
            47.284543,
            1482.0
          ],
          [
            9.314982,
            47.284482,
            1481.0
          ],
          [
            9.31526,
            47.284384,
            1480.0
          ],
          [
            9.315718,
            47.283982,
            1480.0
          ],
          [
            9.315763,
            47.283866,
            1480.0
          ],
          [
            9.316059,
            47.283659,
            1483.0
          ],
          [
            9.316418,
            47.283422,
            1489.0
          ],
          [
            9.316644,
            47.283287,
            1494.0
          ],
          [
            9.316661,
            47.283196,
            1496.0
          ],
          [
            9.316688,
            47.283171,
            1497.0
          ],
          [
            9.316617,
            47.283043,
            1503.0
          ],
          [
            9.316634,
            47.283007,
            1505.0
          ],
          [
            9.316697,
            47.283019,
            1507.0
          ],
          [
            9.31686,
            47.283001,
            1511.0
          ],
          [
            9.316868,
            47.282964,
            1512.0
          ],
          [
            9.316949,
            47.282952,
            1514.0
          ],
          [
            9.316921,
            47.282916,
            1515.0
          ],
          [
            9.316994,
            47.28291,
            1516.0
          ],
          [
            9.316949,
            47.282849,
            1518.0
          ],
          [
            9.317066,
            47.282861,
            1520.0
          ],
          [
            9.317066,
            47.282788,
            1521.0
          ],
          [
            9.317497,
            47.282684,
            1525.0
          ],
          [
            9.317703,
            47.282617,
            1528.0
          ],
          [
            9.317999,
            47.282544,
            1530.0
          ],
          [
            9.318592,
            47.282538,
            1530.0
          ],
          [
            9.320003,
            47.282684,
            1524.0
          ],
          [
            9.320353,
            47.28269,
            1523.0
          ],
          [
            9.32206,
            47.28266,
            1506.0
          ],
          [
            9.322959,
            47.282739,
            1500.0
          ],
          [
            9.3233,
            47.282806,
            1500.0
          ],
          [
            9.323515,
            47.282879,
            1500.0
          ],
          [
            9.323731,
            47.28297,
            1500.0
          ],
          [
            9.323821,
            47.283031,
            1501.0
          ],
          [
            9.323902,
            47.283104,
            1503.0
          ],
          [
            9.323992,
            47.283361,
            1509.0
          ],
          [
            9.324154,
            47.28344,
            1513.0
          ],
          [
            9.324324,
            47.283525,
            1517.0
          ],
          [
            9.324387,
            47.283556,
            1519.0
          ],
          [
            9.324414,
            47.283641,
            1521.0
          ],
          [
            9.324548,
            47.283696,
            1524.0
          ],
          [
            9.324638,
            47.283745,
            1526.0
          ],
          [
            9.324657,
            47.283732,
            1526.0
          ],
          [
            9.324783,
            47.283769,
            1528.0
          ],
          [
            9.324908,
            47.283812,
            1530.0
          ],
          [
            9.324997,
            47.283824,
            1531.0
          ],
          [
            9.32515,
            47.283872,
            1534.0
          ],
          [
            9.325384,
            47.283909,
            1537.0
          ],
          [
            9.325842,
            47.283982,
            1545.0
          ],
          [
            9.326318,
            47.284134,
            1550.0
          ],
          [
            9.326821,
            47.284519,
            1548.0
          ],
          [
            9.327108,
            47.284768,
            1548.0
          ],
          [
            9.327271,
            47.284969,
            1547.0
          ],
          [
            9.327271,
            47.285018,
            1548.0
          ],
          [
            9.327244,
            47.285128,
            1549.0
          ],
          [
            9.327324,
            47.285463,
            1552.0
          ],
          [
            9.327468,
            47.285682,
            1555.0
          ],
          [
            9.327639,
            47.28592,
            1558.0
          ],
          [
            9.327737,
            47.286109,
            1560.0
          ],
          [
            9.327827,
            47.286291,
            1562.0
          ],
          [
            9.327936,
            47.286517,
            1564.0
          ],
          [
            9.328016,
            47.286706,
            1565.0
          ],
          [
            9.328097,
            47.286901,
            1567.0
          ],
          [
            9.32825,
            47.287151,
            1569.0
          ],
          [
            9.32833,
            47.28737,
            1573.0
          ],
          [
            9.328322,
            47.28748,
            1575.0
          ],
          [
            9.328339,
            47.287517,
            1576.0
          ],
          [
            9.328439,
            47.287541,
            1578.0
          ],
          [
            9.32851,
            47.287584,
            1579.0
          ],
          [
            9.328565,
            47.287626,
            1580.0
          ],
          [
            9.328573,
            47.287669,
            1581.0
          ],
          [
            9.328475,
            47.287724,
            1583.0
          ],
          [
            9.328007,
            47.2879,
            1591.0
          ],
          [
            9.327873,
            47.287967,
            1593.0
          ],
          [
            9.327819,
            47.288022,
            1594.0
          ],
          [
            9.327791,
            47.288126,
            1597.0
          ],
          [
            9.327827,
            47.288186,
            1598.0
          ],
          [
            9.327873,
            47.288241,
            1599.0
          ],
          [
            9.327999,
            47.288302,
            1600.0
          ],
          [
            9.328169,
            47.288364,
            1600.0
          ],
          [
            9.328232,
            47.288425,
            1600.0
          ],
          [
            9.328349,
            47.288723,
            1600.0
          ],
          [
            9.328439,
            47.28893,
            1600.0
          ],
          [
            9.328475,
            47.289125,
            1600.0
          ],
          [
            9.328555,
            47.2894,
            1600.0
          ],
          [
            9.328565,
            47.289668,
            1603.0
          ],
          [
            9.328672,
            47.289826,
            1604.0
          ],
          [
            9.328743,
            47.289972,
            1606.0
          ],
          [
            9.328771,
            47.2901,
            1607.0
          ],
          [
            9.328815,
            47.290179,
            1608.0
          ],
          [
            9.328995,
            47.29032,
            1611.0
          ],
          [
            9.329076,
            47.290399,
            1614.0
          ],
          [
            9.329184,
            47.290539,
            1619.0
          ],
          [
            9.329408,
            47.290758,
            1623.0
          ],
          [
            9.329517,
            47.290825,
            1625.0
          ],
          [
            9.32966,
            47.290843,
            1626.0
          ],
          [
            9.329758,
            47.290868,
            1627.0
          ],
          [
            9.329768,
            47.290892,
            1628.0
          ],
          [
            9.329723,
            47.290916,
            1628.0
          ],
          [
            9.329471,
            47.290922,
            1631.0
          ],
          [
            9.329229,
            47.290953,
            1635.0
          ],
          [
            9.328959,
            47.291026,
            1638.0
          ],
          [
            9.328716,
            47.291117,
            1641.0
          ],
          [
            9.328385,
            47.291246,
            1644.0
          ],
          [
            9.32815,
            47.29138,
            1646.0
          ],
          [
            9.328142,
            47.291416,
            1646.0
          ],
          [
            9.328196,
            47.291429,
            1647.0
          ],
          [
            9.328267,
            47.29141,
            1647.0
          ],
          [
            9.328339,
            47.291398,
            1648.0
          ],
          [
            9.328502,
            47.291374,
            1649.0
          ],
          [
            9.328905,
            47.29138,
            1650.0
          ],
          [
            9.329238,
            47.291349,
            1650.0
          ],
          [
            9.329571,
            47.291386,
            1650.0
          ],
          [
            9.329741,
            47.291447,
            1650.0
          ],
          [
            9.329947,
            47.291605,
            1650.0
          ],
          [
            9.330334,
            47.291721,
            1650.0
          ],
          [
            9.330639,
            47.291782,
            1649.0
          ],
          [
            9.330827,
            47.291861,
            1648.0
          ],
          [
            9.330936,
            47.291934,
            1648.0
          ],
          [
            9.331358,
            47.292074,
            1646.0
          ],
          [
            9.331781,
            47.292196,
            1644.0
          ],
          [
            9.332022,
            47.292257,
            1642.0
          ],
          [
            9.332238,
            47.292318,
            1641.0
          ],
          [
            9.332328,
            47.292349,
            1641.0
          ],
          [
            9.33258,
            47.292422,
            1639.0
          ],
          [
            9.333047,
            47.292537,
            1635.0
          ],
          [
            9.333253,
            47.29258,
            1634.0
          ],
          [
            9.33346,
            47.292732,
            1631.0
          ],
          [
            9.333559,
            47.292744,
            1630.0
          ],
          [
            9.333676,
            47.292756,
            1630.0
          ],
          [
            9.333873,
            47.292872,
            1628.0
          ],
          [
            9.334268,
            47.292976,
            1625.0
          ],
          [
            9.334817,
            47.293079,
            1621.0
          ],
          [
            9.335265,
            47.293116,
            1616.0
          ],
          [
            9.335589,
            47.293232,
            1610.0
          ],
          [
            9.335894,
            47.293299,
            1605.0
          ],
          [
            9.336496,
            47.293433,
            1596.0
          ],
          [
            9.336811,
            47.293506,
            1591.0
          ],
          [
            9.337089,
            47.293616,
            1588.0
          ],
          [
            9.337232,
            47.293731,
            1587.0
          ],
          [
            9.337565,
            47.293847,
            1585.0
          ],
          [
            9.33779,
            47.293908,
            1583.0
          ],
          [
            9.338095,
            47.29403,
            1581.0
          ],
          [
            9.338427,
            47.294164,
            1578.0
          ],
          [
            9.33875,
            47.29425,
            1575.0
          ],
          [
            9.338957,
            47.294292,
            1574.0
          ],
          [
            9.33911,
            47.294359,
            1572.0
          ],
          [
            9.339345,
            47.294432,
            1570.0
          ],
          [
            9.339371,
            47.294456,
            1570.0
          ],
          [
            9.339371,
            47.294481,
            1569.0
          ],
          [
            9.339345,
            47.294517,
            1569.0
          ],
          [
            9.339345,
            47.294536,
            1568.0
          ],
          [
            9.339389,
            47.294572,
            1568.0
          ],
          [
            9.339523,
            47.294651,
            1566.0
          ],
          [
            9.339748,
            47.29473,
            1564.0
          ],
          [
            9.339874,
            47.294816,
            1562.0
          ],
          [
            9.339955,
            47.294846,
            1561.0
          ],
          [
            9.340234,
            47.294865,
            1557.0
          ],
          [
            9.340628,
            47.295042,
            1550.0
          ],
          [
            9.340808,
            47.295145,
            1547.0
          ],
          [
            9.34123,
            47.295249,
            1539.0
          ],
          [
            9.341599,
            47.295328,
            1532.0
          ],
          [
            9.341815,
            47.295376,
            1528.0
          ],
          [
            9.341922,
            47.295419,
            1526.0
          ],
          [
            9.341966,
            47.295553,
            1523.0
          ],
          [
            9.342048,
            47.295608,
            1522.0
          ],
          [
            9.342228,
            47.295699,
            1518.0
          ],
          [
            9.342345,
            47.295742,
            1516.0
          ],
          [
            9.342471,
            47.295778,
            1514.0
          ],
          [
            9.342524,
            47.295791,
            1513.0
          ],
          [
            9.342569,
            47.295803,
            1512.0
          ],
          [
            9.342677,
            47.295815,
            1511.0
          ],
          [
            9.342739,
            47.295815,
            1510.0
          ],
          [
            9.342811,
            47.295852,
            1508.0
          ],
          [
            9.342865,
            47.295913,
            1506.0
          ],
          [
            9.342982,
            47.295968,
            1503.0
          ],
          [
            9.342901,
            47.296004,
            1502.0
          ],
          [
            9.342775,
            47.296053,
            1499.0
          ],
          [
            9.342784,
            47.296065,
            1499.0
          ],
          [
            9.342838,
            47.296083,
            1498.0
          ],
          [
            9.342928,
            47.296083,
            1496.0
          ],
          [
            9.342982,
            47.296132,
            1495.0
          ],
          [
            9.343071,
            47.296132,
            1493.0
          ],
          [
            9.343098,
            47.296169,
            1492.0
          ],
          [
            9.34318,
            47.296181,
            1490.0
          ],
          [
            9.343261,
            47.296193,
            1489.0
          ],
          [
            9.343261,
            47.296266,
            1487.0
          ],
          [
            9.343341,
            47.296296,
            1485.0
          ],
          [
            9.343494,
            47.296309,
            1482.0
          ],
          [
            9.343611,
            47.296351,
            1479.0
          ],
          [
            9.343691,
            47.296406,
            1476.0
          ],
          [
            9.343674,
            47.296467,
            1474.0
          ],
          [
            9.34362,
            47.296503,
            1473.0
          ],
          [
            9.34353,
            47.296534,
            1471.0
          ],
          [
            9.343574,
            47.296558,
            1469.0
          ],
          [
            9.343629,
            47.29657,
            1468.0
          ],
          [
            9.34371,
            47.296607,
            1466.0
          ],
          [
            9.343773,
            47.296607,
            1465.0
          ],
          [
            9.343826,
            47.296601,
            1464.0
          ],
          [
            9.34389,
            47.296613,
            1463.0
          ],
          [
            9.343934,
            47.296656,
            1461.0
          ],
          [
            9.34397,
            47.296778,
            1458.0
          ],
          [
            9.344024,
            47.296845,
            1457.0
          ],
          [
            9.344079,
            47.296863,
            1456.0
          ],
          [
            9.34432,
            47.296869,
            1453.0
          ],
          [
            9.344473,
            47.296924,
            1451.0
          ],
          [
            9.34459,
            47.296985,
            1448.0
          ],
          [
            9.344572,
            47.297003,
            1448.0
          ],
          [
            9.344563,
            47.297034,
            1448.0
          ],
          [
            9.344608,
            47.297107,
            1447.0
          ],
          [
            9.344679,
            47.297168,
            1445.0
          ],
          [
            9.344859,
            47.297259,
            1441.0
          ],
          [
            9.344968,
            47.297314,
            1436.0
          ],
          [
            9.345282,
            47.297381,
            1438.0
          ],
          [
            9.345408,
            47.297411,
            1436.0
          ],
          [
            9.345542,
            47.297423,
            1434.0
          ],
          [
            9.345658,
            47.297423,
            1433.0
          ],
          [
            9.345803,
            47.297423,
            1432.0
          ],
          [
            9.345928,
            47.297441,
            1431.0
          ],
          [
            9.346144,
            47.297466,
            1428.0
          ],
          [
            9.346287,
            47.297502,
            1426.0
          ],
          [
            9.346387,
            47.297521,
            1424.0
          ],
          [
            9.34653,
            47.297527,
            1421.0
          ],
          [
            9.34697,
            47.29749,
            1415.0
          ],
          [
            9.347087,
            47.29746,
            1413.0
          ],
          [
            9.347177,
            47.297368,
            1409.0
          ],
          [
            9.347232,
            47.297362,
            1408.0
          ],
          [
            9.347276,
            47.297381,
            1407.0
          ],
          [
            9.347429,
            47.297435,
            1403.0
          ],
          [
            9.347492,
            47.297454,
            1402.0
          ],
          [
            9.347555,
            47.29749,
            1400.0
          ],
          [
            9.347608,
            47.297484,
            1399.0
          ],
          [
            9.347708,
            47.297429,
            1397.0
          ],
          [
            9.347752,
            47.297411,
            1396.0
          ],
          [
            9.347797,
            47.297411,
            1395.0
          ],
          [
            9.347887,
            47.29746,
            1394.0
          ],
          [
            9.347977,
            47.297508,
            1392.0
          ],
          [
            9.348174,
            47.297545,
            1390.0
          ],
          [
            9.348345,
            47.297533,
            1389.0
          ],
          [
            9.348534,
            47.297545,
            1388.0
          ],
          [
            9.348776,
            47.297686,
            1387.0
          ],
          [
            9.349027,
            47.297771,
            1385.0
          ],
          [
            9.34918,
            47.297777,
            1385.0
          ],
          [
            9.349306,
            47.297808,
            1384.0
          ],
          [
            9.349468,
            47.297808,
            1383.0
          ],
          [
            9.349746,
            47.297856,
            1382.0
          ],
          [
            9.349998,
            47.297881,
            1381.0
          ],
          [
            9.350195,
            47.297978,
            1380.0
          ],
          [
            9.350339,
            47.298015,
            1379.0
          ],
          [
            9.350545,
            47.298051,
            1378.0
          ],
          [
            9.350744,
            47.298075,
            1378.0
          ],
          [
            9.351184,
            47.298301,
            1375.0
          ],
          [
            9.351444,
            47.298367,
            1374.0
          ],
          [
            9.351723,
            47.298465,
            1373.0
          ],
          [
            9.352073,
            47.298508,
            1371.0
          ],
          [
            9.352243,
            47.298514,
            1370.0
          ],
          [
            9.352342,
            47.298557,
            1370.0
          ],
          [
            9.352423,
            47.298679,
            1368.0
          ],
          [
            9.352532,
            47.29877,
            1367.0
          ],
          [
            9.352899,
            47.298928,
            1363.0
          ],
          [
            9.353043,
            47.29905,
            1361.0
          ],
          [
            9.353385,
            47.299287,
            1357.0
          ],
          [
            9.353519,
            47.299367,
            1356.0
          ],
          [
            9.353663,
            47.299403,
            1357.0
          ],
          [
            9.353807,
            47.299458,
            1357.0
          ],
          [
            9.353843,
            47.299519,
            1356.0
          ],
          [
            9.353851,
            47.299544,
            1355.0
          ],
          [
            9.353878,
            47.299611,
            1355.0
          ],
          [
            9.354463,
            47.299873,
            1353.0
          ],
          [
            9.354507,
            47.299891,
            1353.0
          ],
          [
            9.354696,
            47.299994,
            1352.0
          ],
          [
            9.354903,
            47.30014,
            1352.0
          ],
          [
            9.355029,
            47.300201,
            1351.0
          ],
          [
            9.355369,
            47.300281,
            1351.0
          ],
          [
            9.355685,
            47.300317,
            1350.0
          ],
          [
            9.355837,
            47.300354,
            1349.0
          ],
          [
            9.356295,
            47.300445,
            1346.0
          ],
          [
            9.35661,
            47.300555,
            1344.0
          ],
          [
            9.356735,
            47.300592,
            1343.0
          ],
          [
            9.35679,
            47.300622,
            1342.0
          ],
          [
            9.356834,
            47.300652,
            1342.0
          ],
          [
            9.356951,
            47.300823,
            1340.0
          ],
          [
            9.357121,
            47.300987,
            1339.0
          ],
          [
            9.357247,
            47.301152,
            1338.0
          ],
          [
            9.35731,
            47.301256,
            1337.0
          ],
          [
            9.357813,
            47.301724,
            1333.0
          ],
          [
            9.357975,
            47.301876,
            1331.0
          ],
          [
            9.358371,
            47.30217,
            1325.0
          ],
          [
            9.358559,
            47.30234,
            1319.0
          ],
          [
            9.358909,
            47.302553,
            1315.0
          ],
          [
            9.359367,
            47.302803,
            1309.0
          ],
          [
            9.360606,
            47.303643,
            1292.0
          ],
          [
            9.360912,
            47.3039,
            1287.0
          ],
          [
            9.361082,
            47.304052,
            1284.0
          ],
          [
            9.361361,
            47.304441,
            1276.0
          ],
          [
            9.36173,
            47.304771,
            1269.0
          ],
          [
            9.362044,
            47.304953,
            1263.0
          ],
          [
            9.362188,
            47.30505,
            1261.0
          ],
          [
            9.362188,
            47.30505,
            1261.0
          ],
          [
            9.362243,
            47.305093,
            1260.0
          ],
          [
            9.36234,
            47.30519,
            1258.0
          ],
          [
            9.362826,
            47.305709,
            1248.0
          ],
          [
            9.36296,
            47.305891,
            1245.0
          ],
          [
            9.363032,
            47.30608,
            1241.0
          ],
          [
            9.363742,
            47.306324,
            1239.0
          ],
          [
            9.364864,
            47.3065,
            1235.0
          ],
          [
            9.365027,
            47.306476,
            1234.0
          ],
          [
            9.365323,
            47.306513,
            1233.0
          ],
          [
            9.366051,
            47.3065,
            1231.0
          ],
          [
            9.366562,
            47.306555,
            1226.0
          ],
          [
            9.366707,
            47.30678,
            1215.0
          ],
          [
            9.366851,
            47.306884,
            1209.0
          ],
          [
            9.367111,
            47.306993,
            1204.0
          ],
          [
            9.3673,
            47.306999,
            1201.0
          ],
          [
            9.367514,
            47.30703,
            1198.0
          ],
          [
            9.368162,
            47.30717,
            1192.0
          ],
          [
            9.368432,
            47.307219,
            1189.0
          ],
          [
            9.368889,
            47.307396,
            1184.0
          ],
          [
            9.369248,
            47.307475,
            1181.0
          ],
          [
            9.369518,
            47.307481,
            1179.0
          ],
          [
            9.36995,
            47.307657,
            1178.0
          ],
          [
            9.370344,
            47.307761,
            1177.0
          ],
          [
            9.370902,
            47.307828,
            1175.0
          ],
          [
            9.372258,
            47.30809,
            1171.0
          ],
          [
            9.372491,
            47.308151,
            1171.0
          ],
          [
            9.372491,
            47.308151,
            1171.0
          ],
          [
            9.37251,
            47.308157,
            1171.0
          ],
          [
            9.373193,
            47.308395,
            1168.0
          ],
          [
            9.373633,
            47.308607,
            1165.0
          ],
          [
            9.374028,
            47.308876,
            1163.0
          ],
          [
            9.374432,
            47.309156,
            1161.0
          ],
          [
            9.374809,
            47.309405,
            1158.0
          ],
          [
            9.374845,
            47.309448,
            1158.0
          ],
          [
            9.374872,
            47.309503,
            1158.0
          ],
          [
            9.375141,
            47.30954,
            1155.0
          ],
          [
            9.375231,
            47.309546,
            1154.0
          ],
          [
            9.375304,
            47.309534,
            1154.0
          ],
          [
            9.375384,
            47.309515,
            1153.0
          ],
          [
            9.37577,
            47.309387,
            1149.0
          ],
          [
            9.37622,
            47.309521,
            1140.0
          ],
          [
            9.376489,
            47.309399,
            1137.0
          ],
          [
            9.37657,
            47.309564,
            1136.0
          ],
          [
            9.376866,
            47.30965,
            1127.0
          ],
          [
            9.377468,
            47.309668,
            1114.0
          ],
          [
            9.377944,
            47.309881,
            1102.0
          ],
          [
            9.378619,
            47.310009,
            1090.0
          ],
          [
            9.378789,
            47.310185,
            1085.0
          ],
          [
            9.379157,
            47.310447,
            1076.0
          ],
          [
            9.379472,
            47.310679,
            1069.0
          ],
          [
            9.379598,
            47.310697,
            1068.0
          ],
          [
            9.379751,
            47.31074,
            1066.0
          ],
          [
            9.380001,
            47.310837,
            1063.0
          ],
          [
            9.380164,
            47.310873,
            1061.0
          ],
          [
            9.380451,
            47.310916,
            1058.0
          ],
          [
            9.380936,
            47.311032,
            1054.0
          ],
          [
            9.381888,
            47.311398,
            1047.0
          ],
          [
            9.382238,
            47.311556,
            1044.0
          ],
          [
            9.382319,
            47.311598,
            1044.0
          ],
          [
            9.382427,
            47.311702,
            1042.0
          ],
          [
            9.382535,
            47.311909,
            1040.0
          ],
          [
            9.382741,
            47.31211,
            1040.0
          ],
          [
            9.382993,
            47.312244,
            1040.0
          ],
          [
            9.383038,
            47.312323,
            1040.0
          ],
          [
            9.38302,
            47.312512,
            1040.0
          ],
          [
            9.383101,
            47.312615,
            1040.0
          ],
          [
            9.383523,
            47.312896,
            1041.0
          ],
          [
            9.383604,
            47.312981,
            1041.0
          ],
          [
            9.38372,
            47.313176,
            1042.0
          ],
          [
            9.383846,
            47.313304,
            1042.0
          ],
          [
            9.384223,
            47.313651,
            1044.0
          ],
          [
            9.384385,
            47.313779,
            1044.0
          ],
          [
            9.384538,
            47.313828,
            1044.0
          ],
          [
            9.384718,
            47.313852,
            1044.0
          ],
          [
            9.384816,
            47.313913,
            1044.0
          ],
          [
            9.384862,
            47.314004,
            1045.0
          ],
          [
            9.384871,
            47.314083,
            1045.0
          ],
          [
            9.384808,
            47.314205,
            1045.0
          ],
          [
            9.384466,
            47.31437,
            1046.0
          ],
          [
            9.384368,
            47.314553,
            1046.0
          ],
          [
            9.384322,
            47.314729,
            1049.0
          ],
          [
            9.384305,
            47.314826,
            1050.0
          ],
          [
            9.384242,
            47.315106,
            1050.0
          ],
          [
            9.384143,
            47.315247,
            1050.0
          ],
          [
            9.383766,
            47.315375,
            1050.0
          ],
          [
            9.383586,
            47.315588,
            1050.0
          ],
          [
            9.38346,
            47.315734,
            1050.0
          ],
          [
            9.3832,
            47.316148,
            1050.0
          ],
          [
            9.383154,
            47.316867,
            1050.0
          ],
          [
            9.383164,
            47.317122,
            1050.0
          ],
          [
            9.383217,
            47.317305,
            1050.0
          ],
          [
            9.383514,
            47.317823,
            1050.0
          ],
          [
            9.383793,
            47.318109,
            1050.0
          ],
          [
            9.384196,
            47.318651,
            1050.0
          ],
          [
            9.384349,
            47.318888,
            1050.0
          ],
          [
            9.384565,
            47.319047,
            1050.0
          ],
          [
            9.384808,
            47.319071,
            1050.0
          ],
          [
            9.385625,
            47.319224,
            1050.0
          ],
          [
            9.385841,
            47.319278,
            1050.0
          ],
          [
            9.386766,
            47.319619,
            1050.0
          ],
          [
            9.38682,
            47.319631,
            1050.0
          ],
          [
            9.386829,
            47.319747,
            1050.0
          ],
          [
            9.386739,
            47.320265,
            1050.0
          ],
          [
            9.386667,
            47.320782,
            1045.0
          ],
          [
            9.386613,
            47.321398,
            1039.0
          ],
          [
            9.386622,
            47.321562,
            1038.0
          ],
          [
            9.386667,
            47.321708,
            1038.0
          ],
          [
            9.386739,
            47.321829,
            1037.0
          ],
          [
            9.386659,
            47.32189,
            1037.0
          ],
          [
            9.386775,
            47.322006,
            1036.0
          ],
          [
            9.386892,
            47.322171,
            1035.0
          ],
          [
            9.386963,
            47.322232,
            1035.0
          ],
          [
            9.387053,
            47.322299,
            1034.0
          ],
          [
            9.387225,
            47.322402,
            1034.0
          ],
          [
            9.387332,
            47.322451,
            1033.0
          ],
          [
            9.387368,
            47.322463,
            1033.0
          ],
          [
            9.387431,
            47.322475,
            1033.0
          ],
          [
            9.387466,
            47.322487,
            1033.0
          ],
          [
            9.387701,
            47.322603,
            1032.0
          ],
          [
            9.387978,
            47.322707,
            1031.0
          ],
          [
            9.388563,
            47.322877,
            1028.0
          ],
          [
            9.388984,
            47.323048,
            1024.0
          ],
          [
            9.389659,
            47.323254,
            1019.0
          ],
          [
            9.390045,
            47.323346,
            1016.0
          ],
          [
            9.390135,
            47.323358,
            1015.0
          ],
          [
            9.390269,
            47.323346,
            1013.0
          ],
          [
            9.390368,
            47.323352,
            1013.0
          ],
          [
            9.390431,
            47.323401,
            1012.0
          ],
          [
            9.390512,
            47.323498,
            1010.0
          ],
          [
            9.390701,
            47.323657,
            1008.0
          ],
          [
            9.391248,
            47.324089,
            1001.0
          ],
          [
            9.391806,
            47.324467,
            992.0
          ],
          [
            9.392057,
            47.324637,
            988.0
          ],
          [
            9.392399,
            47.324819,
            983.0
          ],
          [
            9.392928,
            47.32496,
            976.0
          ],
          [
            9.393378,
            47.325191,
            971.0
          ],
          [
            9.393791,
            47.325343,
            965.0
          ],
          [
            9.393988,
            47.325355,
            962.0
          ],
          [
            9.394231,
            47.325288,
            958.0
          ],
          [
            9.39442,
            47.32524,
            955.0
          ],
          [
            9.394636,
            47.325203,
            951.0
          ],
          [
            9.394636,
            47.325282,
            949.0
          ],
          [
            9.394913,
            47.325215,
            944.0
          ],
          [
            9.394932,
            47.325288,
            942.0
          ],
          [
            9.394959,
            47.325398,
            940.0
          ],
          [
            9.395273,
            47.325331,
            935.0
          ],
          [
            9.395372,
            47.325538,
            930.0
          ],
          [
            9.395408,
            47.325696,
            926.0
          ],
          [
            9.395515,
            47.325715,
            923.0
          ],
          [
            9.395722,
            47.325642,
            919.0
          ],
          [
            9.395865,
            47.325696,
            916.0
          ],
          [
            9.395892,
            47.325831,
            912.0
          ],
          [
            9.396234,
            47.325989,
            905.0
          ],
          [
            9.39627,
            47.326068,
            903.0
          ],
          [
            9.396638,
            47.326043,
            895.0
          ],
          [
            9.396728,
            47.32597,
            892.0
          ],
          [
            9.396989,
            47.325995,
            886.0
          ],
          [
            9.397204,
            47.326123,
            880.0
          ],
          [
            9.397312,
            47.326311,
            873.0
          ],
          [
            9.397563,
            47.326342,
            868.0
          ],
          [
            9.397672,
            47.326452,
            864.0
          ],
          [
            9.397689,
            47.326555,
            862.0
          ],
          [
            9.397636,
            47.326725,
            858.0
          ],
          [
            9.397689,
            47.326762,
            856.0
          ],
          [
            9.397896,
            47.326774,
            853.0
          ],
          [
            9.397976,
            47.326725,
            852.0
          ],
          [
            9.398039,
            47.326725,
            851.0
          ],
          [
            9.398102,
            47.326798,
            849.0
          ],
          [
            9.398058,
            47.32692,
            846.0
          ],
          [
            9.398039,
            47.326987,
            845.0
          ],
          [
            9.398066,
            47.327017,
            844.0
          ],
          [
            9.398102,
            47.327024,
            843.0
          ],
          [
            9.398202,
            47.326987,
            842.0
          ],
          [
            9.398301,
            47.32692,
            840.0
          ],
          [
            9.398399,
            47.326841,
            837.0
          ],
          [
            9.398534,
            47.326938,
            835.0
          ],
          [
            9.398534,
            47.327005,
            833.0
          ],
          [
            9.398498,
            47.327115,
            831.0
          ],
          [
            9.398498,
            47.327176,
            830.0
          ],
          [
            9.398695,
            47.327042,
            827.0
          ],
          [
            9.398794,
            47.326993,
            826.0
          ],
          [
            9.398938,
            47.326963,
            825.0
          ],
          [
            9.399441,
            47.32689,
            820.0
          ],
          [
            9.399549,
            47.326884,
            820.0
          ],
          [
            9.399647,
            47.326902,
            819.0
          ],
          [
            9.39972,
            47.326938,
            818.0
          ],
          [
            9.399773,
            47.326993,
            818.0
          ],
          [
            9.3998,
            47.327048,
            817.0
          ],
          [
            9.3998,
            47.327115,
            816.0
          ],
          [
            9.399756,
            47.327188,
            815.0
          ],
          [
            9.399567,
            47.327304,
            814.0
          ],
          [
            9.399523,
            47.327353,
            813.0
          ],
          [
            9.399494,
            47.327414,
            812.0
          ],
          [
            9.399494,
            47.327487,
            812.0
          ],
          [
            9.399523,
            47.327566,
            811.0
          ],
          [
            9.399567,
            47.327608,
            810.0
          ],
          [
            9.399773,
            47.327797,
            809.0
          ],
          [
            9.399819,
            47.327828,
            809.0
          ],
          [
            9.399882,
            47.327852,
            809.0
          ],
          [
            9.400133,
            47.327913,
            808.0
          ],
          [
            9.400312,
            47.327992,
            807.0
          ],
          [
            9.40042,
            47.328035,
            806.0
          ],
          [
            9.400492,
            47.328071,
            805.0
          ],
          [
            9.400662,
            47.328193,
            802.0
          ],
          [
            9.400861,
            47.328357,
            799.0
          ],
          [
            9.401076,
            47.328534,
            797.0
          ],
          [
            9.401112,
            47.328595,
            797.0
          ],
          [
            9.401148,
            47.328613,
            796.0
          ],
          [
            9.401228,
            47.32865,
            796.0
          ],
          [
            9.401427,
            47.328771,
            794.0
          ],
          [
            9.401525,
            47.328814,
            793.0
          ],
          [
            9.40157,
            47.328826,
            793.0
          ],
          [
            9.401641,
            47.328857,
            792.0
          ],
          [
            9.401894,
            47.328942,
            790.0
          ],
          [
            9.402244,
            47.329063,
            789.0
          ],
          [
            9.402379,
            47.329112,
            788.0
          ],
          [
            9.40262,
            47.329197,
            787.0
          ],
          [
            9.402863,
            47.329283,
            786.0
          ],
          [
            9.402926,
            47.329301,
            786.0
          ],
          [
            9.402953,
            47.329313,
            786.0
          ],
          [
            9.40298,
            47.329283,
            786.0
          ],
          [
            9.403052,
            47.329197,
            786.0
          ],
          [
            9.403196,
            47.329063,
            786.0
          ],
          [
            9.403215,
            47.329063,
            786.0
          ],
          [
            9.403304,
            47.328984,
            786.0
          ],
          [
            9.403331,
            47.328936,
            787.0
          ],
          [
            9.403528,
            47.328747,
            787.0
          ],
          [
            9.403582,
            47.328583,
            787.0
          ],
          [
            9.403591,
            47.328552,
            787.0
          ],
          [
            9.403601,
            47.32854,
            788.0
          ],
          [
            9.403628,
            47.328528,
            788.0
          ],
          [
            9.403691,
            47.328503,
            788.0
          ],
          [
            9.403735,
            47.328485,
            788.0
          ],
          [
            9.403897,
            47.3284,
            788.0
          ],
          [
            9.403951,
            47.328308,
            788.0
          ],
          [
            9.404283,
            47.327968,
            789.0
          ],
          [
            9.404544,
            47.327724,
            790.0
          ],
          [
            9.404643,
            47.327626,
            790.0
          ],
          [
            9.404741,
            47.327572,
            790.0
          ],
          [
            9.404884,
            47.327511,
            790.0
          ],
          [
            9.404912,
            47.327517,
            790.0
          ],
          [
            9.405163,
            47.327596,
            790.0
          ],
          [
            9.405272,
            47.327614,
            790.0
          ],
          [
            9.405316,
            47.327602,
            790.0
          ],
          [
            9.405415,
            47.327559,
            790.0
          ],
          [
            9.40652,
            47.327937,
            790.0
          ],
          [
            9.406664,
            47.32795,
            790.0
          ],
          [
            9.406664,
            47.328023,
            790.0
          ],
          [
            9.406708,
            47.328077,
            789.0
          ],
          [
            9.406924,
            47.328175,
            788.0
          ],
          [
            9.407014,
            47.328144,
            788.0
          ],
          [
            9.407113,
            47.328114,
            788.0
          ],
          [
            9.407203,
            47.328096,
            788.0
          ],
          [
            9.40732,
            47.328096,
            788.0
          ],
          [
            9.407499,
            47.328132,
            787.0
          ],
          [
            9.407823,
            47.328193,
            787.0
          ],
          [
            9.408065,
            47.328241,
            786.0
          ],
          [
            9.408047,
            47.328187,
            786.0
          ],
          [
            9.408047,
            47.328169,
            786.0
          ],
          [
            9.408039,
            47.328132,
            786.0
          ],
          [
            9.40802,
            47.328089,
            786.0
          ],
          [
            9.40801,
            47.328053,
            786.0
          ],
          [
            9.407993,
            47.32801,
            786.0
          ],
          [
            9.407984,
            47.327962,
            786.0
          ],
          [
            9.407984,
            47.327956,
            786.0
          ],
          [
            9.407976,
            47.327919,
            786.0
          ],
          [
            9.408073,
            47.32795,
            785.0
          ],
          [
            9.40828,
            47.327992,
            785.0
          ],
          [
            9.408811,
            47.328102,
            784.0
          ],
          [
            9.409188,
            47.328211,
            785.0
          ],
          [
            9.40926,
            47.328229,
            785.0
          ],
          [
            9.409331,
            47.328229,
            785.0
          ],
          [
            9.409385,
            47.328223,
            785.0
          ],
          [
            9.409457,
            47.328187,
            785.0
          ],
          [
            9.409511,
            47.328211,
            785.0
          ],
          [
            9.409431,
            47.328248,
            786.0
          ],
          [
            9.40944,
            47.328266,
            786.0
          ],
          [
            9.409457,
            47.32826,
            786.0
          ],
          [
            9.409511,
            47.328235,
            786.0
          ],
          [
            9.40952,
            47.328248,
            786.0
          ],
          [
            9.40953,
            47.328254,
            785.0
          ],
          [
            9.409467,
            47.328278,
            782.0
          ],
          [
            9.40944,
            47.328351,
            786.0
          ],
          [
            9.409385,
            47.328479,
            784.0
          ],
          [
            9.409484,
            47.328497,
            785.0
          ],
          [
            9.409618,
            47.328522,
            783.0
          ],
          [
            9.409647,
            47.328528,
            783.0
          ],
          [
            9.409655,
            47.328497,
            784.0
          ],
          [
            9.409826,
            47.328534,
            782.0
          ],
          [
            9.409834,
            47.328515,
            781.0
          ],
          [
            9.410096,
            47.328564,
            781.0
          ]
        ]
      }
    }
  ]
}