{
  "type": "FeatureCollection",
  "features": [
    {
      "type": "Feature",
      "properties": {},
      "geometry": {
        "type": "LineString",
        "coordinates": [
          [
            8.457548,
            47.178203,
            420.0
          ],
          [
            8.457144,
            47.178081,
            420.0
          ],
          [
            8.457135,
            47.178099,
            420.0
          ],
          [
            8.457118,
            47.178123,
            420.0
          ],
          [
            8.457144,
            47.178148,
            420.0
          ],
          [
            8.457154,
            47.178154,
            420.0
          ],
          [
            8.457315,
            47.178282,
            420.0
          ],
          [
            8.457342,
            47.178307,
            420.0
          ],
          [
            8.457387,
            47.178343,
            420.0
          ],
          [
            8.457548,
            47.178368,
            420.0
          ],
          [
            8.457692,
            47.178398,
            420.0
          ],
          [
            8.457747,
            47.17841,
            420.0
          ],
          [
            8.457755,
            47.178392,
            420.0
          ],
          [
            8.4578,
            47.178319,
            420.0
          ],
          [
            8.457818,
            47.178294,
            420.0
          ],
          [
            8.457871,
            47.178184,
            420.0
          ],
          [
            8.457953,
            47.178038,
            420.0
          ],
          [
            8.457504,
            47.177934,
            420.0
          ],
          [
            8.457414,
            47.177922,
            420.0
          ],
          [
            8.457162,
            47.177842,
            420.0
          ],
          [
            8.45656,
            47.177659,
            420.0
          ],
          [
            8.455932,
            47.177482,
            420.0
          ],
          [
            8.455464,
            47.177336,
            420.0
          ],
          [
            8.455078,
            47.177207,
            420.0
          ],
          [
            8.454701,
            47.177079,
            420.0
          ],
          [
            8.453676,
            47.176627,
            420.0
          ],
          [
            8.453137,
            47.176316,
            420.0
          ],
          [
            8.452491,
            47.175913,
            420.0
          ],
          [
            8.452185,
            47.175711,
            420.0
          ],
          [
            8.451889,
            47.175485,
            420.0
          ],
          [
            8.451665,
            47.175284,
            420.0
          ],
          [
            8.451315,
            47.17493,
            420.0
          ],
          [
            8.451198,
            47.174795,
            420.0
          ],
          [
            8.450992,
            47.174557,
            420.0
          ],
          [
            8.450533,
            47.173947,
            420.0
          ],
          [
            8.450371,
            47.173678,
            420.0
          ],
          [
            8.450263,
            47.173476,
            420.0
          ],
          [
            8.450236,
            47.173421,
            420.0
          ],
          [
            8.4502,
            47.173354,
            420.0
          ],
          [
            8.450487,
            47.173293,
            420.0
          ],
          [
            8.450776,
            47.17322,
            420.0
          ],
          [
            8.450982,
            47.173141,
            420.0
          ],
          [
            8.451135,
            47.173049,
            420.0
          ],
          [
            8.451206,
            47.172939,
            420.0
          ],
          [
            8.451269,
            47.172762,
            420.0
          ],
          [
            8.451305,
            47.172536,
            420.0
          ],
          [
            8.451368,
            47.172078,
            420.0
          ],
          [
            8.451386,
            47.171895,
            420.0
          ],
          [
            8.451449,
            47.17137,
            420.0
          ],
          [
            8.451468,
            47.171211,
            420.0
          ],
          [
            8.451539,
            47.170698,
            420.0
          ],
          [
            8.451575,
            47.170472,
            420.0
          ],
          [
            8.451611,
            47.170142,
            420.0
          ],
          [
            8.451646,
            47.169599,
            420.0
          ],
          [
            8.451646,
            47.169544,
            420.0
          ],
          [
            8.451646,
            47.168903,
            420.0
          ],
          [
            8.451646,
            47.168872,
            420.0
          ],
          [
            8.451655,
            47.16883,
            420.0
          ],
          [
            8.451655,
            47.168811,
            420.0
          ],
          [
            8.451646,
            47.168787,
            420.0
          ],
          [
            8.451646,
            47.168762,
            420.0
          ],
          [
            8.451646,
            47.168726,
            420.0
          ],
          [
            8.451646,
            47.168683,
            420.0
          ],
          [
            8.451655,
            47.168652,
            420.0
          ],
          [
            8.451674,
            47.166881,
            423.0
          ],
          [
            8.451674,
            47.166686,
            425.0
          ],
          [
            8.451718,
            47.166686,
            425.0
          ],
          [
            8.451916,
            47.16668,
            425.0
          ],
          [
            8.452034,
            47.166655,
            425.0
          ],
          [
            8.452177,
            47.166588,
            425.0
          ],
          [
            8.452787,
            47.166277,
            426.0
          ],
          [
            8.453102,
            47.166161,
            426.0
          ],
          [
            8.453344,
            47.166094,
            426.0
          ],
          [
            8.453515,
            47.16602,
            426.0
          ],
          [
            8.453703,
            47.16591,
            426.0
          ],
          [
            8.453766,
            47.1658,
            427.0
          ],
          [
            8.453812,
            47.165684,
            427.0
          ],
          [
            8.453829,
            47.165574,
            427.0
          ],
          [
            8.45382,
            47.165477,
            427.0
          ],
          [
            8.453793,
            47.165367,
            427.0
          ],
          [
            8.453668,
            47.165073,
            428.0
          ],
          [
            8.453605,
            47.164921,
            428.0
          ],
          [
            8.453579,
            47.164774,
            428.0
          ],
          [
            8.453596,
            47.164664,
            428.0
          ],
          [
            8.453605,
            47.164591,
            428.0
          ],
          [
            8.453642,
            47.16453,
            428.0
          ],
          [
            8.453731,
            47.164359,
            429.0
          ],
          [
            8.453856,
            47.164188,
            429.0
          ],
          [
            8.453992,
            47.164005,
            429.0
          ],
          [
            8.454089,
            47.16387,
            429.0
          ],
          [
            8.454135,
            47.16376,
            430.0
          ],
          [
            8.454045,
            47.163583,
            430.0
          ],
          [
            8.453722,
            47.163039,
            430.0
          ],
          [
            8.453552,
            47.162624,
            430.0
          ],
          [
            8.453254,
            47.161787,
            430.0
          ],
          [
            8.453227,
            47.161659,
            430.0
          ],
          [
            8.453237,
            47.161555,
            430.0
          ],
          [
            8.453317,
            47.161433,
            430.0
          ],
          [
            8.453462,
            47.161201,
            430.0
          ],
          [
            8.453695,
            47.160957,
            430.0
          ],
          [
            8.453902,
            47.160719,
            429.0
          ],
          [
            8.453929,
            47.160596,
            429.0
          ],
          [
            8.453973,
            47.16037,
            428.0
          ],
          [
            8.454018,
            47.160218,
            427.0
          ],
          [
            8.454045,
            47.160132,
            427.0
          ],
          [
            8.454072,
            47.160084,
            427.0
          ],
          [
            8.454144,
            47.15998,
            427.0
          ],
          [
            8.454261,
            47.159845,
            426.0
          ],
          [
            8.454378,
            47.159717,
            426.0
          ],
          [
            8.454414,
            47.159656,
            426.0
          ],
          [
            8.454431,
            47.159607,
            425.0
          ],
          [
            8.454441,
            47.159503,
            425.0
          ],
          [
            8.454468,
            47.15907,
            424.0
          ],
          [
            8.454494,
            47.158892,
            423.0
          ],
          [
            8.454512,
            47.158844,
            423.0
          ],
          [
            8.454548,
            47.158758,
            423.0
          ],
          [
            8.454602,
            47.15863,
            423.0
          ],
          [
            8.454692,
            47.15841,
            422.0
          ],
          [
            8.45471,
            47.158318,
            422.0
          ],
          [
            8.454718,
            47.158227,
            421.0
          ],
          [
            8.454718,
            47.158135,
            421.0
          ],
          [
            8.454692,
            47.157976,
            421.0
          ],
          [
            8.454684,
            47.157909,
            420.0
          ],
          [
            8.454638,
            47.157823,
            420.0
          ],
          [
            8.454594,
            47.157738,
            420.0
          ],
          [
            8.454512,
            47.157646,
            420.0
          ],
          [
            8.454458,
            47.157579,
            420.0
          ],
          [
            8.454324,
            47.157481,
            420.0
          ],
          [
            8.454216,
            47.157414,
            420.0
          ],
          [
            8.454072,
            47.157328,
            420.0
          ],
          [
            8.453776,
            47.157176,
            420.0
          ],
          [
            8.453452,
            47.157005,
            421.0
          ],
          [
            8.453129,
            47.156772,
            423.0
          ],
          [
            8.45294,
            47.156601,
            424.0
          ],
          [
            8.45277,
            47.156418,
            426.0
          ],
          [
            8.452724,
            47.156314,
            427.0
          ],
          [
            8.452697,
            47.156259,
            427.0
          ],
          [
            8.452401,
            47.155667,
            428.0
          ],
          [
            8.45242,
            47.155117,
            429.0
          ],
          [
            8.452527,
            47.154781,
            429.0
          ],
          [
            8.452689,
            47.154488,
            430.0
          ],
          [
            8.452797,
            47.154342,
            430.0
          ],
          [
            8.45294,
            47.154195,
            431.0
          ],
          [
            8.453668,
            47.153578,
            434.0
          ],
          [
            8.454414,
            47.152912,
            437.0
          ],
          [
            8.454629,
            47.152704,
            438.0
          ],
          [
            8.454701,
            47.152594,
            437.0
          ],
          [
            8.454818,
            47.152362,
            436.0
          ],
          [
            8.454925,
            47.151934,
            434.0
          ],
          [
            8.45498,
            47.151513,
            432.0
          ],
          [
            8.454925,
            47.150926,
            430.0
          ],
          [
            8.454881,
            47.150597,
            430.0
          ],
          [
            8.4548,
            47.150169,
            430.0
          ],
          [
            8.454808,
            47.150084,
            430.0
          ],
          [
            8.454808,
            47.150029,
            430.0
          ],
          [
            8.454808,
            47.149943,
            430.0
          ],
          [
            8.4548,
            47.149821,
            430.0
          ],
          [
            8.454764,
            47.149699,
            430.0
          ],
          [
            8.454674,
            47.14954,
            430.0
          ],
          [
            8.454584,
            47.149344,
            429.0
          ],
          [
            8.454531,
            47.149192,
            428.0
          ],
          [
            8.454512,
            47.148972,
            427.0
          ],
          [
            8.454548,
            47.148825,
            427.0
          ],
          [
            8.454781,
            47.148452,
            425.0
          ],
          [
            8.454961,
            47.148098,
            424.0
          ],
          [
            8.45507,
            47.147927,
            423.0
          ],
          [
            8.45515,
            47.147792,
            423.0
          ],
          [
            8.455276,
            47.147682,
            422.0
          ],
          [
            8.455483,
            47.14745,
            421.0
          ],
          [
            8.455653,
            47.147206,
            420.0
          ],
          [
            8.455824,
            47.146864,
            420.0
          ],
          [
            8.45594,
            47.146564,
            420.0
          ],
          [
            8.456003,
            47.146381,
            420.0
          ],
          [
            8.456022,
            47.146229,
            420.0
          ],
          [
            8.455976,
            47.146064,
            420.0
          ],
          [
            8.45595,
            47.145996,
            420.0
          ],
          [
            8.455877,
            47.145752,
            420.0
          ],
          [
            8.455752,
            47.14511,
            425.0
          ],
          [
            8.4556,
            47.144383,
            430.0
          ],
          [
            8.455537,
            47.144065,
            430.0
          ],
          [
            8.455491,
            47.143851,
            430.0
          ],
          [
            8.455473,
            47.143686,
            430.0
          ],
          [
            8.455456,
            47.143589,
            430.0
          ],
          [
            8.455473,
            47.143522,
            430.0
          ],
          [
            8.455689,
            47.143009,
            430.0
          ],
          [
            8.455707,
            47.142923,
            430.0
          ],
          [
            8.455734,
            47.14274,
            430.0
          ],
          [
            8.455726,
            47.142477,
            430.0
          ],
          [
            8.45577,
            47.142373,
            430.0
          ],
          [
            8.455824,
            47.142306,
            430.0
          ],
          [
            8.455905,
            47.142233,
            430.0
          ],
          [
            8.455276,
            47.142153,
            430.0
          ],
          [
            8.454764,
            47.142086,
            433.0
          ],
          [
            8.454028,
            47.142006,
            436.0
          ],
          [
            8.453731,
            47.141976,
            437.0
          ],
          [
            8.45338,
            47.141933,
            438.0
          ],
          [
            8.453102,
            47.141909,
            439.0
          ],
          [
            8.452958,
            47.141872,
            441.0
          ],
          [
            8.452913,
            47.14186,
            443.0
          ],
          [
            8.452868,
            47.141847,
            443.0
          ],
          [
            8.452778,
            47.141817,
            444.0
          ],
          [
            8.452536,
            47.141756,
            444.0
          ],
          [
            8.452563,
            47.141658,
            445.0
          ],
          [
            8.452123,
            47.141597,
            446.0
          ],
          [
            8.452141,
            47.141566,
            446.0
          ],
          [
            8.45224,
            47.141377,
            446.0
          ],
          [
            8.451925,
            47.141303,
            448.0
          ],
          [
            8.451916,
            47.141297,
            448.0
          ],
          [
            8.451791,
            47.141267,
            448.0
          ],
          [
            8.451781,
            47.141267,
            448.0
          ],
          [
            8.451772,
            47.141267,
            448.0
          ],
          [
            8.451736,
            47.141255,
            449.0
          ],
          [
            8.451701,
            47.140943,
            450.0
          ],
          [
            8.451692,
            47.140888,
            450.0
          ],
          [
            8.451162,
            47.140924,
            450.0
          ],
          [
            8.448772,
            47.141114,
            448.0
          ],
          [
            8.448763,
            47.141071,
            448.0
          ],
          [
            8.448313,
            47.141096,
            448.0
          ],
          [
            8.448053,
            47.14109,
            447.0
          ],
          [
            8.447739,
            47.141071,
            447.0
          ],
          [
            8.447451,
            47.141041,
            446.0
          ],
          [
            8.446365,
            47.140888,
            445.0
          ],
          [
            8.446229,
            47.140869,
            445.0
          ],
          [
            8.445636,
            47.140784,
            444.0
          ],
          [
            8.445655,
            47.140723,
            445.0
          ],
          [
            8.446005,
            47.140405,
            448.0
          ],
          [
            8.446202,
            47.140063,
            450.0
          ],
          [
            8.446284,
            47.139905,
            450.0
          ],
          [
            8.446319,
            47.139844,
            450.0
          ],
          [
            8.446499,
            47.139501,
            449.0
          ],
          [
            8.446858,
            47.138774,
            448.0
          ],
          [
            8.446202,
            47.138535,
            447.0
          ],
          [
            8.445826,
            47.138315,
            446.0
          ],
          [
            8.44534,
            47.138187,
            446.0
          ],
          [
            8.44534,
            47.138187,
            446.0
          ],
          [
            8.445296,
            47.138175,
            446.0
          ],
          [
            8.444793,
            47.138046,
            445.0
          ],
          [
            8.444864,
            47.137943,
            446.0
          ],
          [
            8.445313,
            47.137436,
            450.0
          ],
          [
            8.445403,
            47.137314,
            451.0
          ],
          [
            8.445422,
            47.13724,
            451.0
          ],
          [
            8.445367,
            47.1371,
            451.0
          ],
          [
            8.445304,
            47.136953,
            452.0
          ],
          [
            8.445214,
            47.136825,
            452.0
          ],
          [
            8.445126,
            47.136758,
            453.0
          ],
          [
            8.444973,
            47.136727,
            453.0
          ],
          [
            8.44438,
            47.136599,
            455.0
          ],
          [
            8.444218,
            47.136556,
            455.0
          ],
          [
            8.444164,
            47.136501,
            455.0
          ],
          [
            8.444164,
            47.136311,
            456.0
          ],
          [
            8.444244,
            47.136097,
            457.0
          ],
          [
            8.444361,
            47.135865,
            457.0
          ],
          [
            8.444434,
            47.135706,
            458.0
          ],
          [
            8.44446,
            47.1354,
            459.0
          ],
          [
            8.444514,
            47.135236,
            460.0
          ],
          [
            8.444604,
            47.135065,
            461.0
          ],
          [
            8.444774,
            47.1349,
            464.0
          ],
          [
            8.44517,
            47.134997,
            463.0
          ],
          [
            8.445269,
            47.135034,
            463.0
          ],
          [
            8.445386,
            47.134771,
            464.0
          ],
          [
            8.445583,
            47.134429,
            466.0
          ],
          [
            8.445799,
            47.134124,
            468.0
          ],
          [
            8.445835,
            47.13402,
            469.0
          ],
          [
            8.445816,
            47.133934,
            469.0
          ],
          [
            8.445663,
            47.133745,
            470.0
          ],
          [
            8.445602,
            47.133665,
            471.0
          ],
          [
            8.445529,
            47.133439,
            475.0
          ],
          [
            8.445386,
            47.132932,
            481.0
          ],
          [
            8.445386,
            47.132852,
            481.0
          ],
          [
            8.445367,
            47.132724,
            482.0
          ],
          [
            8.445304,
            47.132651,
            482.0
          ],
          [
            8.444999,
            47.132535,
            484.0
          ],
          [
            8.445223,
            47.132516,
            484.0
          ],
          [
            8.445502,
            47.132516,
            486.0
          ],
          [
            8.445799,
            47.132528,
            487.0
          ],
          [
            8.446455,
            47.132632,
            485.0
          ],
          [
            8.446491,
            47.132651,
            485.0
          ],
          [
            8.446562,
            47.132663,
            485.0
          ],
          [
            8.447353,
            47.132877,
            483.0
          ],
          [
            8.44764,
            47.133017,
            482.0
          ],
          [
            8.447713,
            47.133048,
            482.0
          ],
          [
            8.447865,
            47.133109,
            481.0
          ],
          [
            8.44791,
            47.133121,
            481.0
          ],
          [
            8.448116,
            47.133139,
            481.0
          ],
          [
            8.448323,
            47.133146,
            480.0
          ],
          [
            8.448628,
            47.133121,
            478.0
          ],
          [
            8.448789,
            47.13306,
            478.0
          ],
          [
            8.448934,
            47.132987,
            477.0
          ],
          [
            8.448996,
            47.132895,
            476.0
          ],
          [
            8.449086,
            47.13251,
            473.0
          ],
          [
            8.449105,
            47.132296,
            471.0
          ],
          [
            8.449122,
            47.132125,
            470.0
          ],
          [
            8.449239,
            47.131832,
            469.0
          ],
          [
            8.449347,
            47.131551,
            467.0
          ],
          [
            8.449365,
            47.131386,
            467.0
          ],
          [
            8.449355,
            47.131153,
            466.0
          ],
          [
            8.449365,
            47.130976,
            465.0
          ],
          [
            8.449302,
            47.130976,
            465.0
          ],
          [
            8.449257,
            47.130958,
            465.0
          ],
          [
            8.449221,
            47.130939,
            466.0
          ],
          [
            8.449185,
            47.130915,
            466.0
          ],
          [
            8.449114,
            47.130854,
            467.0
          ],
          [
            8.448808,
            47.130536,
            470.0
          ],
          [
            8.448485,
            47.130224,
            473.0
          ],
          [
            8.448179,
            47.129919,
            477.0
          ],
          [
            8.447703,
            47.129461,
            481.0
          ],
          [
            8.447586,
            47.129351,
            481.0
          ],
          [
            8.447497,
            47.12929,
            482.0
          ],
          [
            8.447416,
            47.129241,
            482.0
          ],
          [
            8.44729,
            47.129186,
            482.0
          ],
          [
            8.447128,
            47.129106,
            483.0
          ],
          [
            8.446697,
            47.12888,
            484.0
          ],
          [
            8.446499,
            47.128782,
            485.0
          ],
          [
            8.446212,
            47.128666,
            486.0
          ],
          [
            8.445969,
            47.128562,
            487.0
          ],
          [
            8.445187,
            47.128299,
            489.0
          ],
          [
            8.44508,
            47.128256,
            489.0
          ],
          [
            8.444981,
            47.128213,
            490.0
          ],
          [
            8.44491,
            47.128183,
            490.0
          ],
          [
            8.444864,
            47.128183,
            490.0
          ],
          [
            8.44481,
            47.128195,
            490.0
          ],
          [
            8.444424,
            47.127872,
            490.0
          ],
          [
            8.444074,
            47.127572,
            490.0
          ],
          [
            8.443841,
            47.127352,
            491.0
          ],
          [
            8.443795,
            47.12731,
            491.0
          ],
          [
            8.443678,
            47.127175,
            492.0
          ],
          [
            8.443544,
            47.126998,
            492.0
          ],
          [
            8.443472,
            47.126888,
            492.0
          ],
          [
            8.443445,
            47.126814,
            493.0
          ],
          [
            8.443428,
            47.126735,
            493.0
          ],
          [
            8.443409,
            47.126661,
            493.0
          ],
          [
            8.443346,
            47.126667,
            493.0
          ],
          [
            8.443338,
            47.126612,
            493.0
          ],
          [
            8.443338,
            47.126539,
            493.0
          ],
          [
            8.443355,
            47.126447,
            494.0
          ],
          [
            8.443373,
            47.126337,
            494.0
          ],
          [
            8.4434,
            47.126154,
            494.0
          ],
          [
            8.4434,
            47.126068,
            495.0
          ],
          [
            8.443382,
            47.12597,
            495.0
          ],
          [
            8.443328,
            47.125726,
            495.0
          ],
          [
            8.443283,
            47.125561,
            496.0
          ],
          [
            8.443283,
            47.125513,
            496.0
          ],
          [
            8.443239,
            47.125256,
            497.0
          ],
          [
            8.44322,
            47.125011,
            497.0
          ],
          [
            8.443239,
            47.124962,
            497.0
          ],
          [
            8.443229,
            47.124871,
            498.0
          ],
          [
            8.44322,
            47.124779,
            498.0
          ],
          [
            8.443212,
            47.124675,
            498.0
          ],
          [
            8.443202,
            47.124547,
            498.0
          ],
          [
            8.443095,
            47.124547,
            498.0
          ],
          [
            8.443068,
            47.124589,
            499.0
          ],
          [
            8.442978,
            47.124589,
            499.0
          ],
          [
            8.442843,
            47.124559,
            499.0
          ],
          [
            8.442663,
            47.124522,
            499.0
          ],
          [
            8.442556,
            47.124492,
            499.0
          ],
          [
            8.442447,
            47.124485,
            499.0
          ],
          [
            8.442296,
            47.124498,
            500.0
          ],
          [
            8.442214,
            47.124485,
            500.0
          ],
          [
            8.442143,
            47.124485,
            500.0
          ],
          [
            8.442061,
            47.12451,
            500.0
          ],
          [
            8.441765,
            47.124669,
            502.0
          ],
          [
            8.442143,
            47.125011,
            505.0
          ],
          [
            8.44199,
            47.125066,
            506.0
          ],
          [
            8.441954,
            47.125085,
            507.0
          ],
          [
            8.441594,
            47.125409,
            512.0
          ],
          [
            8.441451,
            47.125543,
            514.0
          ],
          [
            8.441378,
            47.125592,
            515.0
          ],
          [
            8.441281,
            47.125622,
            516.0
          ],
          [
            8.441181,
            47.125604,
            517.0
          ],
          [
            8.441091,
            47.125574,
            518.0
          ],
          [
            8.440894,
            47.125445,
            521.0
          ],
          [
            8.440615,
            47.125268,
            526.0
          ],
          [
            8.440256,
            47.125024,
            531.0
          ],
          [
            8.43987,
            47.124761,
            536.0
          ],
          [
            8.439331,
            47.124363,
            544.0
          ],
          [
            8.438845,
            47.124063,
            551.0
          ],
          [
            8.438612,
            47.123966,
            554.0
          ],
          [
            8.438361,
            47.123892,
            557.0
          ],
          [
            8.438136,
            47.123837,
            559.0
          ],
          [
            8.437885,
            47.12377,
            561.0
          ],
          [
            8.43774,
            47.123728,
            563.0
          ],
          [
            8.43757,
            47.123679,
            564.0
          ],
          [
            8.437525,
            47.123648,
            565.0
          ],
          [
            8.437525,
            47.123648,
            565.0
          ],
          [
            8.437462,
            47.123611,
            566.0
          ],
          [
            8.437399,
            47.123563,
            566.0
          ],
          [
            8.437336,
            47.123495,
            567.0
          ],
          [
            8.437067,
            47.123257,
            571.0
          ],
          [
            8.436878,
            47.123068,
            575.0
          ],
          [
            8.43678,
            47.122976,
            576.0
          ],
          [
            8.436671,
            47.122927,
            577.0
          ],
          [
            8.436474,
            47.122848,
            580.0
          ],
          [
            8.435935,
            47.122646,
            583.0
          ],
          [
            8.43527,
            47.122358,
            587.0
          ],
          [
            8.434723,
            47.122083,
            590.0
          ],
          [
            8.43439,
            47.121918,
            593.0
          ],
          [
            8.434237,
            47.121839,
            595.0
          ],
          [
            8.433941,
            47.121698,
            597.0
          ],
          [
            8.432585,
            47.121044,
            608.0
          ],
          [
            8.431893,
            47.120702,
            613.0
          ],
          [
            8.431075,
            47.12028,
            617.0
          ],
          [
            8.430914,
            47.120384,
            618.0
          ],
          [
            8.430832,
            47.120463,
            619.0
          ],
          [
            8.430778,
            47.12058,
            620.0
          ],
          [
            8.430662,
            47.121032,
            626.0
          ],
          [
            8.430608,
            47.121228,
            629.0
          ],
          [
            8.430591,
            47.121258,
            630.0
          ],
          [
            8.430564,
            47.121289,
            630.0
          ],
          [
            8.430518,
            47.12132,
            631.0
          ],
          [
            8.430491,
            47.121344,
            631.0
          ],
          [
            8.430446,
            47.121356,
            632.0
          ],
          [
            8.430392,
            47.121368,
            632.0
          ],
          [
            8.430321,
            47.121375,
            633.0
          ],
          [
            8.430204,
            47.121381,
            634.0
          ],
          [
            8.430006,
            47.121381,
            636.0
          ],
          [
            8.429889,
            47.121375,
            637.0
          ],
          [
            8.42979,
            47.121362,
            638.0
          ],
          [
            8.42971,
            47.12135,
            639.0
          ],
          [
            8.429557,
            47.12132,
            640.0
          ],
          [
            8.429018,
            47.121197,
            646.0
          ],
          [
            8.428937,
            47.121179,
            647.0
          ],
          [
            8.428901,
            47.121179,
            647.0
          ],
          [
            8.428874,
            47.121179,
            648.0
          ],
          [
            8.428838,
            47.121185,
            648.0
          ],
          [
            8.428803,
            47.121197,
            648.0
          ],
          [
            8.428641,
            47.121154,
            651.0
          ],
          [
            8.428335,
            47.121191,
            655.0
          ],
          [
            8.428012,
            47.121026,
            660.0
          ],
          [
            8.427635,
            47.120781,
            665.0
          ],
          [
            8.427105,
            47.120286,
            674.0
          ],
          [
            8.426673,
            47.11987,
            685.0
          ],
          [
            8.426396,
            47.119559,
            693.0
          ],
          [
            8.426161,
            47.119205,
            700.0
          ],
          [
            8.425748,
            47.11885,
            711.0
          ],
          [
            8.425461,
            47.118648,
            715.0
          ],
          [
            8.425146,
            47.118434,
            719.0
          ],
          [
            8.424814,
            47.11822,
            722.0
          ],
          [
            8.424725,
            47.118159,
            723.0
          ],
          [
            8.424212,
            47.117823,
            727.0
          ],
          [
            8.423494,
            47.117328,
            732.0
          ],
          [
            8.422478,
            47.116624,
            737.0
          ],
          [
            8.421912,
            47.116276,
            740.0
          ],
          [
            8.421499,
            47.115897,
            743.0
          ],
          [
            8.420763,
            47.115292,
            748.0
          ],
          [
            8.420601,
            47.115145,
            749.0
          ],
          [
            8.420385,
            47.115023,
            750.0
          ],
          [
            8.420278,
            47.114962,
            750.0
          ],
          [
            8.420098,
            47.114986,
            751.0
          ],
          [
            8.419909,
            47.115188,
            753.0
          ],
          [
            8.419748,
            47.115384,
            754.0
          ],
          [
            8.419702,
            47.115463,
            755.0
          ],
          [
            8.419675,
            47.1155,
            755.0
          ],
          [
            8.419649,
            47.115537,
            755.0
          ],
          [
            8.419568,
            47.115604,
            756.0
          ],
          [
            8.419146,
            47.11539,
            758.0
          ],
          [
            8.418922,
            47.11528,
            759.0
          ],
          [
            8.418633,
            47.1152,
            760.0
          ],
          [
            8.418184,
            47.115451,
            766.0
          ],
          [
            8.418031,
            47.115518,
            768.0
          ],
          [
            8.417762,
            47.115567,
            770.0
          ],
          [
            8.417501,
            47.115573,
            773.0
          ],
          [
            8.417169,
            47.115524,
            776.0
          ],
          [
            8.416981,
            47.115476,
            778.0
          ],
          [
            8.416792,
            47.115414,
            780.0
          ],
          [
            8.416622,
            47.115359,
            780.0
          ],
          [
            8.416423,
            47.11531,
            780.0
          ],
          [
            8.416243,
            47.115219,
            780.0
          ],
          [
            8.416037,
            47.115084,
            780.0
          ],
          [
            8.415822,
            47.114919,
            780.0
          ],
          [
            8.415436,
            47.114656,
            780.0
          ],
          [
            8.415291,
            47.114601,
            779.0
          ],
          [
            8.41514,
            47.114509,
            777.0
          ],
          [
            8.414951,
            47.114338,
            775.0
          ],
          [
            8.414662,
            47.114137,
            772.0
          ],
          [
            8.414484,
            47.114186,
            770.0
          ],
          [
            8.414159,
            47.114296,
            768.0
          ],
          [
            8.414159,
            47.114241,
            768.0
          ],
          [
            8.414151,
            47.114204,
            768.0
          ],
          [
            8.414159,
            47.114173,
            769.0
          ],
          [
            8.414178,
            47.114106,
            769.0
          ],
          [
            8.414186,
            47.114082,
            770.0
          ],
          [
            8.414186,
            47.114057,
            770.0
          ],
          [
            8.414178,
            47.114039,
            770.0
          ],
          [
            8.414159,
            47.114021,
            770.0
          ],
          [
            8.413989,
            47.113898,
            772.0
          ],
          [
            8.413935,
            47.113856,
            773.0
          ],
          [
            8.41389,
            47.113807,
            773.0
          ],
          [
            8.413846,
            47.113758,
            774.0
          ],
          [
            8.413683,
            47.113507,
            777.0
          ],
          [
            8.413612,
            47.113385,
            779.0
          ],
          [
            8.413593,
            47.113219,
            780.0
          ],
          [
            8.413746,
            47.113073,
            782.0
          ],
          [
            8.414043,
            47.112932,
            785.0
          ],
          [
            8.414385,
            47.112785,
            787.0
          ],
          [
            8.414842,
            47.112572,
            790.0
          ],
          [
            8.415058,
            47.112462,
            791.0
          ],
          [
            8.415201,
            47.112382,
            792.0
          ],
          [
            8.415256,
            47.112284,
            792.0
          ],
          [
            8.415274,
            47.112174,
            793.0
          ],
          [
            8.41531,
            47.111905,
            795.0
          ],
          [
            8.415318,
            47.111648,
            796.0
          ],
          [
            8.415264,
            47.111514,
            797.0
          ],
          [
            8.415157,
            47.111391,
            798.0
          ],
          [
            8.414511,
            47.110909,
            799.0
          ],
          [
            8.414079,
            47.110377,
            794.0
          ],
          [
            8.413163,
            47.109734,
            789.0
          ],
          [
            8.412624,
            47.109276,
            788.0
          ],
          [
            8.412364,
            47.109191,
            787.0
          ],
          [
            8.411878,
            47.108812,
            786.0
          ],
          [
            8.411133,
            47.108218,
            785.0
          ],
          [
            8.410414,
            47.107681,
            783.0
          ],
          [
            8.410001,
            47.107381,
            782.0
          ],
          [
            8.410001,
            47.107381,
            782.0
          ],
          [
            8.409974,
            47.107363,
            782.0
          ],
          [
            8.409561,
            47.107093,
            781.0
          ],
          [
            8.40948,
            47.107045,
            781.0
          ],
          [
            8.409398,
            47.10702,
            781.0
          ],
          [
            8.409381,
            47.106971,
            781.0
          ],
          [
            8.409345,
            47.106922,
            781.0
          ],
          [
            8.409301,
            47.106879,
            781.0
          ],
          [
            8.409228,
            47.106812,
            781.0
          ],
          [
            8.409085,
            47.106677,
            780.0
          ],
          [
            8.408788,
            47.106433,
            780.0
          ],
          [
            8.408546,
            47.106219,
            780.0
          ],
          [
            8.408177,
            47.105908,
            780.0
          ],
          [
            8.408159,
            47.105883,
            780.0
          ],
          [
            8.408142,
            47.105859,
            780.0
          ],
          [
            8.408132,
            47.10584,
            780.0
          ],
          [
            8.408132,
            47.105816,
            780.0
          ],
          [
            8.408142,
            47.105755,
            780.0
          ],
          [
            8.407917,
            47.105736,
            780.0
          ],
          [
            8.40762,
            47.10551,
            780.0
          ],
          [
            8.407521,
            47.105436,
            780.0
          ],
          [
            8.407127,
            47.105112,
            781.0
          ],
          [
            8.407001,
            47.105045,
            781.0
          ],
          [
            8.406838,
            47.10502,
            781.0
          ],
          [
            8.406461,
            47.104965,
            782.0
          ],
          [
            8.406138,
            47.104935,
            782.0
          ],
          [
            8.405995,
            47.104929,
            782.0
          ],
          [
            8.405832,
            47.104935,
            783.0
          ],
          [
            8.40567,
            47.104953,
            783.0
          ],
          [
            8.405519,
            47.104984,
            783.0
          ],
          [
            8.40532,
            47.105039,
            783.0
          ],
          [
            8.405167,
            47.105118,
            784.0
          ],
          [
            8.404934,
            47.105241,
            784.0
          ],
          [
            8.40471,
            47.105332,
            784.0
          ],
          [
            8.404512,
            47.105461,
            785.0
          ],
          [
            8.404072,
            47.105736,
            786.0
          ],
          [
            8.403972,
            47.105773,
            786.0
          ],
          [
            8.403884,
            47.105804,
            786.0
          ],
          [
            8.403766,
            47.105822,
            786.0
          ],
          [
            8.403559,
            47.10584,
            786.0
          ],
          [
            8.403479,
            47.105852,
            787.0
          ],
          [
            8.403362,
            47.105901,
            787.0
          ],
          [
            8.403209,
            47.105999,
            787.0
          ],
          [
            8.402904,
            47.106231,
            788.0
          ],
          [
            8.402643,
            47.106494,
            788.0
          ],
          [
            8.402473,
            47.106598,
            789.0
          ],
          [
            8.401997,
            47.106794,
            789.0
          ],
          [
            8.401764,
            47.106904,
            790.0
          ],
          [
            8.401548,
            47.106959,
            790.0
          ],
          [
            8.401422,
            47.106971,
            790.0
          ],
          [
            8.401377,
            47.106965,
            790.0
          ],
          [
            8.401351,
            47.106959,
            790.0
          ],
          [
            8.401269,
            47.106934,
            790.0
          ],
          [
            8.401198,
            47.106885,
            790.0
          ],
          [
            8.401018,
            47.106714,
            789.0
          ],
          [
            8.400892,
            47.106598,
            789.0
          ],
          [
            8.400748,
            47.106457,
            788.0
          ],
          [
            8.400703,
            47.106353,
            788.0
          ],
          [
            8.400605,
            47.106091,
            787.0
          ],
          [
            8.40055,
            47.105852,
            787.0
          ],
          [
            8.400443,
            47.105602,
            786.0
          ],
          [
            8.400389,
            47.105528,
            786.0
          ],
          [
            8.40028,
            47.105326,
            785.0
          ],
          [
            8.400254,
            47.105216,
            785.0
          ],
          [
            8.400245,
            47.105112,
            785.0
          ],
          [
            8.400219,
            47.105002,
            785.0
          ],
          [
            8.400227,
            47.104916,
            784.0
          ],
          [
            8.400219,
            47.104715,
            784.0
          ],
          [
            8.4002,
            47.104593,
            784.0
          ],
          [
            8.400164,
            47.104434,
            783.0
          ],
          [
            8.400146,
            47.104391,
            783.0
          ],
          [
            8.400146,
            47.104391,
            783.0
          ],
          [
            8.400146,
            47.104391,
            783.0
          ],
          [
            8.40011,
            47.104354,
            783.0
          ],
          [
            8.400056,
            47.10433,
            783.0
          ],
          [
            8.399976,
            47.104305,
            783.0
          ],
          [
            8.399616,
            47.104269,
            782.0
          ],
          [
            8.399544,
            47.104263,
            782.0
          ],
          [
            8.399473,
            47.104269,
            782.0
          ],
          [
            8.399194,
            47.104293,
            781.0
          ],
          [
            8.399131,
            47.104293,
            781.0
          ],
          [
            8.39906,
            47.104287,
            781.0
          ],
          [
            8.398997,
            47.104269,
            781.0
          ],
          [
            8.39888,
            47.104232,
            781.0
          ],
          [
            8.398825,
            47.104208,
            781.0
          ],
          [
            8.398762,
            47.104171,
            781.0
          ],
          [
            8.398727,
            47.104159,
            781.0
          ],
          [
            8.398691,
            47.104146,
            780.0
          ],
          [
            8.398286,
            47.104055,
            780.0
          ],
          [
            8.398206,
            47.104049,
            780.0
          ],
          [
            8.398135,
            47.104042,
            780.0
          ],
          [
            8.39808,
            47.104049,
            780.0
          ],
          [
            8.398026,
            47.104061,
            780.0
          ],
          [
            8.397982,
            47.104085,
            780.0
          ],
          [
            8.397693,
            47.104238,
            780.0
          ],
          [
            8.397622,
            47.104263,
            780.0
          ],
          [
            8.397569,
            47.104275,
            780.0
          ],
          [
            8.397479,
            47.104275,
            780.0
          ],
          [
            8.397353,
            47.104263,
            780.0
          ],
          [
            8.397253,
            47.10425,
            780.0
          ],
          [
            8.39719,
            47.104226,
            780.0
          ],
          [
            8.397127,
            47.104195,
            780.0
          ],
          [
            8.397064,
            47.104153,
            780.0
          ],
          [
            8.397038,
            47.104128,
            780.0
          ],
          [
            8.397029,
            47.104104,
            780.0
          ],
          [
            8.396993,
            47.104036,
            780.0
          ],
          [
            8.396957,
            47.103908,
            777.0
          ],
          [
            8.396877,
            47.103418,
            767.0
          ],
          [
            8.39684,
            47.103333,
            765.0
          ],
          [
            8.396814,
            47.103266,
            764.0
          ],
          [
            8.396777,
            47.103229,
            764.0
          ],
          [
            8.396733,
            47.103186,
            763.0
          ],
          [
            8.396553,
            47.103052,
            760.0
          ],
          [
            8.396401,
            47.102936,
            756.0
          ],
          [
            8.396292,
            47.102838,
            754.0
          ],
          [
            8.396175,
            47.102703,
            750.0
          ],
          [
            8.395987,
            47.102385,
            744.0
          ],
          [
            8.395871,
            47.102318,
            742.0
          ],
          [
            8.395871,
            47.102275,
            741.0
          ],
          [
            8.395852,
            47.102232,
            740.0
          ],
          [
            8.395825,
            47.102183,
            740.0
          ],
          [
            8.395762,
            47.102104,
            740.0
          ],
          [
            8.395735,
            47.102043,
            740.0
          ],
          [
            8.395718,
            47.101988,
            740.0
          ],
          [
            8.395709,
            47.101939,
            740.0
          ],
          [
            8.395672,
            47.101609,
            740.0
          ],
          [
            8.395645,
            47.101328,
            740.0
          ],
          [
            8.395645,
            47.10126,
            740.0
          ],
          [
            8.395664,
            47.101199,
            740.0
          ],
          [
            8.395709,
            47.101052,
            740.0
          ],
          [
            8.395745,
            47.100942,
            740.0
          ],
          [
            8.395825,
            47.100759,
            740.0
          ],
          [
            8.395898,
            47.100636,
            740.0
          ],
          [
            8.396112,
            47.100441,
            740.0
          ],
          [
            8.396391,
            47.100154,
            740.0
          ],
          [
            8.396634,
            47.099988,
            743.0
          ],
          [
            8.39685,
            47.099909,
            746.0
          ],
          [
            8.396948,
            47.099848,
            747.0
          ],
          [
            8.397056,
            47.099756,
            749.0
          ],
          [
            8.397101,
            47.09967,
            751.0
          ],
          [
            8.397038,
            47.099676,
            751.0
          ],
          [
            8.396643,
            47.099683,
            750.0
          ],
          [
            8.396418,
            47.099719,
            750.0
          ],
          [
            8.396238,
            47.09978,
            750.0
          ],
          [
            8.395772,
            47.099915,
            750.0
          ],
          [
            8.395242,
            47.100044,
            750.0
          ],
          [
            8.395016,
            47.100086,
            750.0
          ],
          [
            8.394829,
            47.100154,
            750.0
          ],
          [
            8.394353,
            47.100374,
            750.0
          ],
          [
            8.393966,
            47.100526,
            750.0
          ],
          [
            8.39367,
            47.100667,
            752.0
          ],
          [
            8.393498,
            47.100716,
            753.0
          ],
          [
            8.393319,
            47.10071,
            755.0
          ],
          [
            8.393122,
            47.100685,
            756.0
          ],
          [
            8.392942,
            47.100606,
            757.0
          ],
          [
            8.39269,
            47.100496,
            759.0
          ],
          [
            8.392565,
            47.100312,
            760.0
          ],
          [
            8.392466,
            47.100221,
            760.0
          ],
          [
            8.392466,
            47.100221,
            760.0
          ],
          [
            8.392232,
            47.100013,
            760.0
          ],
          [
            8.391917,
            47.099774,
            760.0
          ],
          [
            8.391846,
            47.099713,
            760.0
          ],
          [
            8.391674,
            47.099578,
            760.0
          ],
          [
            8.39119,
            47.099315,
            760.0
          ],
          [
            8.390974,
            47.099211,
            760.0
          ],
          [
            8.39084,
            47.099126,
            760.0
          ],
          [
            8.390687,
            47.099022,
            760.0
          ],
          [
            8.390598,
            47.098924,
            758.0
          ],
          [
            8.390508,
            47.098827,
            756.0
          ],
          [
            8.390309,
            47.098515,
            752.0
          ],
          [
            8.390095,
            47.098551,
            749.0
          ],
          [
            8.38977,
            47.098564,
            740.0
          ],
          [
            8.38969,
            47.098368,
            738.0
          ],
          [
            8.389627,
            47.098172,
            736.0
          ],
          [
            8.389619,
            47.098062,
            734.0
          ],
          [
            8.389609,
            47.097897,
            733.0
          ],
          [
            8.389492,
            47.097652,
            730.0
          ],
          [
            8.389429,
            47.097548,
            726.0
          ],
          [
            8.38933,
            47.097438,
            721.0
          ],
          [
            8.389259,
            47.097377,
            719.0
          ],
          [
            8.389196,
            47.09731,
            717.0
          ],
          [
            8.389169,
            47.097267,
            716.0
          ],
          [
            8.389133,
            47.097157,
            713.0
          ],
          [
            8.389106,
            47.097114,
            712.0
          ],
          [
            8.388963,
            47.096998,
            709.0
          ],
          [
            8.3889,
            47.096937,
            708.0
          ],
          [
            8.388846,
            47.096876,
            707.0
          ],
          [
            8.388846,
            47.096802,
            706.0
          ],
          [
            8.388756,
            47.096778,
            705.0
          ],
          [
            8.388728,
            47.096765,
            705.0
          ],
          [
            8.388711,
            47.096741,
            705.0
          ],
          [
            8.388711,
            47.096692,
            704.0
          ],
          [
            8.388728,
            47.096631,
            703.0
          ],
          [
            8.388737,
            47.096588,
            703.0
          ],
          [
            8.388737,
            47.096563,
            703.0
          ],
          [
            8.388728,
            47.096551,
            702.0
          ],
          [
            8.388701,
            47.096545,
            702.0
          ],
          [
            8.388684,
            47.096545,
            702.0
          ],
          [
            8.388621,
            47.096551,
            702.0
          ],
          [
            8.388487,
            47.096606,
            700.0
          ],
          [
            8.388387,
            47.096655,
            699.0
          ],
          [
            8.38828,
            47.09668,
            697.0
          ],
          [
            8.388045,
            47.096723,
            694.0
          ],
          [
            8.387938,
            47.096741,
            692.0
          ],
          [
            8.387831,
            47.09679,
            690.0
          ],
          [
            8.387642,
            47.096888,
            687.0
          ],
          [
            8.387543,
            47.096937,
            686.0
          ],
          [
            8.387462,
            47.096961,
            684.0
          ],
          [
            8.387372,
            47.09698,
            683.0
          ],
          [
            8.387292,
            47.096973,
            682.0
          ],
          [
            8.38721,
            47.096967,
            681.0
          ],
          [
            8.387066,
            47.096925,
            679.0
          ],
          [
            8.386905,
            47.096876,
            678.0
          ],
          [
            8.386636,
            47.09679,
            675.0
          ],
          [
            8.386437,
            47.096741,
            674.0
          ],
          [
            8.38634,
            47.096723,
            673.0
          ],
          [
            8.386213,
            47.09671,
            672.0
          ],
          [
            8.386087,
            47.096716,
            671.0
          ],
          [
            8.385665,
            47.096778,
            668.0
          ],
          [
            8.385531,
            47.096796,
            667.0
          ],
          [
            8.385387,
            47.096796,
            666.0
          ],
          [
            8.385252,
            47.096784,
            666.0
          ],
          [
            8.385154,
            47.096765,
            665.0
          ],
          [
            8.385045,
            47.096729,
            664.0
          ],
          [
            8.384856,
            47.096655,
            663.0
          ],
          [
            8.384722,
            47.096582,
            662.0
          ],
          [
            8.384506,
            47.096459,
            660.0
          ],
          [
            8.38438,
            47.096386,
            659.0
          ],
          [
            8.384264,
            47.096325,
            656.0
          ],
          [
            8.384147,
            47.09627,
            653.0
          ],
          [
            8.384022,
            47.096234,
            651.0
          ],
          [
            8.383716,
            47.09616,
            645.0
          ],
          [
            8.383428,
            47.096118,
            639.0
          ],
          [
            8.383087,
            47.096014,
            633.0
          ],
          [
            8.382539,
            47.095903,
            622.0
          ],
          [
            8.381677,
            47.095689,
            599.0
          ],
          [
            8.381164,
            47.095604,
            589.0
          ],
          [
            8.380338,
            47.095444,
            575.0
          ],
          [
            8.380338,
            47.095444,
            575.0
          ],
          [
            8.379692,
            47.095322,
            564.0
          ],
          [
            8.379377,
            47.095261,
            559.0
          ],
          [
            8.379296,
            47.095267,
            559.0
          ],
          [
            8.379287,
            47.095322,
            558.0
          ],
          [
            8.379503,
            47.095567,
            554.0
          ],
          [
            8.380095,
            47.096179,
            544.0
          ],
          [
            8.380095,
            47.09624,
            543.0
          ],
          [
            8.380032,
            47.09624,
            543.0
          ],
          [
            8.379925,
            47.096221,
            541.0
          ],
          [
            8.379791,
            47.096197,
            540.0
          ],
          [
            8.379709,
            47.096203,
            540.0
          ],
          [
            8.379638,
            47.096234,
            539.0
          ],
          [
            8.379575,
            47.096252,
            539.0
          ],
          [
            8.379305,
            47.096215,
            538.0
          ],
          [
            8.379045,
            47.096466,
            531.0
          ],
          [
            8.378919,
            47.096502,
            529.0
          ],
          [
            8.378784,
            47.096515,
            526.0
          ],
          [
            8.378623,
            47.096527,
            523.0
          ],
          [
            8.378424,
            47.096515,
            520.0
          ],
          [
            8.378191,
            47.096478,
            520.0
          ],
          [
            8.378074,
            47.096459,
            519.0
          ],
          [
            8.377931,
            47.096429,
            517.0
          ],
          [
            8.377832,
            47.096417,
            515.0
          ],
          [
            8.37776,
            47.096417,
            514.0
          ],
          [
            8.377697,
            47.096441,
            512.0
          ],
          [
            8.377185,
            47.096802,
            499.0
          ],
          [
            8.376871,
            47.097114,
            490.0
          ],
          [
            8.376727,
            47.097548,
            478.0
          ],
          [
            8.376898,
            47.097597,
            476.0
          ],
          [
            8.376673,
            47.097835,
            473.0
          ],
          [
            8.376323,
            47.098154,
            466.0
          ],
          [
            8.37634,
            47.098221,
            464.0
          ],
          [
            8.376189,
            47.09819,
            463.0
          ],
          [
            8.37599,
            47.098203,
            462.0
          ],
          [
            8.375919,
            47.098252,
            462.0
          ],
          [
            8.375892,
            47.098294,
            462.0
          ],
          [
            8.375919,
            47.098356,
            461.0
          ],
          [
            8.37599,
            47.098411,
            461.0
          ],
          [
            8.376107,
            47.098484,
            460.0
          ],
          [
            8.376287,
            47.098692,
            457.0
          ],
          [
            8.37643,
            47.098882,
            454.0
          ],
          [
            8.376682,
            47.099101,
            451.0
          ],
          [
            8.376745,
            47.099156,
            450.0
          ],
          [
            8.376718,
            47.099211,
            450.0
          ],
          [
            8.376629,
            47.099236,
            449.0
          ],
          [
            8.376548,
            47.099144,
            450.0
          ],
          [
            8.376189,
            47.098808,
            452.0
          ],
          [
            8.375864,
            47.098539,
            454.0
          ],
          [
            8.375533,
            47.098239,
            457.0
          ],
          [
            8.375326,
            47.098056,
            458.0
          ],
          [
            8.375174,
            47.097903,
            459.0
          ],
          [
            8.375101,
            47.097823,
            460.0
          ],
          [
            8.375029,
            47.097774,
            460.0
          ],
          [
            8.374778,
            47.097555,
            463.0
          ],
          [
            8.374642,
            47.097426,
            464.0
          ],
          [
            8.374508,
            47.097298,
            466.0
          ],
          [
            8.374436,
            47.097182,
            467.0
          ],
          [
            8.374374,
            47.097059,
            468.0
          ],
          [
            8.374329,
            47.096857,
            470.0
          ],
          [
            8.374292,
            47.096649,
            472.0
          ],
          [
            8.374284,
            47.096582,
            473.0
          ],
          [
            8.374248,
            47.096191,
            476.0
          ],
          [
            8.374229,
            47.096124,
            477.0
          ],
          [
            8.374221,
            47.096026,
            477.0
          ],
          [
            8.374185,
            47.095903,
            479.0
          ],
          [
            8.374113,
            47.095763,
            480.0
          ],
          [
            8.373933,
            47.095457,
            484.0
          ],
          [
            8.373835,
            47.09523,
            487.0
          ],
          [
            8.373799,
            47.095114,
            488.0
          ],
          [
            8.37378,
            47.094992,
            489.0
          ],
          [
            8.373789,
            47.094784,
            492.0
          ],
          [
            8.373726,
            47.094778,
            492.0
          ],
          [
            8.3737,
            47.094766,
            492.0
          ],
          [
            8.373663,
            47.094705,
            491.0
          ],
          [
            8.373637,
            47.094674,
            491.0
          ],
          [
            8.373547,
            47.094527,
            491.0
          ],
          [
            8.37352,
            47.094478,
            490.0
          ],
          [
            8.373421,
            47.094301,
            490.0
          ],
          [
            8.373376,
            47.094172,
            490.0
          ],
          [
            8.37335,
            47.094026,
            491.0
          ],
          [
            8.373332,
            47.093964,
            491.0
          ],
          [
            8.373323,
            47.093928,
            491.0
          ],
          [
            8.373296,
            47.093903,
            491.0
          ],
          [
            8.373242,
            47.093873,
            491.0
          ],
          [
            8.373152,
            47.09383,
            491.0
          ],
          [
            8.373107,
            47.093818,
            491.0
          ],
          [
            8.373044,
            47.093805,
            491.0
          ],
          [
            8.372954,
            47.093799,
            492.0
          ],
          [
            8.372874,
            47.093799,
            492.0
          ],
          [
            8.372874,
            47.093799,
            492.0
          ],
          [
            8.37273,
            47.093799,
            492.0
          ],
          [
            8.372514,
            47.093787,
            492.0
          ],
          [
            8.372371,
            47.093763,
            492.0
          ],
          [
            8.372235,
            47.093738,
            492.0
          ],
          [
            8.372145,
            47.093708,
            493.0
          ],
          [
            8.372038,
            47.09364,
            493.0
          ],
          [
            8.371895,
            47.093531,
            493.0
          ],
          [
            8.37131,
            47.093041,
            494.0
          ],
          [
            8.370906,
            47.092766,
            495.0
          ],
          [
            8.37078,
            47.092698,
            495.0
          ],
          [
            8.370313,
            47.092442,
            496.0
          ],
          [
            8.370241,
            47.092399,
            496.0
          ],
          [
            8.369765,
            47.092179,
            496.0
          ],
          [
            8.369765,
            47.092179,
            496.0
          ],
          [
            8.369765,
            47.092179,
            497.0
          ],
          [
            8.369361,
            47.091971,
            498.0
          ],
          [
            8.369002,
            47.091714,
            498.0
          ],
          [
            8.368705,
            47.091518,
            499.0
          ],
          [
            8.368499,
            47.091408,
            499.0
          ],
          [
            8.368292,
            47.091292,
            500.0
          ],
          [
            8.368059,
            47.091163,
            500.0
          ],
          [
            8.367852,
            47.091035,
            499.0
          ],
          [
            8.36778,
            47.090992,
            499.0
          ],
          [
            8.367645,
            47.090925,
            498.0
          ],
          [
            8.366891,
            47.090589,
            495.0
          ],
          [
            8.366306,
            47.090338,
            493.0
          ],
          [
            8.366199,
            47.090319,
            492.0
          ],
          [
            8.366082,
            47.090326,
            492.0
          ],
          [
            8.365642,
            47.090399,
            491.0
          ],
          [
            8.365463,
            47.090417,
            490.0
          ],
          [
            8.365417,
            47.090417,
            490.0
          ],
          [
            8.365256,
            47.090411,
            489.0
          ],
          [
            8.365084,
            47.090375,
            488.0
          ],
          [
            8.364923,
            47.090319,
            487.0
          ],
          [
            8.364815,
            47.09027,
            486.0
          ],
          [
            8.364708,
            47.090221,
            486.0
          ],
          [
            8.364608,
            47.090179,
            485.0
          ],
          [
            8.364492,
            47.090148,
            484.0
          ],
          [
            8.364384,
            47.090148,
            484.0
          ],
          [
            8.364277,
            47.090166,
            483.0
          ],
          [
            8.364258,
            47.090099,
            485.0
          ],
          [
            8.364187,
            47.090038,
            486.0
          ],
          [
            8.364079,
            47.08994,
            489.0
          ],
          [
            8.363918,
            47.08983,
            491.0
          ],
          [
            8.363629,
            47.089678,
            492.0
          ],
          [
            8.363405,
            47.089555,
            493.0
          ],
          [
            8.363289,
            47.089415,
            494.0
          ],
          [
            8.363163,
            47.089164,
            496.0
          ],
          [
            8.362929,
            47.088851,
            498.0
          ],
          [
            8.362839,
            47.088766,
            499.0
          ],
          [
            8.362587,
            47.088589,
            500.0
          ],
          [
            8.362336,
            47.088375,
            501.0
          ],
          [
            8.361914,
            47.087916,
            504.0
          ],
          [
            8.361824,
            47.087897,
            504.0
          ],
          [
            8.361662,
            47.087891,
            505.0
          ],
          [
            8.361222,
            47.087769,
            507.0
          ],
          [
            8.361096,
            47.087708,
            507.0
          ],
          [
            8.361034,
            47.087634,
            508.0
          ],
          [
            8.360916,
            47.087536,
            508.0
          ],
          [
            8.360522,
            47.087304,
            510.0
          ],
          [
            8.360252,
            47.087096,
            513.0
          ],
          [
            8.360046,
            47.086925,
            514.0
          ],
          [
            8.359803,
            47.086711,
            517.0
          ],
          [
            8.359381,
            47.08646,
            520.0
          ],
          [
            8.359363,
            47.086356,
            520.0
          ],
          [
            8.359327,
            47.086295,
            520.0
          ],
          [
            8.358339,
            47.085604,
            520.0
          ],
          [
            8.358186,
            47.085469,
            520.0
          ],
          [
            8.35806,
            47.085322,
            520.0
          ],
          [
            8.357952,
            47.085126,
            520.0
          ],
          [
            8.357782,
            47.084931,
            521.0
          ],
          [
            8.357252,
            47.08454,
            524.0
          ],
          [
            8.35692,
            47.084331,
            526.0
          ],
          [
            8.357126,
            47.08416,
            527.0
          ],
          [
            8.357224,
            47.084093,
            528.0
          ],
          [
            8.357287,
            47.084031,
            528.0
          ],
          [
            8.357323,
            47.083983,
            528.0
          ],
          [
            8.357314,
            47.083928,
            529.0
          ],
          [
            8.357243,
            47.083842,
            529.0
          ],
          [
            8.357036,
            47.083689,
            530.0
          ],
          [
            8.356767,
            47.083518,
            532.0
          ],
          [
            8.356568,
            47.083426,
            534.0
          ],
          [
            8.356407,
            47.083377,
            535.0
          ],
          [
            8.356335,
            47.083322,
            536.0
          ],
          [
            8.356318,
            47.083188,
            537.0
          ],
          [
            8.356228,
            47.083059,
            538.0
          ],
          [
            8.356092,
            47.082943,
            539.0
          ],
          [
            8.355922,
            47.082826,
            540.0
          ],
          [
            8.355769,
            47.082747,
            541.0
          ],
          [
            8.355285,
            47.082564,
            541.0
          ],
          [
            8.354943,
            47.082436,
            542.0
          ],
          [
            8.354781,
            47.082368,
            542.0
          ],
          [
            8.354754,
            47.082338,
            543.0
          ],
          [
            8.354647,
            47.082344,
            543.0
          ],
          [
            8.354566,
            47.082338,
            543.0
          ],
          [
            8.354484,
            47.082313,
            543.0
          ],
          [
            8.354333,
            47.082215,
            543.0
          ],
          [
            8.354243,
            47.082142,
            544.0
          ],
          [
            8.354161,
            47.08208,
            544.0
          ],
          [
            8.35409,
            47.082185,
            539.0
          ],
          [
            8.353947,
            47.082356,
            537.0
          ],
          [
            8.353918,
            47.082374,
            536.0
          ],
          [
            8.353874,
            47.082368,
            536.0
          ],
          [
            8.353767,
            47.082295,
            535.0
          ],
          [
            8.353559,
            47.082136,
            532.0
          ],
          [
            8.353488,
            47.082111,
            532.0
          ],
          [
            8.353272,
            47.082099,
            530.0
          ],
          [
            8.353236,
            47.082105,
            529.0
          ],
          [
            8.353245,
            47.082129,
            529.0
          ],
          [
            8.353362,
            47.082197,
            528.0
          ],
          [
            8.353362,
            47.082221,
            528.0
          ],
          [
            8.353335,
            47.082221,
            527.0
          ],
          [
            8.353245,
            47.082221,
            527.0
          ],
          [
            8.353128,
            47.082197,
            525.0
          ],
          [
            8.353002,
            47.082154,
            524.0
          ],
          [
            8.352742,
            47.082056,
            522.0
          ],
          [
            8.352473,
            47.081934,
            519.0
          ],
          [
            8.352339,
            47.081866,
            517.0
          ],
          [
            8.352239,
            47.081805,
            516.0
          ],
          [
            8.352167,
            47.081756,
            515.0
          ],
          [
            8.352113,
            47.081731,
            515.0
          ],
          [
            8.35197,
            47.081689,
            513.0
          ],
          [
            8.351781,
            47.081609,
            511.0
          ],
          [
            8.351583,
            47.081542,
            510.0
          ],
          [
            8.351421,
            47.081463,
            509.0
          ],
          [
            8.351044,
            47.081347,
            506.0
          ],
          [
            8.350928,
            47.081304,
            506.0
          ],
          [
            8.350578,
            47.081132,
            503.0
          ],
          [
            8.350281,
            47.08101,
            502.0
          ],
          [
            8.350173,
            47.081028,
            501.0
          ],
          [
            8.350075,
            47.08101,
            501.0
          ],
          [
            8.349985,
            47.080967,
            500.0
          ],
          [
            8.349886,
            47.080967,
            498.0
          ],
          [
            8.349733,
            47.081004,
            494.0
          ],
          [
            8.349599,
            47.081034,
            490.0
          ],
          [
            8.3494,
            47.081041,
            487.0
          ],
          [
            8.34922,
            47.081022,
            485.0
          ],
          [
            8.34905,
            47.08101,
            482.0
          ],
          [
            8.348897,
            47.081034,
            479.0
          ],
          [
            8.348798,
            47.081077,
            476.0
          ],
          [
            8.348618,
            47.081108,
            471.0
          ],
          [
            8.348494,
            47.081194,
            468.0
          ],
          [
            8.347999,
            47.080998,
            464.0
          ],
          [
            8.347972,
            47.081034,
            463.0
          ],
          [
            8.347865,
            47.081188,
            457.0
          ],
          [
            8.347783,
            47.081279,
            452.0
          ],
          [
            8.347721,
            47.081298,
            450.0
          ],
          [
            8.347693,
            47.081304,
            450.0
          ],
          [
            8.347685,
            47.081304,
            450.0
          ],
          [
            8.347631,
            47.081316,
            449.0
          ],
          [
            8.347649,
            47.081328,
            449.0
          ],
          [
            8.347666,
            47.081396,
            448.0
          ],
          [
            8.347639,
            47.081451,
            448.0
          ],
          [
            8.347586,
            47.081493,
            448.0
          ],
          [
            8.347523,
            47.081512,
            447.0
          ],
          [
            8.347452,
            47.081512,
            447.0
          ],
          [
            8.347379,
            47.081493,
            446.0
          ],
          [
            8.347307,
            47.081457,
            446.0
          ],
          [
            8.346786,
            47.081157,
            442.0
          ],
          [
            8.34657,
            47.081065,
            440.0
          ],
          [
            8.346293,
            47.080973,
            439.0
          ],
          [
            8.346121,
            47.080943,
            438.0
          ],
          [
            8.345968,
            47.080943,
            437.0
          ],
          [
            8.345888,
            47.080973,
            437.0
          ],
          [
            8.345817,
            47.08101,
            437.0
          ],
          [
            8.345735,
            47.08109,
            436.0
          ],
          [
            8.345645,
            47.081175,
            435.0
          ],
          [
            8.345511,
            47.081286,
            431.0
          ],
          [
            8.345484,
            47.081304,
            430.0
          ],
          [
            8.345394,
            47.081347,
            430.0
          ],
          [
            8.345331,
            47.081365,
            430.0
          ],
          [
            8.345152,
            47.081402,
            429.0
          ],
          [
            8.345052,
            47.081432,
            429.0
          ],
          [
            8.344783,
            47.081573,
            429.0
          ],
          [
            8.344666,
            47.081634,
            429.0
          ],
          [
            8.344307,
            47.081829,
            428.0
          ],
          [
            8.34428,
            47.081817,
            428.0
          ],
          [
            8.34427,
            47.081811,
            428.0
          ],
          [
            8.343633,
            47.081432,
            427.0
          ],
          [
            8.343561,
            47.08139,
            426.0
          ],
          [
            8.343291,
            47.081585,
            426.0
          ],
          [
            8.343257,
            47.081554,
            425.0
          ],
          [
            8.343139,
            47.081609,
            425.0
          ],
          [
            8.343022,
            47.081664,
            425.0
          ],
          [
            8.342978,
            47.081689,
            425.0
          ],
          [
            8.342941,
            47.081719,
            425.0
          ],
          [
            8.342905,
            47.081774,
            425.0
          ],
          [
            8.342897,
            47.081799,
            425.0
          ],
          [
            8.342888,
            47.081817,
            425.0
          ],
          [
            8.342869,
            47.081836,
            425.0
          ],
          [
            8.342789,
            47.081823,
            425.0
          ],
          [
            8.342565,
            47.081774,
            425.0
          ],
          [
            8.342456,
            47.081738,
            425.0
          ],
          [
            8.342448,
            47.081731,
            425.0
          ],
          [
            8.342366,
            47.081701,
            425.0
          ],
          [
            8.342286,
            47.081664,
            424.0
          ],
          [
            8.342178,
            47.081646,
            424.0
          ],
          [
            8.342062,
            47.081628,
            424.0
          ],
          [
            8.341972,
            47.081676,
            424.0
          ],
          [
            8.341945,
            47.081689,
            424.0
          ],
          [
            8.341756,
            47.081817,
            423.0
          ],
          [
            8.341683,
            47.081866,
            423.0
          ],
          [
            8.341649,
            47.081885,
            422.0
          ],
          [
            8.341576,
            47.081927,
            422.0
          ],
          [
            8.34154,
            47.081946,
            422.0
          ],
          [
            8.341486,
            47.081964,
            422.0
          ],
          [
            8.341433,
            47.081976,
            422.0
          ],
          [
            8.34137,
            47.081989,
            422.0
          ],
          [
            8.341307,
            47.082007,
            422.0
          ],
          [
            8.341207,
            47.082031,
            422.0
          ],
          [
            8.340821,
            47.082129,
            422.0
          ],
          [
            8.340758,
            47.082148,
            422.0
          ],
          [
            8.340607,
            47.082191,
            423.0
          ],
          [
            8.340544,
            47.082227,
            424.0
          ],
          [
            8.340517,
            47.08227,
            424.0
          ],
          [
            8.340454,
            47.082252,
            424.0
          ],
          [
            8.340444,
            47.082289,
            424.0
          ],
          [
            8.340399,
            47.082319,
            424.0
          ],
          [
            8.340588,
            47.082466,
            423.0
          ],
          [
            8.340624,
            47.082497,
            423.0
          ],
          [
            8.34066,
            47.082515,
            423.0
          ],
          [
            8.340695,
            47.082546,
            423.0
          ],
          [
            8.340723,
            47.08257,
            423.0
          ],
          [
            8.340758,
            47.082613,
            422.0
          ],
          [
            8.340911,
            47.082735,
            422.0
          ],
          [
            8.34093,
            47.082778,
            422.0
          ],
          [
            8.340965,
            47.082778,
            421.0
          ],
          [
            8.341083,
            47.082869,
            421.0
          ],
          [
            8.341073,
            47.0829,
            421.0
          ],
          [
            8.34119,
            47.082937,
            420.0
          ],
          [
            8.341379,
            47.083071,
            420.0
          ],
          [
            8.341549,
            47.083175,
            421.0
          ],
          [
            8.34163,
            47.083224,
            421.0
          ],
          [
            8.342259,
            47.083604,
            422.0
          ],
          [
            8.342375,
            47.083671,
            422.0
          ],
          [
            8.342456,
            47.083726,
            422.0
          ],
          [
            8.342241,
            47.083897,
            422.0
          ],
          [
            8.342223,
            47.083909,
            422.0
          ],
          [
            8.342241,
            47.083922,
            422.0
          ],
          [
            8.342276,
            47.083946,
            422.0
          ],
          [
            8.342249,
            47.083958,
            422.0
          ],
          [
            8.342241,
            47.083989,
            422.0
          ],
          [
            8.342393,
            47.084087,
            422.0
          ],
          [
            8.342385,
            47.084099,
            422.0
          ],
          [
            8.342349,
            47.084123,
            422.0
          ],
          [
            8.342241,
            47.084197,
            422.0
          ]
        ]
      }
    }
  ]
}