{
  "type": "FeatureCollection",
  "features": [
    {
      "type": "Feature",
      "properties": {},
      "geometry": {
        "type": "LineString",
        "coordinates": [
          [
            9.679589,
            46.784071,
            1738.0
          ],
          [
            9.679572,
            46.783764,
            1738.0
          ],
          [
            9.679563,
            46.783555,
            1738.0
          ],
          [
            9.679536,
            46.783204,
            1739.0
          ],
          [
            9.679553,
            46.783155,
            1739.0
          ],
          [
            9.679581,
            46.783088,
            1739.0
          ],
          [
            9.679652,
            46.782995,
            1739.0
          ],
          [
            9.679815,
            46.782811,
            1739.0
          ],
          [
            9.679886,
            46.782731,
            1739.0
          ],
          [
            9.679913,
            46.782693,
            1739.0
          ],
          [
            9.679958,
            46.78265,
            1739.0
          ],
          [
            9.680039,
            46.782571,
            1739.0
          ],
          [
            9.680111,
            46.782454,
            1739.0
          ],
          [
            9.680102,
            46.782373,
            1738.0
          ],
          [
            9.680075,
            46.7823,
            1738.0
          ],
          [
            9.680021,
            46.782202,
            1737.0
          ],
          [
            9.679958,
            46.782029,
            1735.0
          ],
          [
            9.679939,
            46.781974,
            1735.0
          ],
          [
            9.679922,
            46.781906,
            1734.0
          ],
          [
            9.679922,
            46.781832,
            1734.0
          ],
          [
            9.679939,
            46.781789,
            1733.0
          ],
          [
            9.680002,
            46.78171,
            1732.0
          ],
          [
            9.680138,
            46.781506,
            1730.0
          ],
          [
            9.680228,
            46.781359,
            1729.0
          ],
          [
            9.680264,
            46.781285,
            1728.0
          ],
          [
            9.680281,
            46.781223,
            1727.0
          ],
          [
            9.680281,
            46.781125,
            1726.0
          ],
          [
            9.680272,
            46.781051,
            1725.0
          ],
          [
            9.680272,
            46.781008,
            1724.0
          ],
          [
            9.680281,
            46.780983,
            1724.0
          ],
          [
            9.680299,
            46.780959,
            1724.0
          ],
          [
            9.680326,
            46.780947,
            1723.0
          ],
          [
            9.680362,
            46.780934,
            1723.0
          ],
          [
            9.680407,
            46.780941,
            1723.0
          ],
          [
            9.680461,
            46.780959,
            1722.0
          ],
          [
            9.68056,
            46.781008,
            1721.0
          ],
          [
            9.680614,
            46.781026,
            1720.0
          ],
          [
            9.680677,
            46.781026,
            1720.0
          ],
          [
            9.680721,
            46.781014,
            1720.0
          ],
          [
            9.680784,
            46.780996,
            1719.0
          ],
          [
            9.680884,
            46.780959,
            1718.0
          ],
          [
            9.681071,
            46.780855,
            1717.0
          ],
          [
            9.681539,
            46.780516,
            1712.0
          ],
          [
            9.681719,
            46.78035,
            1710.0
          ],
          [
            9.681863,
            46.780202,
            1709.0
          ],
          [
            9.681997,
            46.780116,
            1707.0
          ],
          [
            9.682492,
            46.779852,
            1703.0
          ],
          [
            9.682716,
            46.779723,
            1701.0
          ],
          [
            9.682842,
            46.77963,
            1700.0
          ],
          [
            9.683264,
            46.779218,
            1697.0
          ],
          [
            9.683542,
            46.779058,
            1696.0
          ],
          [
            9.683794,
            46.778886,
            1694.0
          ],
          [
            9.683803,
            46.778769,
            1694.0
          ],
          [
            9.683839,
            46.778584,
            1693.0
          ],
          [
            9.683874,
            46.778455,
            1692.0
          ],
          [
            9.683901,
            46.778394,
            1692.0
          ],
          [
            9.683956,
            46.778209,
            1691.0
          ],
          [
            9.684,
            46.778037,
            1690.0
          ],
          [
            9.683973,
            46.777987,
            1689.0
          ],
          [
            9.683901,
            46.777957,
            1689.0
          ],
          [
            9.683767,
            46.777902,
            1688.0
          ],
          [
            9.683542,
            46.777834,
            1686.0
          ],
          [
            9.68348,
            46.777791,
            1686.0
          ],
          [
            9.683461,
            46.777741,
            1685.0
          ],
          [
            9.683461,
            46.777711,
            1685.0
          ],
          [
            9.683425,
            46.777662,
            1685.0
          ],
          [
            9.683371,
            46.777613,
            1684.0
          ],
          [
            9.683147,
            46.777508,
            1683.0
          ],
          [
            9.682922,
            46.777409,
            1681.0
          ],
          [
            9.682769,
            46.777336,
            1680.0
          ],
          [
            9.682473,
            46.777096,
            1676.0
          ],
          [
            9.682339,
            46.776991,
            1674.0
          ],
          [
            9.682203,
            46.776929,
            1673.0
          ],
          [
            9.681962,
            46.776831,
            1670.0
          ],
          [
            9.681899,
            46.776801,
            1670.0
          ],
          [
            9.68188,
            46.776764,
            1669.0
          ],
          [
            9.681872,
            46.776733,
            1669.0
          ],
          [
            9.681899,
            46.776702,
            1668.0
          ],
          [
            9.681934,
            46.776683,
            1668.0
          ],
          [
            9.681989,
            46.776683,
            1667.0
          ],
          [
            9.682042,
            46.77669,
            1667.0
          ],
          [
            9.682276,
            46.776739,
            1665.0
          ],
          [
            9.6825,
            46.776782,
            1663.0
          ],
          [
            9.682994,
            46.776807,
            1659.0
          ],
          [
            9.683066,
            46.776807,
            1658.0
          ],
          [
            9.683121,
            46.776801,
            1657.0
          ],
          [
            9.683165,
            46.776776,
            1657.0
          ],
          [
            9.683174,
            46.776757,
            1657.0
          ],
          [
            9.683174,
            46.776714,
            1656.0
          ],
          [
            9.683138,
            46.77669,
            1656.0
          ],
          [
            9.682994,
            46.776634,
            1654.0
          ],
          [
            9.682895,
            46.776603,
            1653.0
          ],
          [
            9.682805,
            46.776554,
            1652.0
          ],
          [
            9.682716,
            46.776499,
            1651.0
          ],
          [
            9.682635,
            46.776487,
            1650.0
          ],
          [
            9.682563,
            46.776493,
            1650.0
          ],
          [
            9.682465,
            46.776481,
            1649.0
          ],
          [
            9.682392,
            46.776456,
            1648.0
          ],
          [
            9.682302,
            46.776363,
            1646.0
          ],
          [
            9.682266,
            46.776332,
            1646.0
          ],
          [
            9.682285,
            46.776198,
            1639.0
          ],
          [
            9.682258,
            46.776019,
            1632.0
          ],
          [
            9.682186,
            46.775915,
            1629.0
          ],
          [
            9.682105,
            46.775884,
            1627.0
          ],
          [
            9.68206,
            46.77581,
            1626.0
          ],
          [
            9.681989,
            46.775797,
            1625.0
          ],
          [
            9.681926,
            46.775754,
            1624.0
          ],
          [
            9.68206,
            46.775761,
            1623.0
          ],
          [
            9.682176,
            46.775761,
            1622.0
          ],
          [
            9.682716,
            46.775601,
            1620.0
          ],
          [
            9.682779,
            46.77557,
            1620.0
          ],
          [
            9.682815,
            46.775539,
            1620.0
          ],
          [
            9.682868,
            46.775453,
            1620.0
          ],
          [
            9.682905,
            46.775386,
            1620.0
          ],
          [
            9.682931,
            46.775311,
            1620.0
          ],
          [
            9.683237,
            46.775287,
            1620.0
          ],
          [
            9.683318,
            46.775237,
            1620.0
          ],
          [
            9.68374,
            46.774364,
            1620.0
          ],
          [
            9.683784,
            46.77426,
            1620.0
          ],
          [
            9.683839,
            46.774081,
            1620.0
          ],
          [
            9.68383,
            46.773823,
            1620.0
          ],
          [
            9.683929,
            46.773503,
            1620.0
          ],
          [
            9.68409,
            46.7733,
            1621.0
          ],
          [
            9.684377,
            46.772838,
            1623.0
          ],
          [
            9.684566,
            46.77258,
            1624.0
          ],
          [
            9.684585,
            46.772284,
            1625.0
          ],
          [
            9.684539,
            46.772026,
            1625.0
          ],
          [
            9.684666,
            46.771682,
            1627.0
          ],
          [
            9.684746,
            46.771374,
            1628.0
          ],
          [
            9.6848,
            46.771177,
            1628.0
          ],
          [
            9.684889,
            46.771011,
            1629.0
          ],
          [
            9.684989,
            46.770808,
            1629.0
          ],
          [
            9.685052,
            46.77055,
            1630.0
          ],
          [
            9.685178,
            46.770088,
            1632.0
          ],
          [
            9.685186,
            46.769854,
            1633.0
          ],
          [
            9.685178,
            46.769651,
            1634.0
          ],
          [
            9.685142,
            46.769516,
            1635.0
          ],
          [
            9.685205,
            46.769343,
            1635.0
          ],
          [
            9.685195,
            46.769023,
            1637.0
          ],
          [
            9.685366,
            46.76887,
            1638.0
          ],
          [
            9.685411,
            46.768722,
            1638.0
          ],
          [
            9.685482,
            46.768661,
            1638.0
          ],
          [
            9.685618,
            46.768648,
            1639.0
          ],
          [
            9.685771,
            46.768525,
            1640.0
          ],
          [
            9.685842,
            46.768421,
            1640.0
          ],
          [
            9.685887,
            46.768334,
            1642.0
          ],
          [
            9.685788,
            46.768175,
            1644.0
          ],
          [
            9.685725,
            46.767965,
            1648.0
          ],
          [
            9.685689,
            46.767812,
            1650.0
          ],
          [
            9.685725,
            46.767774,
            1650.0
          ],
          [
            9.686111,
            46.767707,
            1650.0
          ],
          [
            9.686345,
            46.767645,
            1650.0
          ],
          [
            9.68631,
            46.767411,
            1650.0
          ],
          [
            9.68631,
            46.767326,
            1650.0
          ],
          [
            9.686247,
            46.767264,
            1650.0
          ],
          [
            9.686193,
            46.76719,
            1650.0
          ],
          [
            9.686067,
            46.766987,
            1650.0
          ],
          [
            9.686021,
            46.766833,
            1650.0
          ],
          [
            9.686013,
            46.766716,
            1651.0
          ],
          [
            9.686067,
            46.766489,
            1653.0
          ],
          [
            9.68621,
            46.766249,
            1655.0
          ],
          [
            9.686237,
            46.76615,
            1656.0
          ],
          [
            9.686291,
            46.766021,
            1657.0
          ],
          [
            9.6863,
            46.765959,
            1658.0
          ],
          [
            9.6863,
            46.765867,
            1659.0
          ],
          [
            9.68631,
            46.76583,
            1659.0
          ],
          [
            9.686327,
            46.765775,
            1660.0
          ],
          [
            9.686327,
            46.765757,
            1660.0
          ],
          [
            9.686345,
            46.765436,
            1660.0
          ],
          [
            9.686507,
            46.765036,
            1660.0
          ],
          [
            9.686516,
            46.764815,
            1660.0
          ],
          [
            9.686444,
            46.764655,
            1662.0
          ],
          [
            9.686291,
            46.764353,
            1665.0
          ],
          [
            9.686157,
            46.764248,
            1667.0
          ],
          [
            9.685805,
            46.764015,
            1671.0
          ],
          [
            9.685195,
            46.763634,
            1679.0
          ],
          [
            9.684513,
            46.763196,
            1686.0
          ],
          [
            9.683847,
            46.762864,
            1693.0
          ],
          [
            9.683318,
            46.762513,
            1700.0
          ],
          [
            9.682922,
            46.762347,
            1706.0
          ],
          [
            9.682266,
            46.761978,
            1712.0
          ],
          [
            9.681637,
            46.76159,
            1721.0
          ],
          [
            9.681224,
            46.761369,
            1726.0
          ],
          [
            9.68074,
            46.760969,
            1733.0
          ],
          [
            9.680209,
            46.760667,
            1739.0
          ],
          [
            9.679968,
            46.760495,
            1742.0
          ],
          [
            9.679706,
            46.760144,
            1747.0
          ],
          [
            9.679635,
            46.760126,
            1748.0
          ],
          [
            9.679402,
            46.760064,
            1750.0
          ],
          [
            9.679239,
            46.759948,
            1752.0
          ],
          [
            9.679069,
            46.759861,
            1754.0
          ],
          [
            9.678656,
            46.759738,
            1758.0
          ],
          [
            9.678547,
            46.759664,
            1759.0
          ],
          [
            9.678521,
            46.759621,
            1760.0
          ],
          [
            9.678368,
            46.759492,
            1762.0
          ],
          [
            9.678278,
            46.759437,
            1762.0
          ],
          [
            9.678081,
            46.759252,
            1765.0
          ],
          [
            9.677937,
            46.759203,
            1766.0
          ],
          [
            9.677847,
            46.759141,
            1767.0
          ],
          [
            9.677299,
            46.75884,
            1773.0
          ],
          [
            9.676841,
            46.758501,
            1780.0
          ],
          [
            9.676679,
            46.758433,
            1782.0
          ],
          [
            9.676526,
            46.75831,
            1784.0
          ],
          [
            9.676186,
            46.75804,
            1789.0
          ],
          [
            9.675601,
            46.75783,
            1795.0
          ],
          [
            9.675413,
            46.757676,
            1798.0
          ],
          [
            9.675278,
            46.75756,
            1800.0
          ],
          [
            9.675179,
            46.757553,
            1800.0
          ],
          [
            9.675115,
            46.75751,
            1801.0
          ],
          [
            9.675107,
            46.757504,
            1801.0
          ],
          [
            9.675098,
            46.757424,
            1802.0
          ],
          [
            9.674838,
            46.757227,
            1806.0
          ],
          [
            9.674748,
            46.75708,
            1808.0
          ],
          [
            9.674702,
            46.756981,
            1809.0
          ],
          [
            9.674613,
            46.756938,
            1810.0
          ],
          [
            9.674559,
            46.756864,
            1810.0
          ],
          [
            9.674505,
            46.756803,
            1811.0
          ],
          [
            9.674488,
            46.75671,
            1812.0
          ],
          [
            9.674415,
            46.756648,
            1813.0
          ],
          [
            9.674398,
            46.756593,
            1814.0
          ],
          [
            9.67411,
            46.75623,
            1821.0
          ],
          [
            9.67393,
            46.756101,
            1823.0
          ],
          [
            9.673894,
            46.75607,
            1824.0
          ],
          [
            9.673867,
            46.755996,
            1825.0
          ],
          [
            9.673769,
            46.755904,
            1827.0
          ],
          [
            9.673643,
            46.755824,
            1829.0
          ],
          [
            9.67349,
            46.755701,
            1831.0
          ],
          [
            9.67331,
            46.755596,
            1833.0
          ],
          [
            9.672978,
            46.755535,
            1836.0
          ],
          [
            9.672718,
            46.755455,
            1838.0
          ],
          [
            9.672439,
            46.755344,
            1841.0
          ],
          [
            9.672134,
            46.755159,
            1844.0
          ],
          [
            9.672026,
            46.755073,
            1846.0
          ],
          [
            9.671865,
            46.755006,
            1847.0
          ],
          [
            9.671846,
            46.754944,
            1848.0
          ],
          [
            9.671693,
            46.754747,
            1850.0
          ],
          [
            9.671559,
            46.754729,
            1852.0
          ],
          [
            9.671469,
            46.754667,
            1853.0
          ],
          [
            9.671389,
            46.754562,
            1856.0
          ],
          [
            9.671136,
            46.754421,
            1860.0
          ],
          [
            9.670966,
            46.754285,
            1860.0
          ],
          [
            9.670777,
            46.754088,
            1861.0
          ],
          [
            9.670607,
            46.753959,
            1862.0
          ],
          [
            9.670499,
            46.753916,
            1862.0
          ],
          [
            9.670454,
            46.753885,
            1862.0
          ],
          [
            9.670436,
            46.753738,
            1862.0
          ],
          [
            9.670347,
            46.75367,
            1863.0
          ],
          [
            9.670211,
            46.753418,
            1863.0
          ],
          [
            9.670175,
            46.753374,
            1863.0
          ],
          [
            9.670148,
            46.7533,
            1864.0
          ],
          [
            9.670121,
            46.753263,
            1864.0
          ],
          [
            9.670014,
            46.753165,
            1864.0
          ],
          [
            9.669915,
            46.753054,
            1864.0
          ],
          [
            9.669905,
            46.752993,
            1865.0
          ],
          [
            9.669789,
            46.752796,
            1865.0
          ],
          [
            9.669762,
            46.752679,
            1865.0
          ],
          [
            9.669762,
            46.75263,
            1866.0
          ],
          [
            9.669735,
            46.75258,
            1866.0
          ],
          [
            9.669699,
            46.752451,
            1866.0
          ],
          [
            9.669636,
            46.752396,
            1866.0
          ],
          [
            9.669601,
            46.752328,
            1866.0
          ],
          [
            9.669609,
            46.752279,
            1866.0
          ],
          [
            9.669582,
            46.752217,
            1867.0
          ],
          [
            9.669582,
            46.752162,
            1867.0
          ],
          [
            9.669565,
            46.752039,
            1867.0
          ],
          [
            9.669555,
            46.751983,
            1867.0
          ],
          [
            9.669582,
            46.751904,
            1867.0
          ],
          [
            9.669555,
            46.75186,
            1868.0
          ],
          [
            9.669555,
            46.751793,
            1868.0
          ],
          [
            9.669519,
            46.751664,
            1868.0
          ],
          [
            9.669555,
            46.75146,
            1869.0
          ],
          [
            9.669484,
            46.751195,
            1869.0
          ],
          [
            9.669439,
            46.750882,
            1870.0
          ],
          [
            9.669448,
            46.750864,
            1870.0
          ],
          [
            9.669502,
            46.750839,
            1870.0
          ],
          [
            9.669555,
            46.750814,
            1870.0
          ],
          [
            9.669582,
            46.750789,
            1870.0
          ],
          [
            9.669591,
            46.750752,
            1870.0
          ],
          [
            9.669574,
            46.750703,
            1870.0
          ],
          [
            9.669565,
            46.75063,
            1870.0
          ],
          [
            9.669555,
            46.750543,
            1870.0
          ],
          [
            9.669511,
            46.750488,
            1870.0
          ],
          [
            9.669475,
            46.750402,
            1870.0
          ],
          [
            9.669429,
            46.750359,
            1870.0
          ],
          [
            9.669412,
            46.750285,
            1870.0
          ],
          [
            9.669412,
            46.750248,
            1870.0
          ],
          [
            9.669402,
            46.750211,
            1870.0
          ],
          [
            9.669394,
            46.750125,
            1870.0
          ],
          [
            9.669349,
            46.750026,
            1871.0
          ],
          [
            9.669196,
            46.749872,
            1871.0
          ],
          [
            9.669178,
            46.749792,
            1872.0
          ],
          [
            9.669089,
            46.749657,
            1872.0
          ],
          [
            9.668936,
            46.749546,
            1873.0
          ],
          [
            9.668855,
            46.749355,
            1874.0
          ],
          [
            9.668802,
            46.749275,
            1874.0
          ],
          [
            9.668756,
            46.749146,
            1874.0
          ],
          [
            9.66872,
            46.749103,
            1875.0
          ],
          [
            9.668649,
            46.748998,
            1875.0
          ],
          [
            9.66863,
            46.748887,
            1876.0
          ],
          [
            9.668594,
            46.748851,
            1876.0
          ],
          [
            9.668513,
            46.748826,
            1876.0
          ],
          [
            9.668469,
            46.748789,
            1876.0
          ],
          [
            9.66845,
            46.748734,
            1876.0
          ],
          [
            9.66845,
            46.748647,
            1877.0
          ],
          [
            9.668387,
            46.74858,
            1877.0
          ],
          [
            9.668379,
            46.748549,
            1877.0
          ],
          [
            9.668343,
            46.748524,
            1877.0
          ],
          [
            9.668316,
            46.748475,
            1877.0
          ],
          [
            9.66827,
            46.748438,
            1878.0
          ],
          [
            9.668207,
            46.748364,
            1878.0
          ],
          [
            9.668136,
            46.748328,
            1878.0
          ],
          [
            9.668118,
            46.748297,
            1878.0
          ],
          [
            9.668001,
            46.748216,
            1879.0
          ],
          [
            9.66792,
            46.748186,
            1879.0
          ],
          [
            9.667867,
            46.74813,
            1879.0
          ],
          [
            9.667857,
            46.748069,
            1879.0
          ],
          [
            9.667821,
            46.748032,
            1880.0
          ],
          [
            9.667741,
            46.747921,
            1880.0
          ],
          [
            9.667687,
            46.747841,
            1882.0
          ],
          [
            9.667615,
            46.747811,
            1882.0
          ],
          [
            9.66749,
            46.747718,
            1884.0
          ],
          [
            9.667328,
            46.747675,
            1886.0
          ],
          [
            9.667283,
            46.747644,
            1887.0
          ],
          [
            9.667255,
            46.747607,
            1887.0
          ],
          [
            9.667194,
            46.747521,
            1889.0
          ],
          [
            9.667194,
            46.747466,
            1889.0
          ],
          [
            9.667165,
            46.747428,
            1890.0
          ],
          [
            9.667139,
            46.747422,
            1891.0
          ],
          [
            9.666986,
            46.747447,
            1894.0
          ],
          [
            9.666941,
            46.747435,
            1894.0
          ],
          [
            9.666924,
            46.747398,
            1895.0
          ],
          [
            9.666986,
            46.747355,
            1897.0
          ],
          [
            9.667004,
            46.747336,
            1898.0
          ],
          [
            9.666986,
            46.74733,
            1898.0
          ],
          [
            9.666932,
            46.747336,
            1899.0
          ],
          [
            9.666888,
            46.7473,
            1900.0
          ],
          [
            9.666771,
            46.747244,
            1901.0
          ],
          [
            9.666689,
            46.747115,
            1903.0
          ],
          [
            9.666689,
            46.747041,
            1904.0
          ],
          [
            9.666672,
            46.747029,
            1904.0
          ],
          [
            9.666618,
            46.746998,
            1904.0
          ],
          [
            9.666582,
            46.746942,
            1905.0
          ],
          [
            9.666538,
            46.746924,
            1905.0
          ],
          [
            9.66651,
            46.746893,
            1906.0
          ],
          [
            9.666492,
            46.746752,
            1907.0
          ],
          [
            9.666465,
            46.746727,
            1908.0
          ],
          [
            9.666448,
            46.746678,
            1908.0
          ],
          [
            9.666393,
            46.746659,
            1909.0
          ],
          [
            9.666385,
            46.746561,
            1910.0
          ],
          [
            9.666339,
            46.746431,
            1912.0
          ],
          [
            9.666259,
            46.746278,
            1913.0
          ],
          [
            9.666097,
            46.746068,
            1916.0
          ],
          [
            9.665936,
            46.745902,
            1919.0
          ],
          [
            9.66589,
            46.74584,
            1920.0
          ],
          [
            9.665836,
            46.745724,
            1921.0
          ],
          [
            9.665756,
            46.745693,
            1922.0
          ],
          [
            9.665603,
            46.745533,
            1925.0
          ],
          [
            9.665586,
            46.745422,
            1926.0
          ],
          [
            9.665557,
            46.745366,
            1927.0
          ],
          [
            9.665496,
            46.745281,
            1929.0
          ],
          [
            9.665433,
            46.745237,
            1929.0
          ],
          [
            9.665253,
            46.745053,
            1930.0
          ],
          [
            9.665171,
            46.745004,
            1931.0
          ],
          [
            9.665055,
            46.744886,
            1931.0
          ],
          [
            9.664974,
            46.744764,
            1932.0
          ],
          [
            9.664991,
            46.744708,
            1933.0
          ],
          [
            9.66493,
            46.744603,
            1933.0
          ],
          [
            9.664875,
            46.744572,
            1933.0
          ],
          [
            9.66484,
            46.744505,
            1934.0
          ],
          [
            9.664794,
            46.744468,
            1934.0
          ],
          [
            9.664705,
            46.744425,
            1934.0
          ],
          [
            9.664641,
            46.744351,
            1935.0
          ],
          [
            9.66457,
            46.744296,
            1935.0
          ],
          [
            9.664552,
            46.744259,
            1936.0
          ],
          [
            9.664498,
            46.744222,
            1936.0
          ],
          [
            9.664381,
            46.744178,
            1936.0
          ],
          [
            9.664148,
            46.744049,
            1938.0
          ],
          [
            9.664031,
            46.743951,
            1938.0
          ],
          [
            9.663825,
            46.743742,
            1940.0
          ],
          [
            9.663645,
            46.743655,
            1941.0
          ],
          [
            9.663528,
            46.743575,
            1942.0
          ],
          [
            9.663465,
            46.743483,
            1943.0
          ],
          [
            9.663366,
            46.74339,
            1945.0
          ],
          [
            9.663294,
            46.743329,
            1945.0
          ],
          [
            9.663213,
            46.743317,
            1946.0
          ],
          [
            9.663169,
            46.74328,
            1947.0
          ],
          [
            9.663142,
            46.743206,
            1947.0
          ],
          [
            9.66306,
            46.743132,
            1948.0
          ],
          [
            9.662944,
            46.743046,
            1950.0
          ],
          [
            9.662863,
            46.742972,
            1951.0
          ],
          [
            9.662737,
            46.742892,
            1952.0
          ],
          [
            9.66271,
            46.742855,
            1952.0
          ],
          [
            9.662647,
            46.742812,
            1953.0
          ],
          [
            9.66262,
            46.742757,
            1953.0
          ],
          [
            9.66262,
            46.742646,
            1954.0
          ],
          [
            9.662603,
            46.742584,
            1955.0
          ],
          [
            9.66262,
            46.742547,
            1955.0
          ],
          [
            9.662594,
            46.742517,
            1956.0
          ],
          [
            9.66254,
            46.742504,
            1956.0
          ],
          [
            9.662423,
            46.742387,
            1957.0
          ],
          [
            9.662351,
            46.742252,
            1959.0
          ],
          [
            9.662261,
            46.742172,
            1959.0
          ],
          [
            9.662171,
            46.742128,
            1960.0
          ],
          [
            9.662064,
            46.74203,
            1961.0
          ],
          [
            9.662028,
            46.741969,
            1961.0
          ],
          [
            9.661983,
            46.741944,
            1961.0
          ],
          [
            9.661894,
            46.741882,
            1961.0
          ],
          [
            9.661785,
            46.741784,
            1962.0
          ],
          [
            9.661704,
            46.741685,
            1962.0
          ],
          [
            9.661641,
            46.741642,
            1962.0
          ],
          [
            9.661498,
            46.741531,
            1963.0
          ],
          [
            9.661408,
            46.741414,
            1963.0
          ],
          [
            9.661345,
            46.741365,
            1964.0
          ],
          [
            9.661309,
            46.741322,
            1964.0
          ],
          [
            9.661202,
            46.741255,
            1964.0
          ],
          [
            9.661112,
            46.741137,
            1965.0
          ],
          [
            9.66112,
            46.741069,
            1965.0
          ],
          [
            9.661075,
            46.740971,
            1965.0
          ],
          [
            9.661066,
            46.740897,
            1966.0
          ],
          [
            9.661022,
            46.740842,
            1966.0
          ],
          [
            9.660968,
            46.740762,
            1966.0
          ],
          [
            9.660779,
            46.740645,
            1967.0
          ],
          [
            9.660527,
            46.740528,
            1968.0
          ],
          [
            9.660393,
            46.740423,
            1968.0
          ],
          [
            9.66033,
            46.740337,
            1968.0
          ],
          [
            9.66024,
            46.740257,
            1969.0
          ],
          [
            9.660133,
            46.740196,
            1969.0
          ],
          [
            9.66006,
            46.74014,
            1969.0
          ],
          [
            9.660016,
            46.740109,
            1970.0
          ],
          [
            9.659944,
            46.740091,
            1970.0
          ],
          [
            9.659827,
            46.740048,
            1970.0
          ],
          [
            9.659674,
            46.740005,
            1971.0
          ],
          [
            9.65954,
            46.739863,
            1973.0
          ],
          [
            9.659512,
            46.739814,
            1973.0
          ],
          [
            9.659351,
            46.739685,
            1975.0
          ],
          [
            9.659324,
            46.739567,
            1976.0
          ],
          [
            9.659154,
            46.73934,
            1978.0
          ],
          [
            9.659045,
            46.73918,
            1980.0
          ],
          [
            9.658902,
            46.738958,
            1982.0
          ],
          [
            9.658848,
            46.738909,
            1983.0
          ],
          [
            9.658856,
            46.738872,
            1983.0
          ],
          [
            9.658712,
            46.738638,
            1985.0
          ],
          [
            9.658623,
            46.738588,
            1986.0
          ],
          [
            9.658552,
            46.738491,
            1987.0
          ],
          [
            9.658443,
            46.738385,
            1988.0
          ],
          [
            9.657904,
            46.737967,
            1996.0
          ],
          [
            9.657743,
            46.737874,
            1998.0
          ],
          [
            9.657617,
            46.737837,
            2000.0
          ],
          [
            9.657509,
            46.737813,
            2002.0
          ],
          [
            9.657437,
            46.73777,
            2003.0
          ],
          [
            9.657311,
            46.737746,
            2005.0
          ],
          [
            9.657213,
            46.737665,
            2008.0
          ],
          [
            9.657141,
            46.737647,
            2009.0
          ],
          [
            9.65707,
            46.737603,
            2010.0
          ],
          [
            9.65698,
            46.73756,
            2012.0
          ],
          [
            9.656988,
            46.737536,
            2012.0
          ],
          [
            9.657167,
            46.73745,
            2015.0
          ],
          [
            9.657311,
            46.737413,
            2018.0
          ],
          [
            9.65732,
            46.737388,
            2018.0
          ],
          [
            9.657294,
            46.737376,
            2019.0
          ],
          [
            9.65715,
            46.737357,
            2020.0
          ],
          [
            9.65707,
            46.737314,
            2022.0
          ],
          [
            9.656934,
            46.737228,
            2023.0
          ],
          [
            9.656854,
            46.73721,
            2024.0
          ],
          [
            9.656701,
            46.73713,
            2026.0
          ],
          [
            9.656584,
            46.73705,
            2028.0
          ],
          [
            9.656422,
            46.737025,
            2030.0
          ],
          [
            9.656332,
            46.73697,
            2031.0
          ],
          [
            9.656242,
            46.736939,
            2033.0
          ],
          [
            9.656188,
            46.736883,
            2034.0
          ],
          [
            9.656054,
            46.736828,
            2036.0
          ],
          [
            9.655982,
            46.736748,
            2038.0
          ],
          [
            9.65591,
            46.736705,
            2039.0
          ],
          [
            9.655883,
            46.736643,
            2040.0
          ],
          [
            9.655812,
            46.736588,
            2042.0
          ],
          [
            9.655739,
            46.736563,
            2043.0
          ],
          [
            9.655722,
            46.736508,
            2044.0
          ],
          [
            9.655632,
            46.736471,
            2045.0
          ],
          [
            9.655632,
            46.736434,
            2046.0
          ],
          [
            9.655632,
            46.736378,
            2047.0
          ],
          [
            9.655551,
            46.736385,
            2048.0
          ],
          [
            9.65547,
            46.736317,
            2049.0
          ],
          [
            9.655389,
            46.736206,
            2051.0
          ],
          [
            9.655263,
            46.736138,
            2053.0
          ],
          [
            9.65503,
            46.735892,
            2057.0
          ],
          [
            9.654859,
            46.73572,
            2060.0
          ],
          [
            9.654743,
            46.735664,
            2062.0
          ],
          [
            9.654581,
            46.735554,
            2065.0
          ],
          [
            9.65442,
            46.735424,
            2068.0
          ],
          [
            9.654357,
            46.735344,
            2070.0
          ],
          [
            9.654194,
            46.735234,
            2072.0
          ],
          [
            9.654015,
            46.735172,
            2074.0
          ],
          [
            9.653791,
            46.734975,
            2078.0
          ],
          [
            9.653611,
            46.734888,
            2081.0
          ],
          [
            9.653412,
            46.734772,
            2084.0
          ],
          [
            9.653179,
            46.734667,
            2087.0
          ],
          [
            9.652883,
            46.734458,
            2091.0
          ],
          [
            9.652712,
            46.734371,
            2092.0
          ],
          [
            9.652496,
            46.73431,
            2094.0
          ],
          [
            9.65238,
            46.734218,
            2095.0
          ],
          [
            9.652317,
            46.734119,
            2096.0
          ],
          [
            9.652236,
            46.734088,
            2097.0
          ],
          [
            9.652156,
            46.734058,
            2097.0
          ],
          [
            9.652093,
            46.734033,
            2098.0
          ],
          [
            9.65203,
            46.733947,
            2099.0
          ],
          [
            9.651967,
            46.733879,
            2100.0
          ],
          [
            9.651948,
            46.733799,
            2100.0
          ],
          [
            9.651841,
            46.733657,
            2103.0
          ],
          [
            9.651715,
            46.733553,
            2105.0
          ],
          [
            9.6515,
            46.733405,
            2108.0
          ],
          [
            9.651248,
            46.733257,
            2111.0
          ],
          [
            9.651175,
            46.733152,
            2114.0
          ],
          [
            9.651149,
            46.733054,
            2116.0
          ],
          [
            9.651122,
            46.732999,
            2117.0
          ],
          [
            9.651078,
            46.732974,
            2118.0
          ],
          [
            9.651051,
            46.732949,
            2118.0
          ],
          [
            9.650961,
            46.732802,
            2123.0
          ],
          [
            9.650852,
            46.732728,
            2126.0
          ],
          [
            9.650772,
            46.732721,
            2128.0
          ],
          [
            9.650718,
            46.732703,
            2129.0
          ],
          [
            9.650466,
            46.732475,
            2140.0
          ],
          [
            9.650242,
            46.732309,
            2147.0
          ],
          [
            9.650206,
            46.73226,
            2149.0
          ],
          [
            9.64999,
            46.732057,
            2156.0
          ],
          [
            9.649802,
            46.731915,
            2162.0
          ],
          [
            9.649685,
            46.731786,
            2166.0
          ],
          [
            9.649613,
            46.731742,
            2168.0
          ],
          [
            9.64955,
            46.731662,
            2170.0
          ],
          [
            9.649443,
            46.731589,
            2172.0
          ],
          [
            9.649361,
            46.731502,
            2174.0
          ],
          [
            9.64928,
            46.731441,
            2176.0
          ],
          [
            9.649263,
            46.731348,
            2178.0
          ],
          [
            9.64928,
            46.731306,
            2179.0
          ],
          [
            9.64929,
            46.731213,
            2181.0
          ],
          [
            9.649236,
            46.731163,
            2182.0
          ],
          [
            9.649056,
            46.731053,
            2187.0
          ],
          [
            9.648912,
            46.731053,
            2189.0
          ],
          [
            9.648877,
            46.73101,
            2191.0
          ],
          [
            9.648814,
            46.731022,
            2192.0
          ],
          [
            9.648778,
            46.730991,
            2193.0
          ],
          [
            9.648787,
            46.730948,
            2195.0
          ],
          [
            9.648984,
            46.730801,
            2201.0
          ],
          [
            9.648993,
            46.730763,
            2202.0
          ],
          [
            9.64885,
            46.730757,
            2205.0
          ],
          [
            9.648822,
            46.73072,
            2206.0
          ],
          [
            9.648877,
            46.730708,
            2207.0
          ],
          [
            9.648967,
            46.730616,
            2210.0
          ],
          [
            9.649038,
            46.730591,
            2212.0
          ],
          [
            9.649038,
            46.730579,
            2212.0
          ],
          [
            9.648984,
            46.730554,
            2213.0
          ],
          [
            9.648912,
            46.730554,
            2214.0
          ],
          [
            9.648885,
            46.730536,
            2215.0
          ],
          [
            9.648858,
            46.730486,
            2216.0
          ],
          [
            9.648768,
            46.730455,
            2217.0
          ],
          [
            9.648643,
            46.730443,
            2219.0
          ],
          [
            9.648499,
            46.730449,
            2222.0
          ],
          [
            9.648382,
            46.730455,
            2225.0
          ],
          [
            9.648275,
            46.730499,
            2228.0
          ],
          [
            9.648194,
            46.730517,
            2229.0
          ],
          [
            9.648131,
            46.730567,
            2231.0
          ],
          [
            9.648104,
            46.730573,
            2232.0
          ],
          [
            9.648095,
            46.730567,
            2232.0
          ],
          [
            9.648077,
            46.730517,
            2233.0
          ],
          [
            9.648049,
            46.730382,
            2237.0
          ],
          [
            9.648068,
            46.730351,
            2238.0
          ],
          [
            9.648059,
            46.730333,
            2238.0
          ],
          [
            9.648032,
            46.730326,
            2239.0
          ],
          [
            9.64787,
            46.730382,
            2240.0
          ],
          [
            9.647825,
            46.730388,
            2240.0
          ],
          [
            9.647772,
            46.730382,
            2240.0
          ],
          [
            9.647672,
            46.730351,
            2240.0
          ],
          [
            9.647556,
            46.730363,
            2240.0
          ],
          [
            9.647475,
            46.730351,
            2240.0
          ],
          [
            9.647376,
            46.730314,
            2240.0
          ],
          [
            9.647269,
            46.730394,
            2241.0
          ],
          [
            9.647116,
            46.730394,
            2242.0
          ],
          [
            9.646954,
            46.730382,
            2243.0
          ],
          [
            9.64682,
            46.7304,
            2243.0
          ],
          [
            9.646594,
            46.730376,
            2245.0
          ],
          [
            9.64646,
            46.730326,
            2246.0
          ],
          [
            9.64637,
            46.730252,
            2246.0
          ],
          [
            9.646011,
            46.730178,
            2249.0
          ],
          [
            9.645938,
            46.730135,
            2249.0
          ],
          [
            9.645849,
            46.730117,
            2250.0
          ],
          [
            9.645705,
            46.730068,
            2251.0
          ],
          [
            9.645499,
            46.730055,
            2252.0
          ],
          [
            9.645382,
            46.730031,
            2253.0
          ],
          [
            9.645265,
            46.729987,
            2254.0
          ],
          [
            9.645122,
            46.730006,
            2256.0
          ],
          [
            9.645022,
            46.729975,
            2256.0
          ],
          [
            9.644942,
            46.729938,
            2257.0
          ],
          [
            9.644789,
            46.729901,
            2258.0
          ],
          [
            9.644529,
            46.729883,
            2261.0
          ],
          [
            9.644349,
            46.729907,
            2262.0
          ],
          [
            9.644206,
            46.729975,
            2264.0
          ],
          [
            9.644026,
            46.729901,
            2265.0
          ],
          [
            9.643864,
            46.729778,
            2267.0
          ],
          [
            9.643298,
            46.729723,
            2272.0
          ],
          [
            9.642688,
            46.729612,
            2278.0
          ],
          [
            9.642453,
            46.729557,
            2281.0
          ],
          [
            9.642435,
            46.729507,
            2282.0
          ],
          [
            9.642409,
            46.729445,
            2283.0
          ],
          [
            9.642229,
            46.729384,
            2285.0
          ],
          [
            9.642093,
            46.729384,
            2287.0
          ],
          [
            9.641887,
            46.729323,
            2290.0
          ],
          [
            9.641879,
            46.729255,
            2291.0
          ],
          [
            9.641914,
            46.729181,
            2293.0
          ],
          [
            9.641896,
            46.729027,
            2297.0
          ],
          [
            9.641933,
            46.728849,
            2301.0
          ],
          [
            9.641896,
            46.72883,
            2302.0
          ],
          [
            9.641717,
            46.72883,
            2306.0
          ],
          [
            9.641617,
            46.728781,
            2308.0
          ],
          [
            9.64151,
            46.728774,
            2310.0
          ],
          [
            9.641403,
            46.728799,
            2312.0
          ],
          [
            9.641304,
            46.728793,
            2313.0
          ],
          [
            9.641196,
            46.728768,
            2315.0
          ],
          [
            9.640854,
            46.728596,
            2321.0
          ],
          [
            9.640216,
            46.728491,
            2331.0
          ],
          [
            9.639669,
            46.728442,
            2338.0
          ],
          [
            9.639237,
            46.728387,
            2344.0
          ],
          [
            9.63869,
            46.728239,
            2355.0
          ],
          [
            9.638456,
            46.728104,
            2360.0
          ],
          [
            9.638204,
            46.727925,
            2364.0
          ],
          [
            9.637333,
            46.727728,
            2374.0
          ],
          [
            9.637072,
            46.727642,
            2378.0
          ],
          [
            9.63683,
            46.727592,
            2381.0
          ],
          [
            9.636704,
            46.727617,
            2383.0
          ],
          [
            9.636489,
            46.727789,
            2390.0
          ],
          [
            9.63638,
            46.727814,
            2391.0
          ],
          [
            9.636237,
            46.727783,
            2392.0
          ],
          [
            9.635986,
            46.727808,
            2395.0
          ],
          [
            9.635761,
            46.727795,
            2397.0
          ],
          [
            9.635491,
            46.727764,
            2399.0
          ],
          [
            9.635231,
            46.727703,
            2402.0
          ],
          [
            9.634952,
            46.727721,
            2405.0
          ],
          [
            9.634764,
            46.727697,
            2407.0
          ],
          [
            9.634692,
            46.727666,
            2407.0
          ],
          [
            9.634449,
            46.727654,
            2410.0
          ],
          [
            9.634315,
            46.727673,
            2411.0
          ],
          [
            9.634082,
            46.727642,
            2412.0
          ],
          [
            9.633982,
            46.72758,
            2413.0
          ],
          [
            9.633596,
            46.727451,
            2415.0
          ],
          [
            9.633453,
            46.72742,
            2416.0
          ],
          [
            9.633191,
            46.727432,
            2418.0
          ],
          [
            9.632797,
            46.727475,
            2420.0
          ],
          [
            9.632598,
            46.727451,
            2421.0
          ],
          [
            9.632231,
            46.727469,
            2423.0
          ],
          [
            9.631988,
            46.727493,
            2425.0
          ],
          [
            9.631772,
            46.727487,
            2426.0
          ],
          [
            9.631593,
            46.727457,
            2427.0
          ],
          [
            9.631314,
            46.727389,
            2429.0
          ],
          [
            9.631063,
            46.727217,
            2430.0
          ],
          [
            9.630919,
            46.727204,
            2430.0
          ],
          [
            9.63083,
            46.727211,
            2430.0
          ],
          [
            9.630767,
            46.727211,
            2430.0
          ],
          [
            9.630568,
            46.727149,
            2430.0
          ],
          [
            9.630434,
            46.727075,
            2430.0
          ],
          [
            9.630281,
            46.72705,
            2431.0
          ],
          [
            9.629958,
            46.727131,
            2435.0
          ],
          [
            9.629796,
            46.727223,
            2437.0
          ],
          [
            9.629644,
            46.727253,
            2438.0
          ],
          [
            9.629401,
            46.727278,
            2441.0
          ],
          [
            9.629285,
            46.727327,
            2442.0
          ],
          [
            9.628826,
            46.727389,
            2447.0
          ],
          [
            9.628484,
            46.727383,
            2451.0
          ],
          [
            9.627694,
            46.727512,
            2460.0
          ],
          [
            9.626958,
            46.727549,
            2468.0
          ],
          [
            9.626499,
            46.727537,
            2476.0
          ],
          [
            9.626113,
            46.7275,
            2484.0
          ],
          [
            9.625996,
            46.727469,
            2487.0
          ],
          [
            9.625843,
            46.727457,
            2490.0
          ],
          [
            9.62569,
            46.727481,
            2492.0
          ],
          [
            9.625574,
            46.727469,
            2494.0
          ],
          [
            9.62552,
            46.727506,
            2495.0
          ],
          [
            9.62544,
            46.727586,
            2497.0
          ],
          [
            9.625413,
            46.727599,
            2498.0
          ],
          [
            9.625296,
            46.72758,
            2499.0
          ],
          [
            9.625233,
            46.72758,
            2500.0
          ],
          [
            9.625116,
            46.727605,
            2502.0
          ],
          [
            9.625044,
            46.727611,
            2503.0
          ],
          [
            9.624891,
            46.727636,
            2505.0
          ],
          [
            9.624765,
            46.727617,
            2507.0
          ],
          [
            9.624685,
            46.727629,
            2509.0
          ],
          [
            9.624577,
            46.727629,
            2510.0
          ],
          [
            9.624487,
            46.727605,
            2512.0
          ],
          [
            9.624434,
            46.727555,
            2514.0
          ],
          [
            9.624335,
            46.727493,
            2517.0
          ],
          [
            9.624308,
            46.727457,
            2518.0
          ],
          [
            9.624262,
            46.72742,
            2519.0
          ],
          [
            9.624209,
            46.727396,
            2520.0
          ],
          [
            9.624164,
            46.727383,
            2521.0
          ],
          [
            9.624074,
            46.727383,
            2522.0
          ],
          [
            9.623993,
            46.727358,
            2524.0
          ],
          [
            9.623939,
            46.727321,
            2525.0
          ],
          [
            9.62393,
            46.727297,
            2525.0
          ],
          [
            9.623939,
            46.727278,
            2526.0
          ],
          [
            9.623975,
            46.727259,
            2526.0
          ],
          [
            9.624029,
            46.727223,
            2527.0
          ],
          [
            9.624074,
            46.727192,
            2528.0
          ],
          [
            9.624209,
            46.727149,
            2531.0
          ],
          [
            9.624352,
            46.727044,
            2537.0
          ],
          [
            9.623975,
            46.72694,
            2546.0
          ],
          [
            9.623706,
            46.726822,
            2555.0
          ],
          [
            9.623535,
            46.726742,
            2562.0
          ],
          [
            9.623302,
            46.726694,
            2568.0
          ],
          [
            9.62314,
            46.726619,
            2570.0
          ],
          [
            9.623103,
            46.726589,
            2570.0
          ],
          [
            9.623032,
            46.72657,
            2570.0
          ],
          [
            9.623094,
            46.726533,
            2569.0
          ],
          [
            9.622843,
            46.726342,
            2559.0
          ],
          [
            9.622403,
            46.726065,
            2549.0
          ],
          [
            9.622295,
            46.725918,
            2544.0
          ],
          [
            9.622124,
            46.725757,
            2539.0
          ],
          [
            9.62208,
            46.725659,
            2536.0
          ],
          [
            9.621694,
            46.725487,
            2527.0
          ],
          [
            9.621568,
            46.72524,
            2519.0
          ],
          [
            9.621622,
            46.725216,
            2518.0
          ],
          [
            9.621648,
            46.725092,
            2514.0
          ],
          [
            9.621612,
            46.724982,
            2511.0
          ],
          [
            9.621666,
            46.724932,
            2510.0
          ],
          [
            9.621595,
            46.724839,
            2506.0
          ],
          [
            9.621585,
            46.72479,
            2505.0
          ],
          [
            9.621549,
            46.724754,
            2503.0
          ],
          [
            9.621451,
            46.724618,
            2498.0
          ],
          [
            9.621335,
            46.724556,
            2496.0
          ],
          [
            9.621199,
            46.724501,
            2493.0
          ],
          [
            9.621019,
            46.724322,
            2488.0
          ],
          [
            9.621002,
            46.724255,
            2486.0
          ],
          [
            9.620723,
            46.724243,
            2484.0
          ],
          [
            9.620669,
            46.724199,
            2484.0
          ],
          [
            9.620624,
            46.724162,
            2483.0
          ],
          [
            9.620597,
            46.724076,
            2483.0
          ],
          [
            9.620526,
            46.723984,
            2482.0
          ],
          [
            9.62048,
            46.723934,
            2481.0
          ],
          [
            9.620444,
            46.723639,
            2478.0
          ],
          [
            9.62049,
            46.723559,
            2476.0
          ],
          [
            9.620516,
            46.723516,
            2475.0
          ],
          [
            9.620526,
            46.723356,
            2473.0
          ],
          [
            9.620543,
            46.72322,
            2471.0
          ],
          [
            9.620606,
            46.723091,
            2468.0
          ],
          [
            9.620687,
            46.722845,
            2463.0
          ],
          [
            9.620687,
            46.722562,
            2454.0
          ],
          [
            9.620696,
            46.722432,
            2449.0
          ],
          [
            9.620723,
            46.722069,
            2435.0
          ],
          [
            9.620948,
            46.721927,
            2429.0
          ],
          [
            9.621199,
            46.721841,
            2425.0
          ],
          [
            9.621612,
            46.721884,
            2419.0
          ],
          [
            9.62199,
            46.721798,
            2417.0
          ],
          [
            9.622088,
            46.721798,
            2416.0
          ],
          [
            9.622304,
            46.721754,
            2415.0
          ],
          [
            9.622457,
            46.721748,
            2414.0
          ],
          [
            9.622843,
            46.721644,
            2411.0
          ],
          [
            9.623382,
            46.720609,
            2392.0
          ],
          [
            9.623778,
            46.720042,
            2377.0
          ],
          [
            9.626428,
            46.716951,
            2245.0
          ],
          [
            9.626814,
            46.716495,
            2234.0
          ],
          [
            9.626868,
            46.716439,
            2233.0
          ],
          [
            9.627174,
            46.716169,
            2226.0
          ],
          [
            9.627407,
            46.715861,
            2218.0
          ],
          [
            9.62764,
            46.71559,
            2210.0
          ],
          [
            9.627838,
            46.715275,
            2209.0
          ],
          [
            9.628161,
            46.715047,
            2205.0
          ],
          [
            9.628377,
            46.714881,
            2202.0
          ],
          [
            9.62853,
            46.714654,
            2198.0
          ],
          [
            9.628772,
            46.714161,
            2187.0
          ],
          [
            9.6287,
            46.713945,
            2182.0
          ],
          [
            9.62887,
            46.713687,
            2168.0
          ],
          [
            9.628925,
            46.713471,
            2159.0
          ],
          [
            9.62905,
            46.713403,
            2156.0
          ],
          [
            9.62914,
            46.713354,
            2154.0
          ],
          [
            9.629724,
            46.712775,
            2144.0
          ],
          [
            9.630398,
            46.712405,
            2138.0
          ],
          [
            9.630614,
            46.712196,
            2136.0
          ],
          [
            9.630757,
            46.712054,
            2135.0
          ],
          [
            9.630811,
            46.712005,
            2134.0
          ],
          [
            9.630866,
            46.711968,
            2134.0
          ],
          [
            9.63091,
            46.711906,
            2134.0
          ],
          [
            9.631072,
            46.711709,
            2132.0
          ],
          [
            9.631197,
            46.711642,
            2131.0
          ],
          [
            9.631279,
            46.711648,
            2130.0
          ],
          [
            9.6317,
            46.711752,
            2123.0
          ],
          [
            9.631862,
            46.71174,
            2120.0
          ],
          [
            9.632069,
            46.711611,
            2114.0
          ],
          [
            9.632006,
            46.711555,
            2112.0
          ],
          [
            9.631952,
            46.711543,
            2110.0
          ],
          [
            9.631925,
            46.711524,
            2110.0
          ],
          [
            9.631952,
            46.711506,
            2109.0
          ],
          [
            9.632105,
            46.711414,
            2105.0
          ],
          [
            9.632285,
            46.711327,
            2101.0
          ],
          [
            9.632294,
            46.711284,
            2099.0
          ],
          [
            9.632105,
            46.711229,
            2094.0
          ],
          [
            9.631969,
            46.711149,
            2089.0
          ],
          [
            9.631952,
            46.711087,
            2087.0
          ],
          [
            9.631988,
            46.711032,
            2085.0
          ],
          [
            9.632185,
            46.71089,
            2078.0
          ],
          [
            9.631952,
            46.710675,
            2069.0
          ],
          [
            9.632275,
            46.710397,
            2059.0
          ],
          [
            9.632419,
            46.710182,
            2052.0
          ],
          [
            9.632564,
            46.710003,
            2046.0
          ],
          [
            9.632564,
            46.709843,
            2040.0
          ],
          [
            9.632931,
            46.709233,
            2020.0
          ],
          [
            9.633543,
            46.707878,
            1983.0
          ],
          [
            9.633443,
            46.70749,
            1971.0
          ],
          [
            9.633524,
            46.707435,
            1969.0
          ],
          [
            9.633606,
            46.70725,
            1963.0
          ],
          [
            9.633577,
            46.706917,
            1952.0
          ],
          [
            9.63347,
            46.706264,
            1934.0
          ],
          [
            9.633434,
            46.705759,
            1918.0
          ],
          [
            9.633577,
            46.705703,
            1915.0
          ],
          [
            9.633704,
            46.705322,
            1905.0
          ],
          [
            9.633839,
            46.704939,
            1894.0
          ],
          [
            9.633956,
            46.704718,
            1887.0
          ],
          [
            9.63391,
            46.704545,
            1881.0
          ],
          [
            9.634333,
            46.703787,
            1860.0
          ],
          [
            9.634575,
            46.703455,
            1852.0
          ],
          [
            9.634656,
            46.703307,
            1849.0
          ],
          [
            9.634772,
            46.702999,
            1843.0
          ],
          [
            9.634818,
            46.702685,
            1837.0
          ],
          [
            9.634916,
            46.702494,
            1833.0
          ],
          [
            9.634998,
            46.702063,
            1828.0
          ],
          [
            9.635042,
            46.70186,
            1827.0
          ],
          [
            9.635078,
            46.70173,
            1826.0
          ],
          [
            9.635105,
            46.701564,
            1825.0
          ],
          [
            9.635114,
            46.701348,
            1823.0
          ],
          [
            9.635132,
            46.701225,
            1822.0
          ],
          [
            9.635177,
            46.701071,
            1821.0
          ],
          [
            9.635195,
            46.700942,
            1820.0
          ],
          [
            9.635258,
            46.700837,
            1819.0
          ],
          [
            9.635302,
            46.70064,
            1817.0
          ],
          [
            9.635411,
            46.700418,
            1814.0
          ],
          [
            9.635455,
            46.700344,
            1814.0
          ],
          [
            9.635482,
            46.700227,
            1812.0
          ],
          [
            9.635527,
            46.700116,
            1811.0
          ],
          [
            9.63559,
            46.699999,
            1810.0
          ],
          [
            9.635644,
            46.699839,
            1807.0
          ],
          [
            9.63568,
            46.699703,
            1805.0
          ],
          [
            9.63594,
            46.699605,
            1801.0
          ],
          [
            9.636048,
            46.699574,
            1800.0
          ],
          [
            9.636256,
            46.699574,
            1797.0
          ],
          [
            9.636354,
            46.699543,
            1796.0
          ],
          [
            9.636434,
            46.699475,
            1794.0
          ],
          [
            9.636489,
            46.699371,
            1792.0
          ],
          [
            9.636569,
            46.699216,
            1789.0
          ],
          [
            9.636633,
            46.6991,
            1786.0
          ],
          [
            9.636677,
            46.698933,
            1782.0
          ],
          [
            9.636686,
            46.698754,
            1779.0
          ],
          [
            9.636686,
            46.698644,
            1777.0
          ],
          [
            9.636686,
            46.69857,
            1776.0
          ],
          [
            9.636713,
            46.698428,
            1773.0
          ],
          [
            9.636839,
            46.698304,
            1771.0
          ],
          [
            9.636902,
            46.698194,
            1768.0
          ],
          [
            9.636883,
            46.698009,
            1764.0
          ],
          [
            9.636875,
            46.69772,
            1757.0
          ],
          [
            9.636776,
            46.697455,
            1752.0
          ],
          [
            9.636759,
            46.697343,
            1750.0
          ],
          [
            9.636713,
            46.697189,
            1748.0
          ],
          [
            9.636677,
            46.69703,
            1746.0
          ],
          [
            9.63665,
            46.696869,
            1745.0
          ],
          [
            9.636614,
            46.696703,
            1743.0
          ],
          [
            9.636642,
            46.696543,
            1741.0
          ],
          [
            9.636677,
            46.696407,
            1739.0
          ],
          [
            9.636785,
            46.696321,
            1737.0
          ],
          [
            9.63691,
            46.696278,
            1735.0
          ],
          [
            9.637099,
            46.696234,
            1732.0
          ],
          [
            9.637333,
            46.696173,
            1728.0
          ],
          [
            9.637594,
            46.696087,
            1724.0
          ],
          [
            9.637728,
            46.696068,
            1723.0
          ],
          [
            9.637988,
            46.696074,
            1720.0
          ],
          [
            9.638114,
            46.696105,
            1720.0
          ],
          [
            9.638375,
            46.696173,
            1718.0
          ],
          [
            9.639076,
            46.696247,
            1715.0
          ],
          [
            9.639229,
            46.696247,
            1714.0
          ],
          [
            9.639363,
            46.696228,
            1713.0
          ],
          [
            9.639525,
            46.696253,
            1713.0
          ],
          [
            9.639822,
            46.696271,
            1711.0
          ],
          [
            9.63992,
            46.696259,
            1711.0
          ],
          [
            9.640046,
            46.696278,
            1710.0
          ],
          [
            9.640235,
            46.696228,
            1707.0
          ],
          [
            9.640351,
            46.696136,
            1704.0
          ],
          [
            9.640468,
            46.696062,
            1702.0
          ],
          [
            9.640657,
            46.695945,
            1698.0
          ],
          [
            9.640657,
            46.695945,
            1698.0
          ],
          [
            9.640728,
            46.695902,
            1696.0
          ],
          [
            9.640801,
            46.695859,
            1694.0
          ],
          [
            9.640728,
            46.695803,
            1693.0
          ],
          [
            9.640675,
            46.695741,
            1692.0
          ],
          [
            9.640575,
            46.695693,
            1691.0
          ],
          [
            9.640522,
            46.695662,
            1691.0
          ],
          [
            9.640424,
            46.695544,
            1689.0
          ],
          [
            9.640378,
            46.695514,
            1688.0
          ],
          [
            9.640298,
            46.695477,
            1688.0
          ],
          [
            9.639795,
            46.695304,
            1683.0
          ],
          [
            9.639084,
            46.695064,
            1677.0
          ],
          [
            9.63903,
            46.695051,
            1677.0
          ],
          [
            9.638967,
            46.695051,
            1677.0
          ],
          [
            9.638797,
            46.695051,
            1676.0
          ],
          [
            9.638726,
            46.695051,
            1675.0
          ],
          [
            9.638663,
            46.695045,
            1675.0
          ],
          [
            9.6386,
            46.695033,
            1674.0
          ],
          [
            9.638501,
            46.695003,
            1674.0
          ],
          [
            9.638375,
            46.694953,
            1673.0
          ],
          [
            9.638304,
            46.694922,
            1672.0
          ],
          [
            9.638258,
            46.694891,
            1672.0
          ],
          [
            9.638231,
            46.69486,
            1672.0
          ],
          [
            9.638214,
            46.69483,
            1671.0
          ],
          [
            9.638214,
            46.694799,
            1671.0
          ],
          [
            9.638231,
            46.694768,
            1671.0
          ],
          [
            9.63825,
            46.694744,
            1670.0
          ],
          [
            9.638304,
            46.694719,
            1670.0
          ],
          [
            9.638627,
            46.694583,
            1667.0
          ],
          [
            9.638833,
            46.694503,
            1664.0
          ],
          [
            9.638932,
            46.69446,
            1663.0
          ],
          [
            9.638977,
            46.694429,
            1663.0
          ],
          [
            9.639013,
            46.694392,
            1662.0
          ],
          [
            9.63904,
            46.694343,
            1661.0
          ],
          [
            9.639049,
            46.694275,
            1661.0
          ],
          [
            9.63904,
            46.693283,
            1648.0
          ],
          [
            9.639057,
            46.693252,
            1648.0
          ],
          [
            9.639084,
            46.693228,
            1647.0
          ],
          [
            9.63913,
            46.693203,
            1647.0
          ],
          [
            9.639193,
            46.693185,
            1646.0
          ],
          [
            9.63948,
            46.693129,
            1644.0
          ],
          [
            9.639678,
            46.69308,
            1642.0
          ],
          [
            9.639795,
            46.693018,
            1641.0
          ],
          [
            9.639875,
            46.692969,
            1640.0
          ],
          [
            9.639929,
            46.692901,
            1638.0
          ],
          [
            9.640019,
            46.692778,
            1637.0
          ],
          [
            9.64072,
            46.69178,
            1622.0
          ],
          [
            9.640764,
            46.691724,
            1621.0
          ],
          [
            9.640827,
            46.691675,
            1620.0
          ],
          [
            9.641025,
            46.691428,
            1617.0
          ],
          [
            9.641357,
            46.691071,
            1611.0
          ],
          [
            9.641636,
            46.690843,
            1607.0
          ],
          [
            9.642076,
            46.690702,
            1601.0
          ],
          [
            9.642598,
            46.69043,
            1592.0
          ],
          [
            9.642696,
            46.690399,
            1591.0
          ],
          [
            9.642785,
            46.690399,
            1590.0
          ],
          [
            9.642866,
            46.690424,
            1588.0
          ],
          [
            9.642975,
            46.690523,
            1586.0
          ],
          [
            9.643028,
            46.690553,
            1585.0
          ],
          [
            9.643082,
            46.690559,
            1585.0
          ],
          [
            9.643136,
            46.690541,
            1584.0
          ],
          [
            9.643154,
            46.690529,
            1584.0
          ],
          [
            9.643164,
            46.690504,
            1583.0
          ],
          [
            9.643154,
            46.69048,
            1583.0
          ],
          [
            9.643019,
            46.690331,
            1580.0
          ],
          [
            9.642866,
            46.690227,
            1577.0
          ],
          [
            9.642741,
            46.690079,
            1574.0
          ],
          [
            9.642625,
            46.689605,
            1566.0
          ],
          [
            9.642543,
            46.68934,
            1561.0
          ],
          [
            9.642489,
            46.689272,
            1560.0
          ],
          [
            9.642382,
            46.689247,
            1559.0
          ],
          [
            9.642103,
            46.689198,
            1556.0
          ],
          [
            9.641762,
            46.689241,
            1553.0
          ],
          [
            9.641573,
            46.689247,
            1552.0
          ],
          [
            9.641241,
            46.689204,
            1549.0
          ],
          [
            9.640791,
            46.689112,
            1543.0
          ],
          [
            9.640665,
            46.689143,
            1541.0
          ],
          [
            9.640172,
            46.689518,
            1534.0
          ],
          [
            9.640109,
            46.689549,
            1533.0
          ],
          [
            9.640009,
            46.689549,
            1532.0
          ],
          [
            9.639929,
            46.689518,
            1531.0
          ],
          [
            9.639776,
            46.689358,
            1528.0
          ],
          [
            9.639669,
            46.689167,
            1525.0
          ],
          [
            9.639309,
            46.688643,
            1516.0
          ],
          [
            9.639336,
            46.68831,
            1511.0
          ],
          [
            9.6393,
            46.688249,
            1510.0
          ],
          [
            9.639219,
            46.688194,
            1509.0
          ],
          [
            9.638869,
            46.688119,
            1505.0
          ],
          [
            9.63878,
            46.688076,
            1504.0
          ],
          [
            9.638608,
            46.687873,
            1501.0
          ],
          [
            9.6386,
            46.6877,
            1498.0
          ],
          [
            9.63851,
            46.687516,
            1495.0
          ],
          [
            9.638321,
            46.687362,
            1491.0
          ],
          [
            9.638222,
            46.687238,
            1489.0
          ],
          [
            9.638088,
            46.686881,
            1484.0
          ],
          [
            9.63798,
            46.686764,
            1483.0
          ],
          [
            9.637791,
            46.686628,
            1480.0
          ],
          [
            9.637675,
            46.686438,
            1477.0
          ],
          [
            9.637558,
            46.686382,
            1475.0
          ],
          [
            9.637216,
            46.68624,
            1470.0
          ],
          [
            9.637135,
            46.686216,
            1469.0
          ],
          [
            9.637099,
            46.686172,
            1469.0
          ],
          [
            9.63709,
            46.686141,
            1468.0
          ],
          [
            9.637099,
            46.686092,
            1468.0
          ],
          [
            9.63718,
            46.686061,
            1467.0
          ],
          [
            9.637252,
            46.686073,
            1466.0
          ],
          [
            9.637612,
            46.686191,
            1463.0
          ],
          [
            9.637746,
            46.68621,
            1462.0
          ],
          [
            9.637908,
            46.68621,
            1460.0
          ],
          [
            9.637998,
            46.686228,
            1459.0
          ],
          [
            9.638195,
            46.686363,
            1457.0
          ],
          [
            9.638348,
            46.686413,
            1455.0
          ],
          [
            9.638464,
            46.686462,
            1454.0
          ],
          [
            9.639093,
            46.686801,
            1447.0
          ],
          [
            9.63921,
            46.686832,
            1446.0
          ],
          [
            9.639336,
            46.686838,
            1445.0
          ],
          [
            9.63939,
            46.686832,
            1444.0
          ],
          [
            9.63948,
            46.686813,
            1443.0
          ],
          [
            9.639543,
            46.686776,
            1443.0
          ],
          [
            9.63957,
            46.686751,
            1442.0
          ],
          [
            9.63957,
            46.686721,
            1442.0
          ],
          [
            9.63957,
            46.686672,
            1441.0
          ],
          [
            9.63956,
            46.686622,
            1441.0
          ],
          [
            9.639336,
            46.68621,
            1434.0
          ],
          [
            9.639309,
            46.686055,
            1432.0
          ],
          [
            9.6393,
            46.685938,
            1431.0
          ],
          [
            9.639264,
            46.68592,
            1430.0
          ],
          [
            9.639256,
            46.685901,
            1430.0
          ],
          [
            9.639256,
            46.68587,
            1430.0
          ],
          [
            9.639264,
            46.685827,
            1430.0
          ],
          [
            9.639309,
            46.68571,
            1428.0
          ],
          [
            9.639336,
            46.685661,
            1427.0
          ],
          [
            9.639336,
            46.685605,
            1427.0
          ],
          [
            9.639336,
            46.685556,
            1426.0
          ],
          [
            9.639319,
            46.685445,
            1425.0
          ],
          [
            9.639309,
            46.685377,
            1424.0
          ],
          [
            9.639336,
            46.6851,
            1420.0
          ],
          [
            9.639336,
            46.684989,
            1419.0
          ],
          [
            9.639327,
            46.684872,
            1418.0
          ],
          [
            9.639319,
            46.684761,
            1416.0
          ],
          [
            9.639256,
            46.684496,
            1413.0
          ],
          [
            9.639246,
            46.684404,
            1412.0
          ],
          [
            9.639256,
            46.684336,
            1411.0
          ],
          [
            9.639264,
            46.68428,
            1411.0
          ],
          [
            9.639283,
            46.684219,
            1410.0
          ],
          [
            9.639309,
            46.684176,
            1409.0
          ],
          [
            9.639606,
            46.683794,
            1405.0
          ],
          [
            9.639732,
            46.683645,
            1403.0
          ],
          [
            9.639768,
            46.683609,
            1402.0
          ],
          [
            9.639822,
            46.683566,
            1401.0
          ],
          [
            9.639912,
            46.683516,
            1401.0
          ],
          [
            9.639938,
            46.683492,
            1400.0
          ],
          [
            9.639975,
            46.683461,
            1400.0
          ],
          [
            9.639983,
            46.683424,
            1399.0
          ],
          [
            9.639975,
            46.683399,
            1399.0
          ],
          [
            9.639948,
            46.683374,
            1399.0
          ],
          [
            9.639912,
            46.683362,
            1398.0
          ],
          [
            9.639875,
            46.683356,
            1398.0
          ],
          [
            9.63983,
            46.683362,
            1398.0
          ],
          [
            9.639795,
            46.683387,
            1397.0
          ],
          [
            9.639678,
            46.683479,
            1396.0
          ],
          [
            9.63957,
            46.683584,
            1394.0
          ],
          [
            9.63948,
            46.683664,
            1393.0
          ],
          [
            9.639336,
            46.683775,
            1391.0
          ],
          [
            9.639273,
            46.683812,
            1390.0
          ],
          [
            9.639174,
            46.683873,
            1389.0
          ],
          [
            9.639093,
            46.683923,
            1388.0
          ],
          [
            9.639004,
            46.683991,
            1387.0
          ],
          [
            9.638923,
            46.684083,
            1385.0
          ],
          [
            9.638788,
            46.684244,
            1383.0
          ],
          [
            9.638753,
            46.684286,
            1382.0
          ],
          [
            9.638726,
            46.684323,
            1381.0
          ],
          [
            9.63869,
            46.684342,
            1381.0
          ],
          [
            9.638654,
            46.684348,
            1381.0
          ],
          [
            9.638608,
            46.684348,
            1380.0
          ],
          [
            9.638573,
            46.684336,
            1380.0
          ],
          [
            9.638546,
            46.684317,
            1380.0
          ],
          [
            9.638527,
            46.684286,
            1379.0
          ],
          [
            9.638527,
            46.68425,
            1379.0
          ],
          [
            9.638546,
            46.684207,
            1378.0
          ],
          [
            9.638627,
            46.684071,
            1376.0
          ],
          [
            9.638753,
            46.683873,
            1373.0
          ],
          [
            9.638896,
            46.683627,
            1369.0
          ],
          [
            9.639103,
            46.683239,
            1362.0
          ],
          [
            9.639273,
            46.682967,
            1357.0
          ],
          [
            9.639435,
            46.682733,
            1353.0
          ],
          [
            9.639525,
            46.682635,
            1351.0
          ],
          [
            9.639606,
            46.682561,
            1349.0
          ],
          [
            9.639659,
            46.682511,
            1348.0
          ],
          [
            9.63974,
            46.682457,
            1347.0
          ],
          [
            9.639803,
            46.682426,
            1346.0
          ],
          [
            9.639893,
            46.682382,
            1345.0
          ],
          [
            9.640001,
            46.682345,
            1344.0
          ],
          [
            9.640091,
            46.682327,
            1343.0
          ],
          [
            9.640181,
            46.682327,
            1342.0
          ],
          [
            9.640334,
            46.68232,
            1340.0
          ],
          [
            9.640396,
            46.682308,
            1340.0
          ],
          [
            9.640432,
            46.682296,
            1339.0
          ],
          [
            9.640459,
            46.682271,
            1338.0
          ],
          [
            9.640477,
            46.682247,
            1338.0
          ],
          [
            9.640468,
            46.682222,
            1337.0
          ],
          [
            9.640459,
            46.682198,
            1337.0
          ],
          [
            9.640441,
            46.682173,
            1336.0
          ],
          [
            9.640405,
            46.682154,
            1336.0
          ],
          [
            9.640342,
            46.682129,
            1335.0
          ],
          [
            9.640279,
            46.682111,
            1334.0
          ],
          [
            9.640181,
            46.682092,
            1333.0
          ],
          [
            9.640064,
            46.68208,
            1331.0
          ],
          [
            9.639965,
            46.682074,
            1330.0
          ],
          [
            9.639588,
            46.682092,
            1326.0
          ],
          [
            9.63948,
            46.682117,
            1325.0
          ],
          [
            9.6393,
            46.682167,
            1323.0
          ],
          [
            9.639264,
            46.682173,
            1323.0
          ],
          [
            9.639219,
            46.682173,
            1322.0
          ],
          [
            9.639183,
            46.682167,
            1322.0
          ],
          [
            9.639147,
            46.682154,
            1321.0
          ],
          [
            9.639112,
            46.682129,
            1321.0
          ],
          [
            9.639103,
            46.682105,
            1320.0
          ],
          [
            9.639057,
            46.681988,
            1318.0
          ],
          [
            9.63904,
            46.681963,
            1318.0
          ],
          [
            9.639004,
            46.681939,
            1317.0
          ],
          [
            9.638923,
            46.681895,
            1316.0
          ],
          [
            9.638788,
            46.681834,
            1313.0
          ],
          [
            9.638698,
            46.681809,
            1312.0
          ],
          [
            9.638447,
            46.681748,
            1309.0
          ],
          [
            9.638258,
            46.681711,
            1307.0
          ],
          [
            9.638124,
            46.681673,
            1306.0
          ],
          [
            9.63807,
            46.681661,
            1305.0
          ],
          [
            9.638015,
            46.681661,
            1304.0
          ],
          [
            9.63798,
            46.681661,
            1304.0
          ],
          [
            9.637952,
            46.681655,
            1304.0
          ],
          [
            9.637908,
            46.681636,
            1303.0
          ],
          [
            9.637881,
            46.681618,
            1303.0
          ],
          [
            9.637872,
            46.681594,
            1303.0
          ],
          [
            9.637872,
            46.681575,
            1302.0
          ],
          [
            9.637881,
            46.681551,
            1302.0
          ],
          [
            9.637899,
            46.681526,
            1302.0
          ],
          [
            9.637917,
            46.681513,
            1301.0
          ],
          [
            9.637952,
            46.681507,
            1301.0
          ],
          [
            9.638015,
            46.681507,
            1300.0
          ],
          [
            9.638312,
            46.681526,
            1297.0
          ],
          [
            9.638564,
            46.681538,
            1295.0
          ],
          [
            9.63895,
            46.68152,
            1291.0
          ],
          [
            9.639076,
            46.681513,
            1290.0
          ],
          [
            9.63912,
            46.681507,
            1289.0
          ],
          [
            9.639246,
            46.681458,
            1288.0
          ],
          [
            9.63948,
            46.681372,
            1285.0
          ],
          [
            9.640055,
            46.681285,
            1279.0
          ],
          [
            9.640172,
            46.681254,
            1278.0
          ],
          [
            9.640288,
            46.681217,
            1277.0
          ],
          [
            9.640612,
            46.681088,
            1274.0
          ],
          [
            9.64072,
            46.681057,
            1273.0
          ],
          [
            9.640827,
            46.681051,
            1272.0
          ],
          [
            9.640944,
            46.681082,
            1271.0
          ],
          [
            9.64108,
            46.68115,
            1269.0
          ],
          [
            9.641151,
            46.681186,
            1268.0
          ],
          [
            9.641241,
            46.681211,
            1267.0
          ],
          [
            9.641348,
            46.681211,
            1266.0
          ],
          [
            9.641411,
            46.681199,
            1265.0
          ],
          [
            9.641493,
            46.68118,
            1264.0
          ],
          [
            9.641707,
            46.681101,
            1262.0
          ],
          [
            9.641816,
            46.681082,
            1261.0
          ],
          [
            9.641942,
            46.681076,
            1259.0
          ],
          [
            9.642032,
            46.681088,
            1258.0
          ],
          [
            9.642183,
            46.681125,
            1257.0
          ],
          [
            9.642328,
            46.681138,
            1255.0
          ],
          [
            9.642472,
            46.681131,
            1254.0
          ],
          [
            9.642579,
            46.681107,
            1252.0
          ],
          [
            9.642669,
            46.681076,
            1251.0
          ],
          [
            9.642839,
            46.680946,
            1249.0
          ],
          [
            9.642956,
            46.680891,
            1247.0
          ],
          [
            9.643074,
            46.680854,
            1246.0
          ],
          [
            9.643351,
            46.680811,
            1243.0
          ],
          [
            9.643504,
            46.680774,
            1242.0
          ],
          [
            9.643585,
            46.680743,
            1241.0
          ],
          [
            9.643667,
            46.6807,
            1240.0
          ],
          [
            9.643747,
            46.680632,
            1238.0
          ],
          [
            9.643621,
            46.68062,
            1237.0
          ],
          [
            9.643424,
            46.680632,
            1236.0
          ],
          [
            9.642858,
            46.68062,
            1231.0
          ],
          [
            9.642812,
            46.680607,
            1230.0
          ],
          [
            9.642785,
            46.680583,
            1230.0
          ],
          [
            9.642776,
            46.680558,
            1229.0
          ],
          [
            9.642785,
            46.680533,
            1229.0
          ],
          [
            9.642812,
            46.680509,
            1228.0
          ],
          [
            9.643074,
            46.680355,
            1223.0
          ],
          [
            9.643254,
            46.680275,
            1220.0
          ],
          [
            9.643315,
            46.680232,
            1220.0
          ],
          [
            9.643424,
            46.680164,
            1218.0
          ],
          [
            9.64381,
            46.680071,
            1215.0
          ],
          [
            9.64408,
            46.679966,
            1213.0
          ],
          [
            9.64433,
            46.679874,
            1211.0
          ],
          [
            9.644384,
            46.679843,
            1210.0
          ],
          [
            9.644384,
            46.679843,
            1210.0
          ],
          [
            9.644592,
            46.679732,
            1208.0
          ],
          [
            9.644672,
            46.679683,
            1206.0
          ],
          [
            9.644833,
            46.679621,
            1205.0
          ],
          [
            9.644996,
            46.679541,
            1202.0
          ],
          [
            9.645212,
            46.679442,
            1200.0
          ],
          [
            9.645472,
            46.679369,
            1198.0
          ],
          [
            9.645732,
            46.679276,
            1195.0
          ],
          [
            9.646082,
            46.679147,
            1192.0
          ],
          [
            9.646361,
            46.679048,
            1190.0
          ],
          [
            9.646531,
            46.67898,
            1189.0
          ],
          [
            9.647053,
            46.67877,
            1184.0
          ],
          [
            9.647196,
            46.678709,
            1183.0
          ],
          [
            9.64716,
            46.678703,
            1183.0
          ],
          [
            9.647187,
            46.678654,
            1181.0
          ],
          [
            9.64725,
            46.678592,
            1180.0
          ],
          [
            9.647412,
            46.678395,
            1178.0
          ],
          [
            9.647573,
            46.678204,
            1176.0
          ],
          [
            9.647762,
            46.678025,
            1173.0
          ],
          [
            9.647925,
            46.677859,
            1172.0
          ],
          [
            9.647969,
            46.677816,
            1171.0
          ],
          [
            9.648059,
            46.677717,
            1170.0
          ],
          [
            9.648086,
            46.677698,
            1170.0
          ],
          [
            9.648221,
            46.677594,
            1168.0
          ],
          [
            9.648311,
            46.677489,
            1166.0
          ],
          [
            9.648517,
            46.677347,
            1163.0
          ],
          [
            9.648661,
            46.677242,
            1161.0
          ],
          [
            9.648822,
            46.677101,
            1159.0
          ],
          [
            9.648904,
            46.67702,
            1157.0
          ],
          [
            9.649101,
            46.676798,
            1154.0
          ],
          [
            9.649271,
            46.6767,
            1153.0
          ],
          [
            9.649397,
            46.676638,
            1153.0
          ],
          [
            9.649523,
            46.676607,
            1152.0
          ],
          [
            9.649667,
            46.676589,
            1152.0
          ],
          [
            9.649856,
            46.67657,
            1151.0
          ],
          [
            9.650664,
            46.67654,
            1149.0
          ],
          [
            9.650888,
            46.676509,
            1149.0
          ],
          [
            9.651078,
            46.676453,
            1148.0
          ],
          [
            9.651491,
            46.676287,
            1148.0
          ],
          [
            9.651625,
            46.676207,
            1147.0
          ],
          [
            9.65203,
            46.675923,
            1146.0
          ],
          [
            9.6522,
            46.67585,
            1146.0
          ],
          [
            9.652407,
            46.675812,
            1145.0
          ],
          [
            9.652613,
            46.675794,
            1145.0
          ],
          [
            9.652928,
            46.675788,
            1144.0
          ],
          [
            9.653278,
            46.675806,
            1144.0
          ],
          [
            9.653565,
            46.675843,
            1143.0
          ],
          [
            9.653799,
            46.675892,
            1143.0
          ],
          [
            9.654194,
            46.676047,
            1142.0
          ],
          [
            9.654347,
            46.676145,
            1141.0
          ],
          [
            9.654904,
            46.676737,
            1138.0
          ],
          [
            9.65503,
            46.676891,
            1137.0
          ],
          [
            9.655129,
            46.676959,
            1137.0
          ],
          [
            9.655219,
            46.676996,
            1136.0
          ],
          [
            9.655344,
            46.677008,
            1136.0
          ],
          [
            9.655676,
            46.676989,
            1134.0
          ],
          [
            9.656028,
            46.676897,
            1132.0
          ],
          [
            9.656198,
            46.676897,
            1131.0
          ],
          [
            9.65715,
            46.676989,
            1127.0
          ],
          [
            9.657303,
            46.676996,
            1126.0
          ],
          [
            9.657509,
            46.676996,
            1125.0
          ],
          [
            9.658372,
            46.676953,
            1120.0
          ],
          [
            9.659341,
            46.677026,
            1113.0
          ],
          [
            9.659809,
            46.677014,
            1109.0
          ],
          [
            9.661318,
            46.676903,
            1095.0
          ],
          [
            9.662557,
            46.67657,
            1085.0
          ],
          [
            9.66271,
            46.67657,
            1084.0
          ],
          [
            9.662818,
            46.67662,
            1083.0
          ],
          [
            9.662899,
            46.676712,
            1082.0
          ],
          [
            9.663115,
            46.677156,
            1077.0
          ],
          [
            9.663366,
            46.677612,
            1072.0
          ],
          [
            9.663815,
            46.678007,
            1067.0
          ],
          [
            9.663959,
            46.678198,
            1065.0
          ],
          [
            9.664211,
            46.67821,
            1060.0
          ],
          [
            9.665028,
            46.67845,
            1053.0
          ],
          [
            9.665154,
            46.678536,
            1052.0
          ],
          [
            9.665226,
            46.678573,
            1051.0
          ],
          [
            9.665288,
            46.678592,
            1051.0
          ],
          [
            9.66536,
            46.678592,
            1050.0
          ],
          [
            9.665406,
            46.678561,
            1049.0
          ],
          [
            9.66545,
            46.678179,
            1039.0
          ],
          [
            9.66546,
            46.678111,
            1038.0
          ],
          [
            9.665496,
            46.678074,
            1037.0
          ],
          [
            9.665612,
            46.678019,
            1036.0
          ],
          [
            9.665684,
            46.678007,
            1035.0
          ],
          [
            9.665765,
            46.678013,
            1034.0
          ],
          [
            9.665926,
            46.678074,
            1032.0
          ],
          [
            9.666142,
            46.678173,
            1029.0
          ],
          [
            9.666249,
            46.678093,
            1027.0
          ],
          [
            9.666349,
            46.67805,
            1026.0
          ],
          [
            9.666456,
            46.678007,
            1025.0
          ],
          [
            9.666555,
            46.677988,
            1024.0
          ],
          [
            9.666932,
            46.677957,
            1020.0
          ],
          [
            9.667328,
            46.677945,
            1017.0
          ],
          [
            9.667615,
            46.677889,
            1015.0
          ],
          [
            9.66775,
            46.677877,
            1014.0
          ],
          [
            9.667957,
            46.677852,
            1013.0
          ],
          [
            9.668047,
            46.677852,
            1012.0
          ],
          [
            9.668146,
            46.677859,
            1012.0
          ],
          [
            9.668433,
            46.677871,
            1010.0
          ],
          [
            9.668532,
            46.677871,
            1008.0
          ],
          [
            9.668603,
            46.677865,
            1007.0
          ],
          [
            9.668792,
            46.677852,
            1005.0
          ],
          [
            9.669026,
            46.677865,
            1003.0
          ],
          [
            9.66907,
            46.677865,
            1003.0
          ],
          [
            9.669106,
            46.677859,
            1003.0
          ],
          [
            9.669133,
            46.677834,
            1002.0
          ],
          [
            9.669142,
            46.677754,
            1001.0
          ],
          [
            9.66916,
            46.677661,
            1000.0
          ],
          [
            9.669196,
            46.677588,
            999.0
          ],
          [
            9.669421,
            46.677119,
            995.0
          ],
          [
            9.669708,
            46.676897,
            992.0
          ],
          [
            9.669933,
            46.676657,
            990.0
          ],
          [
            9.670068,
            46.67654,
            989.0
          ],
          [
            9.670077,
            46.676521,
            989.0
          ],
          [
            9.670077,
            46.676509,
            989.0
          ],
          [
            9.670131,
            46.676453,
            989.0
          ],
          [
            9.670175,
            46.676416,
            989.0
          ],
          [
            9.67023,
            46.676379,
            989.0
          ],
          [
            9.670257,
            46.676373,
            989.0
          ],
          [
            9.670283,
            46.676361,
            990.0
          ],
          [
            9.67049,
            46.676324,
            988.0
          ],
          [
            9.670517,
            46.676312,
            987.0
          ],
          [
            9.670534,
            46.676299,
            986.0
          ],
          [
            9.670544,
            46.676281,
            986.0
          ],
          [
            9.670553,
            46.676262,
            985.0
          ],
          [
            9.670553,
            46.676231,
            984.0
          ],
          [
            9.670544,
            46.676219,
            983.0
          ],
          [
            9.670526,
            46.676201,
            983.0
          ],
          [
            9.67049,
            46.67617,
            983.0
          ],
          [
            9.670381,
            46.676072,
            983.0
          ],
          [
            9.670301,
            46.675985,
            982.0
          ],
          [
            9.670238,
            46.675917,
            982.0
          ],
          [
            9.670211,
            46.675874,
            982.0
          ],
          [
            9.670194,
            46.675825,
            982.0
          ],
          [
            9.670184,
            46.675788,
            981.0
          ],
          [
            9.670184,
            46.675769,
            981.0
          ],
          [
            9.670194,
            46.675744,
            981.0
          ],
          [
            9.670202,
            46.675726,
            981.0
          ],
          [
            9.67022,
            46.675707,
            981.0
          ],
          [
            9.670247,
            46.675689,
            981.0
          ],
          [
            9.670283,
            46.675683,
            981.0
          ],
          [
            9.67032,
            46.675677,
            981.0
          ],
          [
            9.670697,
            46.675664,
            980.0
          ],
          [
            9.670741,
            46.675658,
            980.0
          ],
          [
            9.670777,
            46.675652,
            980.0
          ],
          [
            9.670813,
            46.675634,
            979.0
          ],
          [
            9.67084,
            46.675615,
            979.0
          ],
          [
            9.670849,
            46.675591,
            979.0
          ],
          [
            9.670857,
            46.67556,
            979.0
          ],
          [
            9.670876,
            46.675491,
            979.0
          ],
          [
            9.670894,
            46.675381,
            979.0
          ],
          [
            9.670966,
            46.67543,
            980.0
          ],
          [
            9.671173,
            46.67543,
            980.0
          ],
          [
            9.671478,
            46.67543,
            980.0
          ],
          [
            9.671693,
            46.67543,
            980.0
          ],
          [
            9.671748,
            46.675424,
            980.0
          ],
          [
            9.67181,
            46.675412,
            980.0
          ],
          [
            9.671891,
            46.675387,
            980.0
          ],
          [
            9.671955,
            46.675375,
            980.0
          ],
          [
            9.672008,
            46.675356,
            980.0
          ],
          [
            9.672035,
            46.675338,
            980.0
          ],
          [
            9.672052,
            46.675307,
            980.0
          ],
          [
            9.672044,
            46.675233,
            980.0
          ],
          [
            9.672089,
            46.675147,
            980.0
          ],
          [
            9.672134,
            46.67506,
            981.0
          ],
          [
            9.672439,
            46.675023,
            984.0
          ],
          [
            9.672484,
            46.674968,
            985.0
          ],
          [
            9.672376,
            46.674598,
            991.0
          ],
          [
            9.672592,
            46.674142,
            997.0
          ],
          [
            9.672574,
            46.673951,
            1000.0
          ],
          [
            9.672645,
            46.673735,
            1002.0
          ],
          [
            9.672673,
            46.673674,
            1003.0
          ],
          [
            9.672735,
            46.673637,
            1003.0
          ],
          [
            9.672844,
            46.673612,
            1004.0
          ],
          [
            9.673508,
            46.673606,
            1008.0
          ],
          [
            9.673805,
            46.673631,
            1011.0
          ],
          [
            9.674182,
            46.673631,
            1015.0
          ],
          [
            9.674326,
            46.673661,
            1016.0
          ],
          [
            9.674488,
            46.673735,
            1018.0
          ],
          [
            9.674918,
            46.673803,
            1023.0
          ],
          [
            9.675314,
            46.673865,
            1027.0
          ],
          [
            9.675457,
            46.673865,
            1028.0
          ],
          [
            9.675628,
            46.673828,
            1030.0
          ],
          [
            9.676427,
            46.673606,
            1036.0
          ],
          [
            9.676752,
            46.673544,
            1039.0
          ],
          [
            9.677146,
            46.673513,
            1044.0
          ],
          [
            9.677318,
            46.673513,
            1047.0
          ],
          [
            9.677505,
            46.673544,
            1050.0
          ],
          [
            9.677721,
            46.673507,
            1053.0
          ],
          [
            9.677901,
            46.673452,
            1055.0
          ],
          [
            9.678008,
            46.673378,
            1057.0
          ],
          [
            9.678063,
            46.673347,
            1057.0
          ],
          [
            9.678117,
            46.673334,
            1058.0
          ],
          [
            9.678188,
            46.673316,
            1059.0
          ],
          [
            9.678242,
            46.673316,
            1060.0
          ],
          [
            9.678323,
            46.67334,
            1060.0
          ],
          [
            9.678511,
            46.673446,
            1061.0
          ],
          [
            9.678601,
            46.673476,
            1061.0
          ],
          [
            9.678691,
            46.673507,
            1061.0
          ],
          [
            9.678746,
            46.673544,
            1061.0
          ],
          [
            9.678853,
            46.673624,
            1062.0
          ],
          [
            9.678926,
            46.673661,
            1062.0
          ],
          [
            9.679023,
            46.673704,
            1062.0
          ],
          [
            9.679123,
            46.673735,
            1062.0
          ],
          [
            9.679222,
            46.673753,
            1063.0
          ],
          [
            9.679329,
            46.673772,
            1063.0
          ],
          [
            9.679437,
            46.673803,
            1063.0
          ],
          [
            9.67941,
            46.673809,
            1063.0
          ],
          [
            9.679392,
            46.673821,
            1063.0
          ],
          [
            9.679374,
            46.673834,
            1064.0
          ],
          [
            9.679365,
            46.673852,
            1064.0
          ],
          [
            9.679347,
            46.673871,
            1064.0
          ],
          [
            9.679329,
            46.673902,
            1064.0
          ],
          [
            9.67932,
            46.673932,
            1064.0
          ],
          [
            9.67932,
            46.673957,
            1064.0
          ],
          [
            9.67932,
            46.673988,
            1065.0
          ],
          [
            9.679329,
            46.674012,
            1065.0
          ],
          [
            9.679347,
            46.674037,
            1065.0
          ],
          [
            9.679365,
            46.674062,
            1065.0
          ],
          [
            9.679383,
            46.674074,
            1065.0
          ],
          [
            9.67941,
            46.674093,
            1066.0
          ],
          [
            9.679599,
            46.674203,
            1067.0
          ],
          [
            9.679752,
            46.674296,
            1068.0
          ],
          [
            9.679823,
            46.674346,
            1068.0
          ],
          [
            9.679886,
            46.674401,
            1069.0
          ],
          [
            9.679939,
            46.674456,
            1070.0
          ],
          [
            9.680119,
            46.67466,
            1071.0
          ],
          [
            9.680174,
            46.674709,
            1072.0
          ],
          [
            9.680237,
            46.674746,
            1072.0
          ],
          [
            9.680308,
            46.674777,
            1072.0
          ],
          [
            9.680389,
            46.674808,
            1073.0
          ],
          [
            9.680471,
            46.674826,
            1073.0
          ],
          [
            9.681234,
            46.674937,
            1077.0
          ],
          [
            9.681683,
            46.675005,
            1079.0
          ],
          [
            9.681926,
            46.675054,
            1080.0
          ],
          [
            9.682203,
            46.675085,
            1080.0
          ],
          [
            9.682186,
            46.675141,
            1081.0
          ],
          [
            9.682186,
            46.675165,
            1081.0
          ],
          [
            9.682168,
            46.675165,
            1081.0
          ],
          [
            9.682142,
            46.675159,
            1081.0
          ]
        ]
      }
    }
  ]
}